gene,count
SAMD11,287
NOC2L,2505
KLHL17,952
PLEKHN1,729
PERM1,217
HES4,4233
ISG15,4213
AGRN,14755
RNF223,109
C1ORF159,1299
TTLL10,131
TNFRSF18,567
TNFRSF4,190
SDF4,8878
B3GALT6,1228
C1QTNF12,176
UBE2J2,3793
SCNN1D,1417
ACAP3,6971
PUSL1,1210
INTS11,9784
CPTP,1737
TAS1R3,397
DVL1,5047
MXRA8,7417
AURKAIP1,8200
CCNL2,47436
ANKRD65,633
TMEM88B,3
VWA1,6591
ATAD3C,392
ATAD3B,2721
ATAD3A,911
TMEM240,439
SSU72,5450
FNDC10,1084
MIB2,3340
MMP23B,565
CDK11B,1848
CDK11A,339
NADK,3182
GNB1,8539
CALML6,432
TMEM52,123
CFAP74,141
GABRD,622
PRKCZ,3374
FAAP20,7414
SKI,7118
RER1,8901
PEX10,2235
PLCH2,1338
PANK4,2164
HES5,75
TNFRSF14,6395
PRXL2B,2208
MMEL1,76
ACTRT2,5
PRDM16,129
ARHGEF16,2082
MEGF6,4852
TPRG1L,3656
WRAP73,1602
TP73,202
CCDC27,6
SMIM1,723
LRRC47,5530
CEP104,3186
DFFB,792
C1ORF174,2546
AJAP1,174
NPHP4,1687
KCNAB2,972
CHD5,5
RNF207,997
ICMT,4265
GPR153,752
ACOT7,664
HES2,85
ESPN,412
TNFRSF25,2159
PLEKHG5,2912
NOL9,3425
TAS1R1,21
ZBTB48,2598
KLHL21,3483
PHF13,2785
THAP3,676
DNAJC11,2086
CAMTA1,6504
VAMP3,8773
PER3,2949
UTS2,30
TNFRSF9,81
ERRFI1,16294
SLC45A1,475
RERE,23464
ENO1,4515
CA6,10
SLC2A7,6
SLC2A5,156
GPR157,2077
H6PD,3003
SPSB1,2558
SLC25A33,2687
TMEM201,858
PIK3CD,661
CLSTN1,11414
CTNNBIP1,4114
LZIC,9209
NMNAT1,1076
RBP7,825
UBE4B,6753
KIF1B,8422
PGD,7117
CENPS,2808
CORT,63
DFFA,2670
PEX14,733
CASZ1,5391
C1ORF127,55
MASP2,21
SRM,10403
EXOSC10,5319
MTOR,3291
ANGPTL7,8
UBIAD1,2344
DISP3,75
FBXO2,205
FBXO44,1972
FBXO6,1087
MAD2L2,2269
DRAXIN,64
AGTRAP,8251
C1ORF167,22
MTHFR,2754
CLCN6,1990
NPPA,11
KIAA2013,4811
PLOD1,4137
MFN2,3993
MIIP,2169
TNFRSF8,54
TNFRSF1B,1247
VPS13D,3680
DHRS3,3178
AADACL4,10
AADACL3,5
C1ORF158,42
PRAMEF12,3
PRAMEF1,17
PRAMEF11,30
PRAMEF2,4
PRAMEF10,10
PRAMEF6,3
PRAMEF27,24
HNRNPCL2,18
PRAMEF18,7
PRAMEF8,1
PRAMEF33,3
PRAMEF15,11
PRAMEF14,27
PRAMEF19,9
PRAMEF20,3
LRRC38,3
PDPN,1083
PRDM2,6763
KAZN,7026
TMEM51,678
FHAD1,421
EFHD2,3211
CTRC,24
CELA2A,3
CELA2B,8
CASP9,2561
DNAJC16,4389
AGMAT,149
DDI2,4165
PLEKHM2,4650
SLC25A34,162
TMEM82,6
FBLIM1,3240
UQCRHL,365
SPEN,7538
ZBTB17,2820
SRARP,3587
HSPB7,147
CLCNKA,130
CLCNKB,10
FAM131C,19
EPHA2,689
ARHGEF19,3565
CPLANE2,780
FBXO42,2393
SZRD1,7414
SPATA21,24
NECAP2,3498
NBPF1,357
CROCC,2081
MFAP2,2969
ATP13A2,1428
SDHB,6632
PADI2,1510
PADI1,9
PADI3,7
PADI4,21
PADI6,5
RCC2,5157
ARHGEF10L,2823
ACTL8,15
IGSF21,316
KLHDC7A,98
PAX7,4
TAS1R2,2
ALDH4A1,628
IFFO2,1443
UBR4,6550
EMC1,2723
MRTO4,2180
AKR7A2,4320
SLC66A1,1270
CAPZB,8957
MICOS10,26374
NBL1,13133
HTR6,9
TMCO4,3136
RNF186,10
OTUD3,2824
PLA2G2E,3
PLA2G2A,348
PLA2G5,109
PLA2G2D,35
PLA2G2F,4
PLA2G2C,181
UBXN10,4644
VWA5B1,20
CAMK2N1,16910
MUL1,1565
FAM43B,193
CDA,293
PINK1,5452
DDOST,1250
KIF17,120
SH2D5,9
HP1BP3,7930
EIF4G3,7614
ECE1,15138
NBPF3,950
ALPL,590
RAP1GAP,1157
USP48,10176
HSPG2,6190
CELA3B,6
CELA3A,8
WNT4,144
ZBTB40,1996
EPHA8,16
C1QA,6148
C1QC,6778
C1QB,3022
EPHB2,299
LACTBL1,5
TEX46,27
KDM1A,6679
LUZP1,2645
HTR1D,26
HNRNPR,4991
ZNF436,4558
TCEA3,10534
ASAP3,1235
E2F2,31
ID3,4864
ELOA,5092
PITHD1,4970
GALE,1180
HMGCL,4429
FUCA1,7531
CNR2,23
PNRC2,11854
SRSF10,1692
MYOM3,129
IL22RA1,38
IFNLR1,734
GRHL3,152
STPG1,1134
NIPAL3,1798
RCAN3,6641
NCMAP,39
SRRM1,12226
CLIC4,14682
RUNX3,245
SYF2,10415
RSRP1,12445
TMEM50A,15243
RHCE,87
MACO1,2474
LDLRAP1,2186
MAN1C1,615
SELENON,10846
MTFR1L,4528
AUNIP,111
PAQR7,1209
STMN1,363
PAFAH2,1585
EXTL1,31
SLC30A2,70
TRIM63,63
PDIK1L,2536
FAM110D,149
C1ORF232,8
AL391650.1,3
ZNF593,2669
CNKSR1,4698
CATSPER4,18
CEP85,1404
SH3BGRL3,13467
UBXN11,5588
CD52,1707
CRYBG2,214
ZNF683,77
LIN28A,57
DHDDS,1766
ARID1A,10366
PIGV,2063
ZDHHC18,2070
SFN,1701
GPN2,1965
GPATCH3,1722
NUDC,7739
NR0B2,5
KDF1,1252
TRNP1,213
TENT5B,217
SLC9A1,4303
WDTC1,7684
TMEM222,790
SYTL1,3726
MAP3K6,1474
FCN3,150
CD164L2,349
GPR3,80
WASF2,10992
AHDC1,2164
FGR,832
IFI6,37553
FAM76A,2082
STX12,5459
PPP1R8,7805
THEMIS2,1681
RPA2,1500
SMPDL3B,1116
XKR8,929
EYA3,6291
PTAFR,379
DNAJC8,6487
ATP5IF1,5863
SESN2,814
MED18,1500
PHACTR4,4910
RCC1,803
TRNAU1AP,2603
TAF12,4221
RAB42,195
GMEB1,1650
YTHDF2,7037
OPRD1,333
EPB41,2763
TMEM200B,323
SRSF4,9541
MECR,1881
PTPRU,1002
MATN1,17
LAPTM5,7201
SDC3,4753
PUM1,9500
NKAIN1,160
SNRNP40,7138
ZCCHC17,4177
FABP3,483
SERINC2,14339
TINAGL1,7076
HCRTR1,12
PEF1,3618
COL16A1,6556
ADGRB2,2375
SPOCD1,491
KHDRBS1,4552
TMEM39B,1366
KPNA6,4111
TXLNA,3929
CCDC28B,445
IQCC,975
DCDC2B,120
TMEM234,7255
EIF3I,2079
FAM167B,589
LCK,172
HDAC1,5033
MARCKSL1,42371
TSSK3,176
FAM229A,464
BSDC1,15111
ZBTB8B,13
ZBTB8A,1976
RBBP4,703
SYNC,2085
KIAA1522,21595
YARS,1458
S100PBP,7215
FNDC5,111
HPCA,21
TMEM54,2886
RNF19B,3510
AZIN2,1549
TRIM62,398
ZNF362,8462
A3GALT2,26
PHC2,7337
ZSCAN20,795
CSMD2,162
HMGB4,10
C1ORF94,2
SMIM12,3609
GJB5,439
GJB4,20
GJB3,108
GJA4,1224
DLGAP3,13
TMEM35B,4488
ZMYM6,2396
ZMYM1,2164
SFPQ,9140
ZMYM4,9788
KIAA0319L,9882
NCDN,1586
TFAP2E,372
PSMB2,3643
C1ORF216,1279
CLSPN,120
AGO4,6102
AGO1,4872
AGO3,4442
TEKT2,1250
ADPRHL2,2468
COL8A2,1130
TRAPPC3,13061
MAP7D1,3577
THRAP3,6180
SH3D21,4635
EVA1B,5228
STK40,4577
LSM10,3590
OSCP1,2566
CSF3R,4246
GRIK3,3966
ZC3H12A,1321
MEAF6,11830
SNIP1,1693
DNALI1,8950
GNL2,3277
RSPO1,234
C1ORF109,1803
CDCA8,258
EPHA10,1248
MANEAL,1036
YRDC,1399
C1ORF122,5604
MTF1,2573
INPP5B,5901
SF3A3,4692
FHL3,909
UTP11,2331
POU3F1,11
RRAGC,2472
MYCBP,7033
GJA9,65
RHBDL2,606
AKIRIN1,6627
NDUFS5,9385
MACF1,11661
BMP8A,708
PABPC4,5493
HEYL,1526
NT5C1A,10
HPCAL4,11
PPIE,3701
BMP8B,508
OXCT2,77
TRIT1,3924
MYCL,914
MFSD2A,771
CAP1,3530
PPT1,10325
RLF,4182
TMCO2,19
ZMPSTE24,9627
COL9A2,1724
SMAP2,5313
ZFP69B,883
ZFP69,1132
EXO5,1318
ZNF684,810
RIMS3,123
NFYC,2499
KCNQ4,306
CITED4,21704
CTPS1,1866
SLFNL1,167
SCMH1,5682
FOXO6,555
EDN2,364
HIVEP3,1843
GUCA2B,1
GUCA2A,9
FOXJ3,2063
RIMKLA,64
ZMYND12,878
PPCS,6420
CCDC30,3151
PPIH,1901
YBX1,17784
CLDN19,49
P3H1,854
TMEM269,45
SVBP,4823
ERMAP,2911
ZNF691,1232
SLC2A1,4954
FAM183A,1150
EBNA1BP2,7361
CFAP57,659
TMEM125,4431
C1ORF210,1366
TIE1,879
MPL,21
CDC20,226
ELOVL1,6450
MED8,3693
SZT2,2585
HYI,6396
PTPRF,28569
KDM4A,5435
ST3GAL3,1552
ARTN,203
IPO13,1978
DPH2,1711
ATP6V0B,7331
B4GALT2,3534
CCDC24,6461
SLC6A9,1267
KLF17,7
KLF18,11
DMAP1,2507
ERI3,5681
RNF220,5833
TMEM53,730
ARMH1,683
KIF2C,136
BEST4,97
PLK3,2141
TCTEX1D4,281
BTBD19,1107
PTCH2,190
EIF2B3,2158
HECTD3,1286
UROD,3967
ZSWIM5,1047
HPDL,33
MUTYH,343
TOE1,1144
TESK2,1357
CCDC163,154
MMACHC,899
PRDX1,7882
AKR1A1,9104
NASP,124
CCDC17,487
GPBP1L1,20517
TMEM69,3167
IPP,3184
MAST2,10859
PIK3R3,9586
TSPAN1,4271
P3R3URF,11
POMGNT1,5069
LURAP1,539
RAD54L,188
LRRC41,4695
UQCRH,9503
NSUN4,2758
FAAH,5485
DMBX1,4
TMEM275,2
KNCN,7
MKNK1,3318
MOB3C,1051
ATPAF1,7163
TEX38,40
EFCAB14,18474
CYP4B1,1029
CYP4A11,115
CYP4X1,12198
CYP4Z1,1110
CYP4A22,40
PDZK1IP1,3243
TAL1,260
STIL,590
CMPK1,13422
FOXE3,3
FOXD2,18
TRABD2B,432
SLC5A9,65
SPATA6,3774
AGBL4,1400
BEND5,759
ELAVL4,34
DMRTA2,8
FAF1,5831
CDKN2C,1767
C1ORF185,18
RNF11,14496
TTC39A,33520
EPS15,8549
OSBPL9,11656
NRDC,10395
RAB3B,35
TXNDC12,7335
KTI12,840
BTF3L4,15893
ZFYVE9,7576
CC2D1B,1838
ORC1,174
PRPF38A,8905
TUT4,8947
GPX7,1158
SHISAL2A,104
COA7,829
ZYG11B,3533
ZYG11A,1455
ECHDC2,13616
SCP2,14413
PODN,4346
SLC1A7,1
CPT2,2234
CZIB,3073
MAGOH,2017
LRP8,283
GLIS1,41
NDC1,3383
YIPF1,2508
DIO1,739
HSPB11,2899
LRRC42,2090
LDLRAD1,369
TMEM59,14074
TCEANC2,439
CDCP2,28
CYB5RL,1125
SSBP3,7438
ACOT11,1041
FAM151A,3
MROH7,498
TTC4,1109
PARS2,577
TTC22,893
LEXM,84
DHCR24,8924
TMEM61,75
BSND,7
PCSK9,36
USP24,5888
PLPP3,5527
PRKAA2,820
FYB2,960
C8A,5
C8B,12
DAB1,204
OMA1,6022
TACSTD2,17894
MYSM1,7231
JUN,35058
FGGY,1233
HOOK1,5113
CYP2J2,863
C1ORF87,37
NFIA,12081
TM2D1,10620
PATJ,51093
L1TD1,79
KANK4,141
USP1,7308
DOCK7,4063
ANGPTL3,32
ATG4C,2230
FOXD3,4
ALG6,3821
ITGB3BP,2185
EFCAB7,1560
PGM1,3017
ROR1,342
CACHD1,1023
RAVER2,3314
JAK1,6307
AK4,4662
DNAJC6,109
LEPROT,2885
LEPR,2205
PDE4B,759
SGIP1,993
TCTEX1D1,36
INSL5,20
WDR78,4218
MIER1,4208
SLC35D1,2798
C1ORF141,14
IL23R,38
IL12RB2,733
SERBP1,8978
GADD45A,3191
GNG12,6555
DIRAS3,545
WLS,7936
RPE65,12
DEPDC1,390
LRRC7,34
LRRC40,3482
SRSF11,5452
ANKRD13C,4191
HHLA3,1043
CTH,858
PTGER3,1273
ZRANB2,9644
NEGR1,709
LRRIQ3,317
FPGT,1733
TNNI3K,238
LRRC53,13
ERICH3,2290
CRYZ,3974
TYW3,4491
LHX8,4
SLC44A5,1264
ACADM,6779
RABGGTB,13066
MSH4,52
ASB17,10
ST6GALNAC3,230
ST6GALNAC5,478
PIGK,2421
AK5,1420
AC118549.1,5595
USP33,7385
MIGA1,5920
NEXN,1214
FUBP1,5416
DNAJB4,2581
GIPC2,103
PTGFR,644
IFI44L,3931
IFI44,7483
ADGRL4,3231
ADGRL2,2698
TTLL7,973
PRKACB,1892
SAMD13,232
DNASE2B,60
RPF1,2785
GNG5,2918
SPATA1,505
CTBS,6517
SSX2IP,2607
LPAR3,2422
MCOLN2,705
WDR63,226
MCOLN3,403
SYDE2,2600
C1ORF52,2768
BCL10,4355
DDAH1,6715
CCN1,25196
ZNHIT6,6529
COL24A1,234
ODF2L,213
CLCA2,806
CLCA1,11
CLCA4,22
SH3GLB1,11724
SELENOF,15403
HS2ST1,3795
LMO4,5731
PKN2,6652
GTF2B,1712
KYAT3,4684
RBMXL1,1633
GBP3,4618
GBP1,572
GBP2,2158
GBP7,15
GBP4,304
GBP5,169
GBP6,31
LRRC8B,3143
LRRC8C,1193
LRRC8D,2648
ZNF326,5403
BARHL2,6
ZNF644,16797
HFM1,427
CDC7,453
TGFBR3,4324
BRDT,15
EPHX4,101
BTBD8,3077
C1ORF146,9
GLMN,1094
RPAP2,3088
GFI1,155
EVI5,4790
DIPK1A,1120
MTF2,5102
TMED5,3551
CCDC18,540
DR1,6006
FNBP1L,5382
BCAR3,1322
DNTTIP2,2996
GCLM,1007
ABCA4,182
ARHGAP29,14985
ABCD3,6462
F3,6448
SLC44A3,2908
CNN3,40808
ALG14,3011
TLCD4,1142
RWDD3,3871
PTBP2,3543
DPYD,6879
SNX7,2734
PLPPR5,35
PLPPR4,195
PALMD,2673
FRRS1,1451
AGL,4632
SLC35A3,5679
MFSD14A,5308
SASS6,966
TRMT13,3218
LRRC39,275
DBT,2770
RTCA,5403
CDC14A,2741
GPR88,23
VCAM1,1343
EXTL2,1346
SLC30A7,5560
DPH5,2827
S1PR1,1746
OLFM3,7
COL11A1,2084
RNPC3,10072
AMY2A,95
PRMT6,2468
NTNG1,8056
VAV3,18871
SLC25A24,7850
FAM102B,10408
HENMT1,1621
PRPF38B,6766
FNDC7,8
STXBP3,4668
GPSM2,655
CLCC1,9941
WDR47,2124
TAF13,3818
TMEM167B,4126
C1ORF194,401
KIAA1324,48257
SARS,2391
CELSR2,3319
PSRC1,761
MYBPHL,17
SORT1,10045
PSMA5,1779
SYPL2,66
ATXN7L2,308
CYB561D1,722
AMIGO1,544
GPR61,7
GNAI3,5242
GNAT2,26
AMPD2,1933
GSTM1,2625
GSTM3,4783
EPS8L3,35
CSF1,1606
AHCYL1,9200
STRIP1,2284
ALX3,18
UBL4B,12
SLC6A17,22
KCNC4,1103
RBM15,3279
SLC16A4,2503
LAMTOR5,1396
PROK1,11
KCNA10,7
KCNA2,28
KCNA3,101
CD53,1847
LRIF1,3052
DRAM2,8341
CEPT1,3024
DENND2D,3827
CHI3L2,1504
CHIA,13
PIFO,1247
OVGP1,685
WDR77,3425
ATP5PB,5759
C1ORF162,2092
TMIGD3,155
ADORA3,475
RAP1A,10419
INKA2,233
DDX20,1605
KCND3,1637
CTTNBP2NL,2066
WNT2B,241
ST7L,2320
CAPZA1,983
MOV10,5561
RHOC,31562
PPM1J,1611
TAFA3,51
SLC16A1,5627
LRIG2,5166
MAGI3,1999
PHTF1,3943
RSBN1,3176
PTPN22,262
BCL2L15,24
AP4B1,3020
DCLRE1B,344
HIPK1,6111
OLFML3,1791
SYT6,36
TRIM33,5948
BCAS2,3140
DENND2C,280
AMPD1,128
NRAS,6430
CSDE1,18846
SIKE1,3440
SYCP1,5
TSHB,8
TSPAN2,717
NGF,43
VANGL1,1675
CASQ2,258
NHLH2,17
SLC22A15,528
MAB21L3,21
ATP1A1,6206
CD58,2984
IGSF3,3387
CD2,937
PTGFRN,4217
CD101,119
TTF2,1102
TRIM45,3954
VTCN1,38174
MAN1A2,4697
TENT5C,1462
GDAP2,2050
WDR3,2108
SPAG17,1669
TBX15,467
WARS2,1997
HAO2,24
HSD3B2,10
HSD3B1,1
ZNF697,909
PHGDH,842
HMGCS2,168
REG4,11
ADAM30,21
NOTCH2,5660
SEC22B,7335
PPIAL4A,9
FCGR1B,149
NBPF20,929
PDZK1,182
CD160,28
RNF115,14653
POLR3C,4755
NUDT17,797
PIAS3,5115
ANKRD35,382
ITGA10,677
PEX11B,4202
RBM8A,1733
LIX1L,3521
ANKRD34A,249
POLR3GL,4561
TXNIP,67724
HJV,36
PRKAB2,2842
FMO5,4765
BCL9,6308
ACP6,4258
GJA5,204
GJA8,9
GPR89B,3071
NBPF11,1335
PPIAL4G,603
NBPF19,279
FCGR1A,85
HIST2H2BE,6136
BOLA1,1974
SV2A,118
SF3B4,9587
MTMR11,2829
OTUD7B,7964
VPS45,13564
PLEKHO1,4411
ANP32E,3887
CA14,83
APH1A,20203
C1ORF54,2644
CIART,544
PRPF3,16716
RPRD2,6736
TARS2,2135
ECM1,10509
ADAMTSL4,913
MCL1,74016
ENSA,23489
GOLPH3L,7524
HORMAD1,166
CTSS,5555
CTSK,14599
ARNT,8342
CTXND2,35
SETDB1,9716
CERS2,13313
ANXA9,2222
MINDY1,11468
PRUNE1,4992
BNIPL,16265
C1ORF56,2679
CDC42SE1,19375
MLLT11,673
GABPB2,9322
SEMA6C,1321
TNFAIP8L2,84
SCNM1,5211
LYSMD1,1244
TMOD4,7
VPS72,9148
PIP5K1A,12426
PSMD4,8583
ZNF687,3727
PI4KB,12407
RFX5,5403
SELENBP1,13525
PSMB4,10999
POGZ,21580
CGN,4749
TUFT1,8125
SNX27,9998
CELF3,42
RIIAD1,540
OAZ3,1471
TDRKH,911
LINGO4,74
RORC,4375
C2CD4D,520
THEM5,18
THEM4,3199
S100A10,15658
S100A11,22414
TCHHL1,11
TCHH,33
RPTN,6
HRNR,40
FLG,10
FLG2,12
CRNN,9
LCE5A,3
CRCT1,8
LCE3E,9
LCE3D,14
LCE3C,1
LCE3A,2
LCE2D,5
LCE2C,5
LCE2B,17
LCE2A,5
LCE4A,2
C1ORF68,6
KPRP,16
LCE1D,2
LCE1C,15
LCE1B,10
LCE1A,6
LCE6A,9
AL162596.1,7
SMCP,7
IVL,11
SPRR5,5
SPRR4,14
SPRR3,3
SPRR1B,20
SPRR2D,9
SPRR2A,6
SPRR2B,4
SPRR2E,2
SPRR2F,10
SPRR2G,4
LELP1,5
PRR9,12
LOR,18
PGLYRP3,8
PGLYRP4,34
S100A9,2193
S100A12,36
S100A8,694
S100A7A,5
S100A7L2,11
S100A6,67031
S100A5,25
S100A4,4403
S100A3,73
S100A2,1675
S100A16,22361
S100A14,30555
S100A13,52525
S100A1,2994
CHTOP,19734
SNAPIN,4300
ILF2,6621
NPR1,461
INTS3,23031
SLC27A3,2847
GATAD2B,8727
DENND4B,3448
CRTC2,10706
SLC39A1,4628
CREB3L4,9316
JTB,21322
RAB13,42664
NUP210L,59
C1ORF189,263
C1ORF43,16217
UBAP2L,14611
HAX1,7017
AQP10,4
ATP8B2,1960
IL6R,895
SHE,735
TDRD10,203
UBE2Q1,12885
CHRNB2,85
ADAR,34508
KCNN3,306
PMVK,8927
PBXIP1,4150
PYGO2,4025
SHC1,14169
CKS1B,4364
FLAD1,3440
LENEP,22
ZBTB7B,5996
DCST2,748
DCST1,26
ADAM15,18522
EFNA4,3475
EFNA3,1046
EFNA1,11303
SLC50A1,8911
DPM3,3627
KRTCAP2,17143
TRIM46,706
MUC1,68407
THBS3,11368
MTX1,1907
GBA,3216
FAM189B,3505
SCAMP3,4059
CLK2,5751
HCN3,1273
PKLR,36
FDPS,2989
RUSC1,5976
ASH1L,21914
MSTO1,9081
YY1AP1,12125
DAP3,30720
GON4L,7109
SYT11,639
RIT1,3288
KHDC4,23220
RXFP4,16
ARHGEF2,25392
SSR2,55984
UBQLN4,5363
LAMTOR2,6991
RAB25,15399
MEX3A,1440
LMNA,32750
SEMA4A,2490
SLC25A44,3452
PMF1,9911
BGLAP,2936
PAQR6,1982
SMG5,11359
TMEM79,2733
GLMP,6275
VHLL,34
CCT3,9200
TSACC,141
RHBG,67
C1ORF61,50
MEF2D,8704
IQGAP3,601
TTC24,7
NAXE,12237
GPATCH4,4511
HAPLN2,39
BCAN,24
NES,2840
CRABP2,20162
ISG20L2,7368
RRNAD1,5609
HDGF,16230
PRCC,12071
SH2D2A,146
NTRK1,31
INSRR,20
PEAR1,829
LRRC71,192
ARHGEF11,5747
ETV3L,20
ETV3,4577
FCRL5,128
FCRL4,6
FCRL3,42
FCRL2,36
FCRL1,59
CD5L,6
KIRREL1,2800
CD1D,223
CD1A,21
CD1C,268
CD1B,13
CD1E,142
OR10T2,5
OR10K2,18
OR10K1,9
OR10R2,23
OR6Y1,18
OR6P1,14
OR10X1,12
OR10Z1,17
SPTA1,8
OR6K2,11
OR6K3,20
OR6N1,16
OR6K6,11
OR6N2,12
MNDA,651
PYHIN1,209
IFI16,5995
AIM2,200
CADM3,328
ACKR1,2236
FCER1A,988
OR10J1,15
OR10J5,7
APCS,11
CRP,25
DUSP23,11188
FCRL6,100
SLAMF8,391
AL590560.2,10
VSIG8,358
CFAP45,1705
TAGLN2,9596
IGSF9,6387
SLAMF9,217
KCNJ10,11
PIGM,3723
KCNJ9,9
IGSF8,7377
ATP1A2,397
ATP1A4,550
CASQ1,500
PEA15,13569
DCAF8,25681
PEX19,9211
COPA,15827
NCSTN,11674
NHLH1,34
VANGL2,3638
SLAMF6,346
CD84,906
SLAMF1,251
CD48,941
SLAMF7,280
LY9,223
CD244,40
ITLN1,22
ITLN2,16
F11R,12595
TSTD1,25183
USF1,7150
ARHGAP30,1448
NECTIN4,7021
KLHDC9,5632
PFDN2,12152
NIT1,3405
DEDD,12653
UFC1,40423
USP21,8087
PPOX,4738
B4GALT3,7724
ADAMTS4,1740
NDUFS2,13660
FCER1G,2052
APOA2,19
TOMM40L,1934
NR1I3,14
PCP4L1,44
MPZ,138
CFAP126,743
FCGR2A,1198
HSPA6,3555
FCGR3A,1851
FCGR3B,165
FCGR2B,382
FCRLA,20
FCRLB,31
DUSP12,4391
ATF6,9490
OLFML2B,5010
NOS1AP,1918
SPATA46,16
C1ORF226,1356
SH2D1B,13
UHMK1,21903
UAP1,19703
DDR2,2227
CCDC190,95
RGS4,219
RGS5,14862
NUF2,388
PBX1,27098
LMX1A,17
RXRG,52
LRRC52,19
MGST3,9813
ALDH9A1,13009
TMCO1,17101
UCK2,4493
FAM78B,311
POGK,8586
TADA1,1618
ILDR2,33
MAEL,50
GPA33,32
DUSP27,20
POU2F1,2112
CD247,125
CREG1,16463
RCSD1,1356
MPZL1,3609
ADCY10,232
MPC2,6716
DCAF6,14084
GPR161,403
TIPRL,9802
SFT2D2,3270
TBX19,584
XCL2,50
XCL1,79
DPT,1282
ATP1B1,19849
NME7,4915
BLZF1,4848
CCDC181,49
SLC19A2,7692
F5,391
SELP,471
C1ORF112,3414
SELL,1074
SELE,465
METTL18,904
SCYL3,5466
KIFAP3,6245
METTL11B,12
GORAB,3349
PRRX1,6321
MROH9,39
FMO3,110
FMO2,1042
FMO1,390
FMO4,1483
PRRC2C,16378
MYOCOS,14
MYOC,18
VAMP4,4148
EEF1AKNMT,8174
DNM3,1719
PIGC,4339
C1ORF105,13
SUCO,8125
FASLG,39
TNFSF18,66
TNFSF4,342
PRDX6,4410
SLC9C2,9
ANKRD45,51
TEX50,25
KLHL20,2637
CENPL,1644
DARS2,2843
ZBTB37,4719
SERPINC1,39
RC3H1,10640
RABGAP1L,17318
TNN,372
KIAA0040,9636
TNR,61
COP1,4048
PAPPA2,40
ASTN1,60
BRINP2,770
SEC16B,3211
RASAL2,3388
CLEC20A,42
TEX35,21
RALGPS2,11574
ANGPTL1,565
FAM20B,10141
TOR3A,4640
ABL2,4337
SOAT1,3062
AXDND1,316
NPHS2,17
TDRD5,2676
FAM163A,5
TOR1AIP2,7356
TOR1AIP1,11704
CEP350,7572
QSOX1,8780
LHX4,18
ACBD6,12095
XPR1,4894
KIAA1614,338
STX6,7307
IER5,2325
CACNA1E,40
ZNF648,444
GLUL,126056
TEDDM1,18
RGSL1,10
RNASEL,1219
RGS16,1249
RGS8,24
NPL,1319
DHX9,9964
SHCBP1L,21
LAMC1,9808
LAMC2,3894
NMNAT2,161
SMG7,3263
NCF2,1282
ARPC5,7792
RGL1,1988
APOBEC4,135
COLGALT2,105
TSEN15,864
C1ORF21,41877
EDEM3,21071
NIBAN1,1403
RNF2,3028
TRMT1L,4730
SWT1,2321
IVNS1ABP,13740
HMCN1,3172
PRG4,141
TPR,11346
ODR4,6892
PDC,20
PTGS2,399
PLA2G4A,178
BRINP3,12
RGS18,382
RGS21,15
RGS1,8849
RGS13,262
RGS2,2721
UCHL5,4011
RO60,7406
GLRX2,1659
CDC73,13425
B3GALT2,111
KCNT2,454
CFH,2595
CFHR3,29
CFHR4,58
CFHR2,26
CFHR5,57
F13B,27
ASPM,345
ZBTB41,17843
CRB1,62
DENND1B,5601
C1ORF53,1026
LHX9,11
NEK7,11652
ATP6V1G3,32
PTPRC,432
NR5A2,596
ZNF281,5463
KIF14,255
DDX59,5281
CAMSAP2,9079
GPR25,21
INAVA,313
KIF21B,561
CACNA1S,30
ASCL5,8
TMEM9,9720
IGFN1,620
PKP1,100
TNNT2,49
LAD1,1633
TNNI1,7
PHLDA3,1606
CSRP1,32664
NAV1,3395
IPO9,5582
SHISA4,2467
LMOD1,3416
TIMM17A,4544
RNPEP,8247
ELF3,12328
GPR37L1,50
ARL8A,7186
PTPN7,244
LGR6,961
UBE2T,1518
PPP1R12B,16383
SYT2,1
KDM5B,16432
RABIF,2632
KLHL12,6739
ADIPOR1,18847
CYB5R1,10216
TMEM183A,22091
PPFIA4,137
MYOG,18
ADORA1,478
MYBPH,15
CHI3L1,1821
CHIT1,903
BTG2,43387
FMOD,1958
PRELP,3385
OPTC,15
ATP2B4,10751
LAX1,80
SNRPE,10317
SOX13,2465
ETNK2,2762
REN,24
KISS1,36
GOLT1A,167
PLEKHA6,8205
PPP1R15B,10151
PIK3C2B,1997
MDM4,41060
LRRN2,273
NFASC,1176
CNTN2,10
TMEM81,280
RBBP5,2620
DSTYK,2637
TMCC2,137
NUAK2,853
KLHDC8A,141
LEMD1,31
BLACAT1,107
CDK18,1790
MFSD4A,51
ELK4,9829
SLC45A3,300
NUCKS1,32179
RAB29,2242
SLC41A1,960
PM20D1,50
SLC26A9,8
RAB7B,274
CTSE,25
RHEX,226
AVPR1B,9
IKBKE,1871
RASSF5,724
EIF2D,10957
DYRK3,568
MAPKAPK2,15808
IL10,47
IL19,27
IL20,736
IL24,66
FCMR,477
PIGR,343
FCAMR,14
C1ORF116,252
PFKFB2,899
YOD1,1345
C4BPB,35
C4BPA,28
CD55,7971
CR2,3
CR1,271
CR1L,54
CD46,32627
CD34,3344
PLXNA2,2006
CAMK1G,37
LAMB3,4330
G0S2,329
HSD11B1,126
TRAF3IP3,739
C1ORF74,864
IRF6,7061
UTP25,4109
SYT14,15
SERTAD4,6182
HHAT,6009
KCNH1,597
RCOR3,9180
TRAF5,7920
RD3,23
SLC30A1,13085
NEK2,452
LPGAT1,19297
INTS7,7608
DTL,369
PPP2R5A,17249
PACC1,607
NENF,28057
ATF3,24521
FAM71A,11
BATF3,392
NSL1,4520
TATDN3,3173
SPATA45,20
FLVCR1,2144
VASH2,1113
ANGEL2,4542
PROX1,321
SMYD2,7400
PTPN14,3566
CENPF,942
KCNK2,2497
KCTD3,60653
USH2A,15
ESRRG,1132
GPATCH2,4925
SPATA17,2527
RRP15,2940
TGFB2,2137
LYPLAL1,5453
SLC30A10,11
EPRS,9404
BPNT1,5669
IARS2,11762
RAB3GAP2,4563
MARK1,3941
C1ORF115,4403
MARC2,3182
MARC1,1203
HLX,342
DUSP10,12745
HHIPL2,87
TAF1A,1714
MIA3,12879
AIDA,2586
BROX,14239
FAM177B,171
DISP1,999
TLR5,3055
SUSD4,841
CCDC185,21
CAPN8,40790
CAPN2,19121
TP53BP2,8128
FBXO28,7894
DEGS1,12512
NVL,3991
CNIH4,2166
WDR26,26947
CNIH3,454
DNAH14,9408
LBR,1429
ENAH,18703
SRP9,32628
EPHX1,4318
TMEM63A,34286
LEFTY1,1249
PYCR2,9718
LEFTY2,99
SDE2,3411
H3F3A,43472
ACBD3,11399
MIXL1,27
LIN9,1255
PARP1,3203
STUM,89
ITPKB,4683
PSEN2,3569
COQ8A,2724
CDC42BPA,8381
ZNF678,2791
SNAP47,3980
JMJD4,3804
PRSS38,8
WNT9A,189
WNT3A,10
ARF1,21084
C1ORF35,2727
GUK1,23152
GJC2,187
IBA57,1084
OBSCN,3093
TRIM11,2231
TRIM17,213
HIST3H3,1
HIST3H2A,2269
HIST3H2BB,543
RNF187,16823
RHOU,5505
RAB4A,21339
CCSAP,1986
ACTA1,278
NUP133,6437
ABCB10,3870
TAF5L,2192
URB2,1267
GALNT2,3417
PGBD5,42
COG2,5762
AGT,1305
CAPN9,1462
C1ORF198,18510
TTC13,2303
ARV1,8199
FAM89A,312
TRIM67,10
AL109810.2,6
C1ORF131,1582
GNPAT,4859
EXOC8,1450
SPRTN,1407
EGLN1,6601
TSNAX,11764
DISC1,1497
SIPA1L2,4513
MAP10,1001
NTPCR,3087
PCNX2,8059
MAP3K21,1620
KCNK1,3290
SLC35F3,191
COA6,5333
TARBP1,17447
IRF2BP2,9315
TOMM20,46569
RBM34,174
ARID4B,11892
GGPS1,8912
TBCE,3276
TBCE,3129
B3GALNT2,5079
GNG4,81
LYST,6677
NID1,4566
GPR137B,10283
ERO1B,6785
EDARADD,2221
LGALS8,11313
HEATR1,3752
ACTN2,32
MTR,10389
MT1HL1,2
RYR2,244
ZP4,9
CHRM3,116
FMN2,21
GREM2,133
RGS7,50
FH,5282
KMO,1498
OPN3,7521
CHML,2959
WDR64,16
EXO1,276
BECN2,27
MAP1LC3C,64
PLD5,21
CEP170,2340
SDCCAG8,10735
AKT3,19694
ZBTB18,32114
C1ORF100,12
ADSS,21513
CATSPERE,608
DESI2,4502
AL451007.3,14
COX20,7495
HNRNPU,8490
EFCAB2,3584
KIF26B,702
SMYD3,2942
TFB2M,1113
CNST,4847
SCCPDH,13899
AHCTF1,2743
ZNF695,237
ZNF670,836
ZNF669,1217
ZNF124,1295
ZNF496,4085
NLRP3,514
OR2B11,17
GCSAML,33
OR2C3,38
GCSAML-AS1,9
OR2G2,21
OR2G3,15
OR13G1,15
OR6F1,15
OR14A2,17
OR14K1,561
OR1C1,10
OR14A16,7
OR11L1,10
TRIM58,1190
OR2T8,186
OR2AJ1,74
OR2AK2,29
OR2L5,63
OR2L2,14
OR2L3,85
OR2L13,23
OR2M5,15
OR2M2,8
OR2M3,21
OR2M4,14
OR2T33,31
OR2T12,20
OR2M7,4
OR14C36,7
OR2T4,22
OR2T6,7
OR2T1,13
OR2T2,2
OR2G6,16
OR2T34,9
OR2T10,6
OR2T11,6
OR2T27,5
OR14I1,12
LYPD8,5
SH3BP5L,6090
ZNF672,2480
ZNF692,7240
PGBD2,2369
FAM110C,1183
SH3YL1,10272
ACP1,1890
ALKAL2,83
TMEM18,5799
SNTG2,377
PXDN,3813
EIPR1,2755
TRAPPC12,3564
ADI1,15761
RNASEH1,3858
COLEC11,72
ALLC,9
DCDC2C,50
CMPK2,879
RSAD2,345
RNF144A,1569
ID2,4030
KIDINS220,9205
MBOAT2,6005
ASAP2,5008
ITGB1BP1,7898
CPSF3,3871
IAH1,6117
ADAM17,5934
YWHAQ,7670
TAF1B,1592
GRHL1,2728
KLF11,1231
CYS1,238
RRM2,290
HPCAL1,2150
ODC1,1157
NOL10,3044
ATP6V1C2,1407
PDIA6,7699
KCNF1,202
C2ORF50,190
SLC66A3,1911
ROCK2,4536
E2F6,2251
GREB1,13095
NTSR2,8
LPIN1,1311
TRIB2,2582
LRATD1,625
NBAS,4247
DDX1,5890
MYCNOS,17
MYCN,44
FAM49A,633
RAD51AP2,109
VSNL1,1080
SMC6,3864
GEN1,866
MSGN1,7
KCNS3,3870
RDH14,2835
NT5C1B,10
OSR1,442
TTC32,1509
WDR35,3252
MATN3,2550
LAPTM4A,9214
SDC1,4775
PUM2,17370
RHOB,53083
HS1BP3,580
GDF7,31
LDAH,2224
APOB,17
TDRD15,28
KLHL29,401
ATAD2B,4441
UBXN2A,2977
MFSD2B,20
WDCP,501
FKBP1B,157
SF3B6,1946
FAM228B,3145
TP53I3,2408
PFN4,278
FAM228A,115
ITSN2,6364
NCOA1,4365
PTRHD1,7227
CENPO,582
ADCY3,2691
DNAJC27,1035
EFR3B,194
POMC,21
DNMT3A,6374
DTNB,4934
ASXL2,3508
KIF3C,900
RAB10,11482
GAREM2,145
HADHA,12458
HADHB,4076
ADGRF3,11
SELENOI,3982
DRC1,217
OTOF,10
FAM166C,58
CIB4,11
KCNK3,73
SLC35F6,3788
CENPA,149
DPYSL5,8
MAPRE3,2495
TMEM214,2410
AGBL5,5683
OST4,5880
EMILIN1,3966
KHK,438
CGREF1,2623
ABHD1,558
PREB,5283
PRR30,4
TCF23,34
SLC5A6,11757
ATRAID,11556
CAD,2406
SLC30A3,14
DNAJC5G,12
TRIM54,281
UCN,865
MPV17,18762
GTF3C2,1973
EIF2B4,2711
SNX17,8410
ZNF513,2435
PPM1G,3538
NRBP1,6929
KRTCAP3,4714
IFT172,4262
FNDC4,277
GCKR,17
C2ORF16,16
ZNF512,4825
CCDC121,538
GPN1,2549
SUPT7L,4523
SLC4A1AP,3456
RBKS,945
BABAM2,4312
FOSL2,4587
PLB1,437
PPP1CB,8218
TRMT61B,2754
WDR43,5846
TOGARAM2,168
PCARE,1
CLIP4,1410
ALK,13
YPEL5,10765
LBH,3513
LCLAT1,3142
CAPN13,12232
GALNT14,193
CAPN14,24
EHD3,1613
XDH,251
SRD5A2,212
DPY30,10617
SPAST,5223
SLC30A6,3691
NLRC4,272
YIPF4,7712
BIRC6,8289
TTC27,2649
LTBP1,3563
RASGRP3,722
FAM98A,1719
CRIM1,13300
FEZ2,2058
VIT,186
STRN,5631
HEATR5B,3878
GPATCH11,633
EIF2AK2,9071
SULT6B1,11
CEBPZOS,5658
CEBPZ,4893
NDUFAF7,2323
PRKD3,2785
QPCT,579
CDC42EP3,2368
RMDN2,2305
CYP1B1,3120
ATL2,3055
HNRNPLL,4466
GALM,573
SRSF7,1991
GEMIN6,815
DHX57,2289
MORN2,6969
ARHGEF33,552
SOS1,5492
CDKL4,107
MAP4K3,4171
TMEM178A,323
THUMPD2,1434
SLC8A1,2673
C2ORF91,24
PKDCC,961
EML4,6466
COX7A2L,14862
KCNG3,92
MTA3,8866
OXER1,198
HAAO,548
ZFP36L2,14531
THADA,8686
PLEKHH2,1640
C1GALT1C1L,115
DYNC2LI1,5164
ABCG5,10
ABCG8,14
LRPPRC,13501
PPM1B,9124
SLC3A1,54
PREPL,4933
CAMKMT,3210
SIX3,15
SIX2,501
SRBD1,2647
PRKCE,913
EPAS1,11437
TMEM247,17
ATP6V1E2,462
RHOQ,9226
PIGF,3524
CRIPT,6466
SOCS5,7050
MCFD2,3425
TTC7A,1523
CALM2,18026
EPCAM,21722
MSH2,4005
KCNK12,25
MSH6,2862
FBXO11,5114
FOXN2,2145
PPP1R21,2966
STON1,1429
LHCGR,8
FSHR,5
NRXN1,122
ASB3,2969
CHAC2,157
ERLEC1,12077
PSME4,8349
ACYP2,7623
TSPYL6,3
C2ORF73,308
SPTBN1,5072
EML6,166
RTN4,11296
CLHC1,4092
MTIF2,6068
CCDC88A,2469
CFAP36,7352
PPP4R3B,15875
EFEMP1,4008
CCDC85A,96
VRK2,4850
FANCL,2854
BCL11A,2007
PAPOLG,1581
REL,6492
PUS10,1191
PEX13,6209
KIAA1841,4423
C2ORF74,1576
USP34,15688
XPO1,2937
FAM161A,707
CCT4,4022
COMMD1,4652
B3GNT2,2939
TMEM17,627
EHBP1,4484
OTX1,24
WDPCP,1813
MDH1,1630
UGP2,3043
VPS54,9018
PELI1,4420
LGALSL,4059
AFTPH,10969
SERTAD2,5221
SLC1A4,10254
CEP68,2914
RAB1A,4524
ACTR2,3800
SPRED2,5088
MEIS1,2641
ETAA1,4023
WDR92,1667
PNO1,1211
PPP3R1,7937
CNRIP1,1418
PLEK,422
FBXO48,726
PROKR1,42
ARHGAP25,600
BMP10,7
GKN2,5
GKN1,10
ANTXR1,12498
GFPT1,2963
NFU1,4483
AAK1,2867
ANXA4,8824
GMCL1,3254
SNRNP27,1558
MXD1,4142
ASPRV1,576
PCBP1,3628
C2ORF42,1420
TIA1,9520
PCYOX1,6075
SNRPG,4680
FAM136A,6983
TGFA,125
ADD2,84
FIGLA,9
CLEC4F,93
CD207,99
VAX2,182
ATP6V1B1,143
ANKRD53,66
TEX261,2285
NAGK,4791
MCEE,2129
MPHOSPH10,3397
PAIP2B,1009
ZNF638,9803
DYSF,927
CYP26B1,86
EXOC6B,4150
SPR,3054
EMX1,15
SFXN5,785
RAB11FIP5,1448
NOTO,8
SMYD5,1228
PRADC1,1011
FBXO41,567
EGR4,88
ALMS1,4992
NAT8,6
TPRKB,4880
DUSP11,4502
C2ORF78,10
STAMBP,5815
ACTG2,1911
DGUOK,7991
TET3,1598
BOLA3,1970
MOB1A,3479
MTHFD2,12830
SLC4A5,542
DCTN1,12413
C2ORF81,515
WDR54,1172
RTKN,2999
INO80B,7703
WBP1,22920
MOGS,7485
CCDC142,175
TTC31,1782
LBX2,280
PCGF1,2970
TLX2,13
DQX1,68
AUP1,9222
HTRA2,2519
LOXL3,528
DOK1,1086
M1AP,58
SEMA4F,662
HK2,2086
POLE4,2756
TACR1,72
EVA1A,506
GCFC2,1247
LRRTM4,12
REG3G,4
REG1B,4
REG3A,4
CTNNA2,24
LRRTM1,2
SUCLG1,5904
DNAH6,817
TRABD2A,58
TMSB10,101644
KCMF1,6398
TCF7L1,1579
TGOLN2,12731
RETSAT,3475
ELMOD3,4027
CAPG,6568
SH2D6,10
MAT2A,21096
GGCX,1336
VAMP8,22806
VAMP5,2266
RNF181,7762
TMEM150A,2854
USP39,3755
C2ORF68,5058
SFTPB,9
GNLY,109
ATOH8,477
ST3GAL5,2692
POLR1A,3281
IMMT,7869
REEP1,1951
KDM3A,5762
CHMP3,18571
RNF103,7820
RMND5A,7706
CD8A,304
PLGLB2,2642
KRCC1,8807
SMYD1,29
FABP1,10
THNSL2,987
FOXI3,15
TEX37,4
EIF2AK3,2243
RPIA,2487
IGKC,145697
AL845331.2,50
MAL,126
ZNF514,3159
ZNF2,315
AC092835.1,534
PROM2,9304
KCNIP3,132
FAHD2A,1247
TRIM43,12
GPAT2,1549
ADRA2B,43
ASTL,156
DUSP2,894
STARD7,3588
TMEM127,4198
CIAO1,4633
SNRNP200,9684
ITPRIPL1,142
NCAPH,192
NEURL3,31
ARID5A,3855
KANSL3,10873
FER1L5,60
LMAN2L,4486
CNNM4,3319
CNNM3,5239
ANKRD39,992
SEMA4C,5904
FAM178B,133
FAHD2B,3121
ANKRD36,2560
COX5B,1582
ACTR1B,6591
C2ORF92,3954
ZAP70,338
TMEM131,5925
VWA3B,104
CNGA3,206
INPP4A,2138
COA5,2352
UNC50,3962
MGAT4A,20331
KIAA1211L,2315
TSGA10,2088
C2ORF15,2187
LIPT1,905
MITD1,5382
LYG1,317
TXNDC9,608
EIF5B,5189
REV1,8445
AFF3,6664
LONRF2,7542
CHST10,944
NMS,3
PDCL3,4328
NPAS2,2404
TBC1D8,11109
CNOT11,8447
RNF149,14612
CREG2,14
RFX8,786
MAP4K4,7216
IL1R2,248
IL1R1,6804
IL1RL2,157
IL1RL1,282
IL18R1,204
IL18RAP,142
SLC9A4,7
SLC9A2,90
MFSD9,572
TMEM182,726
POU3F3,11
GPR45,4
TGFBRAP1,1694
C2ORF49,3648
FHL2,5600
NCK2,3386
ECRG4,910
UXS1,2423
RGPD3,22
CD8B2,83
ST6GAL2,353
RGPD4,25
SLC5A7,15
SULT1C3,14
SULT1C2,48
SULT1C4,390
GCC2,7420
CCDC138,1470
EDAR,12
SH3RF3,343
SEPTIN10,6407
SOWAHC,1525
MALL,424
NPHP1,3367
MTLN,1160
BUB1,212
ACOXL,27
BCL2L11,4359
ANAPC1,1033
MERTK,1193
TMEM87B,10117
FBLN7,327
ZC3H8,1656
ZC3H6,6633
TTL,2495
POLR1B,3017
CHCHD5,6498
SLC20A1,7154
NT5DC4,9
CKAP2L,142
IL1A,14
IL1B,120
IL37,13
IL36G,8
IL36A,3
IL36B,4
IL36RN,1
IL1F10,11
IL1RN,566
PSD4,4097
PAX8,40
SLC35F5,14204
ACTR3,5538
DPP10,351
DDX18,6284
CCDC93,3627
INSIG2,2626
EN1,90
MARCO,83
C1QL2,66
STEAP3,2910
C2ORF76,1488
DBI,11457
TMEM37,1919
SCTR,8
CFAP221,1982
TMEM177,1043
PTPN4,4276
EPB41L5,7911
TMEM185B,3160
RALB,3527
INHBB,585
GLI2,275
TFCP2L1,2719
CLASP1,3691
NIFK,2886
TSN,5829
CNTNAP5,9
GYPC,1806
TEX51,3
BIN1,1312
CYP27C1,53
ERCC3,4471
MAP3K2,5858
PROC,60
IWS1,4524
MYO7B,56
LIMS2,3078
GPR17,4
WDR33,10508
SFT2D3,813
POLR2D,1580
AMMECR1L,1566
SAP130,1891
UGGT1,6153
HS6ST1,5220
RAB6C,339
SMPD4,9236
TUBA3E,687
CCDC115,3088
IMP4,4690
PTPN18,3326
GPR148,10
AMER3,5
ARHGEF4,513
FAM168B,3865
PLEKHB2,6706
TUBA3D,249
ANKRD30BL,22
GPR39,442
LYPD1,64
NCKAP5,1981
MGAT5,5686
TMEM163,79
ACMSD,13
CCNT2,5265
MAP3K19,190
RAB3GAP1,11953
ZRANB3,668
R3HDM1,3936
UBXN4,11296
LCT,32
MCM6,1360
DARS,7812
CXCR4,10287
THSD7B,259
HNMT,2866
SPOPL,8142
NXPH2,24
LRP1B,805
KYNU,3989
ARHGAP15,1056
GTDC1,1711
ZEB2,4305
ACVR2A,1786
ORC4,4029
MBD5,5234
EPC2,5109
KIF5C,1049
LYPD6B,6295
LYPD6,4825
MMADHC,2714
RND3,922
RBM43,1719
NMI,4274
TNFAIP6,770
RIF1,5521
NEB,52
ARL5A,3029
CACNB4,270
STAM2,5157
FMNL2,1265
PRPF40A,12625
ARL6IP6,1487
RPRM,11
GALNT13,31
KCNJ3,980
NR4A2,2947
GPD2,2731
GALNT5,3132
ERMN,75
CYTIP,1655
ACVR1C,159
ACVR1,3395
UPP2,29
CCDC148,1321
PKP4,2111
TANC1,6906
WDSUB1,2844
BAZ2B,9629
MARCH7,15293
CD302,4006
LY75,1016
PLA2R1,3111
ITGB6,4761
RBMS1,2417
TANK,4500
PSMD14,1497
TBR1,2
SLC4A10,27
DPP4,174
GCG,12
FAP,5661
IFIH1,2046
GCA,731
KCNH7,3
FIGN,204
GRB14,46
COBLL1,4535
SLC38A11,1472
SCN3A,96
SCN2A,119
CSRNP3,771
GALNT3,2178
TTC21B,3372
SCN1A,22
SCN9A,282
SCN7A,708
XIRP2,4
B3GALT1,32
STK39,11939
CERS6,6888
NOSTRIN,5205
SPC25,271
G6PC2,62
ABCB11,37
DHRS9,186
LRP2,5045
BBS5,2230
KLHL41,350
FASTKD1,1781
PPIG,6526
CCDC173,182
PHOSPHO2,7026
KLHL23,1266
METTL5,5214
UBR3,4492
MYO3B,165
SP5,775
ERICH2,1112
GAD1,251
GORASP2,3474
TLK1,15227
METTL8,1136
DCAF17,3304
CYBRD1,12669
DYNC1I2,10745
SLC25A12,5379
HAT1,2908
METAP1D,854
DLX1,234
DLX2,634
ITGA6,2027
PDK1,2391
RAPGEF4,943
MAP3K20,6948
CDCA7,63
SP3,11279
SP9,3
CIR1,5940
SCRN3,4861
GPR155,603
WIPF1,4559
CHRNA1,36
CHN1,848
ATF2,11884
ATP5MC3,2966
LNPK,3310
EVX2,4
HOXD13,8
HOXD12,13
HOXD11,9
HOXD10,201
HOXD9,515
HOXD8,1869
HOXD3,242
HOXD4,737
HOXD1,20
MTX2,3780
HNRNPA3,28372
NFE2L2,11948
AGPS,9489
TTC30B,746
TTC30A,1467
PDE11A,182
RBM45,1902
OSBPL6,532
PRKRA,6664
PJVK,1456
FKBP7,481
PLEKHA3,4597
TTN,150
CCDC141,217
SESTD1,5907
ZNF385B,6466
CWC22,2649
UBE2E3,14995
ITGA4,1208
CERKL,331
NEUROD1,6
ITPRID2,7172
PPP1R1C,14
PDE1A,1387
DNAJC10,7489
FRZB,2251
NCKAP1,14403
DUSP19,472
NUP35,1182
ZNF804A,53
FSIP2,29
ZC3H15,7995
ITGAV,10944
FAM171B,789
ZSWIM2,18
CALCRL,4539
TFPI,2772
GULP1,1431
DIRC1,40
COL3A1,252913
COL5A2,12221
WDR75,4402
SLC40A1,43765
ASNSD1,5781
ANKAR,1801
OSGEPL1,1748
ORMDL1,5798
PMS1,3196
C2ORF88,175
MSTN,187
HIBCH,3803
INPP1,1530
MFSD6,6798
NEMP2,648
NAB1,8024
GLS,2611
STAT1,7398
STAT4,512
MYO1B,3166
NABP1,3353
CAVIN2,1602
TMEFF2,37
SLC39A10,3812
DNAH7,3422
STK17B,3847
HECW2,1397
CCDC150,89
GTF3C3,1787
C2ORF66,126
PGAP1,1486
ANKRD44,2197
SF3B1,3885
COQ10B,3113
HSPD1,8815
HSPE1,8966
MOB4,6673
RFTN2,912
MARS2,428
BOLL,73
PLCL1,1909
SATB2,521
FTCDNL1,1351
C2ORF69,2470
TYW5,1838
MAIP1,2605
SPATS2L,13685
KCTD18,1551
SGO2,474
AOX1,396
BZW1,4709
CLK1,13088
PPIL3,3458
NIF3L1,1489
ORC2,4442
FAM126B,3126
NDUFB3,3329
CFLAR,12251
CASP10,359
CASP8,2979
FLACC1,260
TRAK2,6360
STRADB,2009
C2CD6,121
TMEM237,1581
MPP4,40
ALS2,3254
CDK15,210
FZD7,1169
KIAA2012,57
NOP58,7243
BMPR2,14436
FAM117B,1513
ICA1L,763
WDR12,1952
CARF,4446
NBEAL1,3193
CYP20A1,5854
ABI2,7038
RAPH1,9334
CD28,601
CTLA4,106
ICOS,109
PARD3B,2952
NRP2,1893
INO80D,3622
NDUFS1,4553
EEF1B2,26408
GPR1,65
ZDBF2,577
ADAM23,339
FAM237A,5
DYTN,3
MDH1B,1604
FASTKD2,4857
CPO,423
KLF7,3689
CREB1,6038
METTL21A,1486
CCNYL1,2470
FZD5,61
PLEKHM3,805
CRYGD,2
CRYGC,5
CRYGB,12
CRYGA,10
C2ORF80,9
IDH1,1929
PIKFYVE,4602
PTH2R,185
MAP2,424
UNC80,20
RPE,1801
KANSL1L,5347
ACADL,525
MYL1,5
LANCL1,3988
CPS1,277
ERBB4,15857
IKZF2,1251
SPAG16,5145
VWC2L,29
BARD1,1307
ABCA12,2553
ATIC,6719
FN1,39178
MREG,10521
PECR,1582
TMEM169,89
XRCC5,2642
MARCH4,18
SMARCAL1,2722
IGFBP2,22823
IGFBP5,15095
TNP1,4
TNS1,4547
RUFY4,33
CXCR2,48
CXCR1,41
ARPC2,5452
GPBAR1,49
AAMP,7939
PNKD,4573
TMBIM1,3732
CATIP,29
SLC11A1,623
CTDSP1,13209
VIL1,32
USP37,4168
CNOT9,7152
PLCD4,730
ZNF142,3071
BCS1L,3152
RNF25,1613
STK36,3541
TTLL4,2204
CYP27A1,2973
PRKAG3,6
WNT6,76
WNT10A,86
CDK5R2,2
FEV,3
CRYBA2,6
IHH,6
NHEJ1,752
SLC23A3,313
CNPPD1,4449
RETREG2,6171
ZFAND2B,3862
ABCB6,1675
ATG9A,2116
ANKZF1,4838
GLB1L,1385
STK16,5370
TUBA4A,879
TUBA4B,114
DNAJB2,3589
PTPRN,7
RESP18,4
DNPEP,4770
DES,1352
SPEG,1521
SPEGNB,39
GMPPA,1350
ASIC4,24
CHPF,3665
TMEM198,404
OBSL1,7603
INHA,284
STK11IP,1561
SLC4A3,986
EPHA4,696
PAX3,18
CCDC140,12
SGPP2,341
FARSB,6237
MOGAT1,25
ACSL3,12123
KCNE4,5975
SCG2,365
AP1S3,1721
WDFY1,6050
SERPINE2,2815
FAM124B,193
CUL3,9422
CCDC195,15
DOCK10,2091
NYAP2,10
IRS1,3188
RHBDD1,3813
COL4A4,190
COL4A3,51
MFF,12677
TM4SF20,11
AGFG1,6465
C2ORF83,17
SCYGR4,8
SLC19A3,84
SCYGR8,13
CCL20,115
DAW1,7
SPHKAP,4
PID1,524
DNER,39
TRIP12,19292
FBXO36,4035
SLC16A14,405
SP110,5909
SP140,489
SP140L,1289
SP100,10871
CAB39,10396
ITM2C,4217
GPR55,20
SPATA3,4
C2ORF72,842
PSMD1,5645
HTR2B,447
ARMC9,3299
B3GNT7,112
NCL,7898
NMUR1,79
TEX44,6
PDE6D,1714
COPS7B,3811
NPPC,115
DIS3L2,6845
ALPP,1
ALPG,5
ALPI,6
ECEL1,41
PRSS56,1
CHRND,6
CHRNG,6
TIGD1,303
EIF4E2,9230
EFHD1,21404
GIGYF2,7420
KCNJ13,10
SNORC,452
NGEF,57
NEU2,11
INPP5D,596
ATG16L1,2362
SAG,22
DGKD,3261
USP40,7900
UGT1A8,1
UGT1A10,10
UGT1A9,6
UGT1A5,3
UGT1A4,3
UGT1A3,3
UGT1A1,11
MROH2A,8
HJURP,224
TRPM8,6
SPP2,7
ARL4C,1723
SH3BP4,4912
AGAP1,9014
GBX2,9
ASB18,11
IQCA1,416
ACKR3,794
COPS8,3733
COL6A3,36920
MLPH,75971
PRLH,26
RAB17,3895
LRRFIP1,5482
RBM44,163
RAMP1,598
UBE2F,1749
SCLY,620
ESPNL,17
KLHL30,29
ERFE,8
ILKAP,4261
HES6,565
PER2,5154
TRAF3IP1,6215
ASB1,1938
TWIST2,241
HDAC4,827
NDUFA10,12390
OR6B2,12
OR6B3,139
COPS9,19534
OTOS,17
GPC1,11574
ANKMY1,4041
DUSP28,520
RNPEPL1,2909
GPR35,420
AQP12A,2
KIF1A,14
AGXT,2
MAB21L4,49
CROCC2,206
SNED1,1391
MTERF4,6332
PASK,1848
PPP1R7,7831
HDLBP,25775
SEPTIN2,7563
FARP2,3691
STK25,6933
BOK,2399
THAP4,4424
ATG4B,5507
DTYMK,1554
ING5,2722
D2HGDH,7301
NEU4,94
PDCD1,53
RTP5,26
FAM240C,12
CHL1,459
CNTN6,59
CNTN4,1707
IL5RA,102
TRNT1,2928
CRBN,6229
SUMF1,5922
LRRN1,859
SETMAR,3423
ITPR1,8736
BHLHE40,18836
ARL8B,7635
EDEM1,14299
GRM7,41
LMCD1,2536
SSUH2,231
OXTR,826
RAD18,1454
SRGAP3,561
THUMPD3,2667
SETD5,19912
LHFPL4,3
MTMR14,1345
CPNE9,28
BRPF1,1212
OGG1,3605
CAMK1,1384
TADA3,7706
ARPC4,7660
TTLL3,7852
RPUSD3,896
CIDEC,65
JAGN1,2322
IL17RC,3760
CRELD1,3885
EMC3,5792
FANCD2,352
FANCD2OS,7
BRK1,1572
VHL,6740
IRAK2,139
TATDN2,4347
GHRL,118
SEC13,6230
ATP2B2,173
SLC6A11,106
SLC6A1,251
HRH1,454
ATG7,4680
VGLL4,7966
TAMM41,3173
SYN2,202
TIMP4,512
PPARG,2778
TSEN2,1207
MKRN2OS,594
MKRN2,2372
RAF1,6270
TMEM40,199
CAND2,147
IQSEC1,3893
NUP210,4146
HDAC11,1855
FBLN2,6477
WNT7A,2
CHCHD4,479
TMEM43,3439
XPC,2981
LSM3,787
SLC6A6,3424
GRIP2,333
CCDC174,2443
C3ORF20,20
FGD5,515
NR2C2,5193
RBSN,580
CAPN7,7656
SH3BP5,5734
METTL6,3410
EAF1,2230
COLQ,639
HACL1,1469
BTD,3556
ANKRD28,9108
GALNT15,221
DPH3,2988
OXNAD1,3486
RFTN1,3332
DAZL,7
PLCL2,683
TBC1D5,11569
SATB1,9992
KCNH8,69
EFHB,132
RAB5A,6616
PP2D1,13
KAT2B,2205
SGO1,118
ZNF385D,534
UBE2E2,1606
UBE2E1,5479
NKIRAS1,2108
NR1D2,5341
THRB,2346
RARB,551
TOP2B,6265
NGLY1,3194
OXSM,1439
LRRC3B,16
NEK10,54182
SLC4A7,28811
EOMES,94
CMC1,1623
AZI2,8024
ZCWPW2,492
RBMS3,2850
TGFBR2,7930
GADL1,15
STT3B,15300
OSBPL10,1125
ZNF860,264
GPD1L,6322
CMTM8,685
CMTM7,789
CMTM6,4757
DYNC1LI1,2354
CNOT10,4316
TRIM71,9
CCR4,238
GLB1,1914
TMPPE,779
CRTAP,24723
SUSD5,172
FBXL2,1875
UBP1,9908
CLASP2,5785
PDCD6IP,11178
ARPP21,17
STAC,83
DCLK3,80
TRANK1,1995
EPM2AIP1,3509
MLH1,3578
LRRFIP2,8906
ITGA9,2798
CTDSPL,5892
VILL,2002
PLCD1,1115
DLEC1,871
ACAA1,9621
MYD88,3321
OXSR1,2955
SLC22A13,38
SLC22A14,19
XYLB,1442
ACVR2B,3045
EXOG,338
SCN5A,19
SCN10A,11
SCN11A,47
WDR48,3106
GORASP1,3026
TTC21A,1808
CSRNP1,4611
XIRP1,48
CX3CR1,467
CCR8,44
SLC25A38,2767
MOBP,17
MYRIP,178
EIF1B,7988
ENTPD3,881
ZNF619,1673
ZNF620,1026
ZNF621,4029
CTNNB1,2833
ULK4,8640
TRAK1,12395
CCK,11
LYZL4,18
VIPR1,2957
SEC22C,5910
SS18L2,3445
NKTR,5659
ZBTB47,1808
KLHL40,1
HHATL,35
CCDC13,424
HIGD1A,10981
ACKR2,496
KRBOX1,1456
CYP8B1,10
ZNF662,558
GASK1A,1557
POMGNT2,1025
SNRK,6115
ANO10,4050
ABHD5,2464
TOPAZ1,22
TCAIM,4461
ZNF445,1606
ZNF852,520
ZKSCAN7,730
ZNF660,282
ZNF197,2830
ZNF35,529
ZNF502,797
ZNF501,682
KIAA1143,6873
KIF15,185
TMEM42,1105
TGM4,2
ZDHHC3,4763
EXOSC7,2821
CLEC3B,246
CDCP1,3112
TMEM158,565
LARS2,2218
LIMD1,6321
SACM1L,5075
SLC6A20,91
LZTFL1,4446
CCR9,15
FYCO1,1096
CXCR6,121
XCR1,76
CCR3,33
CCR1,158
CCR2,177
CCR5,298
CCRL2,189
LTF,8352
RTP3,10
LRRC2,66
FAM240A,8
ALS2CL,852
TMIE,21
PRSS45P,57
MYL3,120
PTH1R,109
CCDC12,4991
NBEAL2,5409
KIF9,5789
KLHL18,1925
PTPN23,2624
SCAP,4126
ELP6,2104
CSPG5,39
SMARCC1,14781
DHX30,5356
MAP4,12480
CDC25A,205
CAMP,50
ZNF589,2344
NME6,2464
SPINK8,562
FBXW12,11
PLXNB1,10131
CCDC51,736
TMA7,10615
ATRIP,1483
SHISA5,9066
PFKFB4,502
UCN2,75
COL7A1,2305
UQCRC1,9047
TMEM89,26
SLC26A6,1026
CELSR3,296
NCKIPSD,1919
IP6K2,7035
PRKAR2A,2458
SLC25A20,871
ARIH2OS,576
ARIH2,7371
P4HTM,8083
WDR6,11382
DALRD3,4439
NDUFAF3,7398
IMPDH2,14056
QRICH1,6187
QARS,11819
USP19,4317
LAMB2,13553
CCDC71,1622
KLHDC8B,1609
C3ORF84,11
CCDC36,248
C3ORF62,203
USP4,5716
RHOA,20067
TCTA,3368
AMT,4829
NICN1,3806
DAG1,8498
BSN,130
APEH,4759
MST1,2903
GMPPB,3190
IP6K1,3060
CDHR4,356
INKA1,261
UBA7,3493
TRAIP,309
CAMKV,13
MST1R,2409
MON1A,667
RBM6,11377
RBM5,17045
SEMA3F,9889
GNAT1,4
SLC38A3,84
GNAI2,6284
SEMA3B,6592
LSMEM2,7
IFRD2,2618
HYAL3,188
NAA80,1189
HYAL1,207
HYAL2,4982
TUSC2,2321
RASSF1,1993
ZMYND10,1607
NPRL2,1975
CYB561D2,2560
TMEM115,3714
CACNA2D2,459
C3ORF18,912
HEMK1,4567
CISH,5710
MAPKAPK3,4750
DOCK3,25
MANF,4378
RBM15B,4906
DCAF1,1953
RAD54L2,2561
TEX264,4086
GRM2,9
IQCF6,3
IQCF2,4
IQCF5,1
IQCF1,9
RRP9,1475
PARP3,2849
GPR62,2
PCBP4,2280
ABHD14B,4689
ABHD14A,1229
ACY1,3338
DUSP7,1940
POC1A,395
ALAS1,1452
TLR9,43
TWF2,3264
PPM1M,1235
WDR82,11513
GLYCTK,2478
DNAH1,1066
BAP1,4912
SEMA3G,1016
TNNC1,254
NISCH,10269
STAB1,4061
NT5DC2,2429
SMIM4,1309
PBRM1,9367
GNL3,5036
GLT8D1,2477
SPCS1,20100
NEK4,6122
ITIH1,14
ITIH3,159
MUSTN1,1211
STIMATE,3535
SFMBT1,3101
RFT1,3277
PRKCD,3718
TKT,5727
DCP1A,3564
CACNA1D,3283
CHDH,2500
IL17RB,2825
ACTR8,3801
SELENOK,5336
CACNA2D3,59
WNT5A,876
ERC2,36
CCDC66,3229
TASOR,8690
ARHGEF3,5627
SPATA12,48
IL17RD,1560
HESX1,329
APPL1,11347
ASB14,41
DNAH12,570
PDE12,1598
ARF4,2807
DENND6A,6037
SLMAP,12488
FLNB,11962
DNASE1L3,259
ABHD6,586
RPP14,310
PXK,2347
PDHB,6072
KCTD6,1625
ACOX2,464
FAM107A,588
FAM3D,25
C3ORF67,878
FHIT,1079
PTPRG,3559
C3ORF14,2859
FEZF2,2
CADPS,339
SYNPR,10
SNTN,505
C3ORF49,11
THOC7,12095
ATXN7,6299
PSMD6,4079
PRICKLE2,3169
ADAMTS9,2101
MAGI1,6224
SLC25A26,4298
LRIG1,36376
KBTBD8,91
SUCLG2,4476
TAFA1,11
TAFA4,5
EOGT,4692
TMF1,5748
UBA3,6892
ARL6IP5,19370
FRMD4B,1780
MITF,1244
MDFIC2,7
FOXP1,8106
EIF4E3,10389
GPR27,883
PROK2,32
RYBP,5088
SHQ1,1345
GXYLT2,3572
PPP4R2,3234
EBLN2,2754
PDZRN3,2533
CNTN3,1231
FRG2C,28
ZNF717,3236
ROBO2,42
ROBO1,1869
GBE1,990
CADM2,416
VGLL3,1493
CHMP2B,5525
POU1F1,19
HTR1F,489
CGGBP1,13644
ZNF654,2282
C3ORF38,2789
CSNKA2IP,11
EPHA3,621
PROS1,935
ARL13B,1527
STX19,123
DHFR2,1165
NSUN3,1528
EPHA6,58
ARL6,2336
CRYBG3,2124
RIOX2,3106
GABRR3,9
OR5AC2,5
OR5H14,4
OR5H15,5
OR5H6,9
OR5H2,10
OR5K4,19
OR5K3,17
OR5K1,9
OR5K2,15
CLDND1,8348
GPR15,14
CPOX,2381
ST3GAL6,599
DCBLD2,3955
COL8A1,2612
CMSS1,4650
FILIP1L,5612
TBC1D23,3644
NIT2,9556
TOMM70,4180
LNP1,310
TMEM45A,1080
ADGRG7,20
TFG,3664
ABI3BP,1918
IMPG2,47
SENP7,2820
TRMT10C,2965
ZBTB11,1875
CEP97,1141
NXPE3,912
NFKBIZ,4023
ZPLD1,9
ALCAM,30084
CBLB,3461
CCDC54,16
BBX,4308
CD47,10029
IFT57,5373
HHLA2,21
MYH15,28
CIP2A,472
DZIP3,2947
RETNLB,2
TRAT1,197
GUCA1C,7
MORC1,15
C3ORF85,4
DPPA2,28
DPPA4,4
NECTIN3,949
CD96,654
ZBED2,10
PLCXD2,58
PHLDB2,7981
ABHD10,1028
TAGLN3,8
TMPRSS7,14
C3ORF52,1275
GCSAM,31
SLC9C1,30
CD200,1639
BTLA,32
ATG3,3708
SLC35A5,2314
CCDC80,19502
CD200R1L,4
CD200R1,169
GTPBP8,464
NEPRO,3525
BOC,2561
CFAP44,5153
SPICE1,5722
SIDT1,3427
USF3,4802
NAA50,1347
ATP6V1A,3292
GRAMD1C,1009
ZDHHC23,741
CCDC191,3395
QTRT2,1292
DRD3,3
ZNF80,23
TIGIT,293
ZBTB20,6046
GAP43,39
LSAMP,340
IGSF11,14
TEX55,5
UPK1B,4
B4GALT4,1101
ARHGAP31,1453
TMEM39A,2887
POGLUT1,1918
TIMMDC1,6908
CD80,121
ADPRH,603
PLA1A,392
POPDC2,676
COX17,2338
MAATS1,477
NR1I2,44
GSK3B,5456
GPR156,95
LRRC58,3363
FSTL1,5326
NDUFB4,5024
HGD,448
RABL3,2080
GTF2E1,815
STXBP5L,6
POLQ,176
ARGFX,17
FBXO40,11
HCLS1,1582
GOLGB1,4820
IQCB1,4032
EAF2,679
SLC15A2,1422
ILDR1,1031
CD86,557
CASR,15
CSTA,757
FAM162A,12883
WDR5B,2115
KPNA1,5314
PARP9,2852
DTX3L,7440
PARP15,256
PARP14,8078
HSPBAP1,1188
SLC49A4,2801
SEMA5B,69
PDIA5,2331
SEC22A,1557
ADCY5,354
HACD2,1420
MYLK,11684
CCDC14,8875
KALRN,1019
UMPS,1748
ITGB5,25814
MUC13,119
HEG1,2271
SLC12A8,1796
ZNF148,3641
SNX4,5607
OSBPL11,2322
ALG1L,216
ROPN1B,33
SLC41A3,2477
ALDH1L1,56
KLF15,426
CFAP100,107
ZXDC,2955
UROC1,7
CHST13,11
C3ORF22,13
TXNRD3,2276
CHCHD6,710
PLXNA1,2100
C3ORF56,7
PRR20G,2
TPRA1,2480
MCM2,1019
PODXL2,1986
ABTB1,5273
MGLL,4482
KBTBD12,30
SEC61A1,9618
RUVBL1,3802
EEFSEC,1080
DNAJB8,3
GATA2,557
RPN1,4659
RAB7A,5932
ACAD9,2897
KIAA1257,2059
EFCC1,2648
GP9,11
ISY1,2970
CNBP,14948
COPG1,7710
HMCES,2911
H1FX,10843
EFCAB12,800
MBD4,3857
IFT122,3952
RHO,14
H1FOO,3
PLXND1,8667
TMCC1,2044
TRH,50
COL6A5,4
COL6A6,39
PIK3R4,2838
ATP2C1,9775
ASTE1,930
NEK11,3866
NUDT16,3365
CPNE4,14
ACPP,142
DNAJC13,6013
ACAD11,3696
ACKR4,94
UBA5,5421
NPHP3,3460
TMEM108,1162
BFSP2,86
CDV3,8777
TOPBP1,2693
TF,211
SRPRB,4666
RAB6B,390
SLCO2A1,1557
RYK,6402
AMOTL2,2241
ANAPC13,11131
CEP63,5077
EPHB1,144
KY,25
PPP2R3A,2128
MSL2,7703
PCCB,1493
STAG1,10639
SLC35G2,406
NCK1,2684
IL20RB,89
SOX14,1
CLDN18,5
DZIP1L,762
A4GNT,7
DBR1,2158
ARMC8,4495
NME9,69
MRAS,837
ESYT3,62
CEP70,3227
FAIM,2779
PIK3CB,4447
FOXL2,6
FOXL2NB,1
PRR23A,6
PRR23B,7
PRR23C,6
COPB2,9121
RBP2,17
RBP1,1144
NMNAT3,2842
CLSTN2,6769
TRIM42,3
SLC25A36,5642
SPSB4,19
PXYLP1,1272
ZBTB38,6253
RASA2,5604
RNF7,19869
GRK7,27
ATP1B3,2583
TFDP2,4498
GK5,2763
XRN1,5988
ATR,3029
PLS1,524
TRPC1,1216
PCOLCE2,59
PAQR9,9
U2SURP,8788
CHST2,258
SLC9A9,578
DIPK2A,1799
PLOD2,4675
PLSCR4,4608
PLSCR2,272
PLSCR1,3465
PLSCR5,11
ZIC4,45
ZIC1,1309
AGTR1,291
CPB1,79
CPA3,858
GYG1,1141
HLTF,3898
HPS3,2757
CP,483
TM4SF18,903
TM4SF1,8468
TM4SF4,15
WWTR1,3473
COMMD2,2401
ANKUB1,8
RNF13,4835
PFN2,18957
TSC22D2,6539
SERP1,22817
EIF2A,13598
SELENOT,9661
ERICH6,255
SIAH2,37388
MINDY4B,10
CLRN1,10
MED12L,1066
GPR171,130
P2RY14,395
GPR87,148
P2RY13,390
P2RY12,346
AADACL2,17
AADAC,12
SUCNR1,91
MBNL1,11765
P2RY1,144
RAP2B,2955
ARHGEF26,8379
DHX36,7760
GPR149,10
MME,1320
STRIT1,17
PLCH1,545
C3ORF33,535
SLC33A1,4323
GMPS,3282
KCNAB1,381
SSR3,8620
TIPARP,5593
LEKR1,334
CCNL1,8222
VEPH1,214
PTX3,213
SLC66A1L,90
SHOX2,682
RSRC1,3405
MLF1,3966
GFM1,5732
LXN,4270
RARRES1,1283
MFSD1,12054
IQCJ,1035
IL12A,50
C3ORF80,219
IFT80,5548
SMC4,3827
TRIM59,929
KPNA4,3534
ARL14,7
PPM1L,776
B3GALNT1,2026
NMD3,4482
SPTSSB,621
OTOL1,14
SI,7
SLITRK3,10
BCHE,88
ZBBX,298
SERPINI2,123
WDR49,462
PDCD10,6739
SERPINI1,378
GOLIM4,2649
MECOM,890
TERC,91
ACTRT3,207
MYNN,3336
LRRC34,198
LRRIQ4,34
LRRC31,1830
SAMD7,2
SEC62,11482
GPR160,13512
PHC3,7611
PRKCI,4204
SKIL,6510
CLDN11,841
SLC7A14,8
EIF5A2,286
SLC2A2,13
TNIK,3568
PLD1,1047
TMEM212,137
FNDC3B,5371
GHSR,2
TNFSF10,12483
NCEH1,1375
ECT2,2397
SPATA16,14
NLGN1,173
NAALADL2,13640
TBL1XR1,18525
KCNMB2,20
ZMAT3,2169
PIK3CA,4353
KCNMB3,1368
ZNF639,5328
MFN1,4610
GNB4,3275
ACTL6A,4398
NDUFB5,15775
USP13,1455
PEX5L,31
TTC14,9553
CCDC39,126
FXR1,5548
SOX2,23
ATP11B,4060
DCUN1D1,3983
MCCC1,6162
LAMP3,224
MCF2L2,143
B3GNT5,566
KLHL6,848
KLHL24,6951
YEATS2,1813
MAP6D1,95
PARL,5839
ABCC5,2732
HTR3D,12
HTR3C,5
HTR3E,8
EIF2B5,6392
DVL3,7162
AP2M1,3400
ABCF3,2341
VWA5B2,36
ALG3,2941
EEF1AKMT4,659
CAMK2N2,40
ECE2,9
PSMD2,1478
EIF4G1,6061
FAM131A,816
CLCN2,780
POLR2H,10219
THPO,251
CHRD,2146
EPHB3,5779
MAGEF1,2534
VPS8,5173
C3ORF70,388
EHHADH,415
MAP3K13,6121
TMEM41A,1361
LIPH,1452
SENP2,11142
IGF2BP2,65
TRA2B,3709
ETV5,1116
DGKG,121
CRYGS,133
TBCCD1,1436
DNAJB11,5075
AHSG,9
FETUB,9
HRG,10
KNG1,5
EIF4A2,16432
RFC4,1500
ADIPOQ,402
ST6GAL1,3031
RTP1,4
MASP1,41
RTP4,421
SST,3
RTP2,31
BCL6,4565
AC072022.2,39
LPP,9416
TPRG1,8350
TP63,2556
P3H2,534
CLDN1,615
CLDN16,30
TMEM207,9
IL1RAP,915
GMNC,8
OSTN,6
UTS2B,51
CCDC50,7561
PYDC2,3
FGF12,179
MB21D2,257
PLAAT1,127
ATP13A5,38
ATP13A4,127
OPA1,6120
HES1,10031
CPN2,13
LRRC15,1815
GP5,2
ATP13A3,6786
TMEM44,988
LSG1,2089
FAM43A,515
XXYLT1,1002
ACAP2,5234
APOD,9169
MUC20,881
MUC4,14
TNK2,14213
TFRC,6792
ZDHHC19,1
SLC51A,563
PCYT1A,3034
TCTEX1D2,3192
TM4SF19,120
UBXN7,3244
RNF168,2481
SMCO1,13
WDR53,1755
FBXO45,1216
NRROS,277
PIGX,4639
CEP19,520
PAK2,3767
SENP5,3029
NCBP2,12196
NCBP2AS2,1177
PIGZ,1263
MELTF,364
DLG1,10886
BDH1,5130
RUBCN,1266
FYTTD1,3888
LRCH3,3885
IQCG,3912
LMLN,2686
ZNF595,3212
ZNF718,914
ZNF732,70
ZNF141,4930
PIGG,5731
TMEM271,4
PDE6B,2538
ATP5ME,10878
MYL5,4692
SLC49A3,4216
PCGF3,9838
CPLX1,1613
GAK,9633
TMEM175,5758
DGKQ,1304
SLC26A1,90
IDUA,9343
FGFRL1,1529
RNF212,213
SPON2,4626
MAEA,3178
UVSSA,5309
FAM53A,627
SLBP,5659
TACC3,797
TMEM129,4268
FGFR3,1815
LETM1,1664
NSD2,3881
NELFA,4162
C4ORF48,2047
NAT8L,219
POLN,561
HAUS3,1939
MXD4,6398
ZFYVE28,1290
CFAP99,421
RNF4,1580
FAM193A,4522
TNIP2,3707
SH3BP2,2499
ADD1,9277
MFSD10,6887
NOP14,3641
GRK4,1073
HTT,6420
MSANTD1,205
RGS12,2903
HGFAC,68
DOK7,157
LRPAP1,7678
ADRA2C,71
OTOP1,1
TMEM128,3573
LYAR,1317
ZBTB49,643
NSG1,209
MSX1,171
CYTL1,93
STK32B,2423
EVC2,679
EVC,3371
CRMP1,215
C4ORF50,13
WFS1,3409
PPP2R2C,1547
MAN2B2,4999
MRFAP1,4224
AC093323.1,2035
S100P,5128
MRFAP1L1,12434
BLOC1S4,1473
KIAA0232,5300
TBC1D14,7682
CCDC96,674
TADA2B,4166
GRPEL1,1533
SORCS2,325
PSAPL1,3
AFAP1,3032
ABLIM2,394
SH3TC1,2021
HTRA3,3780
ACOX3,9111
TRMT44,2245
GPR78,5
CPZ,19
HMX1,2
FAM90A26,5
USP17L15,112
SLC2A9,1180
DRD5,30
WDR1,1281
ZNF518B,1770
CLNK,179
HS3ST1,102
RAB28,3722
NKX3-2,27
BOD1L1,5854
CPEB2,7806
C1QTNF7,458
CC2D2A,3704
FBXL5,6991
FAM200B,6266
BST1,1022
CD38,231
FGFBP1,6
FGFBP2,22
PROM1,3076
TAPT1,6232
LDB2,2118
QDPR,23618
CLRN2,20
LAP3,4506
MED28,7386
DCAF16,20470
NCAPG,300
LCORL,3012
SLIT2,3101
PACRGL,2297
ADGRA3,1882
PPARGC1A,218
DHX15,15658
SOD3,1785
CCDC149,3534
LGI2,230
SEPSECS,4111
PI4K2B,3481
ZCCHC4,1719
ANAPC4,5242
SLC34A2,5113
SEL1L3,1779
SMIM20,3777
RBPJ,2839
CCKAR,34
TBC1D19,3616
STIM2,2863
PCDH7,2042
ARAP2,967
DTHD1,275
NWD2,10
C4ORF19,373
RELL1,5543
PGM2,3581
TBC1D1,3445
PTTG2,256
KLF3,4676
TLR10,153
TLR1,1256
TLR6,1427
FAM114A1,7786
TMEM156,214
KLHL5,6233
WDR19,4635
RFC1,2725
KLB,25
LIAS,2055
UGDH,30398
SMIM14,22060
UBE2K,5244
PDS5A,2752
N4BP2,2885
RHOH,15715
CHRNA9,1252
RBM47,12182
NSUN7,4081
APBB2,8140
UCHL1,225
LIMCH1,3171
PHOX2B,4
TMEM33,7234
DCAF4L1,34
SLC30A9,14319
BEND4,13
SHISA3,32
ATP8A1,655
GRXCR1,9
KCTD8,17
YIPF7,17
GUF1,3677
GNPDA2,1221
GABRG1,9
GABRA2,17
COX7B2,15
GABRA4,15
GABRB1,15
COMMD8,2274
ATP10D,1926
CORIN,299
NFXL1,3439
NIPAL1,163
CNGA1,41
TXK,285
TEC,699
SLAIN2,11592
SLC10A4,135
ZAR1,9
FRYL,5752
OCIAD1,12968
OCIAD2,9223
CWH43,236
DCUN1D4,3539
LRRC66,106
SGCB,4771
SPATA18,2419
USP46,1689
ERVMER34-1,205
RASL11B,118
SCFD2,1388
FIP1L1,5854
LNX1,2827
CHIC2,4238
GSX2,13
PDGFRA,2316
KIT,2297
KDR,1707
SRD5A3,5147
TMEM165,7804
CLOCK,4730
PDCL2,7
NMU,48
EXOC1L,8
EXOC1,3305
CEP135,2523
KIAA1211,1043
AASDH,2643
PPAT,1679
PAICS,2019
SRP72,5926
ARL9,58
THEGL,4
HOPX,1446
SPINK2,14
REST,3273
NOA1,7463
POLR2B,4998
IGFBP7,54979
ADGRL3,571
TECRL,6
EPHA5,25
CENPC,3381
STAP1,121
UBA6,4203
GNRHR,8
TMPRSS11D,5
TMPRSS11A,9
TMPRSS11F,11
TMPRSS11B,3
YTHDC1,9475
TMPRSS11E,156
UGT2B17,3
UGT2B10,5
UGT2A3,9
UGT2B7,7
UGT2B11,12
UGT2B28,3
UGT2B4,14
UGT2A1,13
UGT2A2,18
SULT1B1,66
SULT1E1,31
CSN1S1,5
CSN2,7
STATH,7
HTN1,7
PRR27,12
ODAM,9
FDCSP,72
CSN3,9
CABS1,13
SMR3A,1
SMR3B,8
OPRPN,7
MUC7,18
AMTN,3
AMBN,8
ENAM,8
JCHAIN,10051
UTP3,2714
RUFY3,6807
GRSF1,11884
MOB1B,2624
DCK,1901
SLC4A4,79
GC,5
NPFFR2,118
ADAMTS3,162
COX18,2173
ANKRD17,10293
ALB,100
AFP,148
AFM,18
RASSF6,5127
CXCL8,814
CXCL6,37
PF4V1,9
CXCL1,468
PF4,30
PPBP,32
CXCL5,17
CXCL3,291
CXCL2,10803
MTHFD2L,2286
EPGN,102
EREG,3928
AREG,17072
BTC,552
PARM1,1822
RCHY1,3411
THAP6,1799
ODAPH,11
CDKL2,105
G3BP2,4509
USO1,8575
PPEF2,7
NAAA,865
SDAD1,2025
CXCL9,194
ART3,20
CXCL10,335
CXCL11,55
NUP54,4707
SCARB2,8457
FAM47E,2116
STBD1,1216
CCDC158,1253
SHROOM3,7356
SOWAHB,531
SEPTIN11,5183
CCNI,88065
CCNG2,45276
CXCL13,1650
CNOT6L,8197
FRAS1,114
ANXA3,1851
BMP2K,8272
PAQR3,1128
NAA11,9
GK2,8
ANTXR2,3063
PRDM8,181
FGF5,11
CFAP299,76
BMP3,64
PRKG2,264
RASGEF1B,828
HNRNPD,15631
HNRNPDL,12259
ENOPH1,4124
TMEM150C,102
SCD5,332
SEC31A,13044
THAP9,799
LIN54,2196
COPS4,3291
PLAC8,283
COQ2,1417
HPSE,229
HELQ,2502
ABRAXAS1,2470
GPAT3,134
NKX6-1,209
CDS1,3263
WDFY3,5208
ARHGAP24,836
MAPK10,4587
PTPN13,7756
SLC10A6,990
C4ORF36,1139
AFF1,14196
KLHL8,1941
HSD17B13,59
HSD17B11,5277
NUDT9,3876
SPARCL1,14366
DSPP,22
DMP1,27
IBSP,88
MEPE,29
SPP1,8134
PKD2,4213
ABCG2,515
PPM1K,363
HERC6,525
HERC5,388
PYURF,14010
HERC3,2715
NAP1L5,824
FAM13A,2415
TIGD2,1139
GPRIN3,490
SNCA,725
MMRN1,526
CCSER1,896
GRID2,7
ATOH1,5
SMARCAD1,5832
HPGDS,242
PDLIM5,5399
BMPR1B,1538
UNC5C,296
PDHA2,6
STPG2,985
RAP1GDS1,3675
TSPAN5,2566
EIF4E,7341
ADH5,4310
ADH4,14
ADH6,46
ADH1A,10
ADH1B,592
ADH1C,137
ADH7,6
C4ORF17,11
TRMT10A,1803
MTTP,21
C4ORF54,6
DAPP1,1156
LAMTOR3,8630
DNAJB14,3844
H2AFZ,4226
DDIT4L,96
EMCN,1050
PPP3CA,3292
BANK1,241
SLC39A8,1655
NFKB1,3297
MANBA,5631
UBE2D3,26448
CISD2,2831
SLC9B1,191
SLC9B2,1101
BDH2,4850
CENPE,534
TACR3,51
CXXC4,693
TET2,4812
PPA2,4880
ARHGEF38,8348
INTS12,3505
GSTCD,3265
NPNT,12642
TBCK,6538
AIMP1,8448
GIMD1,3
DKK2,552
PAPSS1,3822
SGMS2,928
CYP2U1,1248
HADH,3324
LEF1,15197
OSTC,2460
ETNPPL,186
COL25A1,131
SEC24B,4665
MCUB,2214
CASP6,4639
PLA2G12A,10925
CFI,723
GAR1,2214
RRH,190
LRIT3,251
EGF,1149
ELOVL6,797
ENPEP,630
PITX2,36
FAM241A,7848
AP1AR,9585
TIFA,1487
ALPK1,3090
NEUROG2,8
ZGRF1,1601
LARP7,6822
ANK2,1269
CAMK2D,6944
ARSJ,1022
UGT8,49
NDST4,14
TRAM1L1,941
NDST3,15
PRSS12,252
METTL14,2418
SEC24D,2524
SYNPO2,4072
MYOZ2,79
USP53,9345
C4ORF3,14853
FABP2,12
PDE5A,2177
MAD2L1,722
PRDM5,684
NDNF,138
TNIP3,33
QRFPR,386
ANXA5,12866
TMEM155,20
EXOSC9,2554
CCNA2,416
BBS7,929
TRPC3,55
KIAA1109,4911
ADAD1,10
IL2,19
IL21,8
BBS12,839
FGF2,298
SPATA5,1927
SPRY1,11114
ANKRD50,7599
FAT4,1618
INTU,4092
SLC25A31,23
HSPA4L,382
PLK4,446
MFSD8,1958
ABHD18,2716
LARP1B,3928
PGRMC2,10347
JADE1,3047
SCLT1,1838
C4ORF33,1059
PCDH10,31
PABPC4L,454
PCDH18,1495
SLC7A11,938
NOCT,2499
ELF2,5863
MGARP,86
NDUFC1,6525
NAA15,4080
RAB33B,4780
SETD7,3633
MGST2,7212
MAML3,2979
CLGN,3442
MGAT4D,15
ELMOD2,5091
UCP1,85
TBC1D9,58329
RNF150,248
ZNF330,3818
IL15,288
INPP4B,6108
USP38,3738
GAB1,1299
SMARCA5,13368
FREM3,9
GYPE,18
GYPA,16
HHIP,56
ANAPC10,707
ABCE1,1156
OTUD4,4102
SMAD1,3452
MMAA,1783
C4ORF51,26
ZNF827,3335
LSM6,3951
REELD1,39
SLC10A7,3049
POU4F2,2
TTC29,241
EDNRA,2510
TMEM184C,3521
PRMT9,2154
ARHGAP10,2137
NR3C2,1219
IQCM,17
DCLK2,1705
LRBA,15226
MAB21L2,4
SH3D19,4094
PRSS48,9
FAM160A1,1386
GATB,1212
FBXW7,7856
TMEM154,2833
TIGD4,225
ARFIP1,4123
FHDC1,2357
TRIM2,1159
MND1,239
TMEM131L,1001
TLR2,2363
RNF175,148
SFRP2,57396
DCHS2,75
PLRG1,4247
FGB,19
FGA,1
FGG,17
LRAT,181
RBM46,10
NPY2R,7
MAP9,904
GUCY1A1,4208
GUCY1B1,746
ASIC5,15
TDO2,102
CTSO,3857
PDGFC,6071
GLRB,3026
GRIA2,73
GASK1B,3205
TMEM144,4614
RXFP1,20
C4ORF46,464
ETFDH,2708
PPID,2792
FNIP2,2528
C4ORF45,13
RAPGEF2,5001
FSTL5,14
NAF1,1457
NPY1R,8829
NPY5R,878
TKTL2,21
TMA16,4712
MARCH1,400
SMIM31,359
APELA,118
TRIM61,24
FAM218A,120
TRIM60,18
TRIM75P,14
TMEM192,2099
KLHL2,3385
GK3P,39
MSMO1,1344
CPE,6061
TLL1,521
SPOCK3,23
ANXA10,11
DDX60,3605
DDX60L,3183
PALLD,9351
CBR4,3968
SH3RF1,6000
NEK1,2766
CLCN3,6489
HPF1,1720
MFAP3L,3370
AADAT,426
GALNTL6,542
GALNT7,16710
HMGB2,2997
SAP30,6236
HAND2,634
FBXO8,1436
CEP44,4702
HPGD,28472
GLRA3,264
ADAM29,15
GPM6A,293
WDR17,1645
SPATA4,630
ASB5,18
SPCS3,4716
VEGFC,1601
NEIL3,114
AGA,6838
TENM3,509
DCTD,11474
WWC2,2249
CLDN22,30
CLDN24,7
CDKN2AIP,1463
ING2,3974
RWDD4,5145
TRAPPC11,3731
STOX2,224
ENPP6,17
IRF2,3089
CASP3,2121
PRIMPOL,1383
CENPU,1191
ACSL1,1836
HELT,4
SLC25A4,2154
CFAP97,10219
SNX25,5464
LRP2BP,539
ANKRD37,1625
UFSP2,3608
C4ORF47,704
CCDC110,251
PDLIM3,635
SORBS2,11782
TLR3,1671
FAM149A,344
CYP4V2,2708
KLKB1,154
F11,10
MTNR1A,9
FAT1,8814
ZFP42,9
TRIML2,8
TRIML1,10
FRG1,2250
FRG2,3
PLEKHG4B,594
LRRC14B,45
CCDC127,1850
SDHA,3621
PDCD6,9376
AHRR,86
EXOC3,6814
SLC9A3,5
CEP72,1608
TPPP,209
ZDHHC11B,26
BRD9,3242
TRIP13,352
NKD2,1406
SLC12A7,4678
SLC6A19,3
SLC6A18,5
TERT,3
CLPTM1L,7401
SLC6A3,27
LPCAT1,3856
NDUFS6,7895
IRX4,239
IRX2,8541
IRX1,1803
ADAMTS16,491
MED10,2810
UBE2QL1,201
NSUN2,4556
SRD5A1,1890
TENT4A,4130
ADCY2,281
C5ORF49,1375
MTRR,2642
FASTKD3,1591
SEMA5A,1592
TAS2R1,18
ATPSCKMT,1776
CMBL,4497
MARCH6,11406
ROPN1L,513
ANKRD33B,200
DAP,17979
CTNND2,328
DNAH5,1679
TRIO,35582
OTULINL,350
OTULIN,3357
ANKH,6171
FBXL7,1230
MARCH11,7
ZNF622,2581
RETREG1,1098
MYO10,1180
BASP1,1827
LINC02218,8
AC106774.4,3
TAF11L4,12
TAF11L6,46
TAF11L8,38
TAF11L11,3
TAF11L12,1
TAF11L13,11
TAF11L14,5
H3.Y,3
CDH18,737
CDH12,6
PRDM9,9
CDH10,9
CDH9,15
CDH6,787
DROSHA,3690
C5ORF22,2603
PDZD2,1073
GOLPH3,20766
MTMR12,7764
ZFR,7171
SUB1,3759
NPR3,760
TARS,1242
ADAMTS12,1965
RXFP3,7
SLC45A2,45
AMACR,1325
C1QTNF3,3374
RAI14,2214
TTC23L,935
RAD1,1170
BRIX1,3347
DNAJC21,8969
AGXT2,8
PRLR,20845
SPEF2,4292
IL7R,2473
CAPSL,329
UGT3A1,4
UGT3A2,11
LMBRD2,3885
SKP2,1424
NADK2,4912
RANBP3L,288
SLC1A3,1005
NIPBL,7938
CPLANE1,6467
NUP155,3625
WDR70,3060
GDNF,6
EGFLAM,1072
LIFR,3510
OSMR,3509
RICTOR,4262
FYB1,852
C9,9
DAB2,4676
TTC33,754
PTGER4,675
PRKAA1,4331
CARD6,494
C7,2703
MROH2B,12
C6,103
PLCXD3,241
OXCT1,978
C5ORF51,2826
FBXO4,2555
GHR,891
CCDC152,124
SELENOP,54625
ANXA2R,590
ZNF131,3293
NIM1K,63
HMGCS1,1567
CCL28,316
TMEM267,2256
C5ORF34,249
PAIP1,6629
NNT,2614
FGF10,1995
HCN1,71
EMB,1155
PARP8,4089
ISL1,18
PELO,2236
ITGA1,5320
ITGA2,10035
MOCS2,10245
FST,765
NDUFS4,9744
ARL15,2636
HSPB3,10
SNX18,992
ESM1,661
GZMK,548
GZMA,469
CDC20B,438
GPX8,2443
MCIDAS,789
CCNO,5357
DHX29,4030
MTREX,5894
PLPP1,5512
SLC38A9,3570
DDX4,32
IL31RA,239
ANKRD55,76
C5ORF67,8
MAP3K1,9971
SETD9,1780
MIER3,2124
GPBP1,13371
ACTBL2,7
PLK2,6995
GAPT,370
RAB3C,65
PDE4D,6416
DEPDC1B,94
ELOVL7,487
ERCC8,1894
NDUFAF2,1239
SMIM15,11676
ZSWIM6,5625
KIF2A,3976
DIMT1,2852
IPO11,3159
HTR1A,5
RNF180,2962
RGS7BP,217
SHISAL2B,9
SREK1IP1,3002
CWC27,4255
ADAMTS6,706
CENPK,289
PPWD1,5169
TRIM23,2335
SHLD3,1033
TRAPPC13,3088
SGTB,396
NLN,1207
ERBIN,18018
MAST4,7094
CD180,245
PIK3R1,8712
SLC30A5,3682
CCNB1,1073
CENPH,941
CDK7,1399
CCDC125,10508
AK6,3314
TAF9,3782
RAD17,1281
MARVELD2,3072
OCLN,6266
BDP1,7161
MCCC2,5097
CARTPT,240
MAP1B,2275
PTCD2,1677
ZNF366,406
TNPO1,3495
FCHO2,2085
TMEM171,17
TMEM174,13
FOXD1,35
BTF3,4512
ANKRA2,6986
UTP15,1296
ARHGEF28,1093
ENC1,2439
HEXB,8705
GFM2,4111
NSA2,19556
FAM169A,136
GCNT4,197
ANKRD31,389
HMGCR,2386
CERT1,2873
POLK,3611
ANKDD1B,102
POC5,1147
SV2C,7
IQGAP2,2761
F2RL2,1693
F2R,1670
F2RL1,149
S100Z,90
CRHBP,49
AGGF1,4008
ZBED3,840
PDE8B,225
WDR41,3247
AP3B1,5447
SCAMP1,3769
LHFPL2,1880
ARSB,980
DMGDH,253
BHMT2,656
BHMT,51
JMY,3259
HOMER1,3884
TENT2,10675
CMYA5,4527
MTX3,1935
THBS4,6943
SERINC5,7626
SPZ1,9
ZFYVE16,3875
FAM151B,1007
ANKRD34B,12
DHFR,2850
MSH3,3711
RASGRF2,962
CKMT2,102
ZCCHC9,2137
ACOT12,14
SSBP2,3416
ATG10,3038
ATP6AP1L,1686
TMEM167A,7628
XRCC4,658
VCAN,28917
HAPLN1,47
EDIL3,2113
COX7C,21091
RASA1,9514
CCNH,4198
TMEM161B,2533
MEF2C,1626
CETN3,1052
MBLAC2,537
POLR3G,208
LYSMD3,1814
ADGRV1,1100
ARRDC3,9983
NR2F1,2296
FAM172A,7617
POU5F2,946
KIAA0825,3186
SLF1,1584
MCTP1,2886
FAM81B,662
TTC37,8021
ARSK,230
GPR150,14
RFESD,17
SPATA9,56
RHOBTB3,2579
GLRX,4651
ELL2,11633
PCSK1,137
CAST,22119
ERAP1,3992
ERAP2,532
LNPEP,5875
LIX1,7
RIOK2,1686
RGMB,2622
CHD1,5039
FAM174A,3393
ST8SIA4,1126
SLCO4C1,108
SLCO6A1,2
PAM,6641
GIN1,946
PPIP5K2,5601
C5ORF30,1208
NUDT12,2434
EFNA5,2447
FBXL17,6679
FER,3131
PJA2,11804
MAN2A1,3015
TMEM232,2243
SLC25A46,5773
TSLP,67
WDR36,2875
CAMK4,232
STARD4,291
NREP,8035
EPB41L4A,4948
APC,2923
SRP19,7090
REEP5,10286
DCP2,7186
MCC,1916
TSSK1B,34
YTHDC2,6442
KCNN2,105
TRIM36,319
PGGT1B,3374
CCDC112,1366
FEM1C,3061
TICAM2,419
TMED7,10663
CDO1,684
ATG12,6342
LVRN,65
ARL14EPL,14
COMMD10,2229
SEMA6A,2223
DTWD2,3326
DMXL1,3410
TNFAIP8,1727
HSD17B4,8378
FAM170A,11
PRR16,516
FTMT,7
SRFBP1,4170
LOX,3968
ZNF474,246
AC010255.3,31
SNCAIP,1665
SNX2,5822
SNX24,3896
PPIC,3699
PRDM6,423
CEP120,2915
CSNK1G3,6272
ZNF608,4630
GRAMD2B,1462
ALDH7A1,1706
PHAX,3495
TEX43,25
LMNB1,983
MARCH3,711
MEGF10,698
PRRC1,3816
CTXN3,16
CCDC192,23
SLC12A2,23557
FBN2,93
SLC27A6,85
ISOC1,3049
ADAMTS19,93
MINAR2,9
CHSY3,257
HINT1,9443
LYRM7,975
CDC42SE2,4770
RAPGEF6,3803
FNIP1,9718
MEIKIN,51
ACSL6,108
IL3,8
CSF2,5
P4HA2,2287
PDLIM4,2574
SLC22A4,752
SLC22A5,3697
IRF1,1737
IL5,13
RAD50,3717
IL13,5
IL4,7
KIF3A,2367
CCNI2,74
SEPTIN8,3636
SOWAHA,87
SHROOM1,2918
GDF9,160
UQCRQ,6147
LEAP2,435
AFF4,14591
HSPA4,2564
FSTL4,68
C5ORF15,2838
VDAC1,13851
TCF7,1053
PPP2CA,3061
CDKL3,651
UBE2B,10713
CDKN2AIPNL,3742
JADE2,2092
SAR1B,6003
SEC24A,3142
CAMLG,7848
DDX46,6070
C5ORF24,3370
TXNDC15,6339
PCBD2,10
CATSPER3,348
PITX1,705
H2AFY,3056
TIFAB,38
NEUROG1,1
CXCL14,7612
SLC25A48,1104
IL9,7
LECT2,6
TGFBI,4859
SMAD5,6707
SMIM32,3
TRPC7,11
SPOCK1,1405
KLHL3,1321
HNRNPA0,15624
MYOT,20
PKD2L2,76
FAM13B,6474
WNT8A,10
NME5,4496
BRD8,8834
KIF20A,128
CDC23,1407
GFRA3,6
CDC25C,121
FAM53C,3278
KDM3B,6765
REEP2,226
EGR1,38737
ETF1,2115
HSPA9,3321
CTNNA1,8080
LRRTM2,76
SIL1,4246
PAIP2,2686
SLC23A1,48
MZB1,256
PROB1,43
SPATA24,713
DNAJC18,755
ECSCR,1910
SMIM33,98
TMEM173,3843
UBE2D2,5894
CXXC5,3962
PSD2,21
NRG2,81
PURA,4416
IGIP,6032
CYSTM1,3111
PFDN1,2635
HBEGF,660
SLC4A9,14
ANKHD1,14278
SRA1,5691
EIF4EBP3,2627
APBB3,4791
SLC35A4,5685
CD14,1640
NDUFA2,14018
TMCO6,1253
IK,6446
WDR55,3402
DND1,229
HARS,1672
HARS2,2128
ZMAT2,8881
PCDHA1,11
PCDHA2,38
PCDHA3,165
PCDHA4,541
PCDHA5,161
PCDHA6,395
PCDHA7,181
PCDHA8,92
PCDHA9,178
PCDHA10,216
PCDHA11,73
PCDHA12,368
PCDHA13,114
PCDHAC1,212
PCDHB1,17
PCDHB2,110
PCDHB3,199
PCDHB4,184
PCDHB5,113
PCDHB6,97
PCDHB7,223
PCDHB8,39
PCDHB16,490
PCDHB9,127
PCDHB10,244
PCDHB11,162
PCDHB12,226
PCDHB13,255
PCDHB14,566
PCDHB15,152
TAF7,4802
SLC25A2,9
PCDHGA1,48
PCDHGA2,241
PCDHGA3,140
PCDHGB2,109
PCDHGA5,329
PCDHGA6,282
PCDHGA7,225
PCDHGA8,157
PCDHGA9,143
PCDHGB6,257
PCDHGA10,196
PCDHGB7,676
PCDHGA11,79
PCDHGA12,203
PCDHGC3,701
PCDHGC5,69
DIAPH1,3925
HDAC3,3455
RELL2,447
FCHSD1,649
ARAP3,676
PCDH1,9666
DELE1,6675
PCDH12,922
RNF14,5096
GNPDA1,1491
NDFIP1,16611
SPRY4,2820
FGF1,405
ARHGAP26,3697
NR3C1,6904
HMHB1,7
YIPF5,4352
KCTD16,79
PRELID2,2195
GRXCR2,9
SH3RF2,1327
PLAC8L1,106
LARS,9261
RBM27,5543
POU4F3,14
TCERG1,8190
GPR151,11
PPP2R2B,154
STK32A,60
DPYSL3,2759
JAKMIP2,52
SPINK1,43
SCGB3A2,19
C5ORF46,777
SPINK5,56
SPINK14,10
SPINK6,9
MARCOL,9
SPINK13,13
SPINK7,8
SPINK9,4
FBXO38,2396
HTR4,39
ADRB2,446
SH3TC2,97
ABLIM3,1037
AFAP1L1,1184
GRPEL2,475
PCYOX1L,1172
IL17B,305
CSNK1A1,8640
ARHGEF37,3444
PPARGC1B,231
PDE6A,22
SLC26A2,5902
TIGD6,1204
HMGXB3,4190
CSF1R,3307
PDGFRB,9299
CDX1,45
SLC6A7,14
CAMK2A,40
ARSI,135
TCOF1,2397
CD74,37932
NDST1,9709
SYNPO,3071
MYOZ3,53
RBM22,1914
DCTN4,7748
SMIM3,1795
IRGM,13
ZNF300,352
GPX3,1524
TNIP1,10603
ANXA6,5628
CCDC69,1004
GM2A,1726
SLC36A2,5
SLC36A1,825
FAT2,585
SPARC,81039
ATOX1,7902
GLRA1,8
NMUR2,12
GRIA1,48
FAM114A2,2300
MFAP3,350
GALNT10,7930
SAP30L,4309
HAND1,2
LARP1,2545
FAXDC2,509
CNOT8,10811
GEMIN5,908
KIF4B,16
SGCD,690
TIMD4,23
HAVCR1,13
HAVCR2,913
MED7,1581
ITK,449
FAM71B,12
CYFIP2,1645
FNDC9,1
ADAM19,1408
NIPAL4,29
SOX30,15
C5ORF52,4
THG1L,2244
LSM11,799
CLINT1,4075
EBF1,2205
RNF145,1161
UBLCP1,3855
IL12B,12
ADRA1B,233
TTC1,5655
PWWP2A,3228
FABP6,282
CCNJL,229
C1QTNF2,164
ZBED8,1559
SLU7,8089
PTTG1,306
ATP10B,8
GABRB2,25
GABRA6,6
GABRA1,7
GABRG2,4
CCNG1,13670
NUDCD2,5228
HMMR,372
MAT2B,3166
TENM2,487
WWC1,3997
RARS,7105
FBLL1,89
PANK3,8700
SLIT3,3031
SPDL1,242
DOCK2,913
INSYN2B,1339
FOXI1,2646
C5ORF58,24
LCP2,1135
KCNIP1,40
KCNMB1,605
GABRP,522
RANBP17,3153
TLX3,3
FGF18,398
SMIM23,2
FBXW11,3638
STK10,1596
EFCAB9,11
UBTD2,4872
SH3PXD2B,1863
NEURL1B,959
DUSP1,30554
ERGIC1,7112
ATP6V0E1,12895
CREBRF,6685
BNIP1,1402
NKX2-5,4
STC2,1876
BOD1,4138
CPEB4,8848
C5ORF47,4
NSG2,9
MSX2,350
DRD1,359
SFXN1,8284
HRH2,220
CPLX2,4
SIMC1,1126
KIAA1191,7402
ARL10,1012
NOP16,5035
HIGD2A,19876
CLTB,4049
FAF2,3180
RNF44,8090
CDHR2,12
GPRIN1,118
SNCB,10
EIF4E1B,13
TSPAN17,2980
UNC5A,74
HK3,183
UIMC1,2657
ZNF346,2269
FGFR4,295
NSD1,6061
RAB24,1723
MXD3,754
LMAN2,13441
RGS14,687
SLC34A1,7
PFN3,7
F12,242
GRK6,2413
PRR7,875
DBN1,1826
PDLIM7,5161
DOK3,211
DDX41,1097
FAM193B,8062
TMED9,6035
B4GALT7,2314
PROP1,6
N4BP3,1785
RMND5B,4467
NHP2,19881
GMCL2,3
PHYKPL,7044
COL23A1,302
CLK4,4389
AC113348.1,12
ZNF354A,2469
ZNF354B,1810
ZFP2,508
ZNF454,328
GRM6,5
ZNF879,265
ZNF354C,775
ADAMTS2,2943
RUFY1,9444
C5ORF60,13
CBY3,29
CANX,8174
MAML1,4883
LTC4S,426
MGAT4B,9789
SQSTM1,16276
MRNIP,6393
TBC1D9B,18130
RNF130,8412
RASGEF1C,18
MAPK9,8040
GFPT2,339
CNOT6,6217
SCGB3A1,1292
FLT4,666
OR2Y1,6
MGAT1,4064
ZFP62,5992
BTNL8,13
BTNL3,9
OR2V1,2
OR2V2,7
TRIM7,56
TRIM41,6003
RACK1,66466
TRIM52,3185
DUSP22,4130
IRF4,119
EXOC2,4463
HUS1B,261
FOXQ1,74
FOXF2,195
FOXC1,656
GMDS,6982
MYLK4,105
WRNIP1,6888
SERPINB1,10802
SERPINB9,1152
SERPINB6,14762
NQO2,1681
RIPK1,2249
BPHL,2420
TUBB2A,1115
TUBB2B,318
PSMG4,2181
SLC22A23,5074
PXDC1,2667
FAM50B,1046
PRPF4B,9655
FAM217A,13
C6ORF201,38
ECI2,8366
CDYL,4228
RPP40,710
PPP1R3G,66
LYRM4,2635
FARS2,886
NRN1,1232
F13A1,2070
LY86,408
RREB1,3794
SSR1,4021
CAGE1,17
RIOK1,1269
DSP,45442
SNRNP48,2862
BMP6,265
TXNDC5,10734
BLOC1S5,2662
EEF1E1,627
SLC35B3,4397
TFAP2A,30188
GCNT2,423
C6ORF52,423
PAK1IP1,1438
TMEM14C,11727
TMEM14B,2327
MAK,450
GCM2,3
SYCP2L,141
ELOVL2,2837
SMIM13,898
ERVFRD-1,22
NEDD9,4803
TMEM170B,635
ADTRP,309
EDN1,925
PHACTR1,561
TBC1D7,2995
GFOD1,886
SIRT5,2858
NOL7,4027
RANBP9,13985
MCUR1,6252
RNF182,142
CD83,518
JARID2,2718
DTNBP1,2540
MYLIP,5736
GMPR,162
ATXN1,6684
STMND1,2362
RBM24,343
CAP2,6044
FAM8A1,5242
NUP153,5917
KIF13A,11621
NHLRC1,633
TPMT,3138
KDM1B,4118
DEK,3626
RNF144B,4932
ID4,3296
MBOAT1,14236
E2F3,2508
CDKAL1,3812
SOX4,12095
PRL,9
HDGFL1,4
NRSN1,8
DCDC2,1138
KAAG1,4
MRS2,5108
GPLD1,2458
ALDH5A1,2237
KIAA0319,46
TDP2,6538
ACOT13,2070
C6ORF62,8056
GMNN,838
ARMH2,29
RIPOR2,227
CARMIL1,3463
SCGN,37
HIST1H2AA,4
HIST1H2BA,5
SLC17A4,16
SLC17A1,16
SLC17A3,12
SLC17A2,8
TRIM38,7476
HIST1H1A,560
HIST1H4B,26
HIST1H2BB,262
HIST1H1C,11879
HFE,2346
HIST1H4C,4281
HIST1H2AC,5309
HIST1H1E,5220
HIST1H4E,7
HIST1H2BG,3311
HIST1H2AE,1306
HIST1H3E,110
HIST1H1D,5006
HIST1H4G,2
HIST1H2BH,4662
HIST1H3G,295
BTN3A2,2639
BTN2A2,1073
BTN3A1,1989
BTN3A3,1855
BTN2A1,1702
BTN1A1,8
HMGN4,6097
ABT1,931
ZNF322,3999
HIST1H2AG,334
HIST1H4I,21
PRSS16,1377
POM121L2,15
ZNF391,752
ZNF184,2146
HIST1H2AI,24
HIST1H3H,683
HIST1H4J,498
HIST1H2BN,218
HIST1H2AK,424
HIST1H1B,3513
OR2B2,11
OR2B6,38
ZNF165,813
ZSCAN16,1624
ZKSCAN8,4170
ZSCAN9,1964
ZKSCAN4,904
NKAPL,47
ZSCAN26,2041
PGBD1,1168
ZSCAN31,1071
ZKSCAN3,1276
ZSCAN12,476
ZSCAN23,217
GPX6,4
GPX5,5
ZBED9,100
TRIM27,8646
ZNF311,695
OR2W1,5
OR2B3,8
OR2J3,7
OR2J2,9
OR14J1,6
OR5V1,19
OR12D3,7
OR12D2,6
OR11A1,8
OR10C1,4
OR2H1,5
MAS1L,105
OR2I1P,3
UBD,2235
GABBR1,3194
OR2H2,12
MOG,11
ZFP57,334
ZNRD1,1343
PPP1R11,6821
RNF39,119
TRIM31,8
TRIM40,6
TRIM10,6
TRIM15,2
TRIM26,4173
TRIM39,1760
RPP21,3574
GNL1,1753
PRR3,1281
ABCF1,2528
PPP1R10,7544
ATAT1,3411
C6ORF136,1192
DHX16,4403
PPP1R18,2402
NRM,371
MDC1,2677
TUBB,9744
FLOT1,7546
IER3,16345
DDR1,22710
GTF2H4,1467
VARS2,3063
SFTA2,37
MUCL3,14
MUC21,11
MUC22,3
C6ORF15,10
PSORS1C1,715
CDSN,182
PSORS1C2,4
CCHCR1,1564
TCF19,488
MICA,1864
MICB,33
DDX39B,5021
ATP6V1G2,360
NFKBIL1,2641
LTA,31
TNF,121
LTB,667
LST1,1096
NCR3,16
AIF1,2661
PRRC2A,3469
BAG6,15517
APOM,398
C6ORF47,1825
GPANK1,1925
CSNK2B,1898
LY6G5B,3910
LY6G5C,277
ABHD16A,4665
LY6G6F,5
LY6G6E,60
LY6G6D,27
MPIG6B,225
LY6G6C,49
DDAH2,13711
CLIC1,7482
MSH5,2082
SAPCD1,706
VWA7,145
VARS,4088
LSM2,4348
HSPA1L,271
HSPA1A,6684
HSPA1B,16666
SNHG32,6411
NEU1,4482
SLC44A4,11762
EHMT2,5684
C2,1095
ZBTB12,1935
CFB,15062
NELFE,1365
SKIV2L,1371
DXO,1094
STK19,2586
C4B,426
CYP21A2,2895
TNXB,4570
ATF6B,9967
FKBPL,545
PRRT1,1230
PPT2,3232
EGFL8,2465
AGPAT1,7006
RNF5,5012
AGER,1508
PBX2,11241
GPSM3,2106
TSBP1,8
BTNL2,5
TAP2,2817
PSMB8,4988
PSMB9,1485
TAP1,3303
BRD2,21936
COL11A2,94
RXRB,2549
SLC39A7,5528
HSD17B8,2771
RING1,4057
VPS52,7389
B3GALT4,1195
WDR46,4265
PFDN6,3390
RGL2,26740
TAPBP,15438
ZBTB22,2918
DAXX,9239
KIFC1,739
PHF1,10413
CUTA,11053
SYNGAP1,4172
ZBTB9,739
BAK1,2416
ITPR3,4939
UQCC2,6605
IP6K3,56
LEMD2,6675
MLN,5
GRM4,124
HMGA1,2778
SMIM29,4096
NUDT3,12210
PACSIN1,141
SPDEF,5659
ILRUN,4280
SNRPC,9496
UHRF1BP1,1620
TAF11,3582
ANKS1A,4141
TCP11,14
SCUBE3,246
ZNF76,3552
DEF6,1589
PPARD,2395
FANCE,343
TEAD3,2421
TULP1,6
FKBP5,4946
ARMC12,221
CLPSL2,1585
CLPSL1,2396
CLPS,18
SRPK1,6936
SLC26A8,83
MAPK14,4529
MAPK13,10263
BRPF3,8252
PNPLA1,17
BNIP5,20
ETV7,60
PXT1,10
KCTD20,6097
STK38,2409
SRSF3,11248
CDKN1A,2722
RAB44,40
CPNE5,284
PPIL1,2274
C6ORF89,4039
PI16,810
MTCH1,9674
FGD2,684
PIM1,600
TMEM217,57
TBC1D22B,1438
RNF8,2615
CMTR1,6323
CCDC167,1976
MDGA1,451
ZFAND3,11472
BTBD9,6669
GLO1,4450
DNAH8,22
GLP1R,55
SAYSD1,3364
KCNK5,346
KCNK17,120
KCNK16,7
KIF6,90
DAAM2,1186
MOCS1,1090
LRFN2,17
UNC5CL,280
OARD1,6443
TSPO2,6
APOBEC2,13
NFYA,3617
TREML1,84
TREM2,809
TREML2,9
TREML4,2
TREM1,223
NCR2,13
FOXP4,4091
MDFI,1539
TFEB,1316
PGC,300
FRS3,2001
TOMM6,6410
USP49,1082
MED20,1951
BYSL,1955
CCND3,4204
TAF8,4354
C6ORF132,3187
GUCA1B,254
TRERF1,2116
UBR2,6490
PRPH2,29
TBCC,2528
BICRAL,5127
C6ORF226,1017
PTCRA,65
CNPY3,8053
GNMT,1621
PEX6,2231
PPP2R5D,3942
MEA1,9465
KLHDC3,9137
RRP36,3508
CUL7,1611
KLC4,1873
PTK7,4349
SRF,6790
CUL9,1602
DNPH1,3680
TTBK1,25
SLC22A7,11
CRIP3,246
ZNF318,2922
DLK2,71
TJAP1,1635
LRRC73,574
POLR1C,1982
YIPF3,9276
XPO5,3833
POLH,2785
GTPBP2,3783
MAD2L1BP,2231
RSPH9,75
VEGFA,25130
C6ORF223,88
TMEM63B,4359
CAPN11,145
MYMX,42
SLC29A1,6188
HSP90AB1,22182
SLC35B2,4078
NFKBIE,826
TMEM151B,4
TCTE1,91
AARS2,2263
SPATS1,95
CDC5L,5053
SUPT3H,1051
RUNX2,1722
CLIC5,228
ENPP4,3683
ENPP5,3878
RCAN2,626
CYP39A1,270
SLC25A27,676
TDRD6,68
PLA2G7,332
ANKRD66,52
MEP1A,21
ADGRF5,2765
ADGRF1,983
TNFRSF21,2858
CD2AP,16445
ADGRF2,24
ADGRF4,14
OPN5,3
PTCHD4,94
MMUT,3710
CENPQ,469
GLYATL3,3
C6ORF141,5565
RHAG,11
CRISP2,68
CRISP3,48
PGK2,10
CRISP1,13
DEFB133,20
DEFB114,9
DEFB113,5
DEFB110,17
DEFB112,10
TFAP2D,1
TFAP2B,11824
PKHD1,23
IL17F,7
MCM3,2330
PAQR8,95
EFHC1,6459
TRAM2,1974
TMEM14A,6865
GSTA2,15
GSTA1,19
GSTA5,16
GSTA3,18
GSTA4,917
ICK,4705
FBXO9,6238
GCM1,101
ELOVL5,54425
GCLC,4887
KLHL31,215
LRRC1,2484
MLIP,95
TINAG,12
FAM83B,484
HCRTR2,8
GFRAL,5
HMGCLL1,304
BMP5,87
COL21A1,341
DST,17681
BEND6,352
KIAA1586,1783
ZNF451,2058
BAG2,1201
RAB23,2354
PRIM2,1415
KHDRBS2,159
FKBP1C,4
LGSN,12
AL135905.2,235
PHF3,13185
EYS,10
ADGRB3,67
LMBRD1,8197
COL19A1,31
COL9A1,14
FAM135A,801
SDHAF4,3301
SMAP1,2396
B3GAT2,3
OGFRL1,8557
RIMS1,46
KCNQ5,139
KHDC1,98
DPPA5,12
KHDC3L,4
OOEP,13
DDX43,216
CGAS,413
MTO1,3486
SLC17A5,1717
CD109,4388
COL12A1,6944
COX7A2,6746
TMEM30A,713
FILIP1,620
SENP6,20769
MYO6,24559
IMPG1,6
MEI4,8
IRAK1BP1,1519
PHIP,10237
HMGN3,10629
LCA5,1954
SH3BGRL2,6696
ELOVL4,94
TTK,299
BCKDHB,5954
TENT5A,2193
IBTK,7674
TPBG,8839
UBE3D,380
DOP1A,1713
PGM3,3432
RWDD2A,1296
ME1,618
PRSS35,26
SNAP91,20
RIPPLY2,13
CYB5R4,3358
MRAP2,79
CEP162,2664
TBX18,446
NT5E,905
SNX14,12100
SYNCRIP,423
HTR1E,3
CGA,80
ZNF292,7051
GJB7,10
SMIM8,1681
C6ORF163,703
CFAP206,508
SLC35A1,3226
RARS2,6646
ORC3,3362
AKIRIN2,3962
SPACA1,3
CNR1,276
RNGTT,2976
PNRC1,53277
SRSF12,79
PM20D2,3158
GABRR1,11
GABRR2,91
UBE2J1,6475
RRAGD,560
ANKRD6,2116
LYRM2,260
MDN1,2147
CASP8AP2,3158
GJA10,9
BACH2,202
MAP3K7,6937
EPHA7,49
MANEA,1787
FUT9,16
UFL1,2522
FHL5,1305
GPR63,222
NDUFAF4,907
KLHL32,60
MMS22L,945
POU3F2,5
FBXL4,4630
FAXC,852
COQ3,492
PNISR,16158
USP45,2483
CCNC,11963
PRDM13,2
MCHR2,9
SIM1,57
ASCC3,4287
GRIK2,177
HACE1,3307
LIN28B,9
BVES,206
POPDC3,29
PREP,2138
PRDM1,2446
ATG5,3660
CRYBG1,2695
RTN4IP1,367
QRSL1,1672
CD24,50267
MTRES1,1038
BEND3,265
PDSS2,2372
SOBP,1043
SCML4,116
SEC63,10895
OSTM1,1840
NR2E1,8
SNX3,8677
AFG1L,962
FOXO3,16159
ARMC2,1654
SESN1,5986
CD164,8121
PPIL6,1972
SMPD2,4003
MICAL1,2767
ZBTB24,1269
AK9,3255
FIG4,2415
GPR6,43
WASF1,1859
CDC40,1530
METTL24,36
DDO,551
SLC22A16,15
CDK19,2629
AMD1,5782
GTF3C6,6512
RPF2,3945
SLC16A10,135
MFSD4B,1515
REV3L,1979
TRAF3IP2,4713
FYN,1283
CCN6,203
TUBE1,4681
FAM229B,2086
LAMA4,4480
RFPL4B,12
MARCKS,4111
HDAC2,4515
HS3ST5,6
FRK,2580
NT5DC1,6668
COL10A1,5851
TSPYL4,2938
DSE,3295
TSPYL1,4727
CALHM6,829
TRAPPC3L,38
CALHM5,293
CALHM4,32
RWDD1,9997
RSPH4A,183
ZUP1,1398
KPNA5,2648
FAM162B,268
GPRC6A,6
RFX6,24
VGLL2,2
ROS1,17
DCBLD1,1930
GOPC,2263
NUS1,8931
SLC35F1,109
CEP85L,715
PLN,1406
MCM9,3120
ASF1A,2310
FAM184A,821
MAN1A1,11806
TBC1D32,1768
GJA1,39545
HSF2,1920
SERINC1,20274
PKIB,20797
FABP7,27
SMPDL3A,1751
CLVS2,8
TRDN,45
NKAIN2,17
RNF217,2009
TPD52L1,1043
HDDC2,2340
HEY2,372
NCOA7,2917
HINT3,3570
TRMT11,1554
CENPW,472
RSPO3,227
RNF146,2912
ECHDC1,2341
KIAA0408,142
SOGA3,117
C6ORF58,10
THEMIS,290
PTPRK,16085
LAMA2,3472
ARHGAP18,5393
TMEM244,125
L3MBTL3,1166
SAMD3,278
TMEM200A,1070
SMLR1,9
EPB41L2,3665
AKAP7,1910
ARG1,20
MED23,6787
ENPP3,1611
OR2A4,14
ENPP1,11371
CCN2,37354
MOXD1,1277
STX7,6189
TAAR9,17
TAAR8,7
TAAR6,4
TAAR5,5
TAAR2,9
TAAR1,13
VNN1,292
VNN3,238
VNN2,411
SLC18B1,2561
EYA4,31
TCF21,18
TBPL1,2074
SLC2A12,167
SGK1,6326
ALDH8A1,207
HBS1L,17549
MYB,22703
AHI1,4987
PDE7B,481
MTFR2,153
MAP7,4125
MAP3K5,2645
PEX7,1562
SLC35D3,121
IL20RA,7294
IL22RA2,19
IFNGR1,8618
OLIG3,6
TNFAIP3,4351
PERP,30974
ARFGEF3,2915
PBOV1,19
SMIM28,10
HEBP2,7474
NHSL1,2567
CCDC28A,3722
ECT2L,452
REPS1,4897
ABRACL,10289
HECA,3364
TXLNB,2440
CITED2,14282
NMBR,41
GJE1,13
VTA1,2673
ADGRG6,1211
HIVEP2,2295
AIG1,2985
ADAT2,1134
PEX3,2135
FUCA2,2630
PHACTR2,2070
LTV1,2508
ZC2HC1B,91
PLAGL1,2004
SF3B5,7569
STX11,270
UTRN,6655
EPM2A,733
FBXO30,4390
SHPRH,5050
GRM1,20
RAB32,1762
ADGB,233
STXBP5,3019
SAMD5,450
SASH1,1369
UST,685
TAB2,13014
SUMO4,209
ZC3H12D,381
PPIL4,2822
GINM1,3835
KATNA1,1841
LATS1,4846
NUP43,5115
PCMT1,6052
LRP11,3739
RAET1E,299
RAET1G,19
ULBP2,6
ULBP1,14
RAET1L,16
ULBP3,34
PPP1R14C,389
IYD,72
PLEKHG1,940
MTHFD1L,1216
AKAP12,3695
ZBTB2,2374
RMND1,5709
ARMT1,4182
CCDC170,5862
ESR1,24705
SYNE1,1794
MYCT1,785
VIP,104
FBXO5,560
MTRF1L,1115
RGS17,128
OPRM1,6
IPCEF1,996
CNKSR3,5199
SCAF8,9388
TIAM2,233
TFB1M,1107
CLDN20,11
NOX3,7
ARID1B,8339
TMEM242,1757
ZDHHC14,665
SNX9,3518
SYNJ2,1964
SERAC1,1532
GTF2H5,7976
TULP4,8469
TMEM181,5044
DYNLT1,13090
SYTL3,982
EZR,9888
RSPH3,7040
TAGAP,407
FNDC1,1934
SOD2,7232
ACAT2,1164
TCP1,3090
PNLDC1,62
MAS1,5
IGF2R,7244
SLC22A1,48
SLC22A2,9
SLC22A3,103
MAP3K4,5736
AGPAT4,666
PRKN,785
PACRG,269
QKI,5946
C6ORF118,128
PDE10A,828
PRR18,18
SFT2D1,3109
MPC1,3290
RAMACL,34
RNASET2,5896
FGFR1OP,4398
CCR6,5001
TCP10L2,6
GPR31,10
UNC93A,1
TTLL2,8
AFDN,9122
KIF25,49
FRMD1,23
DACT2,21
SMOC2,7064
THBS2,8723
WDR27,3863
C6ORF120,3661
PHF10,11612
TCTE3,445
ERMARD,6777
DLL1,1054
FAM120B,3810
PSMB1,12204
TBP,1870
FAM20C,2015
AC187653.1,9
PDGFA,2022
PRKAR1B,813
DNAAF5,2552
SUN1,4304
ADAP1,396
COX19,1602
CYP2W1,5
C7ORF50,7014
GPR146,236
GPER1,617
ZFAND2A,2782
UNCX,1
MICALL2,4321
INTS1,4177
MAFK,2740
TMEM184A,2528
PSMG3,6253
ELFN1,186
MAD1L1,1028
MRM2,2079
NUDT1,1593
SNX8,1543
EIF3B,10207
CHST12,1562
GRIFIN,2
LFNG,4468
BRAT1,4376
IQCE,6005
TTYH3,3351
AMZ1,41
GNA12,1052
CARD11,306
SDK1,704
FOXK1,2925
AP5Z1,2408
RADIL,153
PAPOLB,25
MMD2,4
RBAK,2351
WIPI2,8383
SLC29A4,165
TNRC18,6129
FBXL18,658
ACTB,79338
FSCN1,525
RNF216,1663
CCZ1,358
PMS2,2493
AIMP2,2693
EIF2AK1,12509
ANKRD61,15
USP42,1009
CYTH3,2506
RAC1,15554
DAGLB,1612
KDELR2,4560
GRID2IP,1
ZDHHC4,10332
C7ORF26,4697
ZNF853,351
ZNF316,3833
ZNF12,1721
RSPH10B2,40
C1GALT1,489
COL28A1,929
MIOS,6003
RPA3,1325
UMAD1,3235
GLCCI1,1779
ICA1,11426
NXPH1,12
NDUFA4,13996
PHF14,6104
THSD7A,527
TMEM106B,9078
VWDE,413
AC013470.2,38
SCIN,337
ARL4A,1974
ETV1,1051
DGKB,190
AGMO,90
MEOX2,976
CRPPA,1534
SOSTDC1,157
LRRC72,10
ANKMY2,1180
BZW2,4482
TSPAN13,13970
AGR2,9435
AGR3,19513
AHR,10725
SNX13,6946
PRPS1L1,12
HDAC9,761
TWIST1,715
FERD3L,2
TWISTNB,1387
TMEM196,7
MACC1,3351
ITGB8,9050
ABCB5,108
SP8,3
SP4,1374
DNAH11,148
CDCA7L,1308
RAPGEF5,5681
STEAP1B,10
IL6,973
TOMM7,52171
FAM126A,2576
KLHL7,1576
NUP42,2409
GPNMB,3193
MALSU1,2715
IGF2BP3,107
TRA2A,16648
CCDC126,1126
FAM221A,2544
STK31,184
MPP6,1346
GSDME,270
OSBPL3,1235
CYCS,1863
C7ORF31,771
NPVF,11
NFE2L3,1697
HNRNPA2B1,27593
CBX3,23830
SNX10,1448
SKAP2,805
HOXA1,39
HOXA2,67
HOXA3,153
HOXA4,131
HOXA5,272
HOXA6,84
HOXA7,151
HOXA9,175
HOXA10,313
HOXA11,27
HOXA13,29
EVX1,11
HIBADH,3978
TAX1BP1,11089
JAZF1,1563
CREB5,634
TRIL,792
CPVL,1690
AC004593.3,4
PRR15,2775
WIPF3,612
SCRN1,3574
FKBP14,1010
PLEKHA8,2197
MTURN,9721
ZNRF2,19747
NOD1,1097
GGCT,12252
GARS,1903
CRHR2,44
INMT,735
MINDY4,1422
AQP1,8834
ADCYAP1R1,110
NEUROD6,10
ITPRID1,24
PPP1R17,14
PDE1C,2230
LSM5,5989
AVL9,5926
KBTBD2,5889
FKBP9,4542
NT5C3A,2594
RP9,918
BBS9,5736
BMPER,201
NPSR1,5
DPY19L1,2473
HERPUD2,8250
SEPTIN7,7683
EEPD1,863
KIAA0895,2676
ANLN,313
AOAH,1000
ELMO1,1481
GPR141,315
EPDR1,786
NME8,132
SFRP4,17936
STARD3NL,4861
TRGC2,136
TRGJP2,32
TRGC1,156
TRGJP1,9
AMPH,340
VPS41,7512
POU6F2,6
YAE1,2396
RALA,4738
CDK13,4224
MPLKIP,3409
SUGCT,1321
INHBA,4780
GLI3,18173
C7ORF25,3094
PSMA2,3150
HECW1,53
STK17A,1055
COA1,2261
BLVRA,5286
URGCP,3384
UBE2D4,4061
SPDYE1,22
DBNL,7312
PGAM2,100
POLM,3644
AEBP1,31427
POLD2,7190
MYL7,357
GCK,24
YKT6,5593
CAMK2B,97
NUDCD3,5303
NPC1L1,22
DDX56,5151
TMED4,11413
OGDH,3872
ZMIZ2,12627
PPIA,8378
PURB,7518
MYO1G,401
CCM2,3144
NACAD,134
TBRG4,3474
RAMP3,1447
ADCY1,1564
CCDC201,7
IGFBP1,59
IGFBP3,13863
TNS3,4757
PKD1L1,218
HUS1,5071
SUN3,11
C7ORF57,57
UPP1,1523
ABCA13,8
CDC14C,9
VWC2,8
ZPBP,38
SPATA48,2
IKZF1,2164
FIGNL1,471
DDC,2
GRB10,1784
COBL,1829
POM121L12,2
VSTM2A,29
SEC61G,2936
EGFR,1399
LANCL2,2286
VOPP1,3916
SEPTIN14,17
ZNF713,3388
NIPSNAP2,19359
PSPH,2943
CCT6A,12789
SUMF2,14082
PHKG1,191
CHCHD2,24324
NUPR2,559
ZNF479,3
ZNF716,7
AC115220.1,8
ZNF727,393
ZNF735,5
ZNF679,10
ZNF736,1018
ZNF680,7275
ZNF107,2148
ZNF138,3525
ZNF273,724
ZNF117,7105
ZNF92,1582
VKORC1L1,4687
GUSB,3999
ASL,2242
CRCP,4720
TPST1,2305
KCTD7,1081
RABGEF1,3810
TMEM248,11621
SBDS,848
TYW1,943
AUTS2,12372
GALNT17,31
CALN1,8
TYW1B,116
POM121,2719
NSUN5,982
TRIM50,19
FKBP6,11
FZD9,20
BAZ1B,8158
BCL7B,4139
TBL2,3771
MLXIPL,131
VPS37D,571
DNAJC30,1681
BUD23,5789
STX1A,837
ABHD11,3984
CLDN3,2525
CLDN4,11056
METTL27,1035
TMEM270,33
ELN,6234
LIMK1,3253
EIF4H,12644
LAT2,455
RFC2,2326
CLIP2,901
GTF2IRD1,3142
GTF2I,8717
CASTOR2,1291
RCC1L,2602
POM121C,1008
SPDYE5,4
HIP1,2190
CCL26,34
CCL24,8
RHBDD2,8453
POR,1594
TMEM120A,2484
STYXL1,3649
MDH2,4045
HSPB1,82949
YWHAG,3844
SSC4D,45
ZP3,927
DTX2,1116
UPK3B,124
CCDC146,2375
FGL2,2848
GSAP,2662
PTPN12,13045
RSBN1L,5492
TMEM60,3232
PHTF2,3912
MAGI2,455
GNAI1,214
CD36,2101
GNAT3,2
SEMA3C,20147
HGF,501
CACNA2D1,1214
PCLO,1401
SEMA3E,2423
SEMA3A,79
SEMA3D,152
GRM3,3
KIAA1324L,765
DMTF1,9616
TMEM243,1542
CROT,1793
ABCB4,217
ABCB1,683
RUNDC3B,206
SLC25A40,4782
DBF4,1033
ADAM22,1352
SRI,10116
STEAP4,1856
ZNF804B,9
TEX47,18
STEAP1,3331
STEAP2,9272
CFAP69,8265
FAM237B,2381
GTPBP10,7260
CLDN12,10834
CDK14,10651
FZD1,1535
MTERF1,413
AKAP9,12200
CYP51A1,5050
LRRD1,159
KRIT1,4536
ANKIB1,5100
GATAD1,3210
PEX1,3812
RBM48,846
FAM133B,2409
CDK6,1406
SAMD9,3634
SAMD9L,7182
HEPACAM2,42876
VPS50,15259
CALCR,60
GNGT1,13
TFPI2,1057
GNG11,1112
BET1,4088
COL1A2,159330
CASD1,7871
SGCE,3795
PEG10,7377
PPP1R9A,3267
PON1,13
PON3,141
PON2,16590
ASB4,11
PDK4,22023
DYNC1I1,377
SLC25A13,3185
SEM1,9646
DLX6,4
DLX5,153
SDHAF3,1795
TAC1,71
OCM2,24
LMTK2,2413
TECPR1,2104
BRI3,20449
BAIAP2L1,2644
NPTX2,150
TMEM130,291
TRRAP,4934
SMURF1,3010
KPNA7,141
ARPC1A,8997
ARPC1B,6247
BUD31,10000
PTCD1,1283
CPSF4,2226
ATP5MF,7876
ZNF789,789
ZNF394,3294
ZKSCAN5,1254
FAM200A,1216
ZNF655,13027
TMEM225B,472
ZSCAN25,1901
CYP3A5,48
CYP3A7,8
CYP3A4,7
CYP3A43,22
OR2AE1,28
TRIM4,5680
GJC3,1067
AZGP1,140814
ZKSCAN1,10793
ZSCAN21,1831
ZNF3,3356
COPS6,5987
MCM7,8716
AP4M1,2606
TAF6,2662
CNPY4,1181
LAMTOR4,25251
GAL3ST4,447
GPC2,262
STAG3,66
CASTOR3,1261
PILRB,41543
PILRA,448
ZCWPW1,1220
MEPCE,7674
PPP1R35,5049
C7ORF61,69
TSC22D4,6017
NYAP1,68
AGFG2,807
SAP25,1968
LRCH4,9097
FBXO24,108
PCOLCE,5983
MOSPD3,5342
TFR2,172
ACTL6B,2
GNB2,13083
GIGYF1,5377
POP7,1893
EPO,27
ZAN,24
EPHB4,4764
SLC12A9,2288
TRIP6,6129
SRRT,6690
UFSP1,251
ACHE,92
MUC3A,634
MUC12,35
MUC17,35
TRIM56,4299
SERPINE1,7801
AP1S1,3090
VGF,2
NAT16,3
MOGAT3,9
PLOD3,3038
ZNHIT1,9522
CLDN15,1072
FIS1,8431
IFT22,7544
COL26A1,6
MYL10,8
CUX1,4791
SH2B2,1136
SPDYE6,33
ORAI2,4521
ALKBH4,1217
LRWD1,1686
RASA4B,252
FAM185A,1657
FBXL13,474
LRRC17,1566
ARMC10,12201
NAPEPLD,1514
PMPCB,14192
DNAJC2,3409
PSMC2,4824
SLC26A5,1239
RELN,232
ORC5,1445
LHFPL3,4
KMT2E,18839
SRPK2,7364
PUS7,2235
RINT1,2864
EFCAB10,183
ATXN7L1,4566
CDHR3,664
SYPL1,4889
NAMPT,4180
CCDC71L,1798
PIK3CG,259
PRKAR2B,7197
HBP1,4797
COG5,3989
DUS4L,1453
BCAP29,4216
SLC26A4,31
CBLL1,2952
SLC26A3,470
DLD,4965
LAMB1,7880
LAMB4,6
NRCAM,187
PNPLA8,3234
THAP5,1585
DNAJB9,2543
IMMP2L,9407
LRRN3,233
DOCK4,3252
ZNF277,5218
IFRD1,3939
LSMEM1,250
TMEM168,7548
BMT2,1470
GPR85,57
SMIM30,6276
PPP1R3A,13
FOXP2,173
MDFIC,3469
TFEC,620
TES,6687
CAV2,3110
CAV1,2999
MET,2276
CAPZA2,7317
ST7,5175
WNT2,695
CFTR,5
CTTNBP2,442
LSM8,6383
ANKRD7,147
KCND2,1381
TSPAN12,838
ING3,1682
CPED1,3226
WNT16,12
FAM3C,10535
PTPRZ1,60
AASS,2253
FEZF1,12
CADPS2,7379
RNF133,31
RNF148,72
TAS2R16,11
SLC13A1,9
IQUB,894
NDUFA5,10585
ASB15,50
LMOD2,20
WASL,12550
HYAL4,15
SPAM1,6
TMEM229A,5
SSU72P8,7
GPR37,64
C7ORF77,19
POT1,2852
GRM8,58
ZNF800,5255
GCC1,1309
ARF5,7660
FSCN3,24
PAX4,2
SND1,8137
LRRC4,128
LEP,33
RBM28,1843
PRRT4,16
HILPDA,3306
FAM71F2,489
FAM71F1,22
CALU,8027
OPN1SW,7
CCDC136,309
FLNC,106
KCP,179
ATP6V1F,7630
ATP6V1FNB,92
IRF5,268
TNPO3,8449
AC011005.1,15
TSPAN33,965
SMO,1149
AHCYL2,2825
STRIP2,629
SMKR1,430
NRF1,2461
UBE2H,10626
ZC3HC1,1615
KLHDC10,6302
TMEM209,3123
SSMEM1,12
CPA2,10
CPA4,295
CPA5,11
CPA1,17
CEP41,1296
MEST,2705
COPG2,7484
TSGA13,7
KLF14,9
MKLN1,7496
PODXL,4136
PLXNA4,977
CHCHD3,3478
EXOC4,10635
LRGUK,1893
SLC35B4,942
AKR1B1,3611
AKR1B10,16
AKR1B15,11
BPGM,4986
CALD1,20155
AGBL3,211
CYREN,3623
TMEM140,1157
WDR91,1190
STRA8,2
CNOT4,4917
NUP205,3772
STMP1,10753
SLC13A4,16
FAM180A,261
MTPN,3468
CHRM2,3
PTN,1140
DGKI,312
CREB3L2,2792
AKR1D1,24
TRIM24,2912
SVOPL,55
ATP6V0A4,499
TMEM213,41
KIAA1549,2646
ZC3HAV1L,1052
ZC3HAV1,5676
TTC26,951
UBN2,5190
FMC1,913
LUC7L2,12834
KLRG2,491
CLEC2L,9
HIPK2,37619
TBXAS1,309
PARP12,1363
KDM7A,4708
SLC37A3,3602
RAB19,186
DENND2A,381
ADCK2,3136
NDUFB2,3825
BRAF,5192
TMEM178B,51
AGK,1125
DENND11,6722
WEE2,20
SSBP1,5088
TAS2R4,1919
PRSS37,9
MGAM,41
OR9A4,11
CLEC5A,380
TAS2R38,4
MGAM2,28
PRSS58,2
PRSS1,6
TRBC1,1324
TRBC2,2388
EPHB6,349
TRPV6,335
TRPV5,88
LLCFC1,4
KEL,432
OR6V1,9
PIP,31171
TAS2R39,29
TAS2R40,14
GSTK1,17341
CASP2,4566
CLCN1,37
FAM131B,97
ZYX,19264
EPHA1,4177
TCAF1,4342
OR2F2,10
OR2F1,12
OR6B1,11
OR2A5,6
OR2A25,6
OR2A12,9
OR2A2,2
OR2A14,8
ARHGEF35,3718
ARHGEF5,2719
NOBOX,6
TPK1,339
CNTNAP2,1204
C7ORF33,8
CUL1,5118
EZH2,1690
PDIA4,2040
ZNF786,1102
ZNF425,183
ZNF398,1966
ZNF282,3225
ZNF212,1777
ZNF783,3725
ZNF777,1093
KRBA1,1069
ZNF467,2671
SSPO,714
ZNF862,4985
ATP6V0E2,1357
ZBED6CL,887
LRRC61,1202
RARRES2,1531
REPIN1,3789
ZNF775,338
AC073111.4,941
GIMAP8,753
GIMAP7,1390
GIMAP4,1157
GIMAP6,593
GIMAP2,438
GIMAP1,406
GIMAP5,439
TMEM176B,4520
TMEM176A,3206
AOC1,15
KCNH2,42
NOS3,176
ATG9B,670
ABCB8,4505
ASIC3,559
CDK5,920
SLC4A2,4315
FASTK,3914
TMUB1,3591
AGAP3,2780
GBX1,3
ASB10,4
IQCA1L,7
AC021097.2,101
ABCF2,1830
CHPF2,2862
SMARCD3,2607
NUB1,4552
WDR86,565
CRYGN,68
RHEB,3170
PRKAG2,2729
GALNTL5,9
GALNT11,5103
KMT2C,16747
XRCC2,319
ACTR3B,766
DPP6,26
PAXIP1,3030
HTR5A,4
INSIG1,1694
EN2,2
RBM33,15245
SHH,21
RNF32,360
LMBR1,6900
NOM1,1639
MNX1,33
UBE3C,9546
DNAJB6,1379
PTPRN2,102
NCAPG2,2270
ESYT2,11659
WDR60,5500
VIPR2,286
OR4F21,46
ZNF596,679
FBXO25,2367
TDRP,1440
ERICH1,3215
DLGAP2,18
CLN8,2363
ARHGEF10,3122
KBTBD11,149
MYOM2,46
CSMD1,14
MCPH1,2486
AGPAT5,5206
XKR5,25
DEFB1,104
DEFA6,9
DEFA4,4
DEFA3,6
DEFA5,5
USP17L1,62
ZNF705G,28
DEFB4A,5
USP17L3,55
PRAG1,5599
CLDN23,277
MFHAS1,768
ERI1,1861
PPP1R3B,7057
TNKS,5543
MSRA,2965
PRSS51,39
PRSS55,2
RP1L1,15
C8ORF74,7
SOX7,208
PINX1,461
XKR6,1118
MTMR9,1867
SLC35G5,73
FAM167A,314
BLK,193
GATA4,5
NEIL2,2073
FDFT1,6555
CTSB,30247
DEFB136,15
DEFB135,8
DEFB134,73
USP17L7,12
USP17L2,39
LONRF1,3643
TRMT9B,1130
DLC1,5755
C8ORF48,586
SGCZ,6
TUSC3,12207
MSR1,2689
FGF20,23
MICU3,1024
ZDHHC2,4387
CNOT7,2987
VPS37A,5910
MTMR7,53
SLC7A2,31739
PDGFRL,1489
MTUS1,9480
FGL1,173
PCM1,24700
ASAH1,17186
NAT1,17689
NAT2,86
PSD3,15353
SH2D4A,2503
CSGALNACT1,671
INTS10,5457
LPL,1150
SLC18A1,6
ATP6V1B2,3689
LZTS1,304
GFRA2,47
DOK2,303
XPO7,3614
NPM2,53
FGF17,23
DMTN,2265
FAM160B2,4288
NUDT18,601
HR,374
REEP4,866
LGI3,46
SFTPC,12
BMP1,3398
PHYHIP,184
POLR3D,1803
PIWIL2,230
SLC39A14,916
PPP3CC,3450
SORBS3,12848
PDLIM2,2727
C8ORF58,753
CCAR2,2908
BIN3,2688
EGR3,3786
PEBP4,100
RHOBTB2,943
TNFRSF10B,3239
TNFRSF10C,80
TNFRSF10D,245
TNFRSF10A,1066
CHMP7,3174
R3HCC1,2891
LOXL2,2017
ENTPD4,6720
SLC25A37,4764
NKX3-1,694
NKX2-6,5
STC1,736
ADAM28,1748
ADAMDEC1,175
ADAM7,20
NEFM,96
NEFL,26
DOCK5,6383
GNRH1,524
KCTD9,6584
CDCA2,202
EBF2,467
PPP2R2A,9038
BNIP3L,21928
PNMA2,3009
DPYSL2,8992
ADRA1A,93
STMN4,16
TRIM35,1253
PTK2B,1912
CHRNA2,7
EPHX2,3377
CLU,24627
SCARA3,1722
ESCO2,144
PBK,205
SCARA5,264
NUGGC,239
ELP3,4009
PNOC,79
FBXO16,467
FZD3,1432
EXTL3,852
INTS9,1668
HMBOX1,8723
KIF13B,7958
DUSP4,8696
SARAF,16921
LEPROTL1,7345
MBOAT4,15
DCTN6,4675
RBPMS,11024
GTF2E2,1627
SMIM18,35
GSR,5306
UBXN8,987
PPP2CB,2510
TEX15,6
PURG,191
WRN,2117
NRG1,258
FUT10,734
TTI2,786
MAK16,2337
RNF122,504
DUSP26,20
UNC5D,6
KCNU1,71
ZNF703,28246
ERLIN2,4679
PLPBP,4094
ADGRA2,3102
BRF2,1763
RAB11FIP1,17941
GOT1L1,12
ADRB3,6
EIF4EBP1,2253
ASH2L,4391
STAR,28
LSM1,4646
BAG4,1809
DDHD2,6837
PLPP5,7274
NSD3,8539
LETM2,760
FGFR1,9131
TACC1,8791
PLEKHA2,1711
HTRA4,95
TM2D2,3542
ADAM9,4301
ADAM32,3088
ADAM18,5
ADAM2,12
IDO1,136
IDO2,31
TCIM,44007
ZMAT4,86
SFRP1,3777
GOLGA7,5168
GINS4,359
GPAT4,4300
NKX6-3,10
ANK1,78
KAT6A,7249
AP3M2,1197
PLAT,8776
IKBKB,26094
POLB,4758
DKK4,20
VDAC3,7945
SLC20A2,3930
SMIM19,12475
CHRNB3,13
CHRNA6,73
THAP1,1342
RNF170,3688
HOOK3,11355
FNTA,6415
HGSNAT,8145
SPIDR,5240
CEBPD,26435
PRKDC,7024
MCM4,3013
UBE2V2,262
EFCAB1,306
SNAI2,3939
PPDPFL,15
SNTG1,82
PXDNL,148
PCMTD1,20984
ST18,23
ALKAL1,5
RB1CC1,9351
NPBWR1,3
OPRK1,3
ATP6V1H,2815
RGS20,11
SOX17,497
XKR4,23
TMEM68,7183
TGS1,1929
LYN,1255
MOS,6
PLAG1,180
CHCHD7,1306
SDR16C5,1429
PENK,26
IMPAD1,9822
FAM110B,4438
UBXN2B,4066
CYP7A1,27
SDCBP,3829
NSMAF,2884
TOX,676
CA8,4851
RAB2A,8918
CHD7,2710
CLVS1,8
ASPH,25313
NKAIN3,34
GGH,2133
TTPA,395
YTHDF3,5349
BHLHE22,141
CYP7B1,1450
ARMC1,2228
MTFR1,3552
PDE7A,3622
DNAJC5B,84
TRIM55,33
CRH,14
RRS1,2106
ADHFE1,2439
VXN,267
MYBL1,681
VCPIP1,4748
SGK3,151073
MCMDC2,441
TCF24,11
PPP1R42,218
COPS5,5301
CSPP1,4099
ARFGEF1,8849
CPA6,24
PREX2,1770
C8ORF34,1133
SULF1,24138
SLCO5A1,151
PRDM14,3
NCOA2,5331
TRAM1,17481
LACTB2,2039
XKR9,204
EYA1,157
MSC,300
TRPA1,68
KCNB2,7
TERF1,3608
SBSPON,5084
C8ORF89,45
RDH10,7899
STAU2,18724
UBE2W,4086
ELOC,3858
TMEM70,1160
LY96,2143
JPH1,1327
GDAP1,1977
PI15,3192
CRISPLD1,2329
HNF4G,628
ZFHX4,1691
PEX2,12551
PKIA,234
ZC2HC1A,1259
IL7,407
STMN2,1221
HEY1,639
TPD52,22014
ZBTB10,2525
ZNF704,4389
PAG1,762
FABP5,819
PMP2,18
FABP9,2
FABP4,2036
FABP12,2
IMPA1,1327
SLC10A5,270
ZFAND1,6001
CHMP4C,2019
SNX16,3973
RALYL,5
LRRCC1,2921
E2F5,1231
RBIS,2663
CA13,903
CA1,14
CA3,346
CA2,1099
ATP6V0D2,54
PSKH2,7
SLC7A13,154
WWP1,7810
RMDN1,1909
CPNE3,8699
CNGB3,15
CNBD1,26
DCAF4L2,3
MMP16,652
RIPK2,2129
OSGIN2,2943
NBN,4538
DECR1,8456
CALB1,4
TMEM64,1752
C8ORF88,492
PIP4P2,653
OTUD6B,2018
LRRC69,254
SLC26A7,309
RUNX1T1,1076
TRIQK,15407
RBM12B,2845
TMEM67,4491
PDP1,2895
CDH17,27
GEM,3573
RAD54B,485
VIRMA,7001
ESRP1,10140
DPY19L4,3971
INTS8,7493
CCNE2,341
NDUFAF6,2997
TP53INP1,6797
PLEKHF2,11065
C8ORF37,1018
GDF6,356
UQCRB,21178
MTERF3,1210
PTDSS1,4875
SDC2,5251
CPQ,4890
TSPYL5,2728
MTDH,9473
LAPTM4B,4303
MATN2,837
ERICH5,45
RIDA,684
POP1,487
NIPAL2,4423
STK3,4030
KCNS2,57
OSR2,591
VPS13B,15424
COX6C,53120
RGS22,1588
FBXO43,100
POLR2K,6612
SPAG1,2192
RNF19A,17408
ANKRD46,1354
SNX31,9
YWHAZ,17100
ZNF706,1846
GRHL2,4040
NCALD,584
RRM2B,1064
UBR5,9187
ODF1,20
KLF10,2129
AZIN1,10579
ATP6V1C1,3067
BAALC,34
FZD6,2238
CTHRC1,16692
SLC25A32,2658
DCAF13,1064
RIMS2,30
DPYS,24
DCSTAMP,47
LRP12,536
ZFPM2,610
OXR1,4384
ABRA,21
ANGPT1,450
RSPO2,10
EIF3E,4953
EMC2,4869
TMEM74,44
TRHR,14
NUDCD1,1827
ENY2,9586
EBAG9,6860
SYBU,4273
KCNV1,6
CSMD3,37
TRPS1,166507
EIF3H,19977
UTP23,5393
RAD21,4490
AARD,520
SLC30A8,29
MED30,1927
EXT1,6432
SAMD12,2661
TNFRSF11B,1176
COLEC10,44
MAL2,15481
CCN3,1294
ENPP2,991
TAF2,4228
DSCC1,259
DEPTOR,9113
COL14A1,12204
MTBP,684
SNTB1,1270
HAS2,194
ZHX2,5539
DERL1,5806
TBC1D31,560
FAM83A,42
C8ORF76,2788
ZHX1,8339
ATAD2,2199
WDYHV1,2719
FBXO32,4740
KLHL38,152
ANXA13,36
FAM91A1,5713
FER1L6,23
TMEM65,1776
TRMT12,1002
RNF139,3433
TATDN1,1949
NDUFB9,9001
MTSS1,4601
ZNF572,443
SQLE,1321
WASHC5,5611
NSMCE2,3922
TRIB1,8784
LRATD2,7307
POU5F1B,148
MYC,12674
GSDMC,62
FAM49B,2400
ASAP1,5319
ADCY8,7
EFR3A,8727
OC90,10
HHLA1,7
KCNQ3,328
LRRC6,5156
TMEM71,2246
PHF20L1,8029
TG,169
SLA,1988
CCN4,1034
NDRG1,1959
ST3GAL1,2961
ZFAT,773
KHDRBS3,1020
FAM135B,41
COL22A1,108
TRAPPC9,8390
CHRAC1,3367
AGO2,3547
PTK2,11921
DENND3,1693
SLC45A4,854
GPR20,129
PTP4A3,3576
TSNARE1,2009
ADGRB1,828
ARC,262
JRK,1985
PSCA,226
LY6K,368
THEM6,1511
SLURP1,2
LYPD2,3
SLURP2,16
LYNX1,88
LY6D,16
GML,14
CYP11B1,2
CYP11B2,2
LY6E,5418
LY6L,1
LY6H,22
GPIHBP1,156
ZFP41,1402
GLI4,1671
ZNF696,911
TOP1MT,5209
RHPN1,9241
MAFA,15
ZC3H3,3561
GSDMD,3510
MROH6,570
NAPRT,2343
TIGD5,1354
PYCR3,854
TSTA3,7938
ZNF623,3210
ZNF707,1673
CCDC166,4
MAPK15,8236
FAM83H,5186
IQANK1,3494
SCRIB,5117
PUF60,5550
NRBP2,3802
EPPK1,3659
PLEC,9713
PARP10,4020
GRINA,11341
SPATC1,46
OPLAH,1602
EXOSC4,2982
GPAA1,8242
CYC1,7564
SHARPIN,6603
MAF1,14298
WDR97,205
HGH1,1507
MROH1,10133
BOP1,1304
SCX,1353
HSF1,10015
DGAT1,4541
SCRT1,2
TMEM249,63
SLC52A2,2874
FBXL6,1686
ADCK5,1105
CPSF1,3948
SLC39A4,590
VPS28,8410
TONSL,329
CYHR1,4564
KIFC2,4039
FOXH1,52
PPP1R16A,4951
GPT,601
MFSD3,2714
RECQL4,384
LRRC14,2873
LRRC24,279
C8ORF82,442
ARHGAP39,2584
ZNF251,4712
ZNF34,994
ZNF517,621
ZNF7,3081
COMMD5,3883
ZNF250,1105
ZNF16,1255
C8ORF33,5802
FOXD4,54
DOCK8-AS1,12
DOCK8,1813
KANK1,4575
DMRT1,9
DMRT3,27
DMRT2,67
SMARCA2,19979
VLDLR,2566
KCNV2,5
PUM3,2008
RFX3,5173
GLIS3,1476
SLC1A1,13494
SPATA6L,2988
PLPP6,784
CDC37L1,3100
RCL1,2860
JAK2,3752
INSL6,4
INSL4,12
RLN2,1599
RLN1,406
PLGRKT,4643
CD274,226
PDCD1LG2,169
RIC1,4506
ERMP1,5411
KIAA2026,9857
MLANA,14
RANBP6,1415
IL33,424
TPD52L3,6
UHRF2,3523
GLDC,17
KDM4C,3052
DMAC1,4563
PTPRD,367
TYRP1,61
LURAP1L,3649
MPDZ,3143
NFIB,29245
ZDHHC21,5576
CER1,20
FREM1,297
TTC39B,1760
SNAPC3,5608
PSIP1,631
CCDC171,1777
C9ORF92,5
BNC2,1815
CNTLN,749
SH3GL2,36
ADAMTSL1,1469
SAXO1,69
RRAGA,3232
HAUS6,1458
PLIN2,376
DENND4C,6649
SLC24A2,264
MLLT3,1912
FOCAD,1466
HACD4,1878
IFNB1,13
IFNW1,6
IFNA21,11
IFNA4,14
IFNA7,7
IFNA16,16
IFNA14,5
IFNA5,30
KLHL9,1315
IFNA6,11
IFNA2,11
IFNA8,14
IFNA1,33
IFNE,71
MTAP,1674
CDKN2A,497
CDKN2B,2732
DMRTA1,51
ELAVL2,709
IZUMO3,12
TUSC1,2762
CAAP1,3520
PLAA,3476
LRRC19,19
TEK,953
EQTN,25
MOB3B,1873
IFNK,13
C9ORF72,2767
LINGO2,51
ACO1,1668
DDX58,4489
TOPORS,2216
SMIM27,2190
NDUFB6,4051
TAF1L,4
TMEM215,12
APTX,5238
DNAJA1,7966
SMU1,5957
B4GALT1,28620
SPINK4,704
BAG1,101692
CHMP5,5697
NFX1,9985
AQP7,144
AQP3,2186
NOL6,1695
ANKRD18B,26
PRSS3,40
UBE2R2,11078
UBAP2,2207
DCAF12,8397
UBAP1,4473
KIF24,440
NUDT2,3689
MYORG,255
C9ORF24,674
FAM219A,1503
DNAI1,699
ENHO,48
CNTFR,63
RPP25L,2220
DCTN3,4480
ARID3C,21
SIGMAR1,2154
GALT,1597
IL11RA,752
CCL27,65
AL162231.1,586
CCL19,4416
CCL21,1120
FAM205A,9
FAM205C,8
PHF24,20
DNAJB5,254
C9ORF131,9
VCP,1887
FANCG,1017
PIGO,5888
STOML2,3575
FAM214B,700
UNC13B,6148
RUSC2,2271
FAM166B,248
TESK1,2765
CD72,579
SIT1,45
CCDC107,1706
ARHGEF39,280
CA9,114
TPM2,17184
TLN1,3906
CREB3,5833
GBA2,2491
RGP1,2860
MSMP,48
NPR2,626
SPAG8,634
HINT2,3131
TMEM8B,7225
FAM221B,382
OR13J1,2
HRCT1,231
SPAAR,172
OR2S2,8
RECK,1184
GLIPR2,282
CCIN,24
CLTA,11906
GNE,830
RNF38,7459
MELK,207
PAX5,39
ZCCHC7,4241
GRHPR,4547
ZBTB5,3013
POLR1E,3049
FBXO10,393
TOMM5,8676
FRMPD1,12
TRMT10B,2130
EXOSC3,2613
DCAF10,5613
SLC25A51,1920
SHB,5678
ALDH1B1,1649
IGFBPL1,55
ANKRD18A,954
FAM240B,14
CNTNAP3,37
SPATA31A1,15
FOXD4L6,20
SPATA31A6,5
SPATA31A5,5
SPATA31A7,9
FOXD4L5,257
ZNF658,1023
PGM5,474
TMEM252,3
FAM122A,2895
PRKACG,4
FXN,1713
FAM189A2,638
APBA1,120
PTAR1,4337
C9ORF135,17
MAMDC2,843
SMC5,4138
KLF9,10771
TRPM3,46
CEMIP2,3290
ABHD17B,2365
C9ORF85,1703
C9ORF57,11
ALDH1A1,1579
ANXA1,5597
RORB,258
TRPM6,115
C9ORF40,383
CARNMT1,3124
NMRK1,4064
OSTF1,3698
PCSK5,907
RFK,2182
GCNT1,1125
PRUNE2,606
FOXB2,2
VPS13A,5461
GNA14,1228
GNAQ,18034
CEP78,2564
PSAT1,116
TLE4,543
TLE1,2385
SPATA31D3,7
SPATA31D1,5
RASEF,4457
FRMD3,170
IDNK,2676
UBQLN1,3659
GKAP1,1047
KIF27,2150
C9ORF64,2093
HNRNPK,5762
RMI1,2866
SLC28A3,476
NTRK2,7807
AGTPBP1,2966
NAA35,3533
GOLM1,24374
C9ORF153,79
ISCA1,2101
TUT7,14872
GAS1,1555
DAPK1,1180
CTSL,2321
SPATA31E1,5
AL353572.3,28
CDK20,1778
SPIN1,20222
NXNL2,2623
S1PR3,1185
SHC3,133
CKS2,859
SECISBP2,7763
SEMA4D,1123
GADD45G,3951
DIRAS2,22
SYK,3448
AUH,4725
NFIL3,6855
ROR2,833
SPTLC1,4476
IARS,3443
NOL8,4386
CENPP,21988
OGN,2994
OMD,2014
ASPN,8728
ECM2,2537
IPPK,3328
BICD2,3293
ZNF484,1806
FGD3,4454
SUSD3,10649
CARD19,3405
NINJ1,8744
WNK2,3586
C9ORF129,12
FAM120AOS,11847
FAM120A,28990
PHF2,5727
BARX1,43
PTPDC1,1306
ZNF169,692
MFSD14B,4621
FBP2,27
FBP1,8956
FANCC,1188
PTCH1,574
ERCC6L2,6406
AL160269.1,256
SLC35D2,7533
ZNF367,590
HABP4,863
CDC14B,2446
PRXL2C,2106
ZNF510,2696
ZNF782,1520
CTSV,71
CCDC180,960
TDRD7,2034
TMOD1,299
TSTD2,3321
NCBP1,2881
XPA,4200
FOXE1,10
TRMO,3398
HEMGN,28
ANP32B,2988
NANS,3983
TRIM14,7305
CORO2A,4842
TBC1D2,1855
GABBR2,11
ANKS6,634
GALNT12,373
COL15A1,5218
TGFBR1,3711
ALG2,4483
SEC61B,8810
NR4A3,2164
STX17,5196
ERP44,4843
INVS,2196
TEX10,2039
MSANTD3,2191
TMEFF1,507
CAVIN4,133
PLPPR1,86
BAAT,11
ZNF189,5543
ALDOB,3
TMEM246,125
RNF20,2833
GRIN3A,14
PPP3R2,9
CYLC2,12
SMC2,1758
OR13F1,7
OR13C4,37
OR13C3,28
OR13C8,7
OR13C5,8
OR13C2,32
OR13C9,33
OR13D1,16
NIPSNAP3A,1941
NIPSNAP3B,339
ABCA1,2582
SLC44A1,34274
FSD1L,1064
FKTN,2825
TAL2,148
TMEM38B,1599
ZNF462,1076
RAD23B,11343
KLF4,8025
ACTL7B,11
ACTL7A,5
ELP1,4266
CTNNAL1,1701
TMEM245,5213
FRRS1L,21
EPB41L4B,4774
PTPN3,2644
PALM2-AKAP2,2972
C9ORF152,4011
TXNDC8,5
SVEP1,2416
MUSK,14
LPAR1,2231
OR2K2,30
ECPAS,12806
ZNF483,1474
PTGR1,4533
DNAJC25,2946
GNG10,5426
SHOC1,13
UGCG,22969
SUSD1,1268
PTBP3,18790
HSDL2,6391
KIAA1958,849
INIP,1672
SNX30,2481
SLC46A2,23
ZNF883,804
ZFP37,510
SLC31A2,1448
FKBP15,1776
SLC31A1,5396
CDC26,3081
PRPF4,3955
RNF183,1220
WDR31,2720
BSPRY,6726
HDHD3,4216
ALAD,4335
POLE3,6232
C9ORF43,313
RGS3,1973
ZNF618,3399
AMBP,155
KIF12,14921
COL27A1,2950
ORM1,102
ORM2,103
AKNA,4236
WHRN,12972
ATP6V1G1,12708
TMEM268,6285
TEX53,8
TEX48,10
TNFSF15,236
DEC1,50
TNFSF8,294
TNC,11827
PAPPA,272
ASTN2,1715
TRIM32,2426
TLR4,1162
BRINP1,453
CDK5RAP2,3845
MEGF9,12079
FBXW2,13315
B3GNT10,1625
PSMD5,755
PHF19,1129
TRAF1,1329
C5,1182
CNTRL,6254
RAB14,12496
GSN,12548
STOM,17152
DAB2IP,1788
TTLL11,1383
NDUFA8,4273
MORN5,178
LHX6,337
RBM18,4511
MRRF,4296
PTGS1,1440
OR1J1,5
OR1N1,7
OR1L8,43
OR1Q1,4
OR1B1,85
OR1L1,7
OR1L3,11
OR1L6,11
OR5C1,6
PDCL,2487
OR1K1,7
RC3H2,4417
ZBTB6,2265
ZBTB26,2404
RABGAP1,4321
STRBP,12098
CRB2,173
DENND1A,5531
LHX2,9
NEK6,13230
PSMB7,1706
ADGRD2,38
NR5A1,7
NR6A1,617
OLFML2A,2736
WDR38,237
ARPC5L,5432
GOLGA1,1528
SCAI,2124
PPP6C,8428
RABEPK,2852
HSPA5,6622
GAPVD1,2002
MAPKAP1,9852
PBX3,3644
MVB12B,1605
LMX1B,4425
ZBTB43,597
ZBTB34,816
RALGPS1,3588
ANGPTL2,2227
GARNL3,808
SLC2A8,1348
ZNF79,319
LRSAM1,1734
NIBAN2,5380
STXBP1,1982
PTRH1,3300
CFAP157,3865
TTC16,254
TOR2A,821
SH2D3C,773
CDK9,9585
FPGS,3833
ENG,9460
AK1,3766
ST6GALNAC6,6121
ST6GALNAC4,2108
PIP5KL1,564
DPM2,2350
FAM102A,14210
NAIF1,875
SLC25A25,6674
PTGES2,4649
LCN2,248
C9ORF16,11018
CIZ1,5633
DNM1,2124
GOLGA2,4410
SWI5,2669
TRUB2,2076
COQ4,7395
SLC27A4,2027
URM1,3493
CERCAM,6542
ODF2,4245
GLE1,1959
SPTAN1,14757
WDR34,5911
SET,8699
PKN3,1651
ZDHHC12,1706
ZER1,4713
TBC1D13,1665
ENDOG,945
SPOUT1,1495
KYAT1,874
LRRC8A,3799
PHYHD1,6487
DOLK,1077
NUP188,3224
SH3GLB2,9455
MIGA2,1834
DOLPP1,859
CRAT,2292
PTPA,8833
IER5L,2660
NTMT1,2714
C9ORF50,61
ASB6,1369
PRRX2,722
PTGES,1775
TOR1B,1462
TOR1A,4197
C9ORF78,7663
USP20,2504
FNBP1,6780
GPR107,8127
NCS1,1174
HMCN2,301
ASS1,5219
FUBP3,3529
EXOSC2,2850
ABL1,6489
QRFP,4
FIBCD1,246
LAMC3,179
AIF1L,1593
NUP214,2926
FAM78A,252
PLPP7,147
PRRC2B,8663
POMT1,1928
UCK1,3864
PRRT1B,75
RAPGEF1,5695
MED27,482
NTNG2,131
SETX,5580
TTF1,2140
CFAP77,244
BARHL1,3
DDX31,3172
GTF3C4,2129
AK8,821
SPACA9,1315
TSC1,2277
GFI1B,3
GTF3C5,1011
CEL,208
RALGDS,4224
GBGT1,976
OBP2B,17133
ABO,1554
SURF6,1881
MED22,2548
SURF1,8475
SURF2,2241
SURF4,4626
STKLD1,248
REXO4,2275
ADAMTS13,1923
CACFD1,2767
SLC2A6,152
MYMK,8
ADAMTSL2,894
FAM163B,3
DBH,4
SARDH,901
VAV2,2586
BRD3OS,5141
BRD3,8891
WDR5,2041
RXRA,6696
COL5A1,17862
FCN2,155
OLFM1,966
PPP1R26,3827
C9ORF116,3790
LCN1,16
OBP2A,1878
PAEP,15
AL354761.1,2
GLT6D1,1
LCN9,7
SOHLH1,8
KCNT1,24
CAMSAP1,2393
UBAC1,6088
NACC2,964
TMEM250,3116
LHX3,1
QSOX2,492
CCDC187,122
GPSM1,574
DNLZ,121
CARD9,330
SNAPC4,2203
ENTR1,3219
PMPCA,2876
INPP5E,2569
SEC16A,4882
NOTCH1,1982
EGFL7,5282
AGPAT2,3887
DIPK1B,1461
LCN10,71
LCN6,55
LCN8,1
LCN15,3
TMEM141,8525
CCDC183,716
RABL6,9721
AJM1,225
PHPT1,12816
EDF1,2874
TRAF2,2793
FBXW5,4777
C8G,70
LCN12,389
PTGDS,2386
LCNL1,79
PAXX,3210
CLIC3,226
ABCA2,2633
FUT7,144
NPDC1,17785
ENTPD2,606
SAPCD2,193
UAP1L1,1151
MAN1B1,5032
DPP7,12704
GRIN1,41
LRRC26,1265
TMEM210,54
ANAPC2,3478
SSNA1,2882
TPRN,986
TMEM203,1821
NDOR1,1363
BX255925.3,1830
RNF208,1605
CYSRT1,239
RNF224,15
SLC34A3,13
TUBB4B,4485
FAM166A,133
STPG3,3
NELFB,3618
TOR4A,89
NRARP,2079
EXD3,5697
NOXA1,3140
ENTPD8,799
NSMF,6188
PNPLA7,3899
DPH7,2692
ZMYND19,2176
ARRDC1,9130
EHMT1,9253
CACNA1B,39
TUBB8,100
ZMYND11,10659
DIP2C,2951
LARP4B,4858
GTPBP4,3530
IDI2,7
IDI1,1326
WDR37,3156
ADARB2,97
PFKP,1904
PITRM1,5031
KLF6,18738
AKR1E2,450
AKR1C2,176
AKR1C3,484
AKR1C8P,200
UCN3,1
TUBAL3,994
NET1,9691
CALML5,1664
CALML3,961
ASB13,3385
TASOR2,9223
GDI2,4904
ANKRD16,2082
FBH1,5064
IL15RA,343
IL2RA,208
RBM17,7169
PFKFB3,5291
PRKCQ,143
SFMBT2,3417
ITIH5,1417
ITIH2,24
KIN,1059
ATP5F1C,3335
TAF3,53
GATA3,67086
CELF2,3472
USP6NL,3732
ECHDC3,1271
PROSER2,473
UPF2,3166
DHTKD1,3385
SEC61A2,951
NUDT5,3862
CDC123,3377
CAMK1D,2613
CCDC3,1193
OPTN,9768
MCM10,83
UCMA,7
PHYH,2189
SEPHS1,6720
BEND7,4105
PRPF18,3859
FRMD4A,6439
FAM107B,7639
CDNF,496
HSPA14,1404
HSPA14,2009
SUV39H2,1015
DCLRE1C,981
MEIG1,105
OLAH,13
ACBD7,178
RPP38,4542
NMT2,941
FAM171A1,457
ITGA8,742
MINDY3,5153
PTER,3025
C1QL3,6
RSU1,3045
CUBN,288
TRDMT1,1137
VIM,99210
ST8SIA6,10585
HACD1,273
STAM,2533
TMEM236,73
MRC1,1404
SLC39A12,8
CACNB2,321
NSUN6,4826
ARL5B,1911
MALRD1,35
PLXDC2,11552
NEBL,4392
MIR1915HG,114
SKIDA1,525
MLLT10,5196
DNAJC1,6046
COMMD3,8477
BMI1,11564
SPAG6,1691
PIP4K2A,4235
ARMC3,489
MSRB2,5223
PTF1A,2
C10ORF67,18
OTUD1,1345
KIAA1217,18419
ARHGAP21,3569
PRTFDC1,679
ENKUR,337
THNSL1,603
GPR158,17
MYO3A,294
GAD2,10
APBB1IP,1485
PDSS1,454
ABI1,4765
ANKRD26,7747
YME1L1,2763
MASTL,2580
ACBD5,5803
RAB18,8127
MKX,5774
ARMC4,374
MPP7,4959
WAC,1609
BAMBI,6187
LYZL1,7
SVIL,10040
JCAD,2237
MTPAP,4147
MAP3K8,5638
LYZL2,9
ZNF438,1044
ZEB1,4005
ARHGAP12,12199
KIF5B,24499
EPC1,8354
CCDC7,7538
ITGB1,11699
NRP1,7466
PARD3,6890
CUL2,4301
CREM,7016
CCNY,7318
GJD4,8
FZD8,1401
ANKRD30A,128802
ZNF248,2901
ZNF25,1731
ZNF33A,9239
ZNF37A,348
ZNF33B,6203
BMS1,3693
RET,537
CSGALNACT2,3944
RASGEF1A,354
FXYD4,2
HNRNPF,21546
ZNF239,1303
ZNF485,519
ZNF32,6042
C10ORF142,5
CXCL12,13150
TMEM72,2
RASSF4,1360
DEPP1,15171
ZNF22,8520
OR13A1,13
ALOX5,2042
MARCH8,3215
ZFAND4,3633
TIMM23,5199
NCOA4,6697
MSMB,1008
ANTXRL,9
GPRIN2,146
PTPN20,445
GDF10,185
GDF2,3
RBP3,1
ZNF488,33
ANXA8,231
FRMPD2,383
MAPK8,5801
ARHGAP22,497
WDFY4,624
LRRC18,14
VSTM4,1092
FAM170B,2
TMEM273,401
C10ORF71,9
DRGX,5
ERCC6,3031
CHAT,7
SLC18A3,1
C10ORF53,6
OGDHL,11
PARG,1899
ASAH2,16
SGMS1,3642
A1CF,6
PRKG1,4443
CSTF2T,4314
DKK1,512
MBL2,11
PCDH15,13
ZWINT,1278
IPMK,2777
CISD1,1464
UBE2D1,1300
TFAM,2410
BICC1,2526
PHYHIPL,68
FAM13C,1024
SLC16A9,957
MRLN,18
CCDC6,12381
ANK3,10546
CDK1,1048
RHOBTB1,2138
TMEM26,6123
CABCOCO1,615
ARID5B,17642
RTKN2,1109
ZNF365,230
AC067752.1,13
ADO,1440
EGR2,2008
NRBF2,2550
JMJD1C,15865
REEP3,9030
CTNNA3,88
LRRTM3,12
DNAJC12,10533
SIRT1,4837
HERC4,12471
MYPN,5
ATOH7,21
PBLD,1285
HNRNPH3,16805
RUFY2,5559
DNA2,1937
SLC25A16,12707
TET1,832
CCAR1,2021
STOX1,854
DDX50,2607
DDX21,5995
KIF1BP,1626
SRGN,8835
VPS26A,8014
SUPV3L1,3748
HKDC1,18
HK1,5252
TACR2,56
TSPAN15,14574
NEUROG3,27
FAM241B,1549
COL13A1,455
H2AFY2,642
AIFM2,1023
TYSND1,1622
SAR1A,1080
PPA1,4874
NPFFR1,9
LRRC20,304
EIF4EBP2,31653
NODAL,8
PALD1,1008
PRF1,138
ADAMTS14,323
TBATA,4
SGPL1,9936
PCBD1,14368
UNC5B,2283
SLC29A3,920
CDH23,472
C10ORF105,11
VSIR,969
PSAP,28802
CHST3,579
SPOCK2,381
ASCC1,2807
ANAPC16,29268
DDIT4,15937
DNAJB12,4071
MICU1,3717
MCU,1984
OIT3,30
PLA2G12B,11
P4HA1,9744
NUDT13,1055
ECD,4044
FAM149B1,1249
DNAJC9,2791
CFAP70,3396
ANXA7,7782
MSS51,400
PPP3CB,12468
USP54,6430
MYOZ1,155
SYNPO2L,99
SEC24C,5326
FUT11,756
CHCHD1,5033
ZSWIM8,7156
NDST2,1132
CAMK2G,3150
PLAU,1096
C10ORF55,11
VCL,4668
AP3M1,3321
ADK,5573
KAT6B,9752
DUPD1,7
DUSP13,58
SAMD8,4468
VDAC2,8065
COMTD1,1611
ZNF503,296
LRMDA,1818
KCNMA1,2236
DLG5,17660
POLR3A,2127
ZMIZ1,5467
PPIF,3301
ZCCHC24,3305
SFTPA1,3
NUTM2E,14
SFTPD,441
TMEM254,4629
PLAC9,401
ANXA11,15073
MAT1A,287
DYDC1,298
DYDC2,924
PRXL2A,20710
TSPAN14,5805
SH2D4B,47
NRG3,365
GHITM,4649
C10ORF99,6
CDHR1,30
LRIT2,3
RGR,8
LRIT1,1
CCSER2,8783
GRID1,293
WAPL,8479
OPN4,8
LDB3,315
BMPR1A,2903
MMRN2,1479
SNCG,2143
ADIRF,10054
GLUD1,20930
SHLD2,4038
NUTM2A,9
MINPP1,1296
PAPSS2,870
ATAD1,10448
KLLN,97
PTEN,17484
RNLS,664
LIPJ,42
LIPF,17
LIPK,12
LIPN,26
LIPM,6
ANKRD22,346
STAMBPL1,966
ACTA2,16852
FAS,1588
CH25H,197
LIPA,6505
IFIT2,1016
IFIT3,1973
IFIT1B,26
IFIT1,2227
IFIT5,1425
SLC16A12,143
PANK1,303
KIF20B,1294
HTR7,78
RPP30,3071
ANKRD1,23
PCGF5,6794
HECTD2,5314
PPP1R3C,1978
TNKS2,7895
FGFBP3,119
BTAF1,7095
CPEB3,2387
MARCH5,9745
IDE,4434
KIF11,635
HHEX,815
EXOC6,4129
CYP26C1,25
CYP26A1,45
MYOF,18826
CEP55,421
FFAR4,24
RBP4,239
PDE6C,11
FRA10AC1,2729
LGI1,29
SLC35G1,589
PLCE1,3785
NOC3L,3303
TBC1D12,3479
HELLS,4216
CYP2C18,8
CYP2C9,5
CYP2C8,1701
ACSM6,63
PDLIM1,17510
SORBS1,5578
ALDH18A1,5715
TCTN3,2695
ENTPD1,4098
CC2D2B,297
CCNJ,395
ZNF518A,10248
BLNK,2096
DNTT,28
OPALIN,2
TM9SF3,25235
PIK3AP1,643
LCOR,9752
SLIT1,41
ARHGAP19,1962
FRAT1,459
FRAT2,2106
RRP12,1382
PGAM1,4958
EXOSC1,3638
ZDHHC16,8410
MMS19,4320
UBTD1,1078
ANKRD2,44
HOGA1,61
C10ORF62,19
MORN4,1347
PI4K2A,1023
AVPI1,1009
MARVELD1,1291
ZFYVE27,2799
SFRP5,16
GOLGA7B,165
CRTAC1,145
R3HCC1L,2008
LOXL4,382
PYROXD2,1287
HPS1,4116
HPSE2,114
CNNM1,28
GOT1,332
NKX2-3,3
SLC25A28,3256
ENTPD7,2286
CUTC,2147
COX15,4642
ABCC2,101
DNMBP,3976
CPN1,12
ERLIN1,2967
CHUK,2925
CWF19L1,3004
BLOC1S2,3554
PKD2L1,31
SCD,18592
WNT8B,11
SEC31B,1618
NDUFB8,6461
HIF1AN,4862
PAX2,6
SLF2,4036
SEMA4G,194
TWNK,981
LZTS2,6508
PDZD7,67
SFXN3,2736
KAZALD1,291
TLX1,6
LBX1,267
BTRC,6544
DPCD,4194
POLL,4134
FBXW4,8724
FGF8,11
NPM3,2063
OGA,26449
KCNIP2,476
ARMH3,5761
HPS6,1564
LDB1,15272
PPRC1,2571
NOLC1,1133
ELOVL3,17
PITX3,2
GBF1,2856
NFKB2,3784
PSD,482
FBXL15,1711
CUEDC2,4877
C10ORF95,181
MFSD13A,213
ACTR1A,3267
SUFU,945
TRIM8,14166
ARL3,3663
SFXN2,3751
WBP1L,6313
CYP17A1,10
BORCS7,5496
AS3MT,2007
CNNM2,1178
NT5C2,5962
RPEL1,89
INA,9
PCGF6,1158
TAF5,485
ATP5MD,3582
PDCD11,3171
CALHM2,5189
CALHM1,2
CALHM3,13
NEURL1,219
SH3PXD2A,7430
STN1,2503
SLK,12080
COL17A1,2352
SFR1,428
CFAP43,2551
GSTO1,1676
GSTO2,1899
ITPRIP,867
CFAP58,139
SORCS3,30
SORCS1,740
XPNPEP1,3054
ADD3,4069
MXI1,13390
SMNDC1,4272
DUSP5,1819
SMC3,4452
RBM20,344
PDCD4,140717
BBIP1,1523
SHOC2,12171
ADRA2A,4225
GPAM,536
TECTB,17
ACSL5,4511
ZDHHC6,8375
VTI1A,4834
TCF7L2,5947
HABP2,686
NRAP,10
CASP7,2713
PLEKHS1,3060
DCLRE1A,2791
NHLRC2,7127
ADRB1,2270
CCDC186,5399
TDRD1,284
VWA2,6620
AFAP1L2,772
ABLIM1,5454
FAM160B1,2001
TRUB1,3149
ATRNL1,170
GFRA1,8459
CCDC172,5
PNLIPRP3,44
PNLIP,84
PNLIPRP1,10
C10ORF82,39
HSPA12A,321
ENO4,318
SHTN1,8304
VAX1,5
KCNK18,4
SLC18A2,102
PDZD8,5739
EMX2,176
RAB11FIP2,4621
FAM204A,5652
PRLHR,1
CACUL1,10311
NANOS1,59
EIF3A,24906
DENND10,5282
SFXN4,2545
PRDX3,4087
GRK5,945
RGS10,13485
TIAL1,15883
BAG3,3921
INPP5F,2140
MCMBP,5547
SEC23IP,3104
PLPP4,578
WDR11,4958
FGFR2,8096
ATE1,3502
NSMCE4A,3544
TACC2,4106
BTBD16,21
PLEKHA1,3276
ARMS2,12
HTRA1,14104
DMBT1,34
AL603764.2,4
C10ORF120,4
CUZD1,72
FAM24B,392
FAM24A,6
C10ORF88,1257
PSTK,814
IKZF5,5876
ACADSB,9786
HMX3,5
HMX2,8
BUB3,5013
GPR26,2131
CPXM2,2457
CHST15,4800
OAT,5411
NKX1-2,1
LHPP,2924
FAM53B,2989
EEF1AKMT2,7135
ABRAXAS2,1343
ZRANB1,6019
CTBP2,28567
TEX36,10
EDRF1,4229
MMP21,90
UROS,5038
BCCIP,7221
DHX32,3489
FANK1,3922
ADAM12,3908
C10ORF90,16
DOCK1,11906
INSYN2A,2371
NPS,13
FOXI2,10
CLRN3,27
PTPRE,1456
MKI67,606
MGMT,5210
EBF3,260
C10ORF143,1229
GLRX3,5742
TCERG1L,16
PPP2R2D,3858
JAKMIP3,896
DPYSL4,49
STK32C,1710
LRRC27,1238
PWWP2B,3044
INPP5A,3843
NKX6-2,4
CFAP46,848
ADGRA1,6
KNDC1,166
UTF1,7
VENTX,294
ADAM8,1985
TUBGCP2,4349
ZNF511,1731
CALY,24
PRAP1,4
FUOM,769
ECHS1,13270
PAOX,778
MTG1,8028
SPRN,36
SCART1,1313
CYP2E1,1046
SYCE1,70
BET1L,7513
ODF3,7
RIC8A,3794
SIRT3,4001
PSMD13,6418
NLRP6,79
PGGHG,43207
IFITM5,4
IFITM2,6359
IFITM1,1529
IFITM3,21604
B4GALNT4,5714
PKP3,3993
SIGIRR,8317
ANO9,2773
PTDSS2,2017
RNH1,4571
HRAS,4900
LRRC56,3271
LMNTD2,1496
RASSF7,4712
PHRF1,5632
IRF7,5538
CDHR5,7
SCT,122
DRD4,67
DEAF1,4753
EPS8L2,11846
TMEM80,2335
TALDO1,3867
GATD1,4048
CEND1,26
SLC25A22,1347
PANO1,38
PIDD1,2487
PNPLA2,18332
CRACR2B,23003
CD151,22419
POLR2L,19016
TSPAN4,3083
CHID1,11165
AP2A2,4828
MUC6,32
MUC2,4
MUC5AC,27
MUC5B,1327
TOLLIP,2219
BRSK2,49
MOB2,3526
DUSP8,921
KRTAP5-1,2
KRTAP5-2,4
KRTAP5-3,1
KRTAP5-5,5
KRTAP5-6,13
IFITM10,1023
CTSD,7884
SYT8,646
TNNI2,824
LSP1,5768
PRR33,2
TNNT3,375
AC132217.2,14
INS,6
TH,22
ASCL2,264
C11ORF21,88
TSPAN32,75
CD81,5010
TSSC4,2910
TRPM5,16
KCNQ1,773
CDKN1C,622
SLC22A18AS,143
SLC22A18,3216
PHLDA2,342
NAP1L4,10575
CARS,614
OSBPL5,2326
MRGPRG,4
MRGPRE,12
ZNF195,2640
ART5,24
ART1,14
CHRNA10,144
NUP98,5597
PGAP2,8026
RHOG,1892
STIM1,3456
RRM1,2554
OR52B4,12
TRIM21,1207
OR52K2,6
OR52K1,11
OR52M1,4
C11ORF40,1
OR52I2,9
OR52I1,8
TRIM68,333
OR51D1,6
OR51E1,175
OR51E2,54
OR51C1P,40
MMP26,8
OR51F1,13
OR52R1,5
OR51F2,5
OR51S1,3
OR51T1,7
OR51A7,8
OR51G2,5
OR51G1,9
OR51A4,27
OR51A2,3
OR51L1,6
OR52J3,6
OR52E2,7
OR52A5,13
OR52A1,10
OR51V1,3
HBB,307
HBD,38
HBG1,7
AC104389.5,124
OR51B5,91
OR51B6,9
OR51Q1,12
OR52D1,4
UBQLN3,226
UBQLNL,109
OR52H1,239
OR52B6,5
TRIM6,1425
TRIM34,1105
TRIM5,2541
TRIM22,4153
OR56B1,35
OR52N4,55
OR52N5,64
OR52N1,132
OR52N2,8
OR52E8,13
OR52E4,5
OR52E5,10
OR56A3,8
OR56A5,8
OR52L1,3
OR56A4,19
OR56A1,25
OR56B4,6
OR52B2,54
OR52W1,3
C11ORF42,2
FAM160A2,4773
CNGA4,253
CCKBR,4
CAVIN3,1408
SMPD1,1593
APBB1,1435
HPX,1570
TRIM3,4606
ARFIP2,7697
TIMM10B,3276
DNHD1,833
RRP8,1337
ILK,2661
TAF10,18116
TPP1,9571
DCHS1,1595
OR2AG2,43
OR2AG1,10
OR6A2,73
OR10A5,2
OR10A2,5
OR10A4,9
OR2D3,14
ZNF215,249
ZNF214,941
NLRP14,13
RBMXL2,7
SYT9,348
OLFML1,1025
PPFIBP2,4315
CYB5R2,1147
OVCH2,448
OR5P2,51
OR10A6,10
OR10A3,4
NLRP10,4
TUB,380
RIC3,4201
LMO1,12
STK33,221
TRIM66,1517
ST5,7444
AKIP1,1923
C11ORF16,132
ASCL3,9
TMEM9B,6169
NRIP3,176
SCUBE2,7673
DENND5A,3389
TMEM41B,4986
ZNF143,1641
WEE1,5339
SWAP70,5929
SBF2,2779
ADM,454
AMPD3,2063
RNF141,14049
LYVE1,523
MRVI1,2153
CTR9,3389
EIF4G2,12065
ZBED5,3624
GALNT18,252
USP47,7362
DKK3,4539
MICAL2,5552
PARVA,6960
TEAD1,2093
RASSF10,309
ARNTL,1287
BTBD10,2134
PTH,9
FAR1,6715
SPON1,2604
RRAS2,1561
COPB1,9392
PSMA1,2886
PDE3B,261
CYP2R1,3576
CALCB,7
CALCA,16
INSC,21
SOX6,133
C11ORF58,15963
PLEKHA7,2042
PIK3C2A,7181
NUCB2,13856
NCR3LG1,344
KCNJ11,770
ABCC8,65
USH1C,26
OTOG,8
MYOD1,3
KCNC1,32
SERGEF,8414
TPH1,416
SAAL1,1664
MRGPRX3,12
MRGPRX4,5
SAA4,58
HPS5,2797
GTF2H1,8476
LDHC,107
LDHAL6A,14
TSG101,1628
UEVLD,6402
SPTY2D1OS,1632
SPTY2D1,2281
TMEM86A,624
IGSF22,29
PTPN5,89
MRGPRX1,11
MRGPRX2,2
ZDHHC13,2439
CSRP3,8
E2F8,51
NAV2,4416
DBX1,2
HTATIP2,2421
PRMT3,2271
SLC6A5,3
NELL1,16
ANO5,547
SLC17A6,3
FANCF,3487
GAS2,243
SVIP,3366
CCDC179,1
LUZP2,36
ANO3,102
MUC15,23
SLC5A12,10
FIBIN,1151
BBOX1,202
CCDC34,2591
LGR4,1969
LIN7C,9688
BDNF,105
KIF18A,280
METTL15,7016
KCNA4,13
FSHB,7
ARL14EP,4267
MPPED2,650
DCDC1,1467
DNAJC24,2225
IMMP1L,1212
ELP4,1311
PAX6,20
RCN1,4559
WT1,40
EIF3M,8232
CCDC73,52
PRRG4,3147
QSER1,10196
DEPDC7,104
TCP11L1,1361
CSTF3,12031
HIPK3,23197
KIAA1549L,407
C11ORF91,83
FBXO3,2218
LMO2,1908
CAPRIN1,6836
NAT10,2341
ABTB2,1204
CAT,7431
ELF5,2458
EHF,14121
APIP,6136
PDHX,4263
CD44,68144
SLC1A2,1958
PAMR1,638
FJX1,258
TRIM44,8963
LDLRAD3,3906
COMMD9,2293
PRR5L,650
TRAF6,2156
RAG1,230
RAG2,12
C11ORF74,2017
LRRC4C,299
API5,11092
TTC17,8857
HSD17B12,2063
ALKBH3,1477
C11ORF96,4428
ACCSL,9
ACCS,1853
EXT2,2831
ALX4,88
CD82,2272
TSPAN18,523
TP53I11,4600
PRDM11,732
SYT13,188
CHST1,582
SLC35C1,1033
CRY2,3207
MAPK8IP1,1571
C11ORF94,28
PEX16,1854
LARGE2,928
PHF21A,4647
CREB3L1,5416
DGKZ,2756
MDK,12279
AMBRA1,4510
HARBI1,256
ATG13,7032
ARHGAP1,6058
ZNF408,804
F2,10
CKAP5,4536
LRP4,418
C11ORF49,3798
ARFGAP2,4451
PACSIN3,3173
DDB2,1838
ACP2,3146
NR1H3,5865
MADD,2225
MYBPC3,29
SPI1,3334
SLC39A13,2310
PSMC3,4546
RAPSN,160
CELF1,7385
NDUFS3,3365
PTPMT1,1203
KBTBD4,1766
FAM180B,23
C1QTNF4,255
MTCH2,2357
AGBL2,952
FNBP4,8998
NUP160,4410
PTPRJ,2737
OR4B1,16
OR4X2,4
OR4X1,4
OR4S1,8
OR4C3,8
OR4C5,7
OR4A47,6
TRIM51GP,11
TRIM49B,11
TRIM64C,7
FOLH1,147
OR4C13,15
OR4C12,40
OR4C46,5
OR4A5,7
TRIM48,8
OR4A16,6
OR4A15,14
OR4C15,9
OR4C16,13
OR4C11,13
OR4P4,4
OR4S2,6
OR4C6,10
OR5D3P,8
OR5D13,8
OR5D14,10
OR5L1,7
OR5D18,7
OR5L2,5
OR5D16,9
TRIM51,5
OR5W2,9
OR5I1,8
OR10AG1,10
OR5F1,10
OR5AS1,4
OR8I2,8
OR8H2,10
OR8H3,7
OR8J3,7
OR8K5,7
OR5J2,13
OR5T2,9
OR5T3,11
OR5T1,19
OR8H1,8
OR8K3,16
OR8K1,12
OR8J1,16
OR8U1,6
OR5R1,9
OR5M9,5
OR5M3,11
OR5M8,7
OR5M11,11
OR5M10,8
OR5M1,11
OR5AP2,6
OR5AR1,11
OR9G1,7
OR9G4,8
OR5AK2,10
LRRC55,90
APLNR,832
TNKS1BP1,4846
SSRP1,7635
P2RX3,4
PRG3,4
PRG2,118
SLC43A3,919
RTN4RL2,433
SLC43A1,915
TIMM10,2913
SMTNL1,54
UBE2L6,5176
SERPING1,11639
YPEL4,159
ZDHHC5,3391
MED19,1378
TMX2,7479
SELENOH,22795
BTBD18,10
CTNND1,40246
OR9Q1,8
OR6Q1,2
OR9I1,8
OR9Q2,6
OR1S2,6
OR1S1,5
OR10Q1,1
OR10W1,8
OR5B17,7
OR5B3,7
OR5B2,14
OR5B12,14
OR5B21,18
LPXN,1817
ZFP91,8222
GLYAT,8
GLYATL2,38
GLYATL1,73
GLYATL1B,6
FAM111B,257
FAM111A,11824
DTX4,1088
MPEG1,2267
OR5AN1,1
OR5A2,6
OR5A1,6
OR4D6,7
OR4D10,12
OR4D11,2
OR4D9,17
OSBP,6004
PATL1,2581
OR10V1,8
STX3,6708
CBLIF,7
TCN1,6038
OOSP3,29
OOSP1,5
OOSP4A,11
OOSP4B,11
OOSP2,3
MS4A3,15
MS4A2,352
MS4A6A,6698
MS4A4A,691
MS4A4E,831
MS4A6E,9
MS4A7,3528
MS4A14,138
MS4A5,15
MS4A1,383
MS4A12,13
MS4A13,13
MS4A8,147
MS4A18,8
MS4A15,12
MS4A10,6
CCDC86,917
PTGDR2,14
ZP1,7
PRPF19,4912
TMEM109,3649
TMEM132A,1524
SLC15A3,1781
CD6,368
CD5,159
VPS37C,3631
PGA5,6
VWCE,188
DDB1,5391
TKFC,3333
CYB561A3,3214
TMEM138,2734
TMEM216,1380
CPSF7,7925
PPP1R32,838
LRRC10B,767
SYT7,10175
DAGLA,441
MYRF,36
TMEM258,2584
FEN1,570
FADS2,2048
FADS1,522
FADS3,896
RAB3IL1,961
BEST1,277
FTH1,201744
INCENP,1058
SCGB1D1,5
SCGB2A1,4347
SCGB1D2,1878
SCGB2A2,7685
SCGB1D4,11
ASRGL1,213
SCGB1A1,15
AHNAK,29850
EEF1G,69046
TUT1,1747
MTA2,4674
ROM1,517
B3GAT3,3242
GANAB,1579
INTS5,873
LBHD1,1239
CSKMT,382
UQCC3,3617
UBXN1,7503
LRRN4CL,61
BSCL2,8175
GNG3,36
HNRNPUL2,11464
TTC9C,2047
ZBTB3,712
POLR2G,4883
TAF6L,1087
TMEM223,1111
TMEM179B,5854
NXF1,8296
STX5,4328
TEX54,18
WDR74,2996
SLC3A2,12973
CHRM1,40
SLC22A6,11
SLC22A8,2
SLC22A24,9
SLC22A10,34
SLC22A25,12
SLC22A9,2
PLAAT5,326
LGALS12,18
PLAAT4,7067
PLAAT2,860
PLAAT3,3298
ATL3,4525
RTN3,18974
C11ORF95,1007
SPINDOC,829
MARK2,7990
RCOR2,169
NAA40,2706
COX8A,6287
OTUB1,4138
MACROD1,4393
FLRT1,4
FERMT3,527
TRPT1,5752
NUDT22,4355
DNAJC4,10419
VEGFB,16731
PPP1R14B,6955
PLCB3,1916
BAD,3766
GPR137,1338
KCNK4,42
CATSPERZ,35
ESRRA,2413
TRMT112,6384
PRDX5,3274
CCDC88B,1064
SLC22A11,15
SLC22A12,1
NRXN2,695
RASGRP2,549
PYGM,107
SF1,4064
MAP4K2,1701
MEN1,1600
CDC42BPG,2039
EHD1,1670
ATG2A,1979
PPP2R5B,1598
GPHA2,18
MAJIN,34
BATF2,64
ARL2,4607
SNX15,1958
SAC3D1,1253
NAALADL1,210
CDCA5,109
ZFPL1,731
TMEM262,16
VPS51,3041
TM7SF2,3070
ZNHIT2,1224
SYVN1,3843
SPDYC,16
CAPN1,6147
POLA2,1631
CDC42EP2,1090
DPF2,3038
TIGD3,36
SLC25A45,2530
FRMD8,619
SCYL1,4713
LTBP3,27398
ZNRD2,2094
FAM89B,5873
EHBP1L1,27193
KCNK7,35
MAP3K11,5055
PCNX3,3166
SIPA1,1869
RELA,3952
KAT5,4837
RNASEH2C,2961
OVOL1,627
CFL1,22657
SNX32,32
MUS81,4188
EFEMP2,2480
CTSW,175
FIBP,2635
CCDC85B,4718
FOSL1,188
C11ORF68,3218
DRAP1,9011
TSGA10IP,17
SART1,2457
EIF1AD,1976
BANF1,7866
CST6,338
GAL3ST3,5
SF3B2,3885
PACS1,5802
KLC2,2737
RAB1B,11038
CNIH2,320
YIF1A,3901
TMEM151A,4
CD248,2537
RIN1,26
BRMS1,6561
B4GAT1,656
SLC29A2,2159
NPAS4,29
PELI3,964
DPP3,976
BBS1,4901
ZDHHC24,1394
ACTN3,12
CTSF,4970
CCDC87,126
CCS,4390
RBM14,2781
RBM4B,1220
SPTBN2,270
C11ORF80,1778
RCE1,707
PC,443
LRFN4,962
SYT12,680
RHOD,2354
KDM2A,9238
GRK2,7271
ANKRD13D,6322
SSH3,6477
RAD9A,1806
POLD4,6899
CLCF1,400
PPP1CA,6391
TBC1D10C,487
CARNS1,221
CORO1B,6411
GPR152,9
CABP4,1814
TMEM134,8554
AIP,3946
PITPNM1,2251
CDK2AP2,1719
GSTP1,15316
NDUFV1,11444
NUDT8,571
TBX10,7
ACY3,39
ALDH3B2,5575
UNC93B1,3177
ALDH3B1,423
NDUFS8,1400
TCIRG1,8195
CHKA,4470
KMT5B,10914
C11ORF24,3122
LRP5,5365
PPP6R3,6936
GAL,54
TESMIN,7034
CPT1A,2357
MRGPRD,8
MRGPRF,236
TPCN2,310
SMIM38,101
MYEOV,106
CCND1,12281
LTO1,1110
FGF19,12
FGF4,2
FGF3,3
ANO1,7048
FADD,1898
CTTN,22947
SHANK2,2214
DHCR7,1685
KRTAP5-7,317
KRTAP5-8,108
KRTAP5-9,456
KRTAP5-10,392
DEFB108B,21
AP002495.1,1855
DEFB131B,9
RNF121,2725
IL18BP,1211
NUMA1,15800
LRTOMT,5512
LAMTOR1,15073
ANAPC15,6204
FOLR3,2
FOLR1,20
FOLR2,1023
INPPL1,8208
CLPB,1750
PDE2A,586
ARAP1,7258
STARD10,31129
ATG16L2,7392
FCHSD2,2232
P2RY2,936
P2RY6,278
ARHGEF17,4272
RELT,500
FAM168A,3176
PLEKHB1,350
RAB6A,8455
COA4,8283
PAAF1,1633
DNAJB13,121
UCP2,12959
UCP3,369
C2CD3,3524
PPME1,2317
P4HA3,258
PGM2L1,1272
KCNE3,586
LIPT2,207
POLD3,1749
CHRDL2,59
RNF169,3947
XRRA1,4030
NEU3,472
OR2AT4,4
SLCO2B1,1722
TPBGL,18
ARRB1,6116
KLHL35,343
GDPD5,339
SERPINH1,7351
MAP6,769
MOGAT2,461
DGAT2,824
UVRAG,7849
WNT11,6227
THAP12,3743
GVQW3,589
EMSY,2516
LRRC32,1730
TSKU,3232
ACER3,1707
B3GNT6,50
CAPN5,290
OMP,23
GDPD4,12
PAK1,2260
CLNS1A,4426
AQP11,332
RSF1,5098
AAMDC,4396
INTS4,7514
KCTD14,898
THRSP,415
NDUFC2,10534
ALG8,5662
KCTD21,714
USP35,2481
GAB2,3432
NARS2,5139
TENM4,530
FAM181B,57
PRCP,4573
DDIAS,224
RAB30,4455
PCF11,11912
ANKRD42,4216
CCDC90B,5026
DLG2,520
TMEM126B,2594
TMEM126A,3092
CREBZF,10495
CCDC89,99
SYTL2,2819
CCDC83,29
PICALM,13201
EED,3906
HIKESHI,62
CCDC81,126
ME3,2555
PRSS23,16826
FZD4,2776
TMEM135,4108
RAB38,1918
CTSC,2337
GRM5,10
TYR,8
NOX4,403
TRIM77,1
TRIM64B,64
NAALAD2,286
CHORDC1,955
FAT3,40
MTNR1B,2
SLC36A4,1015
DEUP1,94
SMCO4,497
CEP295,1835
TAF1D,7208
C11ORF54,8909
MED17,4139
VSTM5,16
HEPHL1,12
PANX1,1837
IZUMO1R,7
GPR83,22
MRE11,1731
ANKRD49,2389
C11ORF97,50
FUT4,840
PIWIL4,137
AMOTL1,2711
CWC15,7134
KDM4D,50
KDM4E,3
KDM4F,2
SRSF8,4629
ENDOD1,1974
SESN3,9373
FAM76B,2919
CEP57,3906
MTMR2,3774
MAML2,1073
CCDC82,1472
JRKL,722
CNTN5,11
ARHGAP42,1485
PGR,21175
TRPC6,769
ANGPTL5,59
CEP126,1590
CFAP300,416
YAP1,10883
BIRC3,1259
BIRC2,3337
TMEM123,8750
MMP7,3006
MMP20,20
MMP27,24
MMP8,14
MMP10,1391
MMP1,97
MMP3,1029
MMP12,150
MMP13,472
DCUN1D5,3338
DYNC2H1,4678
PDGFD,2295
DDI1,7
CASP4,4435
CASP5,18
CARD16,110
CARD17,39
CARD18,8
GRIA4,17
MSANTD4,974
KBTBD3,2362
AASDHPPT,3396
GUCY1A2,987
CWF19L2,4084
ALKBH8,698
ELMOD1,92
SLN,27
SLC35F2,1390
RAB39A,145
CUL5,8238
ACAT1,7985
NPAT,1386
ATM,4330
C11ORF65,456
POGLUT3,1334
EXPH5,1095
DDX10,1608
C11ORF87,7
RDX,2371
ZC3H12C,1118
FDX1,1054
ARHGAP20,243
C11ORF53,17
COLCA2,68
POU2AF1,170
BTG4,24
C11ORF88,249
LAYN,749
SIK2,2511
PPP2R1B,6358
ALG9,3516
FDXACB1,713
C11ORF1,8528
CRYAB,4462
HSPB2,871
C11ORF52,3952
DIXDC1,6076
DLAT,2217
PIH1D2,1230
NKAPD1,4566
TIMM8B,6002
IL18,870
TEX12,158
BCO2,401
PTS,4256
PLET1,6
NCAM1,23
TTC12,4320
ANKK1,272
DRD2,47
TMPRSS5,236
ZW10,2552
CLDN25,14
USP28,3434
HTR3A,6
ZBTB16,14754
NNMT,7689
C11ORF71,2623
RBM7,2576
REXO2,8504
NXPE1,6
NXPE4,22
NXPE2,25
CADM1,6151
BUD13,2652
ZPR1,1144
APOA5,6
APOA4,5
APOC3,20
APOA1,100
SIK3,5934
PAFAH1B2,7414
SIDT2,1507
TAGLN,36212
PCSK7,3814
RNF214,3742
BACE1,1561
CEP164,1692
DSCAML1,19
FXYD2,65
FXYD6,2999
TMPRSS13,2214
IL10RA,829
SMIM35,40
TMPRSS4,94
SCN4B,385
SCN2B,49
JAML,879
MPZL3,886
MPZL2,720
CD3E,683
CD3D,475
CD3G,231
UBE4A,5236
ATP5MG,11467
KMT2A,7870
TTC36,1940
TMEM25,5729
IFT46,6900
ARCN1,7757
PHLDB1,8445
TREH,18
DDX6,7178
CXCR5,21
BCL9L,4562
UPK2,38
FOXR1,8
CCDC84,2884
TRAPPC4,3333
SLC37A4,3507
HYOU1,4678
VPS11,3132
HMBS,1852
H2AFX,1504
DPAGT1,1891
C2CD2L,1938
HINFP,1946
ABCG4,23
NLRX1,889
PDZD3,23
CCDC153,1114
CBL,2234
MCAM,5315
RNF26,1631
MFRP,8
USP2,131
THY1,8095
NECTIN1,2100
TRIM29,3255
OAF,4566
POU2F3,755
TLCD5,961
ARHGEF12,18266
GRIK4,338
TBCEL,6836
TECTA,201
SC5D,2699
SORL1,6769
BLID,142
UBASH3B,307
CRTAM,81
JHY,2918
BSX,1
HSPA8,23474
CLMP,1843
GRAMD1B,137
SCN3B,64
ZNF202,1244
OR6X1,6
OR6M1,6
TMEM225,8
OR8D4,12
OR4D5,6
OR6T1,7
OR10S1,4
OR10G6,4
OR10G4,1
OR10G8,5
OR10G7,10
VWA5A,2528
OR10D3,4
OR8G1,10
OR8G5,12
OR8D1,7
OR8D2,7
OR8B2,14
OR8B4,7
OR8B8,2
OR8B12,5
OR8A1,8
PANX3,12
TBRG1,5502
SIAE,4529
SPA17,1669
NRGN,418
VSIG2,338
ESAM,2132
MSANTD2,3156
ROBO3,693
ROBO4,795
HEPACAM,18
HEPN1,41
CCDC15,501
SLC37A2,512
TMEM218,2685
PKNOX2,110
FEZ1,498
EI24,11693
STT3A,13815
CHEK1,335
ACRV1,4
PATE1,6
PATE2,28
PATE3,4
PATE4,6
HYLS1,1077
PUS3,2505
DDX25,18
VSIG10L2,606
CDON,4721
RPUSD4,2911
FAM118B,1317
SRPRA,9584
FOXRED1,610
TIRAP,1592
DCPS,1946
ST3GAL4,7370
KIRREL3,18
ETS1,8987
FLI1,463
KCNJ1,27
KCNJ5,185
C11ORF45,182
TP53AIP1,352
ARHGAP32,6668
BARX2,9983
TMEM45B,350
NFRKB,1903
PRDM10,1188
APLP2,20179
ST14,8233
ZBTB44,16846
ADAMTS8,1521
ADAMTS15,4975
SNX19,7578
NTM,658
OPCML,42
SPATA19,3
IGSF9B,823
JAM3,2011
NCAPD3,2999
VPS26B,6179
THYN1,2997
ACAD8,2642
GLB1L3,29
GLB1L2,500
B3GAT1,33
IQSEC3,75
SLC6A12,27
SLC6A13,19
KDM5A,7418
CCDC77,384
B4GALNT3,568
NINJ2,402
WNK1,19166
RAD52,2109
ERC1,5065
WNT5B,269
ADIPOR2,7217
CACNA2D4,313
LRTM2,12
DCP1B,2991
CACNA1C,1684
ITFG2,5107
TEX52,5
FOXM1,206
RHNO1,2910
TULP3,1309
TEAD4,1254
TSPAN9,5106
PRMT8,22
CRACR2A,3131
PARP11,2159
CCND2,979
TIGAR,669
FGF23,1
FGF6,6
C12ORF4,2137
RAD51AP1,284
DYRK4,1749
AKAP3,260
NDUFA9,4590
GALNT8,185
KCNA1,41
KCNA5,234
NTF3,64
ANO2,128
VWF,4014
CD9,26616
PLEKHG6,2037
TNFRSF1A,12045
SCNN1A,6265
LTBR,5258
CD27,260
TAPBPL,2089
VAMP1,1653
NCAPD2,2366
IFFO1,1059
NOP2,2086
CHD4,5490
LPAR5,228
ING4,3494
ZNF384,6118
PIANP,50
COPS7A,5264
MLF2,9510
PTMS,26565
LAG3,189
CD4,2175
GPR162,344
P3H3,1277
GNB3,211
CDCA3,233
USP5,2177
SPSB2,1543
LRRC23,1209
ENO2,1763
ATN1,25936
C12ORF57,39209
PTPN6,1987
PHB2,5762
EMG1,4954
LPCAT3,7702
C1S,17607
C1R,14476
C1RL,6198
RBP5,902
CLSTN3,5677
PEX5,1453
ACSM4,8
CD163L1,182
CD163,5129
APOBEC1,26
GDF3,5
DPPA3,6
CLEC4C,170
NANOGNB,10
SLC2A14,86
SLC2A3,929
FOXJ2,1303
C3AR1,1549
NECAP1,3808
CLEC4A,921
ZNF705A,32
FAM90A1,39
CLEC6A,26
CLEC4D,98
CLEC4E,256
AICDA,9
MFAP5,1669
RIMKLB,4640
A2ML1,7
PHC1,7885
M6PR,8980
KLRG1,746
A2M,29858
PZP,14
KLRB1,420
CLEC2D,7808
CLECL1,128
CD69,491
KLRF1,27
CLEC2B,2088
KLRF2,13
CLEC2A,22
CLEC12A,116
CLEC12B,27
CLEC9A,130
CLEC1A,820
CLEC7A,1141
OLR1,611
TMEM52B,33
KLRD1,286
KLRK1,485
KLRC4,134
KLRC3,41
KLRC1,34
MAGOHB,567
STYK1,438
YBX3,24135
TAS2R7,56
TAS2R8,45
TAS2R9,127
TAS2R14,2876
TAS2R50,22
TAS2R30,550
SMIM10L1,4982
TAS2R42,19
PRB3,90
PRB4,2
ETV6,8724
LRP6,6628
MANSC1,4624
BORCS5,2987
DUSP16,20990
CREBL2,13607
GPR19,47
CDKN1B,13480
APOLD1,2887
GPRC5A,6223
GPRC5D,23
HEBP1,9418
FAM234B,9232
GSG1,16
EMP1,12316
GRIN2B,9
ATF7IP,10327
PLBD1,1513
GUCY2C,17
HIST4H4,441
H2AFJ,11183
WBP11,1955
C12ORF60,218
SMCO3,122
ART4,139
MGP,538161
ERP27,1843
ARHGDIB,24879
PDE6H,11
RERG,21484
PTPRO,269
EPS8,3399
STRAP,5967
DERA,4237
SLC15A5,14
MGST1,13278
LMO3,192
RERGL,365
PIK3C2G,1800
PLCZ1,18
CAPZA3,35
PLEKHA5,11842
AEBP2,7087
PDE3A,950
SLCO1C1,102
SLCO1B3,12
SLCO1B1,16
SLCO1A2,11
IAPP,12
PYROXD1,1590
RECQL,1527
GOLT1B,2110
SPX,29
GYS2,19
LDHB,4762
KCNJ8,855
ABCC9,1898
CMAS,4871
ST8SIA1,877
C2CD5,7273
ETNK1,10620
SOX5,2130
BCAT1,379
LRMP,579
CASC1,2129
KRAS,5424
LMNTD1,73
RASSF8,3184
BHLHE41,2292
SSPN,1420
ITPR2,23105
INTS13,3168
FGFR1OP2,3041
TM7SF3,9990
MED21,4276
C12ORF71,5
STK38L,4897
ARNTL2,1550
SMCO2,106
PPFIBP1,6482
REP15,183
MANSC4,22
KLHL42,2364
PTHLH,4575
CCDC91,6500
FAR2,1513
ERGIC2,8389
OVCH1,23
TMTC1,1134
IPO8,3293
CAPRIN2,1641
TSPAN11,246
DDX11,750
SINHCAF,1061
DENND5B,1871
ETFBKMT,966
AMN1,3441
H3F3C,15
RESF1,13363
BICD1,2530
FGD4,1159
DNM1L,5899
YARS2,2995
PKP2,691
SYT10,9
CPNE8,664
KIF21A,894
ABCD2,170
C12ORF40,13
SLC2A13,2319
LRRK2,1383
MUC19,88
CNTN1,470
PDZRN4,301
GXYLT1,1170
YAF2,6442
PPHLN1,5516
ZCRB1,15949
PRICKLE1,1432
ADAMTS20,10
PUS7L,2767
IRAK4,3661
TWF1,4350
TMEM117,564
NELL2,508
DBX2,50
ANO6,6484
ARID2,6414
SCAF11,10743
SLC38A1,30263
SLC38A2,30573
SLC38A4,47
AMIGO2,10678
PCED1B,2639
RPAP3,3539
ENDOU,125
RAPGEF3,1990
SLC48A1,2475
HDAC7,7056
VDR,1248
TMEM106C,11743
COL2A1,22
SENP1,3407
PFKM,2053
ASB8,3126
CCDC184,38
OR10AD1,6
H1FNT,6
ZNF641,2173
ANP32D,14
C12ORF54,87
OR8S1,12
OR5BS1P,8
LALBA,7
KANSL2,2618
CCNT1,2548
TEX49,7
ADCY6,9205
CACNB3,4019
DDX23,5467
RND1,1077
CCDC65,331
FKBP11,1053
ARF3,2747
WNT10B,50
WNT1,2
DDN,12
PRKAG1,5494
KMT2D,6433
RHEBL1,88
DHH,88
LMBR1L,2351
TUBA1B,400
TUBA1A,860
TUBA1C,2661
PRPH,29
TROAP,250
C1QL4,4
DNAJC22,1727
SPATS2,3023
KCNH3,65
MCRS1,8377
PRPF40B,1909
FAM186B,134
FMNL3,1476
TMBIM6,2418
NCKAP5L,1617
BCDIN3D,1537
FAIM2,55
AQP2,4
AQP5,16
AQP6,15
ASIC1,100
SMARCD1,4440
GPD1,165
COX14,12954
CERS5,5014
LIMA1,6721
FAM186A,20
LARP4,7748
DIP2B,3041
ATF1,2365
TMPRSS12,15
METTL7A,5528
HIGD1C,45
SLC11A2,6656
LETMD1,6397
CSRNP2,3674
TFCP2,6624
POU6F1,1016
DAZAP2,16075
SMAGP,1708
BIN2,342
CELA1,15
GALNT6,738
SLC4A8,1052
SCN8A,262
C12ORF81,37
FIGNL2,66
ANKRD33,5
ACVRL1,906
ACVR1B,6386
GRASP,1984
NR4A1,25354
ATG101,3196
SMIM41,8
KRT80,343
KRT7,12458
KRT86,44
KRT83,3
KRT85,5
KRT84,4
KRT82,7
KRT75,65
KRT6B,1608
KRT6C,5
KRT6A,52
KRT5,6353
KRT71,3
KRT74,9
KRT72,14
KRT73,11
KRT2,11
KRT1,12
KRT77,3
KRT76,4
KRT3,5
KRT4,6
KRT79,4
KRT78,10
KRT8,32738
EIF4B,21126
TNS2,7840
SPRYD3,5574
IGFBP6,1913
SOAT2,18
CSAD,11708
ZNF740,3648
ITGB7,194
RARG,1270
AC021072.1,12
MFSD5,1347
ESPL1,200
PFDN5,20797
C12ORF10,6800
AAAS,7591
SP7,13
SP1,9229
AMHR2,9
PCBP2,19245
MAP3K12,3581
TARBP2,3469
ATF7,5700
ATP5MC2,36685
CALCOCO1,10621
HOXC13,449
HOXC12,47
HOXC11,178
HOXC10,7942
HOXC6,2549
HOXC9,2018
HOXC8,1610
HOXC4,3190
HOXC5,604
SMUG1,3140
CBX5,4289
NFE2,41
COPZ1,7129
GPR84,51
ZNF385A,5942
ITGA5,4019
GTSF1,29
NCKAP1L,662
PDE1B,274
PPP1R1A,459
LACRT,160
DCD,68
MUCL1,60
TESPA1,226
NEUROD4,7
OR9K2,7
OR10A7,10
OR6C74,10
OR6C6,18
OR6C1,10
OR6C3,12
OR6C75,12
OR6C65,4
OR6C76,10
OR6C2,8
OR6C70,15
OR6C68,10
OR6C4,9
OR2AP1,7
OR10P1,3
METTL7B,43
ITGA7,1581
BLOC1S1,11706
RDH5,301
CD63,24827
GDF11,366
SARNP,836
ORMDL2,4468
DNAJC14,4782
MMP19,1403
PYM1,4692
DGKA,2613
PMEL,203
CDK2,2299
RAB5B,9472
SUOX,3490
IKZF4,913
ERBB3,21259
PA2G4,8333
ESYT1,5392
ZC3H10,1714
MYL6B,5225
MYL6,75474
SMARCC2,9282
RNF41,3110
NABP2,4837
SLC39A5,23
ANKRD52,4704
COQ10A,1271
CS,1268
CNPY2,9227
PAN2,5212
IL23A,85
STAT2,6174
APOF,157
TIMELESS,515
MIP,16
SPRYD4,1997
GLS2,86
BAZ2A,7152
ATP5F1B,4612
PTGES3,200
PRIM1,1078
HSD17B6,402
SDR9C7,22
RDH16,193
GPR182,32
ZBTB39,952
TAC3,16
MYO1A,53
NEMP1,1044
NAB2,1907
STAT6,10895
LRP1,8866
NXPH4,44
SHMT2,865
NDUFA4L2,1177
STAC3,504
R3HDM2,10014
INHBC,4
INHBE,1
GLI1,433
ARHGAP9,593
MARS,1110
DDIT3,2381
MBD6,14990
DCTN2,6645
KIF5A,63
PIP4K2C,2090
DTX3,4298
ARHGEF25,3377
SLC26A10,184
B4GALNT1,123
OS9,17642
AGAP2,459
TSPAN31,4093
CDK4,8746
MARCH9,2582
CYP27B1,8
METTL1,1193
EEF1AKMT3,1613
TSFM,3432
AVIL,811
CTDSP2,17173
ATP23,1690
LRIG3,1909
SLC16A7,508
TAFA2,160
USP15,4271
MON2,5748
PPM1H,3530
AVPR1A,825
RXYLT1,4016
SRGAP1,2485
C12ORF66,1316
C12ORF56,10
XPOT,3805
TBK1,3558
RASSF3,5189
GNS,6242
TBC1D30,1896
WIF1,12
LEMD3,1865
MSRB3,2978
HMGA2,34
LLPH,1802
TMBIM4,11482
IRAK3,1520
HELB,1884
GRIP1,498
CAND1,10970
DYRK2,3101
IFNG,11
IL26,18
IL22,4
MDM1,1942
NUP107,6389
SLC35E3,5501
MDM2,10998
CPM,3533
CPSF6,6868
LYZ,6552
YEATS4,2460
FRS2,5294
CCT2,1651
LRRC10,7
BEST3,347
RAB3IP,8901
MYRFL,126
CNOT2,7939
KCNMB4,378
PTPRB,1752
PTPRR,102
TSPAN8,1084
LGR5,112
ZFC3H1,6103
THAP2,730
TMEM19,3149
RAB21,4038
TBC1D15,5605
TPH2,20
TRHDE,24
ATXN7L3B,8017
KCNC2,9
CAPS2,687
GLIPR1L1,4
GLIPR1L2,315
GLIPR1,1084
KRR1,2635
PHLDA1,6090
BBS10,2068
OSBPL8,9963
ZDHHC17,5995
CSRP2,270
E2F7,94
NAV3,834
SYT1,2563
PAWR,5872
PPP1R12A,4903
OTOGL,766
PTPRQ,44
MYF6,5
MYF5,2
LIN7A,374
ACSS3,1246
PPFIA2,262
CCDC59,2936
METTL25,4837
TMTC2,3088
SLC6A15,27
TSPAN19,17
LRRIQ1,871
ALX1,24
RASSF9,238
NTS,27
MGAT4C,13
C12ORF50,9
C12ORF29,1769
CEP290,2725
TMTC3,3085
KITLG,813
DUSP6,3092
POC1B,4068
GALNT4,739
ATP2B1,3345
CCER1,7
EPYC,74
KERA,115
LUM,33078
DCN,48234
BTG1,36226
CLLU1OS,19
C12ORF74,829
EEA1,5125
UBE2N,2229
SOCS2,1361
CRADD,1477
PLXNC1,3047
CEP83,2486
TMCC3,491
NDUFA12,2075
NR2C1,1082
FGD6,8146
VEZT,7313
METAP2,5116
USP44,64
NTN4,10778
SNRPF,3005
CCDC38,16
AMDHD1,60
HAL,66
LTA4H,15082
ELK3,2404
CDK17,3047
CFAP54,380
NEDD1,2659
TMPO,1208
IKBIP,537
APAF1,1922
ANKS1B,7280
FAM71C,8
UHRF1BP1L,3461
ACTR6,2126
DEPDC4,268
SCYL2,6689
SLC17A8,12
NR1H4,24
GAS2L3,183
ANO4,157
SLC5A8,11209
UTP20,2376
ARL1,6776
SPIC,16
MYBPC1,130255
CHPT1,27048
SYCP3,47
GNPTAB,2892
DRAM1,1112
WASHC3,8247
NUP37,1743
PARPBP,235
PMCH,22
IGF1,2986
PAH,446
ASCL1,54
C12ORF42,13
STAB2,63
NT5DC3,2844
HSP90B1,2701
C12ORF73,389
TDG,1289
GLT8D2,1758
HCFC2,2531
NFYB,5543
TXNRD1,3758
EID3,790
CHST11,2094
SLC41A2,2305
C12ORF45,2829
ALDH1L2,646
WASHC4,9519
APPL2,10415
C12ORF75,6150
NUAK1,1323
CKAP4,4636
TCP11L2,2880
POLR3B,546
RFX4,5
RIC8B,5080
TMEM263,7613
MTERF2,7081
CRY1,3705
BTBD11,133
PWP1,3850
PRDM4,3718
ASCL4,4
WSCD2,43
CMKLR1,784
FICD,540
SART3,4181
ISCU,8472
TMEM119,3352
SELPLG,626
CORO1C,5615
SSH1,3664
DAO,8
SVOP,4
USP30,1844
ALKBH2,2055
UNG,1971
ACACB,3995
FOXN4,30
MYO1H,13
KCTD10,2167
UBE3B,4048
MMAB,4164
MVK,2597
FAM222A,955
TRPV4,355
GLTP,941
TCHP,1522
GIT2,1689
ANKRD13A,4084
C12ORF76,949
IFT81,4718
ATP2A2,8326
ANAPC7,6346
ARPC3,5412
GPN3,1156
FAM216A,375
VPS29,2542
RAD9B,161
PPTC7,2328
TCTN1,6726
HVCN1,429
PPP1CC,5946
CCDC63,2
MYL2,9
CUX2,9
PHETA1,691
SH2B3,1176
ATXN2,8526
BRAP,2653
ACAD10,1739
ALDH2,9029
MAPKAPK5,5575
TMEM116,6103
ERP29,3634
NAA25,3956
TRAFD1,3310
HECTD4,4391
PTPN11,1821
RPH3A,10
OAS1,2825
OAS3,2257
OAS2,2371
DTX1,201
RASAL1,19
CFAP73,334
DDX54,2481
RITA1,3442
IQCD,1564
TPCN1,4696
SLC8B1,1733
PLBD2,3202
SDS,270
SDSL,1537
LHX5,4
RBM19,3084
TBX5,348
TBX3,5837
MED13L,20311
C12ORF49,949
RNFT2,302
HRK,44
FBXW8,4161
TESC,367
FBXO21,941
NOS1,1
KSR2,480
RFC5,1438
WSB2,6047
VSIG10,2022
PEBP1,35219
TAOK3,4480
SUDS3,10356
SRRM4,5
HSPB8,1460
CCDC60,596
PRKAB1,6148
CIT,356
BICDL1,1928
RAB35,3617
GCN1,3132
PXN,6372
SIRT4,130
PLA2G1B,43
MSI1,90
COX6A1,8760
TRIAP1,1734
GATC,1924
SRSF9,7540
DYNLL1,2674
COQ5,3311
RNF10,10616
POP5,1582
CABP1,230
MLEC,9235
UNC119B,1612
ACADS,1611
SPPL3,2881
HNF1A,194
C12ORF43,1618
OASL,176
P2RX7,508
P2RX4,5247
CAMKK2,6488
ANAPC5,11681
RNF34,996
KDM2B,4057
ORAI1,1736
MORN3,886
TMEM120B,1355
RHOF,303
SETD1B,4980
HPD,18
PSMD9,5318
WDR66,2129
BCL7A,1391
MLXIP,1654
LRRC43,292
IL31,8
B3GNT4,17
VPS33A,1722
CLIP1,10013
ZCCHC8,3195
RSRC2,11161
KNTC1,2286
HCAR3,194
HCAR1,6092
DENR,6548
CCDC62,123
HIP1R,2242
VPS37B,3599
ABCB9,541
OGFOD2,3217
ARL6IP4,17372
PITPNM2,1657
MPHOSPH9,2540
C12ORF65,545
CDK2AP1,12664
SBNO1,4413
KMT5A,5019
RILPL2,3403
SNRNP35,3075
RILPL1,2381
TMED2,9404
DDX55,2926
EIF2B1,4099
GTF2H3,1401
TCTN2,4543
ATP6V0A2,4311
DNAH10,201
CCDC92,8321
ZNF664,26037
RFLNA,114
NCOR2,9342
SCARB1,3344
UBC,9416
DHX37,1336
BRI3BP,1912
AACS,3904
TMEM132B,37
TMEM132C,68
SLC15A4,3041
GLT1D1,18
TMEM132D,3
FZD10,66
PIWIL1,10
RIMBP2,23
STX2,2353
ADGRD1,165
SFSWAP,3797
MMP17,2792
ULK1,6477
PUS1,2320
EP400,887
DDX51,840
NOC4L,1704
GALNT9,2
FBRSL1,3317
LRCOL1,16
P2RX2,4
POLE,2909
PXMP2,2729
PGAM5,2320
ANKLE2,5770
GOLGA3,4382
CHFR,2191
ZNF605,1808
ZNF26,2255
ZNF84,2702
ZNF140,2507
ZNF891,998
ZNF10,345
ZNF268,2568
TUBA3C,26
TPTE2,6
MPHOSPH8,5670
PSPC1,8083
ZMYM5,2318
ZMYM2,19085
GJA3,12
GJB2,418
GJB6,33
CRYL1,3183
IFT88,7309
IL17D,128
EEF1AKMT1,2283
XPO4,3518
LATS2,1085
SAP18,18072
SKA3,372
ZDHHC20,10416
MICU2,5981
FGF9,99
SGCG,54
SACS,878
TNFRSF19,1445
MIPEP,3879
SPATA13,2573
C1QTNF9,15
PARP4,4221
ATP12A,10
RNF17,196
CENPJ,1968
PABPC3,8
MTMR6,1966
NUP58,4681
ATP8A2,149
SHISA2,2196
RNF6,3130
CDK8,2015
WASF3,1104
GPR12,5
USP12,4201
RASL11A,521
GTF3A,11628
MTIF3,2804
LNX2,2530
POLR1D,14291
GSX1,6
PDX1,4
CDX2,4
URAD,9
FLT3,350
PAN3,12727
FLT1,1792
POMP,4608
SLC46A3,1361
MTUS2,27
SLC7A1,2629
UBL3,9650
KATNAL1,2089
UBE2L5,19
USPL1,3952
ALOX5AP,1157
MEDAG,375
TEX26,21
HSPH1,6604
B3GLCT,1194
RXFP2,27
FRY,2639
ZAR1L,15
BRCA2,658
N4BP2L1,2062
N4BP2L2,11470
PDS5B,4705
KL,101
STARD13,7525
RFC3,1200
NBEA,1184
MAB21L1,527
DCLK1,2939
SOHLH2,115
CCDC169,520
SPART,4728
CCNA1,62
SERTM1,6
RFXAP,875
SMAD9,663
ALG5,6836
EXOSC8,2722
SUPT20H,5693
CSNK1A1L,7
POSTN,25373
TRPC4,148
UFM1,15244
FREM2,31
STOML3,124
PROSER1,3198
NHLRC3,3022
LHFPL6,4496
COG6,699
FOXO1,1835
SLC25A15,1774
ELF1,9026
WBP4,3114
KBTBD6,243
KBTBD7,1011
MTRF1,1712
NAA16,1820
RGCC,3439
VWA8,7033
DGKH,2414
AKAP11,10051
TNFSF11,93
FAM216B,263
EPSTI1,1062
DNAJC15,1814
ENOX1,604
CCDC122,1922
LACC1,1313
SMIM2,8
SERP2,328
TSC22D1,14299
NUFIP1,587
GPALPP1,2509
GTF2F2,1382
KCTD4,23
SLC25A30,2071
COG3,4743
ERICH6B,7
SPERT,2
SIAH3,11
ZC3H13,5296
CPB2,17
LCP1,3199
LRRC63,110
RUBCNL,666
LRCH1,4554
ESD,11846
HTR2A,59
SUCLA2,1306
NUDT15,1062
MED4,7575
ITM2B,16003
RB1,3191
LPAR6,5664
RCBTB2,862
CYSLTR2,312
FNDC3A,4518
MLNR,3
CDADC1,924
CAB39L,3392
SETDB2,4456
PHF11,6619
RCBTB1,3608
ARL11,704
EBPL,4075
KPNA3,4839
SPRYD7,926
TRIM13,2993
KCNRG,198
DLEU7,6
RNASEH2B,1925
C13ORF42,6
FAM124A,267
SERPINE3,7
INTS6,7348
WDFY2,4561
DHRS12,2835
TMEM272,149
CCDC70,14
ATP7B,4271
ALG11,1527
NEK3,3324
THSD1,477
VPS36,8470
CKAP2,1296
SUGT1,6029
CNMD,6
PCDH8,7
OLFM4,45
PCDH17,509
DIAPH3,202
TDRD3,2776
PCDH20,319
AL445238.1,250
PCDH9,594
KLHL1,1231
DACH1,3018
MZT1,2570
BORA,816
DIS3,4586
PIBF1,2994
KLF5,4650
KLF12,2726
TBC1D4,1402
COMMD6,15987
UCHL3,4318
LMO7,1021
KCTD12,6105
ACOD1,8
CLN5,1992
FBXL3,5534
MYCBP2,2605
SCEL,13
SLAIN1,162
EDNRB,960
POU4F1,3
OBI1,1180
RBM26,2710
NDFIP2,3211
SPRY2,2721
SLITRK1,7
SLITRK6,11853
SLITRK5,67
GPC5,22
GPC6,181
DCT,2
TGDS,1099
GPR180,1067
ABCC4,1556
CLDN10,71
DZIP1,1500
DNAJC3,6150
UGGT2,4497
HS6ST3,513
OXGR1,27
MBNL2,8955
RAP2A,3505
IPO5,3058
FARP1,23077
RNF113B,3
STK24,15988
SLC15A1,27
DOCK9,5446
UBAC2,4191
GPR18,39
GPR183,932
TM9SF2,27408
CLYBL,1412
ZIC5,7
ZIC2,5
PCCA,5442
GGACT,520
TMTC4,4458
NALCN,490
ITGBL1,6037
FGF14,99
TPP2,5285
METTL21C,19
CCDC168,16
TEX30,434
POGLUT2,506
BIVM,2886
ERCC5,4261
SLC10A2,7
DAOA,22
EFNB2,2819
ARGLU1,11510
FAM155A,193
LIG4,2234
ABHD13,2012
TNFSF13B,708
MYO16,183
IRS2,5993
COL4A1,11116
COL4A2,9701
RAB20,1366
NAXD,2948
CARS2,5187
ING1,1298
ANKRD10,17274
ARHGEF7,4975
TEX29,109
SOX1,2
SPACA7,3
TUBGCP3,5224
ATP11A,2914
MCF2L,8241
F7,580
F10,147
PROZ,22
PCID2,5153
CUL4A,5621
LAMP1,26285
GRTP1,2068
ADPRHL1,1364
DCUN1D2,2137
TMCO3,15999
TFDP1,13110
ATP4B,9
GRK1,7
TMEM255B,1382
GAS6,8224
RASA3,1312
CFAP97D2,69
CDC16,11708
UPF3A,6478
CHAMP1,2304
POTEM,74
OR4Q3,3
OR4M1,14
OR4K2,20
OR4K5,23
OR4K1,20
OR4K15,24
OR4K14,7
OR4K13,10
OR4L1,12
OR4K17,13
OR4N5,10
OR11G2,4
OR11H6,13
OR11H4,6
TTC5,2044
CCNB1IP1,3174
PARP2,1371
TEP1,1265
KLHL33,39
OSGEP,4261
APEX1,19125
PIP4P1,2790
PNP,1612
RNASE10,30
RNASE9,10
RNASE11,9
RNASE12,7
OR6S1,11
ANG,2225
RNASE4,8168
EDDM3A,17
EDDM3B,27
RNASE6,817
RNASE1,4495
RNASE3,16
RNASE2,36
METTL17,6024
SLC39A2,22
NDRG2,2767
TPPP2,3
RNASE13,49
RNASE7,85
RNASE8,8
ARHGEF40,1743
ZNF219,3701
TMEM253,109
OR5AU1,8
HNRNPC,12289
RPGRIP1,72
SUPT16H,3699
CHD8,5008
RAB2B,2428
TOX4,8844
METTL3,4905
SALL2,671
OR10G3,21
OR10G2,17
OR4E2,10
OR4E1,11
TRDC,99
TRAC,2779
DAD1,2087
ABHD4,1033
OR6J1,22
OXA1L,10229
SLC7A7,1255
MMP14,12971
LRP10,11627
REM2,135
RBM23,3694
PRMT5,690
HAUS4,4991
AJUBA,1314
C14ORF93,1345
PSMB5,10008
PSMB11,10
CDH24,1561
ACIN1,5944
C14ORF119,6005
LMLN2,3
CEBPE,16
SLC7A8,9116
RNF212B,38
HOMEZ,2310
PPP1R3E,646
BCL2L2,15707
SLC22A17,1246
EFS,5310
IL25,23
CMTM5,15
MYH7,9
NGDN,1897
ZFHX2,1013
AP1G2,9095
JPH4,79
DHRS2,4201
DHRS4,1200
CARMIL3,97
CPNE6,4
NRL,398
PCK2,1694
DCAF11,6642
FITM1,165
PSME1,17247
EMC9,2573
PSME2,2564
RNF31,3539
IRF9,4142
REC8,602
IPO4,628
TM9SF1,8813
TSSK4,410
CHMP4A,6813
MDP1,1616
NEDD8,5569
GMPR2,2502
TINF2,3218
TGM1,134
RABGGTA,2071
DHRS1,3542
NOP9,2632
CIDEB,3188
LTB4R2,269
LTB4R,2646
ADCY4,1242
RIPK3,883
NFATC4,9180
NYNRIN,863
CBLN3,182
KHNYN,9306
SDR39U1,8163
CMA1,70
CTSG,179
GZMH,120
GZMB,382
STXBP6,955
NOVA1,1769
FOXG1,4
PRKD1,590
G2E3,873
SCFD1,6128
COCH,81
STRN3,5590
AP4S1,2020
HECTD1,11103
HEATR5A,853
DTD2,3017
GPR33,15
NUBPL,2987
ARHGAP5,9953
AKAP6,633
NPAS3,360
EGLN3,1863
SPTSSA,16791
EAPP,6619
SNX6,8053
CFL2,1637
BAZ1A,3140
SRP54,7045
FAM177A1,3015
PPP2R3C,3074
PRORP,3104
NFKBIA,14249
INSM2,6
RALGAPA1,2224
BRMS1L,1226
MBIP,2333
SFTA3,8
NKX2-1,2
NKX2-8,16
PAX9,941
SLC25A21,323
MIPOL1,6420
FOXA1,14289
TTC6,8266
SSTR1,74
CLEC14A,2292
SEC23A,5508
GEMIN2,411
TRAPPC6B,5832
PNN,10202
MIA2,3331
FBXO33,1074
LRFN5,186
FSCB,7
C14ORF28,1475
KLHL28,1749
TOGARAM1,5464
PRPF39,6261
FKBP3,2116
FANCM,1700
MIS18BP1,2812
MDGA2,10
LRR1,755
MGAT2,2802
DNAAF2,1585
POLE2,613
KLHDC1,3352
KLHDC2,20951
NEMF,4714
ARF6,12105
VCPKMT,2470
SOS2,8316
L2HGDH,1298
DMAC2L,3024
CDKL1,572
MAP4K5,8452
ATL1,1722
SAV1,8015
NIN,5037
PYGL,1083
ABHD12B,41
TRIM9,122
TMX1,4631
FRMD6,2016
GNG2,1348
RTRAF,10666
NID2,2841
PTGDR,254
PTGER2,429
TXNDC16,2253
GPR137C,437
ERO1A,4307
PSMC6,2222
STYX,7250
GNPNAT1,1594
FERMT2,1376
DDHD1,2831
BMP4,2399
CDKN3,254
CNIH1,5240
GMFB,311
CGRRF1,1302
SAMD4A,661
GCH1,253
WDHD1,717
SOCS4,4855
MAPK1IP1L,5344
LGALS3,10465
DLGAP5,179
FBXO34,2380
ATG14,4167
TBPL2,9
KTN1,18649
PELI2,766
TMEM260,3248
OTX2,7
EXOC5,6621
AP5M1,3516
NAA30,4447
CCDC198,4
SLC35F4,8
ARMH4,364
ACTR10,5693
PSMA3,2255
ARID4A,5304
TOMM20L,94
TIMM9,6081
KIAA0586,1390
DACT1,982
DAAM1,3785
GPR135,659
L3HYPDH,6146
JKAMP,2095
CCDC175,769
RTN1,2970
LRRC9,14
PCNX4,2814
DHRS7,4882
PPM1A,9245
C14ORF39,101
SIX6,4
SIX1,331
SIX4,703
MNAT1,4396
TRMT5,1982
SLC38A6,3011
PRKCH,2252
TMEM30B,2445
HIF1A,3351
SNAPC1,1247
SYT16,9
KCNH5,6
RHOJ,1168
GPHB5,7
PPP2R5E,5884
WDR89,1616
SGPP1,5530
SYNE2,18413
MTHFD1,2431
ZBTB25,4227
AKAP5,435
ZBTB1,10493
HSPA2,1271
PPP1R36,498
PLEKHG3,4862
SPTB,122
CHURC1,10253
GPX2,49
RAB15,2187
FNTB,999
MAX,10065
FUT8,9122
CCDC196,326
GPHN,2662
FAM71D,31
MPP5,3440
ATP6V1D,3722
EIF2S1,6375
PLEK2,379
TMEM229B,956
PLEKHH1,1452
PIGH,3497
ARG2,339
VTI1B,11570
RDH11,3880
RDH12,9
ZFYVE26,2399
RAD51B,4574
ZFP36L1,59663
ACTN1,14087
DCAF5,7467
EXD2,3682
GALNT16,1092
ERH,5467
SLC39A9,7231
PLEKHD1,573
CCDC177,21
SUSD6,10409
SRSF5,11566
SLC10A1,9
SMOC1,131
SLC8A3,13
COX16,8573
SYNJ2BP,2565
ADAM21,25
ADAM20,872
MED6,4773
TTC9,2404
MAP3K9,1088
PCNX1,4521
SIPA1L1,1584
RGS6,124
DPF3,76
DCAF4,860
ZFYVE1,3218
RBM25,14894
PSEN1,5264
PAPLN,1754
NUMB,9346
HEATR4,259
RIOX1,1007
ACOT1,27
ACOT4,1597
ACOT6,25
DNAL1,2028
PNMA1,2644
ELMSAN1,9972
PTGR2,2557
ZNF410,10027
FAM161B,929
COQ6,1589
ENTPD5,5378
BBOF1,6972
ALDH6A1,3225
LIN52,1360
VSX2,3
ABCD4,1944
VRTN,7
SYNDIG1L,16
NPC2,20616
ISCA2,1397
LTBP2,13289
AREL1,2330
FCF1,2972
PROX2,8
DLST,1910
PGF,1180
EIF2B2,1144
MLH3,3178
ACYP1,1275
ZC2HC1C,634
NEK9,3157
TMED10,4384
FOS,42935
JDP2,3437
BATF,3590
FLVCR2,450
TTLL5,13985
ERG28,3746
IFT43,4689
TGFB3,4325
GPATCH2L,7729
ESRRB,60
VASH1,3905
ANGEL1,4890
LRRC74A,2
IRF2BPL,3097
CIPC,3378
TMEM63C,2255
ZDHHC22,8
NGB,18
POMT2,2086
GSTZ1,2383
TMED8,3244
SAMD15,849
NOXRED1,298
VIPAS39,1645
AHSA1,6438
ISM2,10
SPTLC2,7258
ALKBH1,1763
SLIRP,2511
SNW1,1732
NRXN3,469
DIO2,2589
CEP128,1702
TSHR,52
GTF2A1,3101
STON2,4102
SEL1L,8886
FLRT2,795
GALC,3252
GPR65,365
KCNK10,22
SPATA7,3403
PTPN21,1405
ZC3H14,4906
EML5,162
TTC8,7513
FOXN3,2541
EFCAB11,2016
TDP1,2352
KCNK13,74
PSMC1,3845
NRDE2,1195
CALM1,886
TTC7B,1246
DGLUCY,3952
GPR68,470
CCDC88C,2313
PPP4R3A,7709
CATSPERB,4375
TC2N,25215
FBLN5,3724
TRIP11,5309
ATXN3,4594
NDUFB1,9496
CPSF2,5043
SLC24A4,28
RIN3,1834
LGMN,5529
GOLGA5,2616
CHGA,3
ITPK1,6826
MOAP1,4176
TMEM251,4102
GON7,2476
UBR7,2375
BTBD7,5409
UNC79,33
COX8C,15
PRIMA1,83
FAM181A,5
ASB2,32
OTUB2,98
DDX24,4681
IFI27L1,1079
IFI27,29794
IFI27L2,1543
PPP4R4,2216
SERPINA10,7
SERPINA6,424
SERPINA1,4078
SERPINA11,1210
SERPINA9,11
SERPINA12,13
SERPINA4,23
SERPINA5,4591
SERPINA3,16581
GSC,637
DICER1,8797
CLMN,7088
SYNE3,1568
GLRX5,10791
TCL1B,3
TCL1A,109
TUNAR,38
C14ORF132,1370
BDKRB2,1210
BDKRB1,123
ATG2B,3917
GSKIP,1566
AK7,339
PAPOLA,3750
VRK1,4598
C14ORF177,8
BCL11B,153
SETD3,9540
CCNK,7703
CCDC85C,1735
HHIPL1,387
CYP46A1,122
EML1,700
EVL,206506
DEGS2,5402
YY1,2584
SLC25A29,6130
SLC25A47,3
WARS,2003
WDR25,1946
BEGAIN,83
RTL1,3
DIO3,86
PPP2R5C,6793
DYNC1H1,1131
HSP90AA1,20466
WDR20,4511
MOK,4812
ZNF839,2905
CINP,2045
TECPR2,1378
ANKRD9,3015
RCOR1,2721
TRAF3,2793
AMN,32
CDC42BPB,6657
LBHD2,3
EXOC3L4,61
TNFAIP2,4000
EIF5,17999
MARK3,8229
CKB,2183
TRMT61A,1236
BAG5,5272
KLC1,8658
COA8,4961
XRCC3,652
ZFYVE21,4968
PPP1R13B,4217
ATP5MPL,3208
TDRD9,120
RD3L,6
ASPG,32
KIF26A,211
TMEM179,8
C14ORF180,7
INF2,10498
ADSSL1,897
SIVA1,9155
AKT1,24105
ZBTB42,1675
CEP170B,3625
PLD4,596
AHNAK2,405
CLBA1,2427
CDCA4,671
GPR132,322
JAG2,2254
NUDT14,2920
BRF1,4936
BTBD6,4834
PACS2,2400
TEX22,137
MTA1,11916
CRIP2,13763
CRIP1,111661
TEDC1,1637
TMEM121,905
IGHA2,16
IGHE,34
IGHA1,20028
IGHG1,27497
IGHG3,7419
IGHD,122
IGHM,3203
FAM30A,91
GOLGA6L6,3
AC135068.1,7
NIPA1,1050
NIPA2,4419
CYFIP1,5476
TUBGCP5,2623
GOLGA6L2,4
MKRN3,8
MAGEL2,23
NDN,289
NPAP1,2
SNRPN,3730
UBE3A,11284
ATP10A,1025
GABRB3,38
GABRA5,6
GABRG3,37
OCA2,64
HERC2,4754
GOLGA8M,25
GOLGA6L7,1
APBA2,138
FAM189A1,15
NSMCE3,1142
TJP1,6551
CHRFAM7A,14
GOLGA8R,58
AC091057.6,606
ARHGAP11B,115
FAN1,2530
MTMR10,5020
TRPM1,11
KLF13,1799
OTUD7A,308
CHRNA7,50
GOLGA8O,466
ARHGAP11A,457
SCG5,492
GREM1,1007
FMN1,6885
RYR3,190
AVEN,2835
CHRM5,16
EMC7,8774
PGBD4,518
KATNBL1,1911
EMC4,12035
SLC12A6,1862
NOP10,2398
NUTM1,6
LPCAT4,1435
GOLGA8B,5521
GJD2,11
ACTC1,32
AQR,5185
ZNF770,1714
NANOGP8,45
DPH6,3629
C15ORF41,784
MEIS2,835
TMCO5A,3
SPRED1,6321
FAM98B,4128
RASGRP1,269
LINC02694,93
THBS1,16569
FSIP1,15760
GPR176,246
EIF2AK4,3378
BMF,1328
BUB1B,199
PAK6,336
PLCB2,1113
ANKRD63,3
INAFM2,842
CCDC9B,1364
PHGR1,857
DISP2,58
KNSTRN,891
IVD,5130
BAHD1,1902
CHST14,2219
CCDC32,2273
RPUSD2,637
KNL1,183
RAD51,105
RMDN3,4786
GCHFR,2604
C15ORF62,83
ZFYVE19,2653
PPP1R14D,43
SPINT1,9967
RHOV,2160
VPS18,934
DLL4,877
CHAC1,7
INO80,2415
EXD1,17
CHP1,8719
OIP5,130
NUSAP1,663
NDUFAF1,2670
RTF1,6589
ITPKA,23
LTK,54
RPAP1,1718
TYRO3,137
MGA,4430
MAPKBP1,1419
PLA2G4B,2842
SPTBN5,270
EHD4,1935
PLA2G4E,14
PLA2G4D,22
PLA2G4F,526
VPS39,5138
TMEM87A,8424
GANC,4812
CAPN3,1981
ZNF106,5359
SNAP23,5837
LRRC57,1457
HAUS2,1480
STARD9,698
CDAN1,1920
TTBK2,2322
TMEM62,6284
CCNDBP1,4501
EPB42,8
TGM5,10
TGM7,9
LCMT2,683
ADAL,1608
ZSCAN29,3179
TUBGCP4,1388
TP53BP1,4121
MAP1A,647
PPIP5K1,1836
STRC,104
CATSPER2,1003
PDIA3,11846
ELL3,1522
SERF2,30376
SERINC4,26
MFAP1,2838
WDR76,1211
FRMD5,82
CASC4,10837
CTDSPL2,2890
EIF3J,12031
SPG11,8205
PATL2,132
B2M,33227
TRIM69,32
TERB2,8
SORD,3429
DUOX2,87
DUOXA2,6
DUOXA1,151
SHF,777
SLC28A2,14
GATM,1760
SPATA5L1,1103
C15ORF48,4607
SLC30A4,1725
BLOC1S6,2553
SQOR,6114
SEMA6D,859
MYEF2,11791
CTXN2,28
SLC12A1,6
DUT,8847
FBN1,7339
CEP152,610
SHC4,118
EID1,17947
SECISBP2L,4579
COPS2,13281
GALK2,1993
FAM227B,791
FGF7,1289
DTWD1,1754
ATP8B4,635
SLC27A2,1658
HDC,201
GABPB1,2972
USP8,5558
USP50,221
TRPM7,8760
SPPL2A,8022
AP4E1,1911
TNFAIP8L3,337
CYP19A1,17
GLDN,215
DMXL2,4509
SCG3,17
LYSMD2,631
TMOD2,960
TMOD3,5460
LEO1,4638
MAPK6,5365
BCL2L10,49
GNB5,467
MYO5C,5026
MYO5A,1366
ARPP19,15135
FAM214A,77120
ONECUT1,12
WDR72,12
UNC13C,19
RSL24D1,4444
RAB27A,4117
PIGBOS1,341
PIGB,2347
CCPG1,8368
C15ORF65,1222
DNAAF4,1787
PYGO1,365
PRTG,438
NEDD4,1756
RFX7,2745
TEX9,5564
MNS1,515
ZNF280D,5842
TCF12,5166
CGNL1,4780
MYZAP,167
ALDH1A2,123
AQP9,110
LIPC,56
ADAM10,11822
MINDY2,4021
RNF111,3151
SLTM,15946
CCNB2,314
MYO1E,3535
LDHAL6B,4
FAM81A,265
GCNT3,154
GTF2A2,7097
BNIP2,6049
FOXB1,1
ANXA2,39733
ICE2,5365
RORA,2757
VPS13C,14704
C2CD4A,120
C2CD4B,146
TLN2,1232
TPM1,71175
LACTB,1937
RAB8B,2766
APH1B,2510
CA12,19706
USP3,10705
FBXL22,175
HERC1,1958
DAPK2,1087
CIAO2A,6002
SNX1,12934
SNX22,90
PPIB,6735
CSNK1G1,3461
PCLAF,630
TRIP4,3091
ZNF609,8964
OAZ2,11771
RBPMS2,385
PIF1,107
PLEKHO2,1453
ANKDD1A,300
SPG21,21247
MTFMT,566
SLC51B,78
RASL12,569
KBTBD13,5
UBAP1L,985
PDCD7,2958
CLPX,5427
CILP,5932
PARP16,1803
IGDCC3,6
IGDCC4,327
DPP8,6722
HACD3,5648
INTS14,5307
DENND4A,5037
RAB11A,3849
MEGF11,49
DIS3L,5822
TIPIN,424
MAP2K1,3377
SNAPC5,3317
ZWILCH,1366
SMAD6,376
SMAD3,6039
AAGAB,7645
IQCH,2900
C15ORF61,2329
MAP2K5,2431
SKOR1,221
PIAS1,4216
CALML4,1041
CLN6,2524
FEM1B,7184
ITGA11,1988
CORO2B,273
ANP32A,2797
SPESP1,109
NOX5,920
GLCE,9504
PAQR5,728
KIF23,445
TLE3,6397
UACA,12442
LARP6,47
LRRC49,1086
THAP10,443
THSD4,11925
CT62,78
NR2E3,488
MYO9A,3509
SENP8,470
GRAMD2A,299
PKM,5288
PARP6,4851
CELF6,933
HEXA,10200
TMEM202,21
ARIH1,10650
HIGD2B,12
BBS4,3239
ADPGK,7730
NEO1,3767
HCN4,11
REC114,9
NPTN,10640
CD276,7411
INSYN1,425
TBC1D21,3
LOXL1,7814
STOML1,572
PML,3738
ISLR2,87
ISLR,4933
STRA6,682
CCDC33,36
CYP11A1,51
SEMA7A,260
UBL7,4352
ARID3B,957
CLK3,3577
EDC3,2915
CYP1A1,14
CYP1A2,5
CSK,2679
LMAN1L,18
CPLX3,14
ULK3,1637
SCAMP2,5623
MPI,1313
FAM219B,3819
RPP25,542
SCAMP5,2010
PPCDC,2731
C15ORF39,2328
COMMD4,4824
NEIL1,8086
SIN3A,6027
PTPN9,4253
SNUPN,3244
IMP3,2682
SNX33,2690
CSPG4,1466
ODF3L1,86
UBE2Q2,11667
FBXO22,2371
NRG4,34
TMEM266,85
ETFA,5424
ISL2,4
SCAPER,1680
RCN2,3528
PSTPIP1,424
TSPAN3,23744
PEAK1,7455
HMG20A,2748
LINGO1,7365
TBC1D2B,5140
SH2D7,4
CIB2,354
IDH3A,1493
ACSBG1,23
DNAJA4,9559
WDR61,4447
CRABP1,495
IREB2,3841
HYKK,1016
PSMA4,3890
CHRNA5,89
CHRNA3,15
CHRNB4,30
ADAMTS7,433
MORF4L1,8881
CTSH,6053
RASGRF1,88
ANKRD34C,11
TMED3,5624
MINAR1,233
MTHFS,4348
AC015871.1,595
BCL2A1,288
FAH,4964
CTXND1,4
ARNT2,703
ABHD17C,2314
CEMIP,190
MESD,4803
TLNRD1,3245
CFAP161,73
IL16,871
STARD5,1250
TMC3,2222
MEX3B,477
EFL1,3016
SAXO2,3638
CPEB1,166
AP3B2,264
FSD2,16
WHAMM,2613
HOMER2,6920
RAMAC,3570
C15ORF40,3280
BTBD1,8824
TM6SF1,1029
HDGFL3,10020
BNC1,30
SH3GL3,17
ADAMTSL3,348
ZSCAN2,2108
WDR73,4658
NMB,370
SEC11A,37614
ZNF592,4827
ALPK3,777
SLC28A1,19
PDE8A,5151
AKAP13,9945
KLHL25,1052
AGBL1,12
NTRK3,1186
DET1,1256
AEN,1019
ISG20,4032
ACAN,85
HAPLN3,1625
MFGE8,7082
ABHD2,4735
RLBP1,3
FANCI,1495
POLG,1506
RHCG,5
TICRR,79
KIF7,656
PLIN1,703
PEX11A,4739
WDR93,963
MESP1,192
MESP2,221
ANPEP,2594
AP3S2,4873
ARPIN,6025
ZNF710,895
IDH2,11173
SEMA4B,7578
CIB1,11239
GDPGP1,945
TTLL13P,110
NGRN,7493
ZNF774,401
IQGAP1,3753
CRTC3,3111
BLM,182
FURIN,2701
FES,690
MAN2A2,3543
HDDC3,1657
UNC45A,2547
RCCD1,1273
PRC1,428
VPS33B,879
SV2B,46
SLCO3A1,1619
ST8SIA2,15
FAM174B,11399
CHD2,16151
RGMA,751
MCTP2,1032
NR2F2,7485
SPATA8,11
ARRDC4,3380
FAM169B,11
IGF1R,16225
PGPEP1L,16
SYNM,1141
TTC23,1142
LRRC28,1310
MEF2A,4457
LYSMD4,529
ADAMTS17,2280
CERS3,70
LINS1,4774
ASB7,3622
ALDH1A3,1782
LRRK1,3620
CHSY1,10897
SELENOS,3927
SNRPA1,2518
PCSK6,12028
TM2D3,4405
TARSL2,1448
OR4F6,9
OR4F15,12
OR4F4,17
POLR3K,2208
SNRNP25,8574
RHBDF1,2719
MPG,3236
NPRL3,5398
HBZ,1
HBM,3
HBA2,1832
HBQ1,7
LUC7L,12843
FAM234A,3866
RGS11,828
ARHGDIG,49
PDIA2,22
AXIN1,4271
TMEM8A,3598
NME4,13263
RAB11FIP3,5377
CAPN15,2012
PRR35,8
PIGQ,6565
NHLRC4,611
RAB40C,2447
WFIKKN1,156
METTL26,13486
MCRIP2,1295
WDR90,7889
RHOT2,9943
RHBDL1,467
STUB1,10352
JMJD8,6012
WDR24,1556
FBXL16,506
METRN,15891
ANTKMT,5483
CCDC78,1459
HAGHL,3343
CIAO3,2553
MSLN,39
MSLNL,92
RPUSD1,2193
CHTF18,1494
GNG13,9
LMF1,2356
SOX8,45
SSTR5,6
C1QTNF8,40
CACNA1H,928
TPSG1,68
TPSD1,13
UBE2I,13570
BAIAP3,1573
TSR3,8465
GNPTG,4530
C16ORF91,1759
AL032819.3,29
CCDC154,656
CLCN7,5519
PTX4,28
TELO2,9265
IFT140,3495
TMEM204,3081
CRAMP1,6450
JPT2,10737
MAPK8IP3,6584
NME3,24111
EME2,3795
SPSB3,10535
NUBP2,4109
IGFALS,655
HAGH,4381
FAHD1,2629
MEIOB,19
HS3ST6,21
MSRB1,2416
NDUFB10,16153
RNF151,12
TBL3,3565
NOXO1,146
GFER,3727
SYNGR3,176
ZNF598,2193
NPW,124
SLC9A3R2,8140
NTHL1,1225
TSC2,5963
PKD1,2985
RAB26,1613
TRAF7,8805
CASKIN1,219
MLST8,5554
BRICD5,458
PGP,3432
E4F1,4034
DNASE1L2,195
ECI1,6606
RNPS1,11515
ABCA3,1035
CCNF,464
TEDC2,210
NTN3,24
TBC1D24,1603
ATP6V0C,3501
AMDHD2,5837
CEMP1,290
PDPK1,1945
KCTD5,2953
PRSS27,693
SRRM2,10159
PRSS33,5
PRSS41,10
PRSS21,233
ZG16B,10352
PRSS22,1320
FLYWCH2,3563
KREMEN2,157
PKMYT1,163
PAQR4,1883
CLDN9,59
CLDN6,30
TNFRSF12A,3912
HCFC1R1,7877
THOC6,3650
BICDL2,6072
MMP25,135
IL32,5937
ZSCAN10,10
ZNF205,3213
ZNF213,1972
ZNF200,2441
MEFV,81
ZNF263,6058
TIGD7,757
ZNF75A,5559
OR2C1,80
AC025283.2,1
ZSCAN32,2499
ZNF174,1736
ZNF597,894
NAA60,8178
C16ORF90,8
CLUAP1,4370
NLRC3,247
SLX4,1228
DNASE1,1607
TRAP1,7764
CREBBP,13798
ADCY9,2099
SRL,119
TFAP4,1004
GLIS2,998
PAM16,5989
CORO7,2160
VASN,747
DNAJA3,3870
NMRAL1,9801
HMOX2,4114
CDIP1,887
C16ORF96,16
UBALD1,972
MGRN1,5366
NUDT16L1,4659
ANKS3,2442
C16ORF71,557
ZNF500,3019
SEPTIN12,141
SMIM22,8067
ROGDI,3199
GLYR1,1916
UBN1,6155
PPL,1260
SEC14L5,25
NAGPA,2024
ALG1,2858
C16ORF89,5001
EEF2KMT,1033
RBFOX1,15
TMEM114,14
METTL22,2584
ABAT,5253
TMEM186,1911
PMM2,4565
CARHSP1,5066
LITAFD,7
USP7,4180
C16ORF72,9631
GRIN2A,135
ATF7IP2,1837
EMP2,7211
TEKT5,50
NUBP1,2730
TVP23A,83
CIITA,3601
DEXI,3953
CLEC16A,5137
RMI2,783
SOCS1,627
TNP2,4
PRM3,4
PRM2,3
PRM1,11
AC099489.1,106
LITAF,15496
SNN,1158
TXNDC11,6310
ZC3H7A,5162
RSL1D1,12092
GSPT1,2243
NPIPB2,4
TNFRSF17,124
SNX29,2218
CPPED1,1035
SHISA9,235
ERCC4,1309
MRTFB,9709
PARN,7245
BFAR,5788
PLA2G10,208
NOMO1,3405
NTAN1,5845
MPV17L,5799
BMERB1,4337
MARF1,11317
NDE1,6745
MYH11,8274
FOPNL,6289
ABCC1,4950
XYLT1,932
ARL6IP1,9211
SMG1,10280
TMC7,243
COQ7,5132
ITPRIPL2,9293
SYT17,2418
CLEC19A,56
TMC5,12959
GDE1,7333
CCP110,6900
VPS35L,10341
KNOP1,3733
IQCK,7191
GPRC5B,2322
GPR139,14
GP2,7294
UMOD,780
PDILT,19
ACSM5,106
ACSM2A,14
ACSM2B,7
ACSM3,353
ACSM1,408
THUMPD1,6518
ERI2,6906
REXO5,664
DCUN1D3,2228
LYRM1,4123
DNAH3,73
TMEM159,4520
ZP2,5
ANKS4B,13
CRYM,57
METTL9,28751
IGSF6,726
OTOA,37
UQCRC2,7239
PDZD9,18
MOSMO,2055
VWA3A,442
EEF2K,9482
POLR3E,7483
CDR2,3308
HS3ST2,98
USP31,1399
SCNN1G,123
SCNN1B,38
COG7,7282
GGA2,3401
EARS2,2880
UBFD1,1534
NDUFAB1,10170
PALB2,2206
DCTN5,1262
PLK1,313
ERN2,16
CHP2,6
PRKCB,398
CACNG3,6
RBBP6,3674
TNRC6A,11007
SLC5A11,17
ARHGAP17,5082
LCMT1,4866
AQP8,18
ZKSCAN2,862
HS3ST4,8
KDM8,469
NSMCE1,10771
IL4R,1901
IL21R,127
GTF3C1,3453
KIAA0556,3561
GSG1L,24
XPO6,3581
SBK1,2988
CLN3,11088
APOBR,1910
IL27,22
NUPR1,30349
SGF29,2949
SULT1A2,203
SULT1A1,1718
ATXN2L,3863
TUFM,19027
SH2B1,8171
ATP2A1,56
RABEP2,5394
CD19,34
NFATC2IP,5849
SPNS1,6070
LAT,1280
SPN,276
QPRT,1691
C16ORF54,128
ZG16,10
KIF22,4187
MAZ,5659
PRRT2,1914
PAGR1,7599
MVP,2025
CDIPT,6446
SEZ6L2,1046
ASPHD1,62
KCTD13,6310
TMEM219,25831
TAOK2,4988
HIRIP3,2294
INO80E,11093
DOC2A,2852
C16ORF92,14
TLCD3B,568
PPP4C,11168
TBX6,743
YPEL3,18763
GDPD3,1100
MAPK3,4885
CORO1A,1181
CD2BP2,6149
TBC1D10B,5047
MYLPF,67
ZNF48,1005
SEPTIN1,1401
ZNF771,1322
DCTPP1,6497
SEPHS2,7430
ITGAL,1329
ZNF768,7102
ZNF747,1117
ZNF764,801
ZNF688,1511
ZNF785,1881
ZNF689,1487
PRR14,10499
FBRS,3563
SRCAP,9453
TMEM265,763
PHKG2,5536
CCDC189,2325
RNF40,7444
ZNF629,1025
BCL7C,8301
CTF1,680
FBXL19,3102
ORAI3,1137
SETD1A,2025
HSD3B7,2210
STX1B,305
STX4,8800
ZNF668,980
ZNF646,1721
PRSS53,326
VKORC1,7603
BCKDK,4798
KAT8,5372
PRSS8,14086
PRSS36,566
FUS,10251
PYCARD,12003
TRIM72,4378
PYDC1,9165
ITGAM,2081
ITGAX,2324
ITGAD,67
COX6A2,21
ZNF843,143
ARMC5,714
TGFB1I1,2895
SLC5A2,28
C16ORF58,9449
AHSP,15
ZNF720,479
ZNF267,2666
SHCBP1,219
ORC6,135
MYLK3,81
C16ORF87,624
GPT2,385
DNAJA2,5235
NETO2,435
ITFG1,5300
PHKB,5721
ABCC12,126
ABCC11,1957
LONP2,14134
SIAH1,1501
N4BP1,2378
CBLN1,49
C16ORF78,2
ZNF423,1124
CNEP1R1,1131
HEATR3,1731
TENT4B,2557
ADCY7,632
BRD7,4961
NKD1,321
SNX20,288
NOD2,199
CYLD,1821
SALL1,63
TOX3,1773
AC007906.2,200
CHD9,1659
RBL2,8900
AKTIP,2782
RPGRIP1L,1376
FTO,2013
IRX3,15929
IRX5,7435
IRX6,29
MMP2,27591
LPCAT2,1487
CAPNS2,25
SLC6A2,11
CES1,239
CES5A,6
GNAO1,903
AMFR,16761
NUDT21,4633
OGFOD1,1745
BBS2,2938
MT4,3
MT3,13
MT2A,16750
MT1E,1566
MT1M,339
MT1A,177
MT1B,4
MT1F,283
MT1G,44
MT1H,4
MT1X,3408
NUP93,1156
SLC12A3,48
HERPUD1,8266
CETP,51
NLRC5,2100
CPNE2,1027
FAM192A,1521
RSPRY1,3779
ARL2BP,5385
PLLP,299
CCL22,280
CX3CL1,466
CCL17,253
CIAPIN1,690
COQ9,2590
POLR2C,1596
DOK4,1001
CCDC102A,909
ADGRG5,100
ADGRG1,3784
ADGRG3,64
DRC7,86
KATNB1,791
KIFC3,999
TEPP,17
ZNF319,289
USB1,2063
MMP15,480
CFAP20,1501
CSNK2A2,3394
CCDC113,928
PRSS54,3
GINS3,147
NDRG4,157
SETD6,1357
CNOT1,2409
SLC38A7,1820
GOT2,2679
CDH8,152
CDH11,14801
CDH5,2052
BEAN1,62
TK2,3227
CKLF,2928
CMTM1,56
CMTM2,43
CMTM3,9036
CMTM4,3019
DYNC1LI2,10688
TERB1,50
NAE1,3779
CA7,1
PDP2,563
RRAD,591
CIAO2B,1128
CES2,1338
CES3,635
CES4A,1150
CBFB,6231
C16ORF70,2135
B3GNT9,847
TRADD,2385
FBXL8,3622
HSF4,4511
NOL3,2195
KIAA0895L,2586
EXOC3L1,380
E2F4,3910
ELMO3,2044
LRRC29,446
TMEM208,2424
FHOD1,575
SLC9A5,284
PLEKHG4,1479
KCTD19,44
LRRC36,431
TPPP3,8735
ZDHHC1,3108
HSD11B2,866
ATP6V0D1,3318
AGRP,9
RIPOR1,1872
CTCF,2420
CARMIL2,195
ACD,1045
PARD6A,433
ENKD1,2335
C16ORF86,607
GFOD2,2992
RANBP10,1507
TSNAXIP1,361
CENPT,4348
THAP11,1568
NUTF2,3966
EDC4,2555
NRN1L,260
PSKH1,3114
CTRL,167
PSMB10,2627
LCAT,764
SLC12A4,2785
DPEP3,19
DPEP2,245
DUS2,376
DPEP2NB,4
DDX28,405
NFATC3,3901
ESRP2,4889
PLA2G15,1064
SLC7A6,2097
SLC7A6OS,1037
PRMT7,2028
SMPD3,178
ZFP90,2003
CDH3,1648
CDH1,8347
TANGO6,805
HAS3,199
DERPC,227
CHTF8,685
UTP4,1678
SNTB2,3169
VPS4A,3830
COG8,1165
PDF,26
NIP7,871
TMED6,124
TERF2,2151
CYB5B,4358
NFAT5,7298
NQO1,3100
NOB1,2699
WWP2,2852
CLEC18A,90
PDPR,4573
CLEC18C,24
EXOSC6,1958
AARS,860
DDX19B,1301
DDX19A,1354
ST3GAL2,909
FCSK,954
COG4,3059
SF3B3,4610
IL34,717
MTSS2,3415
VAC14,1556
HYDIN,798
CMTR2,2787
CALB2,159
TLE7,8
ZNF23,1066
ZNF19,1337
CHST4,11
TAT,35
MARVELD3,1340
PHLPP2,794
AP1G1,3525
ATXN1L,2170
ZNF821,779
PKD1L3,29
DHODH,465
TXNL4B,969
HP,38
HPR,4
DHX38,2076
PMFBP1,92
ZFHX3,2300
PSMD7,2267
NPIPB15,10
GLG1,1815
RFWD3,1237
MLKL,902
FA2H,137
WDR59,2080
ZNRF1,2858
LDHD,403
ZFP1,903
CTRB2,2
CTRB1,4
BCAR1,3442
CFDP1,7580
TMEM170A,1382
CHST6,48
CHST5,48
TMEM231,690
GABARAPL2,2059
ADAT1,2971
KARS,1911
TERF2IP,2065
AC025287.4,11
DUXB,2
CPHXL,6
CNTNAP4,13
MON1B,2748
SYCE1L,52
ADAMTS18,127
NUDT7,333
VAT1L,12
CLEC3A,5
WWOX,2886
MAF,3065
DYNLRB2,2706
CDYL2,1857
CMC2,1356
CENPN,613
ATMIN,2457
C16ORF46,1097
BCO1,40
GAN,731
CMIP,5304
PLCG2,580
SDR42E1,957
HSD17B2,87
MPHOSPH6,2077
CDH13,2270
HSBP1,3829
MLYCD,1099
OSGIN1,67
NECAB2,40
SLC38A8,4
MBTPS1,13450
HSDL1,1725
DNAAF1,2333
TAF1C,1703
ADAD2,53
KCNG4,1
WFDC1,317
ATP2C2,631
MEAK7,1352
COTL1,2317
KLHL36,1680
USP10,2197
CRISPLD2,5209
ZDHHC7,3694
KIAA0513,1058
FAM92B,126
GSE1,4237
GINS2,508
C16ORF74,4078
EMC8,1374
COX4I1,7686
IRF8,1627
FOXF1,86
MTHFSD,841
FOXC2,763
FOXL1,123
C16ORF95,380
FBXO31,1349
MAP1LC3B,5707
ZCCHC14,2077
JPH3,21
KLHDC4,2811
SLC7A5,1489
CA5A,8
BANP,513
ZNF469,570
ZC3H18,1941
IL17C,2
CYBA,7179
MVD,490
SNAI3,119
RNF166,793
CTU2,488
PIEZO1,5544
CDT1,508
APRT,8406
GALNS,1738
TRAPPC2L,1986
PABPN1L,16
CBFA2T3,980
ACSF3,2435
CDH15,7
SLC22A31,20
ZNF778,888
ANKRD11,7153
SPG7,7082
CPNE7,3132
DPEP1,457
CHMP1A,2640
SPATA33,1503
SPATA2L,791
VPS9D1,1669
ZNF276,2079
FANCA,236
SPIRE2,646
TCF25,9520
MC1R,633
DEF8,321
CENPBD1,744
DBNDD1,1873
GAS8,2298
PRDM7,9
SCGB1C2,8
DOC2B,866
RPH3AL,3070
C17ORF97,2441
RFLNB,953
VPS53,5739
TLCD3A,206
GEMIN4,533
GLOD4,1282
MRM3,557
NXN,845
TIMM22,2726
ABR,5075
TRARG1,36
YWHAE,23516
CRK,5528
MYO1C,8006
INPP5K,2798
PITPNA,4580
SLC43A2,1081
SCARF1,656
RILP,615
PRPF8,3080
TLCD2,660
WDR81,2716
SERPINF2,497
SERPINF1,13072
SMYD4,2725
RPA1,2043
RTN4RL1,970
DPH1,1785
HIC1,864
SMG6,2468
SRR,2267
TSR1,2813
SGSM2,7509
METTL16,2803
PAFAH1B1,10043
CLUH,3858
RAP1GAP2,1597
OR1D5,4
OR1D2,5
OR1G1,9
OR1A2,8
OR1A1,2
OR3A2,11
OR3A1,17
AC087498.1,9
OR1E1,11
OR3A3,5
SPATA22,24
ASPA,404
TRPV3,50
TRPV1,1984
SHPK,3522
CTNS,1341
TAX1BP3,11260
EMC6,2553
P2RX5,584
HASPIN,133
NCBP3,6831
CAMKK1,1296
P2RX1,171
ATP2A3,5526
ZZEF1,3913
CYB5D2,3455
ANKFY1,4044
UBE2G1,3805
SPNS3,119
SPNS2,567
MYBBP1A,2869
GGT6,989
SMTNL2,28
ALOX15,3
PELP1,3158
ARRB2,4861
MED11,1931
CXCL16,4379
ZMYND15,394
TM4SF5,8
VMO1,232
GLTPD2,3
PSMB6,2264
AC233723.1,321
PLD2,2548
MINK1,9865
CHRNE,46
C17ORF107,292
SLC25A11,4706
RNF167,7177
PFN1,29010
ENO3,747
SPAG7,7397
CAMTA2,4036
INCA1,127
KIF1C,6401
SLC52A1,104
ZFP3,3065
ZNF232,755
USP6,22
ZNF594,659
SCIMP,349
RABEP1,28609
NUP88,3548
RPAIN,7644
C1QBP,4547
DHX33,1912
DERL2,4285
MIS12,4180
NLRP1,2138
WSCD1,71
AIPL1,7
PIMREG,50
PITPNM3,331
KIAA0753,5451
TXNDC17,6389
MED31,400
C17ORF100,279
SLC13A5,10
XAF1,5098
FBXO39,92
TEKT1,119
ALOX12,15
RNASEK,9118
C17ORF49,3495
BCL6B,555
SLC16A13,539
SLC16A11,715
CLEC10A,920
ASGR2,53
ASGR1,102
DLG4,4032
ACADVL,27073
DVL2,3352
PHF23,4702
GABARAP,18612
CTDNEP1,6662
ELP5,3421
CLDN7,10476
SLC2A4,96
YBX2,81
GPS2,4707
NEURL4,2168
ACAP1,633
KCTD11,760
TMEM95,28
TNK1,2824
PLSCR3,2767
TMEM256,4079
NLGN2,2765
SPEM1,6
SPEM2,14
SPEM3,3
TMEM102,874
FGF11,196
CHRNB1,643
ZBTB4,6955
POLR2A,9780
TNFSF12,4606
TNFSF13,7776
SENP3,3841
EIF4A1,22916
CD68,4850
MPDU1,2827
SOX15,58
FXR2,1903
SHBG,66
SAT2,5755
ATP1B2,331
TP53,5637
WRAP53,883
EFNB3,187
KDM6B,4769
TMEM88,429
NAA38,15183
CYB5D1,553
CHD3,14459
RNF227,1885
KCNAB3,201
TRAPPC1,3841
CNTROB,4614
ALOX15B,2165
ALOX12B,9
ALOXE3,17
HES7,25
PER1,10659
VAMP2,5588
TMEM107,3279
BORCS6,917
AURKB,251
CTC1,1775
PFAS,2077
SLC25A35,770
RANGRF,1552
ARHGEF15,876
ODF4,8
KRBA2,1104
NDEL1,2689
MYH10,4064
CCDC42,15
SPDYE4,12
MFSD6L,386
PIK3R6,132
PIK3R5,664
NTN1,1867
STX8,4181
CFAP52,389
USP43,1184
DHRS7C,11
GSG1L2,4
GLP2R,5
RCVRN,13
GAS7,1779
MYH13,4
MYH8,4
MYH4,6
MYH1,9
MYH2,7
MYH3,106
SCO1,1532
ADPRM,1650
TMEM220,958
TMEM238L,71
PIRT,12
SHISA6,74
DNAH9,299
ZNF18,1029
MAP2K4,8584
MYOCD,96
ARHGAP44,1352
ELAC2,4892
COX10,1932
CDRT15,7
HS3ST3B1,204
PMP22,4813
TEKT3,59
CDRT4,3532
TVP23C,138
CDRT1,28
TRIM16,1509
ZNF286A,327
ADORA2B,262
ZSWIM7,3614
TTC19,6136
NCOR1,15054
PIGL,3823
CENPV,271
UBB,19631
TRPV2,534
LRRC75A,19
ZNF287,983
ZNF624,1177
TNFRSF13B,50
MPRIP,9942
PLD6,1190
FLCN,1891
COPS3,5026
NT5M,975
MED9,1469
RASD1,3113
PEMT,1934
RAI1,2206
SREBF1,24803
TOM1L2,3874
DRC3,2891
ATPAF2,867
GID4,1166
DRG2,2369
MYO15A,365
ALKBH5,9890
LLGL1,2216
FLII,7227
MIEF2,1296
TOP3A,1770
SMCR8,2537
SHMT1,2726
LGALS9C,27
TBC1D28,2
TRIM16L,200
FBXW10,32
PRPSAP2,2389
SLC5A10,55
FAM83G,732
EPN2,5110
B9D1,5023
MAPK7,2168
MFAP4,3242
RNF112,48
SLC47A1,134
ALDH3A2,5395
SLC47A2,124
ALDH3A1,8
ULK2,5758
AKAP10,4733
SPECC1,2737
CDRT15L2,7
USP22,7153
DHRS7B,1668
TMEM11,4517
NATD1,621
MAP2K3,3329
LINC02693,167
KCNJ18,1
WSB1,15092
KSR1,1495
LGALS9,2673
NOS2,41
LYRM9,2013
NLK,12406
TMEM97,1833
IFT20,5483
TNFAIP1,2315
POLDIP2,7632
TMEM199,2673
SEBOX,5
SARM1,1379
VTN,30
SLC46A1,1223
SLC13A2,112
FOXN1,58
UNC119,2109
PIGS,3430
ALDOC,375
SPAG5,592
KIAA0100,8490
SDF2,3339
SUPT6H,8288
PROCA1,317
RAB34,8110
TLCD1,572
NEK8,1010
TRAF4,11715
FAM222B,3358
ERAL1,2549
FLOT2,8596
DHRS13,1024
PHF12,6607
PIPOX,60
SEZ6,8
MYO18A,4235
TIAF1,702
CRYBA1,6
NUFIP2,6440
TAOK1,11616
ABHD15,935
TP53I13,904
GIT1,2391
ANKRD13B,924
CORO6,118
SSH2,1286
SLC6A4,15295
BLMH,7440
TMIGD1,15
CPD,9604
GOSR1,1918
CRLF3,1684
ATAD5,1092
TEFM,3330
ADAP2,1224
RNF135,2504
NF1,7089
OMG,18
EVI2B,2267
EVI2A,1339
RAB11FIP4,5123
COPRS,7008
UTP6,2503
SUZ12,8947
LRRC37B,1181
RHOT1,8287
RHBDL3,185
C17ORF75,3701
ZNF207,2271
PSMD11,1699
CDK5R1,215
MYO1D,5944
TMEM98,5092
SPACA3,4
ASIC2,15
CCL2,691
CCL7,19
CCL11,43
CCL8,92
CCL13,23
CCL1,2
TMEM132E,76
CCT6B,1432
ZNF830,2829
LIG3,3539
RFFL,5515
RAD51D,2017
FNDC8,13
NLE1,1105
UNC45B,5
SLC35G3,11
SLFN5,3358
SLFN11,1671
SLFN12,853
SLFN13,219
SLFN12L,151
SLFN14,10
PEX12,582
AP2B1,3852
TAF15,3750
RASL10B,194
GAS2L2,173
MMP28,721
C17ORF50,12
HEATR9,26
CCL5,2176
RDM1,54
LYZL6,1
CCL16,58
CCL14,1976
CCL15,46
CCL23,35
CCL18,26
CCL3,174
CCL4,271
TBC1D3B,29
CCL3L1,9
CCL4L2,19
MYO19,2851
PIGW,1384
GGNBP2,2639
DHRS11,911
MRM1,754
LHX1,6
AATF,5365
ACACA,4568
C17ORF78,13
TADA2A,3317
DUSP14,1268
SYNRG,4488
DDX52,1616
HNF1B,1
TBC1D3E,18
GPR179,20
SOCS7,2001
ARHGAP23,1657
SRCIN1,3515
EPOP,166
MLLT6,15660
CISD3,4351
PCGF2,13194
PSMB3,1991
PIP4K2B,4464
CWC25,1868
C17ORF98,10
LASP1,7929
LINC00672,241
FBXO47,26
PLXDC1,3038
ARL5C,12
CACNB1,831
STAC2,433
FBXL20,2066
MED1,6489
CDK12,5524
PPP1R1B,10679
STARD3,6411
TCAP,207
PNMT,725
PGAP3,6329
ERBB2,18617
MIEN1,7290
GRB7,2132
IKZF3,510
ZPBP2,21
GSDMB,1726
ORMDL3,4790
LRRC3C,39
GSDMA,56
PSMD3,6541
CSF3,39
MED24,4174
THRA,2577
NR1D1,720
MSL1,6518
CASC3,11650
RAPGEFL1,770
WIPF2,5042
CDC6,257
RARA,5412
GJD3,38
TOP2A,1185
IGFBP4,23387
TNS4,1811
CCR7,303
SMARCE1,7237
KRT222,293
KRT24,11
KRT25,10
KRT26,12
KRT27,5
KRT28,6
KRT10,3553
TMEM99,2438
KRT12,14
KRT20,12
KRT23,1032
KRT39,11
KRT40,7
KRTAP3-3,18
KRTAP3-2,11
KRTAP3-1,11
KRTAP1-5,11
KRTAP1-3,7
KRTAP1-1,10
KRTAP2-3,20
KRTAP2-4,10
KRTAP4-16,12
KRTAP4-11,15
KRTAP4-12,16
KRTAP4-6,6
KRTAP4-5,10
KRTAP4-4,14
KRTAP4-3,6
KRTAP4-2,7
KRTAP4-1,2
KRTAP9-3,13
KRTAP9-8,1
KRTAP9-9,10
KRTAP9-6,2
KRTAP9-7,12
KRTAP29-1,11
KRTAP16-1,7
KRTAP17-1,8
KRT33A,4
KRT33B,8
KRT34,6
KRT31,9
KRT37,22
KRT38,6
KRT32,12
KRT35,3
KRT36,11
KRT13,11
KRT15,1031
KRT19,22852
KRT9,8
KRT14,9619
KRT16,370
KRT17,10908
EIF1,15250
GAST,3
HAP1,35
JUP,10118
P3H4,1296
FKBP10,3809
NT5C3B,6863
KLHL10,36
KLHL11,962
ACLY,2261
TTC25,641
CNP,2779
DNAJC7,7215
NKIRAS2,3217
ZNF385C,164
C17ORF113,707
DHX58,2175
KAT2A,2759
HSPB9,30
RAB5C,9593
KCNH4,12
GHDC,2454
STAT5B,7175
STAT5A,3454
STAT3,10767
CAVIN1,4481
ATP6V0A1,3073
NAGLU,2733
HSD17B1,115
COASY,3087
MLX,4838
PSMC3IP,708
RETREG3,6363
TUBG1,2036
TUBG2,2965
PLEKHH3,3103
CCR10,127
CNTNAP1,455
EZH1,4480
RAMP2,2728
VPS25,5014
WNK4,1847
COA3,12579
CNTD1,691
BECN1,7730
PSME3,1132
AOC2,445
AOC3,290
G6PC,12
AARSD1,2205
PTGES3L,588
RUNDC1,3632
IFI35,3768
VAT1,7933
RND2,484
BRCA1,866
NBR1,9009
TMEM106A,2181
CCDC200,21
ARL4D,522
DHX8,4096
ETV4,3905
MEOX1,172
SOST,6
DUSP3,3561
CFAP97D1,21
MPP3,1063
CD300LG,62
MPP2,307
PPY,3
PYY,49
NAGS,970
TMEM101,17298
LSM12,3714
G6PC3,3143
HDAC5,3735
C17ORF53,310
ASB16,986
TMUB2,8334
ATXN7L3,3562
UBTF,7262
SLC4A1,16
RUNDC3A,32
SLC25A39,14528
GRN,9094
FAM171A2,180
ITGA2B,65
GPATCH8,5430
FZD2,432
MEIOC,20
CCDC43,2321
DBF4B,1448
ADAM11,286
GJC1,1147
HIGD1B,1630
EFTUD2,3005
GFAP,9
KIF18B,65
C1QL1,54
DCAKD,5134
NMT1,4137
PLCD3,1113
ACBD4,2379
HEXIM1,4144
HEXIM2,1537
FMNL1,938
SPATA32,31
MAP3K14,1281
ARHGAP27,2100
PLEKHM1,849
CRHR1,18
SPPL2C,4
MAPT,10922
STH,433
KANSL1,9457
LRRC37A2,230
NSF,5064
WNT3,1061
WNT9B,36
GOSR2,10411
RPRML,36
CDC27,4155
MYL4,42
ITGB3,2221
EFCAB13,3066
NPEPPS,15301
KPNB1,4534
TBKBP1,1466
TBX21,46
OSBPL7,1190
LRRC46,510
SCRN2,3618
SP6,371
SP2,3896
PNPO,3564
PRR15L,4669
CDK5RAP3,29988
COPZ2,2592
NFE2L1,17944
SNX11,1308
SKAP1,5596
HOXB1,5
HOXB2,7295
HOXB3,15143
HOXB4,6705
HOXB5,1443
HOXB6,2616
HOXB7,1386
HOXB8,28
HOXB9,43
PRAC1,7
PRAC2,6
HOXB13,3
TTLL6,63
CALCOCO2,12614
ATP5MC1,3778
UBE2Z,5283
SNF8,8742
GIP,6
IGF2BP1,12
B4GALNT2,111
GNGT2,124
ABI3,766
PHOSPHO1,28
ZNF652,11291
PHB,5861
NGFR,783
NXPH3,6329
SPOP,27724
SLC35B1,5466
FAM117A,1295
KAT7,5644
TAC4,7
DLX4,282
DLX3,65
ITGA3,4091
PDK2,3226
SAMD14,202
PPP1R9B,5963
SGCA,145
COL1A1,209380
TMEM92,71
XYLT2,1944
EME1,135
LRRC59,2662
ACSF2,10894
CHAD,6479
RSAD1,3474
MYCBPAP,1157
EPN3,1137
SPATA20,4549
CACNA1G,58
ABCC3,2784
ANKRD40,6614
LUC7L3,31034
ANKRD40CL,47
WFIKKN2,13
TOB1,23525
SPAG9,7929
NME1,3126
NME2,32221
MBTD1,6311
UTP18,2969
CA10,5
KIF2B,6
TOM1L1,9282
COX11,4964
STXBP4,3089
HLF,4146
MMD,2265
SMIM36,8
TMEM100,309
PCTP,1894
ANKFN1,74
NOG,124
C17ORF67,91
DGKE,1276
TRIM25,2836
COIL,2428
SCPEP1,6489
AKAP1,8762
MSI2,15180
CCDC182,5
CUEDC1,4538
VEZF1,27953
SRSF1,1994
DYNLL2,14921
OR4D1,13
OR4D2,9
EPX,11
MKS1,1202
LPO,15
MPO,21
TSPOAP1,6492
SUPT4H1,2664
RNF43,935
HSF5,32
MTMR4,2413
SEPTIN4,2429
TEX14,60
AC011195.2,15
RAD51C,1249
PPM1E,72
TRIM37,1858
SKA2,70
PRR11,340
SMG8,348
GDPD1,847
YPEL2,2410
DHX40,6256
CLTC,1696
PTRH2,2343
VMP1,35640
TUBD1,2912
RNFT1,1251
HEATR6,1181
CA4,22
USP32,10458
C17ORF64,13
APPBP2,4446
PPM1D,884
BCAS3,2821
TBX2,1601
TBX4,19
BRIP1,523
INTS2,1469
MED13,6336
EFCAB3,7
METTL2A,2206
TLK2,3751
MRC2,5074
MARCH10,204
TANC2,6522
CYB561,5973
ACE,1828
KCNH6,10
DCAF7,5393
TACO1,1662
MAP3K3,3033
STRADA,2773
LIMD2,1132
CCDC47,16332
DDX42,10556
FTSJ3,1211
PSMC5,9962
SMARCD2,9029
CSH2,3
GH2,9
CSHL1,7
GH1,4
CD79B,215
SCN4A,254
PRR29,789
ICAM2,954
ERN1,9284
TEX2,7321
PECAM1,8691
MILR1,934
POLG2,2482
DDX5,25308
CEP95,2597
SMURF2,5198
LRRC37A3,2379
GNA13,2206
AXIN2,1314
CEP112,614
APOH,9
PRKCA,277
CACNG5,5
CACNG4,943
CACNG1,36
HELZ,7280
PSMD12,4408
PITPNC1,3249
NOL11,779
BPTF,10259
C17ORF58,7020
KPNA2,1521
AMZ2,5166
ARSG,10250
SLC16A6,12541
WIPI1,7777
PRKAR1A,13010
FAM20A,752
ABCA8,1162
ABCA9,1046
ABCA6,1644
ABCA10,1215
ABCA5,4083
MAP2K6,763
KCNJ16,14
KCNJ2,99
SOX9,5160
SLC39A11,3068
SSTR2,88
COG1,2727
FAM104A,514
C17ORF80,1614
CPSF4L,122
CDC42EP4,2040
SDK2,287
TTYH2,530
DNAI2,86
KIF19,132
BTBD17,1
GPR142,31
GPRC5C,1572
CD300A,837
CD300LB,69
CD300C,78
CD300LD,2
CD300E,41
RAB37,214
CD300LF,165
SLC9A3R1,16769
NAT9,1612
TMEM104,901
GRIN2C,185
FDXR,690
FADS6,11
USH1G,7
OTOP2,6
OTOP3,2
HID1,6777
CDR2L,1940
KCTD2,2531
ATP5PD,11012
SLC16A5,1513
ARMC7,933
NT5C,2102
JPT1,762
SUMO2,14992
NUP85,4119
GGA3,3134
MIF4GD,2608
SLC25A19,407
GRB2,3192
TMEM94,4077
CASKIN2,1168
TSEN54,1013
LLGL2,7195
MYO15B,9728
RECQL5,3509
SMIM5,492
SMIM6,132
SAP30BP,3501
ITGB4,9258
GALK1,938
H3F3B,3624
UNK,5981
UNC13D,680
WBP2,3774
TRIM47,1572
TRIM65,1360
FBF1,3470
ACOX1,3383
TEN1,3880
CDK3,829
EVPL,1845
SRP68,4618
ZACN,56
GALR2,16
EXOC7,8671
FOXJ1,435
RNF157,135
UBALD2,2432
QRICH2,279
PRPSAP1,4573
SPHK1,2052
UBE2O,2115
AANAT,9
RHBDF2,884
CYGB,1035
PRCD,156
ST6GALNAC2,673
ST6GALNAC1,33
MXRA7,11655
JMJD6,1960
METTL23,4528
SRSF2,11358
MFSD11,3468
MGAT5B,75
SEC14L1,7052
SEPTIN9,12363
TNRC6C,5194
TMC6,2282
TMC8,698
C17ORF99,10
SYNGR2,26345
TK1,795
BIRC5,296
TMEM235,2
SOCS3,4253
PGS1,3429
DNAH17,16
CYTH1,4035
USP36,2941
TIMP2,12010
CEP295NL,257
LGALS3BP,20216
CANT1,6948
C1QTNF1,2440
ENGASE,3792
RBFOX3,7
ENPP7,3
CBX2,105
CBX8,854
CBX4,6778
TBC1D16,6280
CCDC40,3208
GAA,4289
EIF4A3,4844
CARD14,936
SGSH,6725
SLC26A11,1987
RNF213,8274
ENDOV,3349
NPTX1,46
RPTOR,4785
CHMP6,2392
BAIAP2,3023
AATK,99
PVALEF,1
CEP131,1044
TEPSIN,1949
NDUFAF8,12225
SLC38A10,8376
BAHCC1,2150
ACTG1,35404
FAAP100,2424
NPLOC4,10389
TSPAN10,347
PDE6G,115
OXLD1,3909
CCDC137,1770
ARL16,6030
HGS,7492
SLC25A10,1598
GCGR,43
MCRIP1,8702
PPP1R27,30
P4HB,6142
ARHGDIA,6284
ALYREF,826
ANAPC11,10363
NPB,54
PCYT2,2841
SIRT7,2793
MAFG,1597
PYCR1,1607
MYADML2,2
NOTUM,42
ASPSCR1,3290
CENPX,4178
LRRC45,1831
RAC3,1854
DCXR,6989
RFNG,3348
GPS1,6344
DUS1L,12159
FASN,84572
CCDC57,1807
SLC16A3,1262
CSNK1D,11264
CD7,142
SECTM1,345
TEX19,14
OGFOD3,2474
HEXD,3346
CYBC1,5764
NARF,3701
FOXK2,2884
WDR45B,10977
RAB40B,1789
FN3KRP,3610
FN3K,1035
TBCD,4494
ZNF750,486
B3GNTL1,1394
METRNL,2897
USP14,6820
THOC1,3169
COLEC12,2759
CETN1,8
CLUL1,1193
TYMS,688
ENOSF1,10655
YES1,16174
ADCYAP1,377
METTL4,2133
NDC80,263
SMCHD1,6454
EMILIN2,852
LPIN2,3490
MYOM1,603
MYL12A,2523
MYL12B,199
TGIF1,7527
DLGAP1,2356
AKAIN1,6
ZBTB14,2748
EPB41L3,2215
TMEM200C,385
L3MBTL4,2154
ARHGAP28,367
LAMA1,350
LRRC30,1
PTPRM,2687
RAB12,6890
MTCL1,2238
NDUFV2,18014
ANKRD12,8375
TWSG1,2562
RALBP1,9833
PPP4R1,7930
RAB31,5695
TXNDC2,25
VAPA,6130
APCDD1,1579
NAPG,2179
PIEZO2,8497
GNAL,316
CHMP1B,6735
MPPE1,4909
IMPA2,2200
ANKRD62,44
CIDEA,49
TUBB6,1540
AFG3L2,4898
PRELID3A,1464
SPIRE1,4701
PSMG2,8076
CEP76,575
PTPN2,3932
SEH1L,4802
CEP192,3443
LDLRAD4,6369
FAM210A,1788
RNMT,3750
MC5R,29
MC2R,15
ZNF519,1381
ANKRD30B,540
ROCK1,8358
GREB1L,7882
ESCO1,5485
SNRPD1,1988
ABHD3,11153
MIB1,7444
GATA6,350
CTAGE1,22
RBBP8,2038
CABLES1,3832
TMEM241,834
RIOK3,3484
RMC1,1655
NPC1,2879
ANKRD29,471
LAMA3,1262
TTC39C,6342
CABYR,1165
OSBPL1A,1940
IMPACT,10054
HRH4,66
ZNF521,8510
SS18,8727
PSMA8,16
TAF4B,781
KCTD1,8312
AQP4,21
CHST9,90
CDH2,396
DSC3,813
DSC2,7316
DSC1,30
DSG1,22
DSG4,10
DSG3,505
DSG2,8833
TTR,53
B4GALT6,473
SLC25A52,18
TRAPPC8,6730
RNF125,779
RNF138,3196
GAREM1,304
MEP1B,9
KLHL14,75
CCDC178,120
ASXL3,28
NOL4,12
DTNA,9870
MAPRE2,2066
ZNF397,3545
ZSCAN30,3470
ZNF24,9545
ZNF396,644
INO80C,1271
GALNT1,4652
C18ORF21,1922
RPRD1A,16873
SLC39A6,265454
ELP2,35784
MOCOS,873
FHOD3,920
TPGS2,9253
KIAA1328,2795
CELF4,6
PIK3C3,4920
RIT2,6
SYT4,4
SETBP1,15495
SLC14A2,13
SLC14A1,178
SIGLEC15,3011
EPG5,2908
PSTPIP2,1545
ATP5F1A,5023
HAUS1,3843
C18ORF25,2848
RNF165,1351
LOXHD1,73
ST8SIA5,32
PIAS2,5591
KATNAL2,1571
ELOA3,13
ELOA2,4
HDHD2,5114
IER3IP1,7977
SKOR2,6
SMAD2,13732
ZBTB7C,2566
CTIF,3808
SMAD7,2880
DYM,12692
C18ORF32,5970
LIPG,111
ACAA2,2234
MYO5B,4793
CFAP53,423
MBD1,1860
CXXC1,5553
SKA1,50
MAPK4,132
MRO,96
ME2,2236
ELAC1,999
SMAD4,7917
MEX3C,2031
DCC,41
MBD2,22917
POLI,10805
STARD6,6
C18ORF54,541
DYNAP,20
RAB27B,6163
CCDC68,167
TCF4,3963
TXNL1,10355
WDR7,833
BOD1L2,4
ST8SIA3,2
ONECUT2,8
FECH,1372
NARS,6508
ATP8B1,9551
NEDD4L,8058
ALPK2,66
MALT1,2286
ZNF532,6229
SEC11C,10055
GRP,748
RAX,1
CPLX4,8
LMAN1,12553
CCBE1,447
PMAIP1,2046
MC4R,9
CDH20,18
RNF152,6489
PIGN,6716
RELCH,7341
TNFRSF11A,882
ZCCHC2,5121
PHLPP1,1692
BCL2,10507
KDSR,7696
VPS4B,5150
SERPINB5,289
SERPINB12,4
SERPINB13,12
SERPINB4,6
SERPINB11,7
SERPINB3,6
SERPINB7,55
SERPINB2,47
SERPINB10,14
HMSD,11
SERPINB8,703
CDH7,28
CDH19,69
DSEL,745
TMX3,1311
CCDC102B,1804
DOK6,552
CD226,268
RTTN,833
SOCS6,4666
CBLN2,301
NETO1,29
FBXO15,876
TIMM21,2224
CYB5A,25792
C18ORF63,26
DIPK1C,97
CNDP2,11868
CNDP1,49
ZNF407,4638
ZADH2,4624
TSHZ1,3184
SMIM21,14
ZNF516,5005
ZNF236,4869
MBP,1480
GALR1,14
SALL3,1
ATP9B,8163
NFATC1,1802
CTDP1,2276
KCNG2,41
SLC66A2,2081
HSBP1L1,3106
TXNL4A,15441
AC090360.1,117
RBFA,3388
ADNP2,4221
PARD6G,725
PLPP2,13854
MIER2,1297
THEG,40
C2CD4C,28
SHC2,4968
ODF3L2,12
MADCAM1,149
TPGS1,3059
CDC34,4513
GZMM,162
BSG,7836
HCN2,75
POLRMT,1441
FGF22,42
RNF126,4702
FSTL3,2972
PRSS57,11
PALM,1215
MISP,3051
PTBP1,3597
PLPPR3,1043
AZU1,510
PRTN3,30
ELANE,76
CFD,3787
MED16,3812
R3HDM4,6151
KISS1R,80
ARID3A,1083
WDR18,2460
GRIN3B,34
TMEM259,10753
CNN2,23727
ABCA7,1345
ARHGAP45,1234
POLR2E,4776
GPX4,61207
SBNO2,7802
STK11,8847
CBARP,148
ATP5F1D,9005
MIDN,7507
CIRBP,89833
FAM174C,5405
EFNA2,12
PWWP3A,6273
NDUFS7,3008
GAMT,5123
DAZAP1,3216
APC2,18
C19ORF25,2991
PCSK4,1739
REEP6,3884
ADAMTSL5,299
PLK5,29
MEX3D,7853
MBD3,3571
UQCR11,9132
TCF3,6539
ONECUT3,1
ATP8B3,264
REXO1,4287
KLF16,2029
SCAMP4,8756
ADAT3,56
CSNK1G2,6938
BTBD2,12774
MKNK2,13481
MOB3A,4318
IZUMO4,1195
AP3D1,7724
DOT1L,4227
PLEKHJ1,3648
SF3A2,5435
AMH,464
JSRP1,148
OAZ1,116151
PEAK3,77
LINGO3,8
LSM7,7445
SPPL2B,7665
TMPRSS9,38
TIMM13,12259
LMNB2,2202
GADD45B,5647
GNG7,1043
DIRAS1,129
SLC39A3,2149
SGTA,2506
THOP1,2427
ZNF554,998
ZNF555,575
ZNF556,25
ZNF57,598
ZNF77,781
TLE6,1232
TLE2,2145
TLE5,12128
GNA11,3680
GNA15,614
S1PR4,121
NCLN,3744
CELF5,9
NFIC,13801
SMIM24,43
AC005551.1,1
DOHH,1133
FZR1,8435
MFSD12,1214
C19ORF71,175
HMG20B,13860
GIPC3,88
TBXA2R,428
CACTIN,2252
PIP5K1C,3660
TJP3,6940
RAX2,2
MATK,302
ZFR2,6
ATCAY,3
NMRK2,5
DAPK3,4417
EEF2,59281
PIAS4,2029
ZBTB7A,8854
MAP2K2,10347
CREB3L3,4
SIRT6,1396
ANKRD24,280
EBI3,245
YJU2,2114
SHD,30
TMIGD2,1
FSD1,13
STAP2,3463
MPND,3195
SH3GL1,3863
CHAF1A,943
UBXN6,11514
HDGFL2,2194
PLIN4,1846
PLIN5,11346
LRG1,4028
SEMA6B,1065
TNFAIP8L1,1003
MYDGF,5827
DPP9,4415
FEM1A,2686
TICAM1,1868
PLIN3,2602
ARRDC5,159
UHRF1,467
KDM4B,14506
PTPRS,6614
ZNRF4,1
TINCR,84
SAFB2,5473
SAFB,8205
MICOS13,2055
LONP1,4865
CATSPERD,4
PRR22,1229
DUS3L,2676
NRTN,120
FUT6,2903
FUT3,296
FUT5,10
NDUFA11,3702
VMAC,5673
CAPS,8140
RANBP3,5895
RFX2,423
ACSBG2,28
MLLT1,5389
ACER1,14
CLPP,3706
ALKBH7,5729
PSPN,238
GTF2F1,4300
KHSRP,4230
SLC25A41,88
SLC25A23,3343
CRB3,1412
DENND1C,274
TNFSF9,18
CD70,64
TNFSF14,152
C3,36805
GPR108,3941
TRIP10,4657
SH2D3A,2229
VAV1,354
ADGRE1,35
MBD3L2B,5
ZNF557,2206
INSR,8892
AC119396.1,97
ARHGEF18,1822
PEX11G,1267
TEX45,271
ZNF358,9862
MCOLN1,1434
PNPLA6,2132
CAMSAP3,3839
XAB2,3415
PET100,8469
PCP2,4002
STXBP2,8643
RETN,7
MCEMP1,22
TRAPPC5,11851
FCER2,15
CLEC4G,19
CD209,367
CLEC4M,10
EVI5L,1338
PRR36,7748
LRRC8E,903
MAP2K7,5681
TGFBR3L,66
SNAPC2,2271
CTXN1,7826
TIMM44,2864
ELAVL1,6849
CCL25,2
FBN3,109
CERS4,9152
CD320,2068
NDUFA7,5239
KANK3,656
ANGPTL4,895
RAB11B,15708
MARCH2,5005
HNRNPM,3314
PRAM1,257
ZNF414,2453
MYO1F,764
ADAMTS10,1373
ACTL9,1
OR2Z1,6
ZNF558,1608
MBD3L1,11
MUC16,317
OR1M1,9
OR7G2,4
OR7G1,8
OR7G3,7
ZNF317,2949
OR7D2,19
OR7D4,4
OR7E24,5
ZNF699,300
ZNF559,3587
ZNF177,1412
ZNF266,5980
ZNF560,8
ZNF426,3414
ZNF121,3210
ZNF561,4625
ZNF562,4717
FBXL12,2272
UBL5,9958
PIN1,4400
OLFM2,399
COL5A3,1541
RDH8,5
SHFL,2967
ANGPTL6,95
PPAN,3821
P2RY11,2224
EIF3G,11289
DNMT1,3504
S1PR2,684
ICAM1,1691
ICAM4,51
ICAM5,104
ZGLP1,568
FDX2,1364
RAVER1,1638
ICAM3,1305
TYK2,4784
CDC37,7747
PDE4A,1241
KEAP1,5999
S1PR5,39
ATG4D,2494
KRI1,2894
CDKN2D,558
AP1M2,1197
SLC44A2,18592
ILF3,14113
QTRT1,3958
DNM2,7155
TMED1,2048
C19ORF38,117
CARM1,2743
YIPF2,3316
TIMM29,1360
SMARCA4,10269
LDLR,3059
SPC24,290
KANK2,2484
DOCK6,2506
ANGPTL8,9
TSPAN16,14
RAB3D,6092
TMEM205,8581
CCDC159,5195
PLPPR2,2909
SWSAP1,1275
RGL3,6288
CCDC151,1081
PRKCSH,3028
ELAVL3,6
ZNF653,1339
ECSIT,5178
CNN1,2571
ELOF1,5768
ZNF627,2285
ACP5,1779
ZNF823,2153
ZNF441,1084
ZNF491,351
ZNF440,1179
ZNF439,883
ZNF69,2000
ZNF700,2078
ZNF763,402
ZNF433,1111
ZNF878,57
ZNF844,890
ZNF20,355
ZNF625,1614
ZNF136,1218
ZNF44,3340
ZNF563,558
ZNF442,263
ZNF799,1213
ZNF709,1092
ZNF564,868
ZNF490,1395
ZNF791,1614
MAN2B1,4503
WDR83,1451
WDR83OS,17509
DHPS,4497
GNG14,22
FBXW9,1989
TNPO2,5556
TRIR,21485
GET3,2546
BEST2,11
HOOK2,6113
JUNB,26842
PRDX2,15846
THSD8,36
RNASEH2A,330
RTBDN,8
MAST1,5
DNASE2,4146
KLF1,8
GCDH,618
SYCE2,32
FARSA,3612
CALR,5654
RAD23A,4507
GADD45GIP1,8057
DAND5,25
NFIX,4643
LYL1,238
TRMT1,3356
NACC1,5132
STX10,6525
IER2,18693
CCDC130,5697
MRI1,5224
C19ORF53,6903
ZSWIM4,932
NANOS3,62
C19ORF57,187
CC2D1A,3161
PODNL1,759
DCAF15,2529
RFX1,2224
RLN3,8
IL27RA,780
PALM3,201
C19ORF67,8
SAMD1,5343
PRKACA,25617
ASF1B,421
ADGRL1,3216
ADGRE5,1164
DDX39A,2994
PKN1,5323
PTGER1,40
GIPC1,4117
DNAJB1,9382
TECR,2916
NDUFB7,11188
CLEC17A,146
ADGRE3,30
ZNF333,2277
ADGRE2,174
OR7C1,14
OR7A5,40
OR7A10,7
OR7A17,13
OR7C2,7
SLC1A6,10
CCDC105,1
CASP14,6
OR1I1,6
SYDE1,565
ILVBL,2530
NOTCH3,14924
EPHX3,32
BRD4,11348
AKAP8,6013
AKAP8L,11336
WIZ,5934
RASAL3,504
PGLYRP2,3278
CYP4F22,11211
CYP4F8,3483
CYP4F3,101
CYP4F12,2503
OR10H2,7
OR10H3,7
OR10H5,6
OR10H1,32
CYP4F2,48
CYP4F11,2024
OR10H4,1
TPM4,43822
RAB8A,8978
HSH2D,2029
CIB3,178
FAM32A,5514
AP1M1,2855
KLF2,10606
EPS15L1,5210
CALR3,9
C19ORF44,1107
CHERP,2850
SLC35E1,4824
MED26,1665
SMIM7,8964
TMEM38A,217
NWD1,55
SIN3B,7885
F2RL3,699
CPAMD8,107
HAUS8,348
MYO9B,4062
USE1,3339
OCEL1,1159
NR2F6,7049
USHBP1,247
BABAM1,9211
ANKLE1,37
ABHD8,716
DDA1,4017
ANO8,4478
GTPBP3,2113
PLVAP,4737
CCDC194,460
BST2,35057
MVB12A,2846
TMEM221,17
NXNL1,30
SLC27A1,2534
PGLS,8120
NIBAN3,298
COLGALT1,6033
UNC13A,75
MAP1S,1576
FCHO1,182
B3GNT3,270
INSL3,18
JAK3,748
SLC5A5,18
CCDC124,7208
KCNN1,21
ARRDC2,4021
IL12RB1,141
MAST3,1081
PIK3R2,7239
IFI30,6095
MPV17L2,671
RAB3A,575
PDE4C,99
AC008397.1,23
IQCN,584
JUND,26123
LSM4,8600
PGPEP1,5239
GDF15,352
LRRC25,376
SSBP4,2785
ISYNA1,4370
ELL,2064
FKBP8,6865
KXD1,10240
UBA52,94842
CRLF1,291
TMEM59L,300
KLHL26,545
CRTC1,1759
COMP,15077
UPF1,4301
COPE,8207
DDX49,2869
HOMER3,7795
SUGP2,24034
ARMC6,2758
SLC25A42,688
TMEM161A,2394
MEF2B,1226
BORCS8,4386
RFXANK,4439
NR2C2AP,1462
NCAN,4
HAPLN4,33
TM6SF2,107
SUGP1,2087
MAU2,1380
GATAD2A,3949
TSSK6,322
NDUFA13,2375
YJEFN3,1080
CILP2,763
PBX4,169
LPAR2,1401
GMIP,716
ATP13A1,4577
ZNF101,1495
ZNF14,1070
ZNF253,1243
ZNF682,1316
ZNF90,1012
ZNF486,475
ZNF626,4258
ZNF66,654
ZNF85,2153
ZNF430,149
ZNF714,1709
ZNF431,800
ZNF708,2185
ZNF738,1379
ZNF493,5710
ZNF429,53
ZNF100,335
ZNF43,3121
ZNF257,783
ZNF676,99
ZNF729,2
ZNF98,120
ZNF492,253
ZNF99,3
ZNF723,5
ZNF728,31
ZNF730,263
ZNF724,483
ZNF675,1401
ZNF681,2034
ZNF254,5614
UQCRFS1,1265
VSTM2B,2
POP4,1701
PLEKHF1,644
C19ORF12,2417
CCNE1,123
URI1,18823
ZNF536,6
TSHZ3,953
ZNF507,5181
DPY19L3,5962
PDCD5,3772
ANKRD27,2797
RGS9BP,40
NUDT19,1586
TDRD12,44
SLC7A9,99
CEP89,3805
FAAP24,399
RHPN2,12280
GPATCH1,1706
WDR88,26
LRP3,3316
SLC7A10,32
CEBPA,247
CEBPG,2393
PEPD,1388
CHST8,148
KCTD15,2062
LSM14A,4189
KIAA0355,1925
GPI,2858
PDCD2L,913
UBA2,7278
WTIP,2822
SCGB2B2,76
ZNF302,1572
ZNF181,1471
ZNF599,1649
ZNF30,886
ZNF792,333
GRAMD1A,2970
SCN1B,1442
HPN,4818
FXYD3,30402
LGI4,517
FXYD1,1181
FXYD7,57
FXYD5,13501
FAM187B,20
LSR,5696
USF2,19919
HAMP,64
CD22,309
FFAR1,3
FFAR3,3
FFAR2,89
KRTDAP,39
DMKN,3518
SBSN,34
GAPDHS,6
TMEM147,6596
ATP4A,1
PMIS2,15
HAUS5,1423
RBM42,2574
ETV2,79
COX6B1,3198
UPK1A,318
ZBTB32,26
KMT2B,5814
IGFLR1,1526
U2AF1L4,3209
PSENEN,7605
LIN37,1377
HSPB6,1415
PROSER3,3259
ARHGAP33,3584
PRODH2,8
NPHS1,23
KIRREL2,6
APLP1,79
NFKBID,1430
HCST,488
TYROBP,3411
LRFN3,2216
SDHAF1,1776
SYNE4,3762
ALKBH6,2097
CLIP3,881
THAP8,501
WDR62,543
OVOL3,9
POLR2I,10151
TBCB,10633
CAPNS1,9271
COX7A1,6094
ZNF565,908
ZNF146,12629
ZFP14,1839
ZFP82,921
ZNF566,1040
ZNF260,3143
ZNF529,565
ZNF382,385
ZNF461,378
ZNF567,1402
ZNF850,234
ZNF790,501
ZNF345,3073
ZNF829,433
ZNF568,4864
ZNF420,897
ZNF585A,804
ZNF585B,1688
ZNF383,1726
ZNF875,717
ZNF527,870
ZNF569,835
ZNF570,870
ZNF793,1274
ZNF540,464
ZNF571,668
ZFP30,2985
ZNF781,137
ZNF607,1358
ZNF573,1622
WDR87,18
SIPA1L3,4484
DPF1,14
SPINT2,43658
PPP1R14A,1594
YIF1B,3188
C19ORF33,10753
KCNK6,3330
CATSPERG,1795
GGN,60
SPRED3,239
FAM98C,3296
RASGRP4,100
RYR1,83
MAP4K1,331
ACTN4,9468
CAPN12,217
LGALS4,83
ECH1,8966
HNRNPL,16914
RINL,420
SIRT2,2805
NFKBIB,782
CCER2,328
SARS2,1432
FBXO17,647
FBXO27,802
ACP7,13
PAK4,6186
NCCRP1,16
SYCN,2
IFNL1,5
LRFN1,191
GMFG,800
SAMD4B,6808
PAF1,4189
MED29,3486
ZFP36,37182
PLEKHG2,972
SUPT5H,4828
TIMM50,3176
DLL3,15
SELENOV,20
EID2B,303
EID2,706
LGALS13,9
LGALS16,4
LGALS14,36
CLC,21
LEUTX,10
DYRK1B,3778
FBL,10423
FCGBP,5255
PSMC4,3976
ZNF546,743
ZNF780B,429
ZNF780A,1922
MAP3K10,1093
TTC9B,10
CNTD2,1296
AKT2,8010
C19ORF47,2703
PLD3,10019
HIPK4,18
PRX,338
SERTAD1,1569
SERTAD3,2600
BLVRB,3181
SPTBN4,187
SHKBP1,1926
LTBP4,4488
NUMBL,1545
COQ8B,3404
ITPKC,4853
C19ORF54,1773
SNRPA,5039
MIA,845
RAB4B,2089
EGLN2,15022
CYP2A6,2
CYP2A7,173
CYP2B6,40
CYP2A13,2
CYP2F1,9
CYP2S1,90
AXL,3441
HNRNPUL1,15173
TGFB1,1728
CCDC97,4115
TMEM91,3057
B9D2,810
EXOSC5,1051
BCKDHA,2346
B3GNT8,364
DMAC2,2516
ERICH4,13
CEACAM21,64
CEACAM4,63
CEACAM7,65
CEACAM5,632
CEACAM6,18034
CEACAM3,11
LYPD4,15
DMRTC2,12
CD79A,224
ARHGEF1,6358
ERFL,24
RABAC1,7298
ATP1A3,30
GRIK5,151
ZNF574,976
POU2F2,234
DEDD2,2465
ZNF526,1143
GSK3A,3376
ERF,7305
CIC,5510
PAFAH1B3,4323
PRR19,97
TMEM145,227
MEGF8,2261
CNFN,1484
LIPE,441
CXCL17,511
CEACAM1,3353
CEACAM8,3
PSG3,2
PSG6,8
PSG7,4
PSG11,1
PSG2,9
PSG5,9
PSG4,9
PSG9,2
CD177,33
TEX101,9
LYPD3,1780
PHLDB3,1643
ETHE1,2087
ZNF575,455
XRCC1,5433
PINLYP,443
IRGQ,3684
ZNF576,1794
SRRM5,80
ZNF428,6077
CADM4,2985
PLAUR,1341
IRGC,5
SMG9,1933
KCNN4,1958
LYPD5,136
ZNF283,3126
ZNF404,433
ZNF45,622
ZNF221,292
ZNF155,768
ZNF230,114
ZNF222,213
ZNF223,1013
ZNF284,854
ZNF224,4018
ZNF225,559
ZNF234,813
ZNF226,967
ZNF227,1068
ZNF235,865
ZNF233,150
ZNF112,857
ZNF285,1921
ZNF229,918
ZNF180,1590
CEACAM20,5
IGSF23,3
PVR,907
CEACAM19,151
CEACAM16,10
BCL3,5221
CBLC,3391
BCAM,19463
NECTIN2,15998
TOMM40,2143
APOE,20287
APOC1,1587
APOC4,14
APOC2,102
CLPTM1,8721
RELB,1529
CLASRP,5790
ZNF296,999
GEMIN7,3329
MARK4,1696
PPP1R37,4529
NKPD1,59
TRAPPC6A,3786
BLOC1S3,996
EXOC3L2,363
CKM,4
KLC3,363
ERCC2,1198
PPP1R13L,3146
CD3EAP,445
ERCC1,9376
FOSB,14619
RTN2,1757
PPM1N,46
VASP,9029
OPA3,1097
GPR4,497
EML2,3067
GIPR,1676
SNRPD2,10522
QPCTL,973
FBXO46,5969
BHMG1,13
SIX5,2902
DMPK,4868
DMWD,6703
RSPH6A,4
SYMPK,8363
FOXA3,33
IRF2BP1,2139
MYPOP,1169
NANOS2,2
NOVA2,459
CCDC61,1609
PGLYRP1,8
IGFL4,37
IGFL3,14
IGFL2,146
IGFL1,85
HIF3A,86
PPP5C,2658
CCDC8,879
PNMA8C,50
PNMA8A,31
PPP5D1,182
PNMA8B,104
CALM3,7876
PTGIR,338
GNG8,59
DACT3,464
PRKD2,4731
STRN4,3827
FKRP,1311
SLC1A5,4974
AP2S1,2118
ARHGAP35,16604
NPAS1,156
TMEM160,2294
ZC3H4,5890
SAE1,2676
BBC3,3274
CCDC9,5573
INAFM1,2100
C5AR1,1149
C5AR2,3913
DHX34,3399
MEIS3,1546
SLC8A2,23
KPTN,1859
NAPA,11466
ZNF541,165
BICRA,2610
EHD2,3782
NOP53,19256
SELENOW,63397
TPRX1,7
CRX,4
SULT2A1,4
BSPH1,6
ELSPBP1,4
CABP5,6
PLA2G4C,1052
LIG1,2509
ZSWIM9,3984
ZNF114,30
CCDC114,398
EMP3,3210
TMEM143,913
SYNGR4,15
KDELR1,5263
GRIN2D,106
GRWD1,938
KCNJ14,370
CYTH2,22042
LMTK3,1489
SULT2B1,500
FAM83E,4172
SPACA4,11
SPHK2,1430
DBP,2201
CA11,247
MAMSTR,454
RASIP1,739
IZUMO1,37
FUT1,170
FGF21,9
BCAT2,2436
HSD17B14,677
PLEKHA4,2392
PPP1R15A,2393
TULP2,16
NUCB1,14933
DHDH,23
BAX,4378
FTL,66170
GYS1,2792
RUVBL2,3222
LHB,9
AC008687.4,36
NTF4,170
KCNA7,12
SNRNP70,10527
LIN7B,630
C19ORF73,400
PPFIA3,276
HRC,130
TRPM4,12773
SLC6A16,140
CD37,1810
TEAD2,5520
DKKL1,45
CCDC155,20
PTH2,7
GFY,5
SLC17A7,19
PIH1D1,3907
ALDH16A1,2164
FLT3LG,513
FCGRT,7610
RCN3,3118
NOSIP,2788
PRRG2,1383
PRR12,4584
RRAS,3735
SCAF1,5396
IRF3,10466
BCL2L12,1384
PRMT1,4628
ADM5,348
CPT1C,156
TSKS,7
AP2A1,8524
FUZ,3064
MED25,8246
PTOV1,9349
AKT1S1,6061
TBC1D17,4359
IL4I1,249
NUP62,3445
ATF5,4624
SIGLEC11,25
VRK3,5070
ZNF473,810
IZUMO2,7
MYH14,5054
KCNC3,607
NR1H2,6111
NAPSA,80
POLD1,886
SPIB,137
MYBPC2,19
FAM71E1,468
EMC10,11359
JOSD2,2519
ASPDH,2
LRRC4B,187
SYT3,28
C19ORF81,244
SHANK1,93
CLEC11A,4694
GPR32,1
AC010325.1,10
ACP4,28
C19ORF48,3979
KLK1,72
KLK15,2
KLK3,4
KLK2,9
KLK4,233
KLK5,561
KLK6,193
KLK7,197
KLK8,105
KLK9,1
KLK10,223
KLK11,1825
KLK12,585
KLK13,175
KLK14,4
CTU1,187
SIGLEC9,274
SIGLEC7,63
CD33,312
SIGLECL1,7
IGLON5,28
VSIG10L,40
ETFB,5107
CLDND2,163
NKG7,396
LIM2,1
C19ORF84,6
SIGLEC10,374
SIGLEC8,85
SIGLEC12,12
SIGLEC6,107
ZNF175,2478
SIGLEC5,110
SIGLEC14,137
SPACA6,1193
HAS1,31
FPR1,605
FPR2,27
FPR3,817
ZNF577,1894
ZNF649,1631
ZNF613,1204
ZNF350,2692
ZNF614,681
ZNF432,972
ZNF841,2300
ZNF836,1083
PPP2R1A,1349
ZNF766,1784
ZNF480,1122
ZNF610,2083
ZNF880,2229
ZNF534,5
ZNF578,28
ZNF808,1824
ZNF83,5783
ZNF600,753
ZNF888,1170
ZNF816,639
ERVV-1,20
ERVV-2,15
ZNF160,3932
ZNF415,1621
ZNF347,899
ZNF665,909
ZNF677,1205
VN1R2,8
VN1R4,14
ZNF765,1332
ZNF813,478
ZNF331,2485
DPRX,6
NLRP12,49
MYADM,6538
PRKCG,18
CACNG7,8
CACNG8,12
CACNG6,12
VSTM1,15
TARM1,3
OSCAR,244
NDUFA3,11873
TFPT,2803
PRPF31,4099
CNOT3,2999
LENG1,1006
TMC4,7120
MBOAT7,5450
TSEN34,1122
LILRA6,44
LILRB5,233
LILRB2,287
LILRA5,29
LILRA4,100
LAIR1,1167
TTYH1,24
LENG8,25222
LENG9,230
CDC42EP5,1256
LAIR2,24
LILRA2,127
LILRA1,74
LILRB1,233
LILRB4,287
KIR3DL3,1
KIR2DL4,3
FCAR,101
NCR1,18
NLRP7,4
NLRP2,91
GP6,60
RDH13,1842
EPS8L1,3780
PPP1R12C,5778
TNNT1,62
TNNI3,147
DNAAF3,635
SYT5,16
PTPRH,53
TMEM86B,613
PPP6R1,4491
HSPBP1,1468
BRSK1,999
TMEM150B,39
KMT5C,1651
COX6B2,429
FAM71E2,210
IL11,140
TMEM190,446
TMEM238,11041
SHISA7,3
ISOC2,2054
C19ORF85,3
ZNF628,428
NAT14,5304
SSC5D,1624
SBK2,1
SBK3,28
ZNF579,885
FIZ1,791
ZNF524,1990
ZNF784,1050
ZNF580,5127
ZNF581,2217
CCDC106,2366
U2AF2,2001
EPN1,8704
NLRP9,3
RFPL4A,6
RFPL4AL1,4
NLRP11,7
NLRP4,11
NLRP13,257
NLRP8,71
NLRP5,236
ZNF787,688
ZNF444,5246
GALP,2
ZSCAN5B,9
ZSCAN5C,10
ZSCAN5A,370
EDDM13,100
ZNF582,879
ZNF583,887
ZNF667,728
ZNF471,532
ZFP28,1626
ZNF470,915
ZNF71,874
SMIM17,191
ZNF835,161
ZIM2,103
PEG3,1015
USP29,5
ZIM3,6
DUXA,13
ZNF264,4034
AURKC,115
ZNF805,880
ZNF460,5238
ZNF543,513
ZNF304,947
ZNF547,354
ZNF548,1314
ZNF17,1488
VN1R1,733
ZNF772,778
ZNF419,357
ZNF773,194
ZNF549,27697
ZNF550,24572
ZNF416,568
ZIK1,150
ZNF530,168
ZNF134,1505
ZNF211,1270
ZSCAN4,19
ZNF154,260
ZNF671,1047
ZNF776,2235
ZNF586,2045
ZNF552,26535
ZNF587B,5068
ZNF587,2270
ZNF256,983
C19ORF18,379
ZNF606,3746
ZSCAN1,300
ZNF135,367
ZSCAN18,1593
ZNF329,1499
ZNF274,2534
ZNF544,6842
ZNF8,1742
ERVK3-1,533
ZSCAN22,470
ZNF497,1070
ZNF837,278
ZNF584,686
ZNF132,294
ZNF324B,85
ZNF324,1165
ZNF446,2050
SLC27A5,1518
ZBTB45,2355
TRIM28,2024
CHMP2A,8981
UBE2M,2195
MZF1,1324
DEFB125,12
DEFB126,6
DEFB127,11
DEFB128,7
DEFB129,7
DEFB132,6
C20ORF96,2933
ZCCHC3,2621
SOX12,2446
NRSN2,1734
TRIB3,2272
RBCK1,5123
TBC1D20,5411
CSNK2A1,4649
TCF15,85
SRXN1,1916
SCRT2,1
SLC52A3,1278
FAM110A,2361
ANGPT4,127
RSPO4,49
PSMF1,9884
TMEM74B,849
C20ORF202,27
RAD21L1,22
SNPH,222
SDCBP2,330
NSFL1C,5261
SIRPB2,290
SIRPD,20
SIRPB1,106
SIRPG,95
SIRPA,1680
PDYN,5
STK35,3713
TGM3,50
TGM6,3
SNRPB,7054
ZNF343,1536
TMC2,19
NOP56,6098
IDH3B,5989
EBF4,733
CPXM1,1861
C20ORF141,7
TMEM239,5
PCED1A,5142
VPS16,897
PTPRA,7845
GNRH2,36
OXT,43
AVP,2
UBOX5,1182
FASTKD5,1015
LZTS3,168
DDRGK1,6944
ITPA,6115
SLC4A11,251
C20ORF194,3237
ATRN,4847
GFRA4,4
ADAM33,1034
SIGLEC1,321
HSPA12B,1093
C20ORF27,562
SPEF1,647
CENPB,2308
CDC25B,2341
AP5S1,1583
MAVS,6622
PANK2,828
RNF24,1901
SMOX,586
ADRA1D,35
PRNP,2753
PRND,133
RASSF2,1621
SLC23A2,2377
TMEM230,8889
PCNA,909
CDS2,5207
GPCPD1,5922
SHLD1,1237
CHGB,22
TRMT6,902
MCM8,1136
CRLS1,4878
LRRN4,7
FERMT1,91
BMP2,129
HAO1,3
TMX4,6077
PLCB1,757
PLCB4,3983
LAMP5,2271
PAK5,33
ANKEF1,2857
SNAP25,73
MKKS,5005
SLX4IP,2332
JAG1,8932
BTBD3,3114
SPTLC3,1066
ISM1,2046
TASP1,4200
ESF1,3055
NDUFAF5,2511
SEL1L2,20
MACROD2,668
FLRT3,577
KIF16B,12729
SNRPB2,3256
OTOR,24
PCSK2,11
BFSP1,281
DSTN,56864
RRBP1,4212
BANF2,10
SNX5,4274
OVOL2,5125
MGME1,5540
PET117,1539
KAT14,1595
ZNF133,1980
DZANK1,1492
POLR3F,1384
RBBP9,1382
SEC23B,3768
SMIM26,7985
DTD1,3215
SCP2D1,13
SLC24A3,1425
RIN2,8051
NAA20,4557
CRNKL1,2308
CFAP61,948
INSM1,6
RALGAPA2,2636
KIZ,4487
XRN2,10557
NKX2-4,1
NKX2-2,3
PAX1,102
SSTR4,6
THBD,1105
CD93,3860
NXT1,1787
GZF1,1747
NAPB,1174
CSTL1,12
CST11,11
CST8,15
CST9L,6
CST9,37
CST3,34599
CST4,18
CST2,273
CST5,13
GGTLC1,1
SYNDIG1,490
CST7,366
APMAP,17302
ACSS1,3435
VSX1,5
ENTPD6,6421
PYGB,6945
ABHD12,2076
GINS1,270
NINL,1484
NANP,902
ZNF337,4792
DEFB115,5
DEFB116,5
DEFB118,5
DEFB119,8
DEFB121,11
DEFB123,8
DEFB124,78
REM1,110
HM13,6739
ID1,1258
COX4I2,555
BCL2L1,14226
TPX2,721
MYLK2,21
FOXS1,207
DUSP15,222
TTLL9,884
PDRG1,1776
XKR7,6
CCM2L,415
HCK,169
TM9SF4,4797
PLAGL2,1410
POFUT1,3298
KIF3B,7987
ASXL1,9968
NOL4L,3593
COMMD7,3550
DNMT3B,367
MAPRE1,5455
EFCAB8,47
SUN5,10
BPIFB2,535
BPIFB6,8
BPIFB4,4
BPIFA2,8
BPIFA3,5
BPIFA1,12
BPIFB1,1190
CDK5RAP1,1863
SNTA1,736
CBFA2T2,5673
NECAB3,3813
C20ORF144,5
ACTL10,352
E2F1,365
PXMP4,2469
ZNF341,490
CHMP4B,12955
RALY,2434
EIF2S2,81
ASIP,21
AHCY,10169
ITCH,9642
DYNLRB1,19910
MAP1LC3A,6703
PIGU,1611
NCOA6,4116
TP53INP2,1330
GGT7,1343
ACSS2,2807
GSS,1875
MYH7B,97
TRPC4AP,6518
EDEM2,3495
PROCR,853
MMP24OS,16890
MMP24,133
EIF6,6529
FAM83C,11
UQCC1,4469
GDF5OS,305
GDF5,353
CEP250,3174
C20ORF173,5
ERGIC3,39167
SPAG4,449
CPNE1,8471
RBM12,5053
NFS1,3177
ROMO1,8529
RBM39,9052
PHF20,3319
SCAND1,2949
EPB41L1,2897
AAR2,748
DLGAP4,6809
MYL9,32618
TGIF2,2086
RAB5IF,4426
SLA2,87
NDRG3,2545
DSN1,1039
SOGA1,6233
TLDC2,43
SAMHD1,4817
RBL1,736
RPN2,4995
GHRH,623
MANBAL,4109
SRC,2076
BLCAP,3994
NNAT,79
CTNNBL1,1753
VSTM2L,87
TTI1,1730
RPRD1B,2039
TGM2,1150
KIAA1755,1091
BPI,12
LBP,51
RALGAPB,6916
ADIG,35
ARHGAP40,5137
SLC32A1,6
ACTR5,1214
PPP1R16B,430
FAM83D,132
DHX35,1786
MAFB,3663
TOP1,6152
PLCG1,3532
ZHX3,1885
LPIN3,2546
EMILIN3,22
CHD6,5136
PTPRT,7953
L3MBTL1,2702
SGK2,336
IFT52,4979
MYBL2,524
GTSF1L,13
TOX2,208
JPH2,156
OSER1,3801
GDAP1L1,2
FITM2,1017
R3HDML,4
HNF4A,1
TTPAL,774
SERINC3,11439
PKIG,8870
ADA,524
CCN5,732
KCNK15,849
RIMS4,107
YWHAB,5900
PABPC1L,8626
TOMM34,1670
STK4,4135
KCNS1,11
WFDC5,9
WFDC12,9
PI3,19
SEMG1,14
SEMG2,21
SLPI,2159
RBPJL,2
SDC4,14095
SYS1,3559
TP53TG5,99
DBNDD2,10522
PIGT,12760
WFDC2,89546
SPINT3,9
WFDC6,2040
EPPIN,33
WFDC8,11
WFDC9,8
WFDC10A,5
WFDC11,5
WFDC10B,21
WFDC13,7
SPINT4,19
WFDC3,192
DNTTIP1,2999
UBE2C,711
TNNC2,58
SNX21,1793
ACOT8,958
ZSWIM3,296
ZSWIM1,1158
NEURL2,307
CTSA,4570
PLTP,4229
PCIF1,4548
ZNF335,2427
MMP9,1130
SLC12A5,7
NCOA5,2802
CD40,786
CDH22,175
SLC35C2,3824
ELMO2,2210
ZNF334,235
OCSTAMP,5
SLC13A3,270
TP53RK,2893
SLC2A10,4449
EYA2,484
ZMYND8,6835
NCOA3,3571
SULF2,23457
PREX1,14213
ARFGEF2,10033
CSE1L,2243
STAU1,13622
DDX27,3513
ZNFX1,3386
KCNB1,84
PTGIS,2850
B4GALT5,5476
SLC9A8,2843
SPATA2,1156
RNF114,3787
SNAI1,59
UBE2V1,20461
TMEM189,2466
CEBPB,5749
PTPN1,6090
RIPOR3,990
PARD6B,14862
BCAS4,2547
ADNP,7671
DPM1,5619
MOCS3,854
KCNG1,73
NFATC2,1374
ATP9A,4207
SALL4,229
ZFP64,2231
TSHZ2,5432
ZNF217,8150
CYP24A1,33
PFDN4,665
DOK5,215
CBLN4,789
MC3R,8
FAM210B,7155
AURKA,173
CSTF1,2195
CASS4,253
RTF2,7983
GCNT7,7
FAM209B,31
TFAP2C,2140
BMP7,136
SPO11,14
RAE1,2125
RBM38,673
CTCFL,9
PCK1,41
ZBP1,207
PMEPA1,4608
C20ORF85,952
ANKRD60,3
RAB22A,3847
VAPB,3045
APCDD1L,23
STX16,14042
NPEPL1,8144
NELFCD,9502
CTSZ,16107
TUBB1,17
ATP5F1E,15920
PRELID3B,5400
ZNF831,59
EDN3,12
PHACTR3,20
SYCP2,6944
FAM217B,1736
PPP1R3D,1047
CDH26,184
CDH4,6
TAF4,3248
LSM14B,3487
PSMA7,4967
SS18L1,3217
MTG2,2012
HRH3,3
OSBPL2,4075
ADRM1,5241
LAMA5,9716
CABLES2,2095
RBBP8NL,780
GATA5,12
SLCO4A1,101
NTSR1,3
MRGBP,1820
OGFR,2648
COL9A3,198
TCFL5,2044
DIDO1,9105
GID8,3978
SLC17A9,262
BHLHE23,2
YTHDF1,587
BIRC7,29
NKAIN4,28
ARFGAP1,2687
COL20A1,5
CHRNA4,1
EEF1A2,1304
PPDPF,52015
PTK6,873
SRMS,605
FNDC11,93
HELZ2,752
GMEB2,573
STMN3,852
RTEL1,1379
TNFRSF6B,1240
ARFRP1,3667
ZGPAT,4118
LIME1,1001
SLC2A4RG,16739
ZBTB46,1636
ABHD16B,5
TPD52L2,7877
DNAJC5,5139
UCKL1,4640
ZNF512B,4203
SAMD10,1236
PRPF6,9499
C20ORF204,278
SOX18,860
TCEA2,3066
RGS19,976
OPRL1,177
LKAAEAR1,24
MYT1,122
NPBWR2,5
PCMTD2,4659
FP565260.1,122
TPTE,12
LIPI,18
RBM11,336
HSPA13,2102
SAMSN1,362
NRIP1,17842
USP25,11925
CXADR,835
BTG3,853
C21ORF91,1681
CHODL,47
TMPRSS15,10
NCAM2,2563
JAM2,1675
ATP5PF,4923
GABPA,2346
APP,48558
CYYR1,1895
ADAMTS1,6677
ADAMTS5,560
N6AMT1,2463
LTN1,2224
RWDD2B,2053
USP16,8664
CCT8,4344
MAP3K7CL,1632
BACH1,11183
GRIK1,148
CLDN17,9
CLDN8,594
KRTAP24-1,9
KRTAP25-1,7
KRTAP26-1,3
KRTAP27-1,14
KRTAP23-1,4
KRTAP13-2,14
KRTAP13-1,11
KRTAP13-3,7
KRTAP13-4,11
KRTAP15-1,11
KRTAP19-1,3
KRTAP19-2,6
KRTAP19-3,10
KRTAP19-4,5
KRTAP19-5,12
KRTAP19-6,3
KRTAP19-7,9
KRTAP22-2,18
KRTAP6-3,11
KRTAP6-2,5
KRTAP22-1,15
KRTAP6-1,10
KRTAP20-1,3
KRTAP20-4,6
KRTAP20-2,8
KRTAP20-3,8
KRTAP21-2,3
KRTAP21-1,2
KRTAP8-1,20
KRTAP7-1,17
KRTAP11-1,13
KRTAP19-8,16
TIAM1,2949
SOD1,10218
SCAF4,4175
HUNK,62
MIS18A,1585
MRAP,13
URB1,2382
EVA1C,3055
TCP10L,300
CFAP298,8777
SYNJ1,1273
PAXBP1,5239
OLIG1,2
IFNAR2,1733
IL10RB,2087
IFNAR1,10925
IFNGR2,19572
TMEM50B,7142
DNAJC28,721
GART,1662
SON,4798
DONSON,1415
CRYZL1,1097
ITSN1,2990
ATP5PO,2735
SLC5A3,5657
KCNE2,52
RCAN1,1220
CLIC6,14125
RUNX1,36760
SETD4,4834
CBR1,1098
CBR3,2089
DOP1B,3262
MORC3,10089
CHAF1B,750
CLDN14,20
SIM2,40
HLCS,2485
RIPPLY3,28
PIGP,4421
TTC3,40624
VPS26C,3162
DYRK1A,8923
KCNJ6,34
KCNJ15,123
ERG,856
ETS2,3852
PSMG1,1627
BRWD1,4671
HMGN1,13984
GET1,2661
LCA5L,1786
SH3BGR,461
B3GALT5,2791
IGSF5,147
PCP4,109
DSCAM,12
BACE2,5741
FAM3B,203
MX2,345
MX1,4361
TMPRSS2,493
RIPK4,298
PRDM15,1004
C2CD2,674
ZBTB21,1762
UMODL1,7
ABCG1,5572
TFF3,35973
TFF2,82
TFF1,44122
TMPRSS3,8538
UBASH3A,51
RSPH1,4776
SLC37A1,6360
PDE9A,1434
WDR4,1858
NDUFV3,5470
PKNOX1,2886
HSF2BP,969
RRP1B,1745
PDXK,8317
CSTB,6262
RRP1,1439
AGPAT3,6387
TRAPPC10,3992
DNMT3L,4
AIRE,13
CFAP410,3742
TRPM2,1348
LRRC3,215
TSPEAR,19
KRTAP10-1,3
KRTAP10-2,13
KRTAP10-3,4
KRTAP10-5,1
KRTAP10-7,3
KRTAP10-8,1
KRTAP10-10,2
KRTAP10-11,5
KRTAP12-4,3
KRTAP12-2,11
KRTAP12-1,2
UBE2G2,6672
SUMO3,14624
PTTG1IP,21950
ITGB2,1504
FAM207A,1811
ADARB1,1662
POFUT2,3388
COL18A1,10026
SLC19A1,1761
PCBP3,69
COL6A1,33721
COL6A2,38652
FTCD,27
SPATC1L,1037
LSS,3390
MCM3AP,5200
YBEY,2265
C21ORF58,908
PCNT,2532
DIP2A,5854
S100B,301
PRMT2,12797
CCT8L2,37
XKR3,15
GAB4,5
IL17RA,1226
TMEM121B,23
HDHD5,2106
ADA2,2133
CECR2,65
SLC25A18,98
ATP6V1E1,5140
BCL2L13,8739
BID,1961
MICAL3,2555
PEX26,1929
USP18,1465
DGCR2,4586
ESS2,859
TSSK2,14
SLC25A1,3557
CLTCL1,128
HIRA,1766
C22ORF39,834
UFD1,2817
CDC45,124
CLDN5,1755
SEPTIN5,3109
GP1BB,471
TBX1,203
GNB1L,212
RTL10,1628
TXNRD2,3439
COMT,4216
ARVCF,5150
TANGO2,1331
DGCR8,3684
TRMT2A,3483
ZDHHC8,3195
CCDC188,110
RTN4R,183
ZNF74,671
SCARF2,1938
KLHL22,3496
MED15,4622
PI4KA,4820
SERPIND1,11
SNAP29,5867
CRKL,4573
AIFM3,249
LZTR1,1877
THAP7,1674
P2RX6,34
SLC7A4,437
LRRC74B,97
GGT2,61
RIMBP3B,5
HIC2,225
UBE2L3,6885
YDJC,962
CCDC116,17
SDF2L1,2504
PPIL2,2426
YPEL1,1113
MAPK1,6278
PPM1F,3136
TOP3B,1367
VPREB1,6
ZNF280B,78
ZNF280A,17
PRAME,19
IGLC1,7583
IGLC7,433
RSPH14,42
GNAZ,294
RAB36,1017
BCR,2509
IGLL1,3
DRICH1,322
RGL4,20
ZNF70,950
VPREB3,20
C22ORF15,39
CHCHD10,1889
MMP11,7864
SMARCB1,4390
DERL3,621
SLC2A11,1946
MIF,37657
GSTT2B,522
DDTL,487
DDT,13681
GSTT4,7
CABIN1,6457
SUSD2,2663
GGT5,3776
SPECC1L,10270
ADORA2A,809
UPB1,37
GUCD1,6744
SNRPD3,259
GGT1,62
LRRC75B,7279
PIWIL3,16
SGSM1,174
TMEM211,9
KIAA1671,5019
CRYBB3,187
CRYBB2,22
LRP5L,196
GRK3,5138
MYO18B,70
SEZ6L,67
ASPHD2,88
HPS4,3590
SRRD,2294
TFIP11,2127
TPST2,3069
CRYBB1,63
CRYBA4,7
MN1,604
PITPNB,6466
TTC28,2477
CHEK2,1777
HSCB,2759
CCDC117,3475
XBP1,163434
ZNRF3,1606
C22ORF31,5
KREMEN1,816
EMID1,262
RHBDD3,1073
EWSR1,7842
GAS2L1,1172
RASL10A,209
AP1B1,3875
RFPL1,12
NEFH,95
THOC5,2215
NIPSNAP1,3282
NF2,4701
CABP7,15
ZMAT5,1411
UQCR10,14919
ASCC2,3667
MTMR3,3854
HORMAD2,8
LIF,130
OSM,153
CASTOR1,1145
TBC1D10A,3236
SF3A1,4503
CCDC157,976
RNF215,2095
SEC14L2,4323
MTFP1,777
SEC14L3,2
SEC14L4,41
SEC14L6,73
GAL3ST1,15
PES1,2876
TCN2,1225
SLC35E4,162
DUSP18,1098
OSBP2,466
MORC2,5610
SMTN,2558
SELENOM,8663
INPP5J,1710
PLA2G3,156
RNF185,3101
LIMK2,4019
PIK3IP1,2544
PATZ1,5584
EIF4ENIF1,2575
SFI1,3584
PISD,3647
PRR14L,4862
DEPDC5,2737
YWHAH,3066
SLC5A1,3375
C22ORF42,5
RFPL2,10
SLC5A4,318
RFPL3,2
RTCB,6011
BPIFC,17
FBXO7,7124
SYN3,25
TIMP3,20699
LARGE1,2132
ISX,6
HMGXB4,5695
TOM1,3478
HMOX1,795
MCM5,1409
RASD2,231
MB,1784
APOL6,2947
APOL5,8
RBFOX2,4889
APOL3,1103
APOL4,391
APOL2,6300
APOL1,1546
MYH9,10480
TXN2,5276
FOXRED2,858
EIF3D,8021
CACNG2,10
IFT27,2569
PVALB,31
NCF4,504
CSF2RB,543
TEX33,9
TST,1674
MPST,4652
KCTD17,1308
TMPRSS6,1015
IL2RB,334
C1QTNF6,4630
SSTR3,3
RAC2,1640
CYTH4,639
ELFN2,31
MFNG,649
CARD10,1619
CDC42EP1,2586
LGALS2,401
GGA1,3005
SH3BP1,495
PDXP,311
LGALS1,37858
NOL12,2253
TRIOBP,7371
H1F0,15325
GCAT,1142
GALR3,10
ANKRD54,2151
EIF3L,18847
MICALL1,1063
C22ORF23,117
POLR2F,4647
SOX10,148
PICK1,3377
SLC16A8,20
BAIAP2L2,145
PLA2G6,5089
MAFF,3857
TMEM184B,10531
CSNK1E,8608
KCNJ4,1
KDELR3,1374
DDX17,14106
DMC1,208
FAM227A,1689
CBY1,1095
TOMM22,5623
JOSD1,5142
GTPBP1,3326
SUN2,4173
DNAL4,3191
NPTXR,610
CBX6,1437
APOBEC3A,58
APOBEC3B,74
APOBEC3C,741
APOBEC3D,465
APOBEC3F,609
APOBEC3G,1042
APOBEC3H,31
CBX7,2195
PDGFB,2570
SYNGR1,1063
TAB1,2087
MGAT3,104
MIEF1,1178
ATF4,16440
CACNA1I,58
ENTHD1,15
GRAP2,196
Z82206.1,67
FAM83F,2189
TNRC6B,7253
ADSL,3433
SGSM3,4154
MRTFA,4853
MCHR1,17
SLC25A17,1891
ST13,5195
XPNPEP3,1011
RBX1,10422
EP300,11237
L3MBTL2,2351
CHADL,516
RANGAP1,8954
ZC3H7B,5220
TEF,647
TOB2,2699
PHF5A,4164
ACO2,2723
POLR3H,5173
CSDC2,148
PMM1,5760
DESI1,2593
XRCC6,3592
SNU13,11764
MEI1,53
CCDC134,1226
SREBF2,6555
SHISA8,11
TNFRSF13C,129
CENPM,1075
SEPTIN3,127
WBP2NL,471
NAGA,1780
PHETA2,767
SMDT1,14473
NDUFA6,1264
CYP2D6,17
TCF20,2696
NFAM1,558
RRP7A,1868
SERHL2,623
POLDIP3,5680
CYB5R3,10266
ATP5MGL,186
A4GALT,2622
ARFGAP3,7450
PACSIN2,3811
TTLL1,2776
BIK,5349
MCAT,2605
TSPO,8019
TTLL12,2910
SCUBE1,966
MPPED1,42
EFCAB6,2512
SULT4A1,281
PNPLA5,9
PNPLA3,621
SAMM50,2993
PARVB,1681
PARVG,922
SHISAL1,114
RTL6,1456
PRR5,956
ARHGAP8,7944
PHF21B,27
NUP50,3122
KIAA0930,4965
UPK3A,34
FAM118A,7683
SMC1B,10
RIBC2,347
FBLN1,9618
ATXN10,5315
WNT7B,126
PPARA,788
CDPF1,673
PKDREJ,13
TTC38,750
GTSE1,81
TRMU,2237
CELSR1,16208
GRAMD4,1865
CERK,837
TBC1D22A,4324
TAFA5,739
BRD1,8384
ZBED4,1435
ALG12,3121
CRELD2,5366
PIM3,6501
IL17REL,56
TTLL8,6
MLC1,7
MOV10L1,42
PANX2,100
TRABD,5964
SELENOO,3015
TUBGCP6,5460
HDAC10,1899
MAPK12,472
MAPK11,671
PLXNB2,15224
DENND6B,2168
PPP6R2,7608
SBF1,2824
ADM2,209
MIOX,16
LMF2,2902
NCAPH2,1896
SCO2,3400
TYMP,5585
ODF3B,7668
KLHDC7B,241
SYCE3,1976
CPT1B,3232
CHKB,7899
MAPK8IP2,381
ARSA,7266
SHANK3,1713
PLCXD1,954
GTPBP6,5568
PPP2R3B,1774
SHOX,14
CRLF2,26
CSF2RA,1947
IL3RA,871
SLC25A6,14641
ASMTL,2769
P2RY8,124
AKAP17A,4909
ASMT,57
DHRSX,3897
ZBED1,4461
CD99,10751
XG,585
GYG2,575
ARSD,5369
ARSE,163
ARSH,112
ARSF,14
MXRA5,3865
PRKX,201
NLGN4X,93
PUDP,288
STS,848
PNPLA4,5310
VCX2,1
ANOS1,1311
FAM9A,3
FAM9B,3
TBL1X,3758
GPR143,221
SHROOM2,602
CLDN34,88
WWC3,5174
CLCN4,180
MID1,1152
HCCS,828
ARHGAP6,716
AMELX,8
FRMPD4,6
PRPS2,3811
TLR7,527
TLR8,155
TMSB4X,399866
FAM9C,28
ATXN3L,22
EGFL6,80
TCEANC,610
RAB9A,1910
OFD1,6632
GPM6B,288
GEMIN8,1079
GLRA2,3
FANCB,596
MOSPD2,1869
ASB9,367
ASB11,7
PIGA,1178
VEGFD,53
PIR,364
BMX,72
ACE2,21
CLTRN,241
CA5B,1236
ZRSR2,846
AP1S2,3399
GRPR,2169
MAGEB17,270
CTPS2,8895
S100G,20
SYAP1,11587
TXLNG,1556
RBBP7,5425
REPS2,2895
NHS,455
SCML1,664
RAI2,805
BEND2,8
SCML2,278
CDKL5,1341
RS1,7
PPEF1,245
PHKA2,3030
ADGRG2,22
PDHA1,5483
MAP3K15,13
SH3KBP1,1869
BCLAF3,4514
MAP7D2,29
EIF1AX,1408
CNKSR2,157
KLHL34,2
SMPX,15
MBTPS2,1763
YY2,231
SMS,11053
PHEX,197
CBLL2,15
DDX53,4
PTCHD1,20
PRDX4,3316
ACOT9,2830
SAT1,31182
APOO,1049
CXORF58,47
KLHL15,1460
EIF2S3,7302
ZFX,6312
PDK3,2418
PCYT1B,63
POLA1,1936
ARX,8
MAGEB18,3
MAGEB6B,10
MAGEB6,4
MAGEB5,5
PPP4R3C,10
DCAF8L2,4
MAGEB10,6
DCAF8L1,8
IL1RAPL1,14
MAGEB2,2
MAGEB3,3
MAGEB4,3
MAGEB1,6
NR0B1,5
CXORF21,224
TAB3,4549
FTHL17,2
DMD,712
FAM47A,12
TMEM47,686
FAM47B,3
MAGEB16,10
CFAP47,725
FAM47C,3
PRRG1,492
LANCL3,32
XK,52
CYBB,2756
DYNLT3,3148
HYPM,32
AL121578.2,29
SYTL5,290
SRPX,1129
RPGR,2832
OTC,13
TSPAN7,682
MID1IP1,4311
BCOR,6232
ATP6AP2,22877
MPC1L,12
CXORF38,3854
MED14,4855
USP9X,13801
DDX3X,10649
NYX,2
CASK,12447
GPR34,2934
PPP1R2C,6
MAOA,11561
MAOB,5847
NDP,519
EFHC2,729
FUNDC1,1055
DUSP21,6
KDM6A,4004
DIPK2B,1208
KRBOX4,863
ZNF674,372
CHST7,378
SLC9A7,2351
RP2,1489
JADE3,2887
RGN,168
NDUFB11,9692
RBM10,3208
UBA1,3599
CDK16,9552
USP11,1914
ZNF157,11
ZNF41,1235
ARAF,7504
SYN1,36
TIMP1,41136
CFP,139
ELK1,2625
UXT,11155
ZNF182,2555
ZNF630,3392
SSX5,7
SSX3,30
SLC38A5,133
FTSJ1,2178
PORCN,1313
EBP,1942
TBC1D25,549
RBM3,49005
WDR13,7861
WAS,595
SUV39H1,349
GLOD5,43
GATA1,4
HDAC6,3270
ERAS,23
PCSK1N,177
PQBP1,4391
TIMM17B,3596
SLC35A2,492
PIM2,1205
OTUD5,2662
KCND1,221
GRIPAP1,3505
TFE3,4224
CCDC120,1474
PRAF2,1909
WDR45,5336
GPKOW,922
MAGIX,591
PLP2,5107
PRICKLE3,1436
SYP,60
CACNA1F,453
CCDC22,509
FOXP3,122
PPP1R3F,516
GAGE10,24
GAGE1,28
PAGE1,7
PAGE4,98
USP27X,350
CLCN5,1039
AKAP4,10
CCNB3,213
DGKK,4
SHROOM4,465
BMP15,8
NUDT10,104
EZHIP,14
NUDT11,104
CENPVL3,11
GSPT2,417
MAGED1,9428
XAGE2,23
SSX7,7
SPANXN5,5
XAGE5,8
XAGE3,3
GPR173,548
TSPYL2,2251
KANTR,637
KDM5C,9126
IQSEC2,3966
SMC1A,4318
RIBC1,1302
HSD17B10,3534
HUWE1,4742
PHF8,4857
FAM120C,2051
WNK3,249
TSR2,3190
FGD1,1023
GNL3L,4504
ITIH6,580
MAGED2,36375
TRO,826
PFKFB1,158
APEX2,1452
ALAS2,17
FAM104B,3590
PAGE3,7
MAGEH1,2142
USP51,359
FOXR2,5
RRAGB,2012
KLF8,1538
UBQLN2,3180
NBDY,1120
SPIN3,1997
SPIN2B,178
FAAH2,1751
ZXDB,673
NLRP2B,21
ZXDA,324
SPIN4,1334
ARHGEF9,2282
AMER1,399
ASB12,23
MTMR8,80
ZC4H2,221
ZC3H12B,91
LAS1L,2435
MSN,7826
VSIG4,764
HEPH,1053
EDA2R,208
AR,7193
OPHN1,1003
YIPF6,3231
STARD8,782
EFNB1,960
PJA1,986
FAM155B,50
EDA,493
AWAT2,3
OTUD6A,3
IGBP1,8164
DGAT2L6,10
AWAT1,11
ARR3,4
RAB41,13
PDZD11,5597
KIF4A,104
GDPD2,7
DLG3,4414
TEX11,42
SLC7A3,24
SNX12,4609
FOXO4,1912
CXORF65,95
IL2RG,792
MED12,2864
NLGN3,208
GJB1,102
ZMYM3,2321
NONO,6488
ITGB1BP2,392
TAF1,2375
OGT,14287
GCNA,142
CXCR3,89
BX276092.9,12
NHSL2,866
RTL5,122
ERCC6L,125
CITED1,50
HDAC8,2336
PHKA1,2422
PABPC1L2A,6
NAP1L2,164
CDX4,7
CHIC1,1044
ZCCHC13,3
SLC16A2,432
RLIM,2130
NEXMIF,155
ABCB7,3586
UPRT,1201
ZDHHC15,250
MAGEE2,9
PBDC1,1682
MAGEE1,389
FGF16,6
ATRX,12852
MAGT1,4587
COX7B,1775
ATP7A,2238
PGK1,1044
TAF9B,1621
CYSLTR1,871
RTL3,24
LPAR4,117
P2RY10,613
GPR174,107
ITM2A,1891
TBX22,7
TENT5D,61
BRWD3,4465
HMGN5,868
SH3BGRL,17806
POU3F4,3
CYLC1,6
HDX,692
APOOL,2580
ZNF711,379
POF1B,227
CHM,1307
DACH2,23
KLHL4,52
CPXCR1,11
TGIF2LX,1
PABPC5,192
PCDH11X,12
NAP1L3,204
FAM133A,30
DIAPH2,3039
RPA4,97
PCDH19,374
TNMD,72
TSPAN6,11534
SRPX2,3795
SYTL4,5983
CSTF2,1161
NOX1,15
XKRX,145
ARL13A,5
TRMT2B,4389
TMEM35A,32
CENPI,392
DRP2,50
TAF7L,47
TIMM8A,1426
BTK,473
GLA,17356
HNRNPH2,8024
ARMCX4,12599
ARMCX1,5247
ARMCX6,4487
ARMCX3,13420
ARMCX2,5767
NXF5,39
ZMAT1,4430
TCEAL2,77
TCEAL6,165
BEX5,661
TMSB15A,348
ARMCX5,2464
GPRASP1,1003
GPRASP2,530
BEX1,2744
NXF3,27
BEX4,11985
TCEAL8,9538
TCEAL5,24
BEX2,355
TCEAL7,216
TCEAL9,3803
BEX3,16755
RAB40A,41
TCEAL4,7497
TCEAL3,3473
TCEAL1,3577
MORF4L2,3690
GLRA4,19
TMEM31,19
PLP1,93
RAB9B,264
TMSB15B,463
H2BFWT,1
H2BFM,1
TMSB15B,67
SLC25A53,89
ZCCHC18,129
FAM199X,5391
ESX1,5
IL1RAPL2,36
TEX13A,9
NRK,585
SERPINA7,5
PWWP3B,683
RADX,95
RNF128,113
TBC1D8B,1017
MORC4,859
RIPPLY1,11
CLDN2,10
RBM41,1873
NUP62CL,280
PIH1D3,55
FRMPD3,62
PRPS1,1052
TSC22D3,21154
NCBP2L,660
MID2,4073
TEX13B,2
VSIG1,42
PSMD10,5110
ATG4A,1653
COL4A6,561
COL4A5,6913
IRS4,11
GUCY2F,5
NXT2,2673
KCNE5,14
ACSL4,950
TMEM164,1270
AMMECR1,2068
RTL9,35
CHRDL1,670
PAK3,131
CAPN6,102
DCX,40
SERTM2,15
ALG13,10424
TRPC5,9
TRPC5OS,18
RTL4,5
LHFPL1,93
AMOT,2296
HTR2C,7
IL13RA2,58
LRCH2,333
RBMXL3,6
LUZP4,12
PLS3,3142
AGTR2,21
SLC6A14,92
CT83,10
KLHL13,131
WDR44,2684
DOCK11,1354
IL13RA1,8090
ZCCHC12,26
LONRF3,164
AL772284.2,2
KIAA1210,21
PGRMC1,12492
SLC25A43,1175
SLC25A5,774
CXORF56,3227
UBE2A,4070
NKRF,1620
SEPTIN6,1206
SOWAHD,14
UPF3B,1479
RNF113A,978
NDUFA1,11348
AKAP14,128
NKAP,1359
RHOXF2B,1
RHOXF1,83
ZBTB33,3299
TMEM255A,63
ATP1B4,11
LAMP2,11118
CUL4B,10881
MCTS1,4179
C1GALT1C1,3515
GRIA3,255
THOC2,6127
XIAP,3899
STAG2,11669
SH2D1A,235
TEX13D,1
TENM1,82
TEX13C,1
DCAF12L2,2
DCAF12L1,7
PRR32,11
ACTRT1,5
SMARCA1,5171
OCRL,3260
APLN,42
XPNPEP2,33
SASH3,419
ZDHHC9,3422
UTP14A,583
BCORL1,767
ELF4,1676
AIFM1,2783
RAB33A,72
ZNF280C,1075
SLC25A14,883
GPR119,4
RBMX2,1763
ENOX2,2302
ARHGAP36,8
IGSF1,15
OR13H1,6
STK26,1009
FRMD7,25
RAP2C,4857
MBNL3,2308
HS6ST2,32
USP26,18
TFDP3,6
GPC4,1939
GPC3,683
CCDC160,1354
PHF6,2436
HPRT1,2280
PLAC1,20
FAM122B,7582
FAM122C,900
MOSPD1,1332
SMIM10,681
RTL8B,1404
RTL8C,4314
RTL8A,1635
SMIM10L2B,203
CT55,6
ZNF75D,3113
ETDC,5
ZNF449,592
SMIM10L2A,90
INTS6L,876
SAGE1,25
MMGT1,1445
SLC9A6,585
FHL1,684
MAP7D3,463
ADGRG4,10
BRS3,10
HTATSF1,3800
VGLL1,5
CD40LG,149
ARHGEF6,5548
RBMX,6023
GPR101,10
ZIC3,5
FGF13,489
F9,11
MCF2,14
ATP11C,2566
CXORF66,10
SOX3,5
CDR1,21
SPANXB1,13
LDOC1,2949
SPANXD,2
MAGEC3,56
MAGEC1,8
MAGEC2,2
SPANXN4,8
SPANXN3,10
SLITRK4,227
SPANXN2,16
SPANXN1,6
SLITRK2,22
FMR1,2947
FMR1NB,5
AFF2,321
IDS,8270
CXORF40A,4100
HSFX3,13
MAGEA9B,5
TMEM185A,7184
MAGEA11,5
MAGEA8,5
HSFX4,6
MAMLD1,789
MTM1,1971
MTMR1,3439
CD99L2,1895
HMGB3,634
VMA21,5858
PASD1,4
PRRG3,20
FATE1,29
CNGA2,506
MAGEA4,4
GABRE,2212
MAGEA10,4
GABRA3,6
GABRQ,7
CSAG1,4
MAGEA12,2
MAGEA6,5
CETN2,3052
NSDHL,1581
ZNF185,2617
PNMA5,19
PNMA3,127
PNMA6A,112
MAGEA1,2
PNMA6F,3
ZNF275,958
PNMA6E,8
ZFP92,109
TREX2,10
BGN,34937
ATP2B3,5
CCNQ,2302
DUSP9,14
PNCK,388
SLC6A8,2985
BCAP31,5152
ABCD1,1113
SRPK3,1659
IDH3G,4130
SSR4,9007
PDZD4,264
L1CAM,183
AVPR2,47
ARHGAP4,2563
NAA10,4238
RENBP,244
HCFC1,2181
TMEM187,1325
IRAK1,5731
MECP2,3275
OPN1LW,2
TKTL1,2
FLNA,6492
EMD,9306
DNASE1L1,3014
TAZ,1925
ATP6AP1,11365
GDI1,8101
FAM50A,3184
PLXNA3,5396
LAGE3,4055
UBL4A,400
SLC10A3,1870
FAM3A,2497
G6PD,1251
IKBKG,3408
CTAG2,91
GAB3,203
DKC1,3846
MPP1,950
SMIM9,12
F8,742
F8A1,824
FUNDC2,1351
CMC4,5815
MTCP1,397
BRCC3,2610
VBP1,3296
RAB39B,323
CLIC2,999
TMLHE,2535
SPRY3,207
VAMP7,3369
IL9R,31
PCDH11Y,2
TMSB4Y,2
MT-ND1,61827
MT-ND2,125844
MT-CO2,159209
MT-ATP6,250350
MT-CO3,320070
MT-ND3,97628
MT-ND4L,191354
MT-ND4,197372
MT-ND5,40100
MT-ND6,42818
MT-CYB,194555
