gene,count
SAMD11,1690
NOC2L,15129
KLHL17,4076
PLEKHN1,6988
PERM1,87
HES4,24883
ISG15,85336
AGRN,101076
RNF223,294
C1ORF159,5215
TTLL10,231
TNFRSF18,9611
TNFRSF4,6876
SDF4,85699
B3GALT6,5207
C1QTNF12,1186
UBE2J2,15727
SCNN1D,1146
ACAP3,49713
PUSL1,6811
INTS11,33073
CPTP,13802
TAS1R3,4088
DVL1,15442
MXRA8,32591
AURKAIP1,32550
CCNL2,112350
ANKRD65,2355
TMEM88B,11
VWA1,61052
ATAD3C,1280
ATAD3B,13287
ATAD3A,7446
TMEM240,1744
SSU72,26720
FNDC10,3202
MIB2,11922
MMP23B,2457
CDK11B,7204
CDK11A,1696
NADK,22118
GNB1,47790
CALML6,1697
TMEM52,569
CFAP74,128
GABRD,3369
PRKCZ,10304
FAAP20,16552
SKI,48566
RER1,62302
PEX10,5145
PLCH2,3066
PANK4,15461
HES5,407
TNFRSF14,34317
PRXL2B,8461
MMEL1,66
ACTRT2,1
PRDM16,2767
ARHGEF16,22346
MEGF6,40175
TPRG1L,17120
WRAP73,10013
TP73,1595
SMIM1,2734
LRRC47,27842
CEP104,10883
DFFB,3060
C1ORF174,18489
AJAP1,1014
NPHP4,4586
KCNAB2,25163
CHD5,65
RNF207,2396
ICMT,18336
GPR153,4190
ACOT7,8153
HES2,558
ESPN,399
TNFRSF25,25736
PLEKHG5,11494
NOL9,15292
TAS1R1,66
ZBTB48,7864
KLHL21,17554
PHF13,8069
THAP3,4991
DNAJC11,19749
CAMTA1,14468
VAMP3,31771
PER3,5373
UTS2,2557
TNFRSF9,5240
PARK7,26174
ERRFI1,15949
SLC45A1,650
RERE,71695
ENO1,78119
CA6,15
SLC2A7,12
SLC2A5,5424
GPR157,12137
H6PD,11002
SPSB1,22200
SLC25A33,8082
TMEM201,8076
PIK3CD,28019
CLSTN1,50331
CTNNBIP1,35302
LZIC,17981
NMNAT1,4880
RBP7,2191
UBE4B,21126
KIF1B,19249
PGD,33953
CENPS,5334
CORT,230
DFFA,14156
PEX14,5526
CASZ1,17237
C1ORF127,699
MASP2,34
SRM,45798
EXOSC10,22089
MTOR,16366
ANGPTL7,122
UBIAD1,4928
DISP3,1558
FBXO2,3282
FBXO44,14120
MAD2L2,19702
FBXO6,12215
DRAXIN,865
AGTRAP,39491
C1ORF167,13
MTHFR,14855
CLCN6,11108
NPPA,9
NPPB,6
KIAA2013,26009
PLOD1,25801
MFN2,18471
MIIP,15216
TNFRSF8,1195
TNFRSF1B,21899
VPS13D,18983
DHRS3,17269
AADACL4,5
AADACL3,1
CFAP107,2
PRAMEF12,1
PRAMEF1,2
PRAMEF11,4
PRAMEF2,1
PRAMEF10,7
PRAMEF27,7
HNRNPCL2,1
PRAMEF8,3
PRAMEF15,1
PRAMEF14,5
PRAMEF19,2
PRAMEF20,6
LRRC38,12
PDPN,13492
PRDM2,25370
KAZN,9781
TMEM51,10484
FHAD1,2805
EFHD2,66373
CTRC,260
CELA2A,4
CELA2B,17
CASP9,10900
DNAJC16,8394
AGMAT,2231
DDI2,19216
PLEKHM2,34440
SLC25A34,607
FBLIM1,6287
UQCRHL,552
SPEN,30848
ZBTB17,15587
SRARP,2041
HSPB7,647
CLCNKA,363
CLCNKB,6
FAM131C,17
EPHA2,5173
ARHGEF19,4200
CPLANE2,1831
FBXO42,15322
SZRD1,25032
SPATA21,17
NECAP2,39678
NBPF1,756
CROCC,6100
MFAP2,21728
ATP13A2,8608
SDHB,41524
PADI2,94224
PADI1,6
PADI3,33
PADI4,5
PADI6,43
RCC2,16488
ARHGEF10L,19746
ACTL8,759
IGSF21,5940
KLHDC7A,490
PAX7,31
TAS1R2,10
ALDH4A1,32103
IFFO2,17585
UBR4,31360
EMC1,10975
MRTO4,6067
AKR7A2,9387
SLC66A1,5407
CAPZB,89896
MICOS10,43103
NBL1,69465
HTR6,173
TMCO4,10130
RNF186,16
OTUD3,5323
PLA2G2E,1
PLA2G2A,36916
PLA2G5,1576
PLA2G2D,16924
PLA2G2F,4
PLA2G2C,202
UBXN10,3830
VWA5B1,41
CAMK2N1,37951
MUL1,11479
FAM43B,195
CDA,1072
PINK1,19547
DDOST,42623
KIF17,763
SH2D5,33
HP1BP3,27361
EIF4G3,22973
ECE1,60857
NBPF3,1709
ALPL,2893
RAP1GAP,3308
USP48,33874
HSPG2,50608
CELA3B,3
CELA3A,2
WNT4,1235
ZBTB40,8346
EPHA8,37
C1QA,143146
C1QC,137940
C1QB,110947
EPHB2,3038
LACTBL1,2
TEX46,122
KDM1A,16501
LUZP1,16886
HTR1D,296
HNRNPR,15731
ZNF436,13561
TCEA3,8252
ASAP3,5640
E2F2,2603
ID3,41946
ELOA,11473
PITHD1,19962
LYPLA2,9591
GALE,18919
HMGCL,14258
FUCA1,29080
CNR2,1605
PNRC2,28672
SRSF10,5050
MYOM3,852
IL22RA1,106
IFNLR1,1392
GRHL3,620
STPG1,3879
NIPAL3,6675
RCAN3,17349
NCMAP,692
SRRM1,41793
CLIC4,74892
RUNX3,10491
SYF2,22169
RSRP1,74035
RHD,1
TMEM50A,71670
RHCE,220
MACO1,19867
LDLRAP1,23700
MAN1C1,11259
SELENON,47257
MTFR1L,13549
AUNIP,1089
PAQR7,5225
STMN1,5717
PAFAH2,7281
EXTL1,404
SLC30A2,80
TRIM63,125
PDIK1L,10525
FAM110D,1639
C1ORF232,3
ZNF593OS,4
ZNF593,15239
CNKSR1,10548
CATSPER4,45
CEP85,7612
SH3BGRL3,107323
UBXN11,12034
CD52,47110
CRYBG2,746
ZNF683,6304
LIN28A,59
DHDDS,14892
ARID1A,29991
PIGV,8915
ZDHHC18,13665
SFN,10388
GPN2,8378
GPATCH3,7242
NUDC,65296
NR0B2,2
KDF1,4009
TRNP1,549
TENT5B,821
SLC9A1,19490
WDTC1,22094
TMEM222,5019
SYTL1,26081
MAP3K6,11299
FCN3,1717
CD164L2,97
GPR3,363
WASF2,35379
AHDC1,27322
FGR,9398
IFI6,425433
FAM76A,8423
STX12,23702
PPP1R8,15786
THEMIS2,24603
RPA2,6184
SMPDL3B,7751
XKR8,4350
EYA3,12955
PTAFR,11800
DNAJC8,23172
ATP5IF1,29831
SESN2,4767
MED18,13956
PHACTR4,17830
RCC1,9676
TRNAU1AP,10933
TAF12,12407
RAB42,3908
GMEB1,8378
YTHDF2,33534
OPRD1,78
EPB41,19264
TMEM200B,2404
SRSF4,39463
MECR,7257
PTPRU,6675
MATN1,64
LAPTM5,194588
SDC3,43978
PUM1,43803
NKAIN1,15
SNRNP40,22613
ZCCHC17,8243
FABP3,3440
SERINC2,39041
TINAGL1,20199
HCRTR1,17
PEF1,15079
COL16A1,32355
ADGRB2,1053
SPOCD1,1464
KHDRBS1,48539
TMEM39B,7860
KPNA6,24555
TXLNA,31201
CCDC28B,2678
IQCC,1712
DCDC2B,548
TMEM234,11547
EIF3I,9883
FAM167B,4288
LCK,11460
HDAC1,28621
MARCKSL1,148625
TSSK3,247
FAM229A,1423
BSDC1,37280
ZBTB8B,23
ZBTB8A,3018
ZBTB8OS,5891
RBBP4,1056
SYNC,4093
KIAA1522,74165
YARS1,13290
S100PBP,24692
FNDC5,221
HPCA,120
TMEM54,13430
RNF19B,34842
AZIN2,5994
TRIM62,3977
ZNF362,21630
A3GALT2,122
PHC2,35848
ZSCAN20,2760
CSMD2,781
C1ORF94,2
SMIM12,17968
GJB5,248
GJB4,15
GJB3,322
GJA4,8839
DLGAP3,197
TMEM35B,19330
ZMYM6,8171
ZMYM1,6585
SFPQ,28556
ZMYM4,16133
KIAA0319L,26977
NCDN,8878
TFAP2E,783
PSMB2,33439
C1ORF216,11102
CLSPN,3939
AGO4,10877
AGO1,13864
AGO3,10652
TEKT2,128
ADPRS,14775
COL8A2,12284
TRAPPC3,40631
MAP7D1,54392
THRAP3,34026
SH3D21,4318
EVA1B,16325
STK40,27740
LSM10,14270
OSCP1,2198
CSF3R,8550
GRIK3,1583
ZC3H12A,16951
MEAF6,30650
SNIP1,11809
DNALI1,1350
GNL2,21759
RSPO1,280
C1ORF109,7181
CDCA8,3693
EPHA10,1425
MANEAL,6489
YRDC,7677
C1ORF122,24274
MTF1,6472
INPP5B,17767
SF3A3,12075
FHL3,12531
UTP11,8387
POU3F1,407
RRAGC,11994
MYCBP,10561
GJA9,106
RHBDL2,2533
AKIRIN1,32419
NDUFS5,18904
MACF1,49717
BMP8A,2248
PABPC4,28180
HEYL,5589
NT5C1A,61
HPCAL4,285
PPIE,15790
BMP8B,1398
OXCT2,336
TRIT1,7817
MYCL,2740
MFSD2A,8900
CAP1,11653
PPT1,85409
RLF,8936
TMCO2,28
ZMPSTE24,20746
COL9A2,5640
SMAP2,33051
ZFP69B,1859
ZFP69,1171
EXO5,4830
ZNF684,2066
RIMS3,1733
NFYC,11000
KCNQ4,455
CITED4,6408
CTPS1,12084
SLFNL1,476
SCMH1,12720
FOXO6,3343
EDN2,1172
HIVEP3,10637
GUCA2A,5
FOXJ3,11796
RIMKLA,913
ZMYND12,905
PPCS,13366
CCDC30,2361
PPIH,3782
YBX1,64990
CLDN19,147
P3H1,8175
TMEM269,337
SVBP,10751
ERMAP,5712
ZNF691,4660
SLC2A1,21529
CFAP144,2694
EBNA1BP2,28921
CFAP57,350
TMEM125,5278
C1ORF210,2141
TIE1,4442
MPL,27
CDC20,5266
ELOVL1,34978
MED8,16807
SZT2,6438
HYI,8651
PTPRF,84711
KDM4A,19579
ST3GAL3,7248
ARTN,175
IPO13,8686
DPH2,10259
ATP6V0B,52909
B4GALT2,10434
CCDC24,5584
SLC6A9,9911
KLF17,27
KLF18,1
DMAP1,18579
ERI3,14737
RNF220,17101
TMEM53,1700
ARMH1,531
KIF2C,3882
BEST4,154
PLK3,13882
DYNLT4,116
BTBD19,4027
PTCH2,980
EIF2B3,13546
HECTD3,18086
UROD,20101
ZSWIM5,914
HPDL,144
MUTYH,1630
TOE1,6438
TESK2,2664
CCDC163,1990
MMACHC,4918
PRDX1,41674
AKR1A1,83631
NASP,396
CCDC17,863
GPBP1L1,49797
TMEM69,5445
IPP,9007
MAST2,15157
PIK3R3,39628
TSPAN1,24587
P3R3URF,17
POMGNT1,19911
LURAP1,1468
RAD54L,3377
LRRC41,30293
UQCRH,7582
NSUN4,10598
FAAH,10893
DMBX1,134
TMEM275,2
KNCN,1
MKNK1,12373
MOB3C,4529
ATPAF1,17219
TEX38,44
EFCAB14,34247
CYP4B1,226
CYP4A11,16
CYP4X1,4460
CYP4Z1,721
CYP4A22,13
PDZK1IP1,6615
TAL1,859
STIL,4167
CMPK1,43949
FOXE3,52
FOXD2,445
TRABD2B,1322
SLC5A9,38
SPATA6,4210
AGBL4,1509
BEND5,1540
ELAVL4,278
DMRTA2,20
FAF1,18586
CDKN2C,8397
C1ORF185,10
RNF11,34143
TTC39A,2570
EPS15,28220
OSBPL9,21474
NRDC,46660
RAB3B,997
TXNDC12,19763
KTI12,4996
BTF3L4,40672
ZFYVE9,5701
CC2D1B,13323
ORC1,2341
PRPF38A,17670
TUT4,23388
GPX7,4992
SHISAL2A,1254
COA7,4212
ZYG11B,12089
ZYG11A,4657
ECHDC2,25097
SCP2,101853
PODN,17943
SLC1A7,1
CPT2,10697
CZIB,12323
MAGOH,13919
LRP8,8205
GLIS1,457
NDC1,9530
YIPF1,15204
DIO1,26
IFT25,12247
LRRC42,7173
LDLRAD1,1420
TMEM59,36379
TCEANC2,1979
CDCP2,233
CYB5RL,4340
SSBP3,8312
ACOT11,1198
FAM151A,27
MROH7,420
TTC4,3316
PARS2,2535
TTC22,2235
LEXM,247
DHCR24,76845
TMEM61,923
BSND,107
PCSK9,200
USP24,23729
PLPP3,58509
PRKAA2,2792
FYB2,638
C8A,1
C8B,8
DAB1,226
OMA1,11133
TACSTD2,113825
MYSM1,19449
JUN,98347
FGGY,2816
HOOK1,11476
CYP2J2,8058
C1ORF87,182
NFIA,14423
TM2D1,17699
PATJ,42273
L1TD1,166
KANK4,491
USP1,17066
DOCK7,10803
ATG4C,13483
FOXD3,119
ALG6,11895
ITGB3BP,6066
EFCAB7,3340
PGM1,17554
ROR1,2357
CACHD1,3519
RAVER2,5425
JAK1,64547
AK4,22524
DNAJC6,549
LEPROT,15921
LEPR,3292
PDE4B,16344
SGIP1,1907
DYNLT5,402
INSL5,79
DNAI4,1848
MIER1,29909
SLC35D1,9968
C1ORF141,4
IL23R,243
IL12RB2,1832
SERBP1,50579
GADD45A,24710
GNG12,24787
DIRAS3,2210
WLS,9841
RPE65,19
DEPDC1,1947
LRRC7,40
LRRC40,11916
SRSF11,17867
ANKRD13C,10420
HHLA3,3492
CTH,2079
PTGER3,3275
ZRANB2,39959
NEGR1,1815
LRRIQ3,756
FPGT,7286
TNNI3K,258
LRRC53,2
ERICH3,68
CRYZ,14954
TYW3,7921
LHX8,103
SLC44A5,5276
ACADM,21282
RABGGTB,32850
MSH4,152
ST6GALNAC3,1233
ST6GALNAC5,2931
PIGK,15548
AK5,715
ZZZ3,12905
USP33,26153
MIGA1,11865
NEXN,3646
FUBP1,46965
DNAJB4,12728
GIPC2,708
PTGFR,1275
IFI44L,51146
IFI44,61641
ADGRL4,10529
ADGRL2,4541
TTLL7,5331
PRKACB,27862
SAMD13,1184
DNASE2B,1125
RPF1,11282
GNG5,2402
SPATA1,841
CTBS,25844
SSX2IP,4535
LPAR3,4545
MCOLN2,8838
DNAI3,270
MCOLN3,1447
SYDE2,4804
C1ORF52,14298
BCL10,20216
DDAH1,8532
CCN1,86581
ZNHIT6,12003
COL24A1,1546
ODF2L,1174
CLCA2,46894
CLCA1,3
CLCA4,71
SH3GLB1,41816
SELENOF,83199
HS2ST1,16887
LMO4,37838
PKN2,17072
GTF2B,18641
KYAT3,10000
RBMXL1,5065
GBP3,18041
GBP1,42215
GBP2,51183
GBP7,30
GBP4,29656
GBP5,36103
GBP6,421
LRRC8B,12638
LRRC8C,11008
LRRC8D,7644
ZNF326,21096
BARHL2,2
ZNF644,41136
HFM1,64
CDC7,3791
TGFBR3,3858
BRDT,6
EPHX4,282
BTBD8,4382
C1ORF146,12
GLMN,6986
RPAP2,8808
GFI1,5523
EVI5,12625
DIPK1A,5752
MTF2,10714
TMED5,37113
CCDC18,4105
DR1,22017
FNBP1L,22504
BCAR3,6575
DNTTIP2,17786
GCLM,9867
ABCA4,724
ARHGAP29,17455
ABCD3,9373
F3,10563
SLC44A3,7052
CNN3,142319
ALG14,7154
TLCD4,1207
RWDD3,9404
PTBP2,5646
DPYD,28414
SNX7,5627
PLPPR5,43
PLPPR4,825
PALMD,4939
FRRS1,9662
AGL,13198
SLC35A3,22441
MFSD14A,16031
SASS6,4308
TRMT13,9846
LRRC39,826
DBT,10385
RTCA,24933
CDC14A,5784
GPR88,81
VCAM1,36864
EXTL2,4408
SLC30A7,23780
DPH5,11575
S1PR1,14854
OLFM3,7
COL11A1,35124
RNPC3,16773
AMY2A,1
PRMT6,6837
NTNG1,289
VAV3,38067
SLC25A24,19389
EEIG2,12562
HENMT1,8977
PRPF38B,41062
FNDC7,32
STXBP3,20326
GPSM2,7143
CLCC1,37025
WDR47,4862
TAF13,23314
TMEM167B,18940
CFAP276,69
ELAPOR1,141989
SARS1,12744
CELSR2,2596
PSRC1,3337
MYBPHL,14
SORT1,17015
PSMA5,7403
SYPL2,350
ATXN7L2,1179
CYB561D1,4161
AMIGO1,2249
GPR61,3
GNAI3,41367
GNAT2,77
AMPD2,20724
GSTM1,605
GSTM3,32924
EPS8L3,8
CSF1,24316
AHCYL1,32610
STRIP1,16940
ALX3,36
UBL4B,107
SLC6A17,1540
KCNC4,9192
RBM15,26402
SLC16A4,2045
LAMTOR5,12150
PROK1,18
KCNA10,5
KCNA2,1076
KCNA3,7751
CD53,59480
LRIF1,19093
DRAM2,29865
CEPT1,16728
DENND2D,29480
CHI3L2,4007
CHIA,2
PIFO,383
OVGP1,1025
WDR77,24025
ATP5PB,22650
C1ORF162,13881
TMIGD3,742
ADORA3,2502
RAP1A,44797
INKA2,3136
DDX20,6477
KCND3,1080
CTTNBP2NL,13896
WNT2B,1138
ST7L,4797
CAPZA1,9231
MOV10,42616
RHOC,179095
PPM1J,3061
TAFA3,56
SLC16A1,12090
LRIG2,15577
MAGI3,7785
PHTF1,8293
RSBN1,11083
PTPN22,8571
BCL2L15,55
AP4B1,14727
DCLRE1B,2195
HIPK1,19020
OLFML3,34186
SYT6,399
TRIM33,20084
BCAS2,8981
DENND2C,1544
AMPD1,3782
NRAS,23626
CSDE1,42618
SIKE1,17456
SYCP1,29
TSHB,4
TSPAN2,4085
NGF,551
VANGL1,15452
CASQ2,581
NHLH2,6
SLC22A15,3806
MAB21L3,206
ATP1A1,39339
CD58,16197
IGSF3,5647
CD2,44015
PTGFRN,20814
CD101,3797
TTF2,7197
TRIM45,2830
VTCN1,2522
MAN1A2,20669
TENT5C,83887
GDAP2,13678
WDR3,11773
SPAG17,62
TBX15,1762
WARS2,7195
HAO2,52
HSD3B2,17
HSD3B1,2
ZNF697,5333
PHGDH,63553
HMGCS2,42099
REG4,1769
ADAM30,4
NOTCH2,26489
SEC22B,44754
PPIAL4A,12
FCGR1BP,2464
NBPF20,1497
PDZK1,203
CD160,472
RNF115,26416
POLR3C,12326
NUDT17,2181
PIAS3,18103
ANKRD35,994
ITGA10,1853
PEX11B,23400
RBM8A,4287
LIX1L,26814
ANKRD34A,828
POLR3GL,17328
TXNIP,177875
HJV,4
PRKAB2,7678
FMO5,3356
BCL9,6258
ACP6,6581
GJA5,7276
GJA8,3
GPR89B,5015
NBPF11,2468
PPIAL4G,1130
NBPF19,346
FCGR1A,2087
H2BC21,54085
BOLA1,7784
SV2A,595
SF3B4,30824
MTMR11,1573
OTUD7B,7632
VPS45,34728
PLEKHO1,61913
ANP32E,11744
CA14,3
APH1A,39760
C1ORF54,12013
CIART,870
PRPF3,42256
RPRD2,18033
TARS2,7634
ECM1,18505
ADAMTSL4,3911
MCL1,283397
ENSA,44833
GOLPH3L,19215
HORMAD1,519
CTSS,116631
CTSK,59205
ARNT,20871
CTXND2,4
SETDB1,23746
CERS2,51038
ANXA9,7298
MINDY1,9161
PRUNE1,9828
BNIPL,6671
C1ORF56,3942
CDC42SE1,66023
MLLT11,2126
GABPB2,12770
SEMA6C,3848
TNFAIP8L2,6005
SCNM1,17484
LYSMD1,2069
TMOD4,32
VPS72,17585
PIP5K1A,21030
PSMD4,25988
ZNF687,12449
PI4KB,33289
RFX5,29324
SELENBP1,28756
PSMB4,49450
POGZ,38483
CGN,6506
TUFT1,13414
SNX27,16069
CELF3,10
RIIAD1,68
OAZ3,1972
TDRKH,5048
LINGO4,101
RORC,1520
C2CD4D,568
THEM5,6
THEM4,2983
S100A10,160630
S100A11,171086
TCHHL1,9
TCHH,689
RPTN,5
HRNR,8
FLG,233
FLG2,4
CRNN,14
LCE5A,5
CRCT1,15
LCE3D,3
LCE3C,1
LCE3A,13
LCE2C,6
LCE2B,3
LCE2A,1
LCE4A,2
C1ORF68,2
KPRP,1
LCE1D,1
LCE1C,13
LCE6A,2
LCE7A,4
SMCP,1
IVL,93
SPRR5,2
SPRR3,24
SPRR1B,11
SPRR2D,2
SPRR2B,2
SPRR2E,3
SPRR2F,9
SPRR2G,4
LELP1,2
PRR9,5
LORICRIN,146
PGLYRP3,27
PGLYRP4,161
S100A9,667008
S100A12,52
S100A8,44949
S100A7A,58326
S100A6,164443
S100A5,171
S100A4,74869
S100A3,1010
S100A2,31508
S100A16,28408
S100A14,2649
S100A13,30462
S100A1,3816
CHTOP,52807
SNAPIN,14497
ILF2,29220
NPR1,2207
INTS3,24118
SLC27A3,8107
GATAD2B,37746
DENND4B,22850
CRTC2,29658
SLC39A1,21427
CREB3L4,44626
JTB,46327
RAB13,53649
NUP210L,104
CFAP141,50
C1ORF43,25195
UBAP2L,44695
HAX1,15409
AQP10,14
ATP8B2,20764
IL6R,11810
SHE,4810
TDRD10,554
UBE2Q1,35444
CHRNB2,56
ADAR,131146
KCNN3,6214
PMVK,43750
PBXIP1,26528
PYGO2,21217
SHC1,38246
CKS1B,20596
FLAD1,16007
LENEP,23
ZBTB7B,37106
DCST2,2431
DCST1,923
ADAM15,89535
EFNA4,4476
EFNA3,13009
EFNA1,54855
SLC50A1,40734
DPM3,6432
KRTCAP2,29416
TRIM46,2260
MUC1,310277
THBS3,19959
MTX1,11434
GBA1,33038
ENTREP3,8150
SCAMP3,26639
CLK2,9376
HCN3,2217
PKLR,19
FDPS,24015
RUSC1,28097
ASH1L,68314
MSTO1,17289
YY1AP1,20952
DAP3,41592
GON4L,25664
SYT11,8209
RIT1,9337
KHDC4,22759
RXFP4,11
ARHGEF2,63757
SSR2,123407
UBQLN4,9172
LAMTOR2,42195
RAB25,41707
MEX3A,4614
LMNA,199305
SEMA4A,13766
SLC25A44,15743
PMF1,25490
BGLAP,4747
PAQR6,3503
SMG5,36891
TMEM79,5745
GLMP,17561
VHLL,73
CCT3,24900
TSACC,359
RHBG,159
MIR9-1HG,519
MEF2D,35458
IQGAP3,5908
TTC24,347
NAXE,27223
GPATCH4,14289
HAPLN2,21
BCAN,23
NES,20666
CRABP2,31739
ISG20L2,13197
METTL25B,7626
HDGF,40901
PRCC,29425
SH2D2A,7154
NTRK1,222
INSRR,101
PEAR1,3572
LRRC71,91
ARHGEF11,12194
ETV3L,22
ETV3,8481
FCRL5,32972
FCRL4,252
FCRL3,7374
FCRL2,8595
FCRL1,8399
CD5L,224
KIRREL1,11967
CD1D,5520
CD1A,268
CD1C,3097
CD1B,597
CD1E,3571
OR10T2,5
OR10K2,6
OR10K1,4
OR10R2,6
OR6Y1,5
OR6P1,2
OR10Z1,2
SPTA1,88
OR6K2,3
OR6K3,13
OR6N1,18
OR6K6,2
OR6N2,5
MNDA,16666
PYHIN1,12364
IFI16,77695
AIM2,10922
CADM3,1930
ACKR1,5373
FCER1A,4056
OR10J1,2
OR10J5,2
APCS,3
CRP,27
DUSP23,26092
FCRL6,4943
SLAMF8,16996
VSIG8,580
CFAP45,2115
TAGLN2,68818
IGSF9,17858
SLAMF9,261
KCNJ10,1542
PIGM,10776
KCNJ9,19
IGSF8,17409
ATP1A2,440
ATP1A4,551
CASQ1,605
PEA15,83655
DCAF8,61909
PEX19,18934
COPA,71016
NCSTN,56189
NHLH1,284
VANGL2,1964
SLAMF6,20668
CD84,20817
SLAMF1,11097
CD48,16749
SLAMF7,31853
LY9,16540
CD244,2098
ITLN1,19
ITLN2,16
F11R,194677
TSTD1,107663
USF1,87105
ARHGAP30,33240
NECTIN4,119360
KLHDC9,9568
PFDN2,117514
NIT1,60956
DEDD,82015
UFC1,129073
USP21,39549
PPOX,24936
B4GALT3,78706
ADAMTS4,21634
NDUFS2,196150
FCER1G,83505
APOA2,57
TOMM40L,24746
NR1I3,11
PCP4L1,119
MPZ,1313
SDHC,35591
CFAP126,555
FCGR2A,18002
HSPA6,12843
FCGR3A,38994
FCGR3B,1649
FCGR2B,10924
FCRLA,6291
FCRLB,357
DUSP12,12287
ATF6,31200
OLFML2B,18580
NOS1AP,1105
SPATA46,2
C1ORF226,1066
SH2D1B,1125
UHMK1,52139
UAP1,112303
DDR2,10199
CCDC190,17
RGS4,2934
RGS5,33144
NUF2,8127
PBX1,78485
LMX1A,10
RXRG,113
LRRC52,12
MGST3,73095
ALDH9A1,39371
TMCO1,99494
UCK2,34214
FAM78B,1749
POGK,48630
TADA1,6286
ILDR2,293
MAEL,73
GPA33,268
STYXL2,114
POU2F1,7490
CD247,13940
CREG1,96142
RCSD1,28996
MPZL1,47127
ADCY10,993
MPC2,44825
DCAF6,36577
GPR161,3212
TIPRL,32456
SFT2D2,27186
TBX19,3811
XCL2,656
XCL1,83
DPT,23187
ATP1B1,33390
NME7,9505
BLZF1,16435
CCDC181,70
SLC19A2,13475
F5,1748
SELP,3210
C1ORF112,9231
SELL,43047
SELE,4560
METTL18,7198
SCYL3,26100
KIFAP3,14063
NTMT2,17
GORAB,10624
PRRX1,35486
MROH9,21
FMO3,2510
FMO2,5454
FMO1,1672
FMO4,8351
PRRC2C,51343
MYOCOS,19
MYOC,26
VAMP4,11080
METTL13,32059
DNM3,3329
PIGC,6907
C1ORF105,21
SUCO,20016
FASLG,3888
TNFSF18,688
TNFSF4,4405
PRDX6,33783
SLC9C2,27
ANKRD45,406
TEX50,1
KLHL20,15682
CENPL,5031
DARS2,12956
ZBTB37,13895
SERPINC1,109
RC3H1,26418
RABGAP1L,71106
TNN,1166
KIAA0040,35843
TNR,1399
COP1,22317
PAPPA2,347
ASTN1,190
BRINP2,82
SEC16B,4000
RASAL2,18715
CLEC20A,88
TEX35,11
RALGPS2,19693
ANGPTL1,972
FAM20B,14712
TOR3A,25826
ABL2,12678
SOAT1,18523
AXDND1,1383
NPHS2,10
TDRD5,4735
FAM163A,80
TOR1AIP2,31124
TOR1AIP1,27714
CEP350,29342
QSOX1,16212
LHX4,67
ACBD6,24354
XPR1,11620
KIAA1614,1132
STX6,27194
IER5,77211
CACNA1E,208
ZNF648,3683
GLUL,271148
TEDDM1,2
RGSL1,5
RNASEL,6435
RGS16,24613
RGS8,11
NPL,20051
DHX9,54440
SHCBP1L,11
LAMC1,50179
LAMC2,7892
NMNAT2,860
SMG7,8029
NCF2,13640
ARPC5,24237
RGL1,11500
APOBEC4,2
COLGALT2,785
TSEN15,3689
C1ORF21,33384
EDEM3,32586
NIBAN1,13214
RNF2,6332
TRMT1L,12346
SWT1,5758
IVNS1ABP,28703
HMCN1,5714
PRG4,337
TPR,43277
ODR4,21596
PDC,1
PTGS2,2443
PLA2G4A,2373
BRINP3,29530
RGS18,2285
RGS21,2
RGS1,37443
RGS13,1468
RGS2,9402
UCHL5,17576
RO60,27500
GLRX2,12541
CDC73,51499
B3GALT2,423
KCNT2,1076
CFH,29430
CFHR3,41
CFHR4,2
CFHR2,4
CFHR5,4
F13B,30
ASPM,8754
ZBTB41,20286
CRB1,91
DENND1B,24577
C1ORF53,2423
LHX9,3
NEK7,29139
ATP6V1G3,19
PTPRC,16611
NR5A2,1865
ZNF281,34649
KIF14,12301
DDX59,42278
CAMSAP2,56186
GPR25,2801
INAVA,92241
KIF21B,8782
CACNA1S,47
ASCL5,260
TMEM9,67088
IGFN1,747
PKP1,1201
TNNT2,8390
LAD1,104417
TNNI1,34
PHLDA3,29301
CSRP1,299557
NAV1,19714
IPO9,40361
SHISA4,3519
LMOD1,8624
TIMM17A,19301
RNPEP,35857
ELF3,85708
GPR37L1,95
ARL8A,43029
PTPN7,20557
LGR6,225
UBE2T,10535
PPP1R12B,41203
SYT2,42
KDM5B,48618
RABIF,12427
KLHL12,12381
ADIPOR1,44793
CYB5R1,38677
TMEM183A,32302
PPFIA4,956
MYOG,5
ADORA1,4630
MYBPH,42
CHI3L1,31277
CHIT1,3956
BTG2,115424
FMOD,10851
PRELP,33401
OPTC,2
ATP2B4,28850
LAX1,16589
SNRPE,13677
SOX13,14673
ETNK2,9508
REN,112
KISS1,939
GOLT1A,1196
PLEKHA6,23481
PPP1R15B,33718
PIK3C2B,20689
MDM4,95726
LRRN2,1524
NFASC,3642
CNTN2,23
TMEM81,2145
RBBP5,13602
DSTYK,7801
TMCC2,1696
NUAK2,7038
KLHDC8A,441
LEMD1,184
BLACAT1,219
CDK18,3107
MFSD4A,212
ELK4,35482
SLC45A3,4515
NUCKS1,81076
RAB29,19449
SLC41A1,8746
PM20D1,598
SLC26A9,16
RAB7B,4899
CTSE,235
RHEX,589
AVPR1B,10
IKBKE,12566
RASSF5,25044
EIF2D,18837
DYRK3,1369
MAPKAPK2,79344
IL10,1229
IL19,72
IL20,452
IL24,18
FCMR,28742
PIGR,1545
FCAMR,333
C1ORF116,13804
PFKFB2,6417
YOD1,2850
C4BPB,205
C4BPA,13
CD55,31173
CR2,3073
CR1,6319
CR1L,640
CD46,83757
CD34,17993
PLXNA2,4081
CAMK1G,100
LAMB3,11134
G0S2,5200
HSD11B1,1529
TRAF3IP3,36632
C1ORF74,3080
IRF6,20825
UTP25,12154
SYT14,14
SERTAD4,6952
HHAT,15060
KCNH1,1409
RCOR3,24226
TRAF5,20363
RD3,11
SLC30A1,19226
NEK2,3631
LPGAT1,38973
INTS7,18923
DTL,7794
PPP2R5A,26892
PACC1,9249
NENF,36522
ATF3,20609
GARIN4,20
BATF3,3219
NSL1,18588
TATDN3,6984
SPATA45,202
FLVCR1,10577
VASH2,2100
ANGEL2,6430
PROX1,2927
SMYD2,20150
PTPN14,11750
CENPF,13093
KCNK2,1066
KCTD3,45844
USH2A,19
ESRRG,4809
GPATCH2,16428
SPATA17,2363
RRP15,13292
TGFB2,8483
LYPLAL1,21664
SLC30A10,9
EPRS1,37543
BPNT1,16973
IARS2,39381
RAB3GAP2,25407
MARK1,3028
C1ORF115,18586
MTARC2,14352
MTARC1,14650
HLX,3486
DUSP10,40543
HHIPL2,599
TAF1A,5491
MIA3,47085
AIDA,10733
BROX,26943
FAM177B,713
DISP1,3076
TLR5,3078
SUSD4,1578
CCDC185,14
CAPN8,21240
CAPN2,107402
TP53BP2,17898
FBXO28,20780
DEGS1,41465
NVL,13126
CNIH4,11972
WDR26,59865
CNIH3,842
DNAH14,11559
LBR,22871
ENAH,93358
SRP9,28526
EPHX1,34883
TMEM63A,58371
LEFTY1,230
PYCR2,27385
LEFTY2,120
SDE2,13639
H3-3A,223640
ACBD3,49857
MIXL1,2072
LIN9,3509
PARP1,34427
STUM,276
ITPKB,39582
PSEN2,6860
COQ8A,12446
CDC42BPA,7152
ZNF678,5243
SNAP47,13440
JMJD4,11683
PRSS38,4
WNT9A,1524
WNT3A,31
ARF1,117045
C1ORF35,10502
GUK1,46025
GJC2,1422
IBA57,6445
OBSCN,6821
TRIM11,18961
TRIM17,485
H3-4,1
H2AC25,8788
H2BC26,4151
RNF187,56309
RHOU,8447
RAB4A,27539
CCSAP,8045
ACTA1,72
NUP133,20304
ABCB10,9197
TAF5L,7655
URB2,6537
GALNT2,29786
PGBD5,617
COG2,13176
AGT,838
CAPN9,2805
C1ORF198,40979
TTC13,11613
ARV1,15210
FAM89A,3271
TRIM67,19
TRIM67-AS1,2
C1ORF131,8453
GNPAT,14737
EXOC8,8030
SPRTN,7721
EGLN1,32406
TSNAX,18567
DISC1,10259
SIPA1L2,10286
MAP10,2400
NTPCR,11513
PCNX2,12026
MAP3K21,1610
KCNK1,17083
SLC35F3,647
COA6,14512
TARBP1,17608
IRF2BP2,43339
TOMM20,37483
RBM34,468
ARID4B,48727
GGPS1,16279
TBCE,12277
B3GALNT2,10231
GNG4,5181
LYST,24057
NID1,33428
GPR137B,25876
ERO1B,18480
EDARADD,4120
LGALS8,54366
HEATR1,15086
ACTN2,130
MTR,21432
MT1HL1,2
RYR2,475
ZP4,5
CHRM3,546
FMN2,50
GREM2,348
RGS7,63
FH,42343
KMO,10379
OPN3,15044
CHML,10981
WDR64,135
EXO1,5847
BECN2,138
MAP1LC3C,398
PLD5,46
CEP170,13016
SDCCAG8,20506
AKT3,15714
ZBTB18,14604
C1ORF100,4
ADSS2,40102
CATSPERE,463
DESI2,15516
ENSG00000284188,61
COX20,3713
HNRNPU,64804
EFCAB2,5492
KIF26B,5583
SMYD3,13412
TFB2M,6322
CNST,14640
SCCPDH,24860
AHCTF1,2237
ZNF695,380
ZNF670,2010
ZNF669,3227
ZNF124,2018
ZNF496,7628
NLRP3,2976
OR2B11,4
GCSAML,242
OR2G2,3
OR2G3,16
OR13G1,3
OR6F1,2
OR14A2,2
OR14K1,31
OR1C1,5
OR14A16,1
OR11L1,6
TRIM58,274
OR2T8,13
OR2AJ1,5
OR2AK2,47
OR2L5,74
OR2L2,11
OR2L3,70
OR2L13,71
OR2M5,7
OR2M2,3
OR2M3,4
OR2M4,18
OR2T33,4
OR2T12,4
OR2M7,4
OR14C36,3
OR2T4,9
OR2T6,4
OR2T1,2
OR2T2,21
OR2G6,48
OR2T34,7
OR2T10,49
OR2T11,87
OR14I1,5
LYPD8,39
SH3BP5L,23152
ZNF672,10763
ZNF692,18274
PGBD2,8606
FAM110C,4800
SH3YL1,16217
ACP1,15069
ALKAL2,221
TMEM18,13904
SNTG2,123
PXDN,18286
EIPR1,11556
TRAPPC12,32851
ADI1,56595
RNASEH1,16572
COLEC11,383
ALLC,4
DCDC2C,51
CMPK2,22085
RSAD2,15852
RNF144A,6091
ID2,28868
KIDINS220,22812
MBOAT2,21057
ASAP2,20515
ITGB1BP1,13045
CPSF3,12200
IAH1,18550
ADAM17,18378
YWHAQ,37050
TAF1B,5048
GRHL1,18800
KLF11,12553
CYS1,1290
RRM2,13506
HPCAL1,15579
ODC1,6212
NOL10,9369
ATP6V1C2,1396
PDIA6,53054
KCNF1,108
C2ORF50,135
SLC66A3,16895
ROCK2,15728
E2F6,6607
GREB1,4045
NTSR2,2
LPIN1,14620
TRIB2,29556
LRATD1,2412
NBAS,21694
DDX1,34878
MYCNOS,203
MYCN,8334
FAM49A,8973
RAD51AP2,46
VSNL1,1136
SMC6,18286
GEN1,9079
MSGN1,11
KCNS3,5479
RDH14,14883
NT5C1B,1
OSR1,1508
TTC32,5032
WDR35,6370
MATN3,3112
LAPTM4A,72276
SDC1,129607
PUM2,35436
RHOB,272284
HS1BP3,3468
GDF7,617
LDAH,7334
APOB,47
TDRD15,120
KLHL29,1624
ATAD2B,20125
UBXN2A,8542
MFSD2B,98
WDCP,3384
FKBP1B,1051
SF3B6,12694
FAM228B,3792
TP53I3,12924
PFN4,210
FAM228A,233
ITSN2,23941
NCOA1,25089
PTRHD1,10258
CENPO,5419
ADCY3,13678
DNAJC27,3532
EFR3B,1225
POMC,182
DNMT3A,36919
DTNB,15376
ASXL2,18466
KIF3C,3214
RAB10,63236
GAREM2,1861
HADHA,46946
HADHB,28275
ADGRF3,149
SELENOI,13430
DRC1,89
OTOF,159
FAM166C,126
CIB4,19
KCNK3,340
SLC35F6,31087
CENPA,4757
DPYSL5,4
MAPRE3,7890
TMEM214,25070
AGBL5,6011
OST4,20617
EMILIN1,38796
KHK,3040
CGREF1,3546
ABHD1,170
PREB,36050
PRR30,2
TCF23,48
SLC5A6,61008
ATRAID,45478
CAD,15750
SLC30A3,104
DNAJC5G,3
TRIM54,24
UCN,1539
MPV17,57630
GTF3C2,20593
EIF2B4,16338
SNX17,57071
ZNF513,9701
PPM1G,38090
NRBP1,56259
KRTCAP3,4770
IFT172,11739
FNDC4,1097
GCKR,90
C2ORF16,3
ZNF512,15700
CCDC121,1816
GPN1,12703
SUPT7L,13830
SLC4A1AP,15783
RBKS,2037
BABAM2,15039
FOSL2,28748
PLB1,1170
PPP1CB,70391
SPDYA,1
TRMT61B,5494
WDR43,21511
TOGARAM2,428
PCARE,2
CLIP4,12140
ALK,259
YPEL5,41712
LBH,32121
LCLAT1,10163
CAPN13,37916
GALNT14,1676
CAPN14,75
EHD3,7628
XDH,3910
SRD5A2,162
DPY30,20154
SPAST,13692
SLC30A6,10775
NLRC4,1728
YIPF4,32450
BIRC6,40927
TTC27,10847
LTBP1,15471
RASGRP3,11033
FAM98A,17603
CRIM1,28541
FEZ2,22747
VIT,408
STRN,19527
HEATR5B,19688
GPATCH11,4686
EIF2AK2,46914
SULT6B1,7
CEBPZOS,19116
CEBPZ,18151
NDUFAF7,9778
PRKD3,16816
QPCT,4568
CDC42EP3,16783
RMDN2,4927
CYP1B1,40537
ATL2,20392
HNRNPLL,22948
GALM,10922
SRSF7,15976
GEMIN6,10147
DHX57,6688
MORN2,8856
ARHGEF33,633
SOS1,20319
CDKL4,330
MAP4K3,11254
TMEM178A,925
THUMPD2,3778
SLC8A1,22283
LINC02898,201
PKDCC,6200
EML4,41461
COX7A2L,29797
KCNG3,302
MTA3,20506
OXER1,757
HAAO,3391
ZFP36L2,118012
THADA,18958
PLEKHH2,2439
C1GALT1C1L,42
DYNC2LI1,9530
ABCG5,3
ABCG8,2
LRPPRC,46579
PPM1B,31725
SLC3A1,169
PREPL,26768
CAMKMT,16579
SIX3,130
SIX2,242
SRBD1,9465
PRKCE,5879
EPAS1,60796
TMEM247,6
ATP6V1E2,2243
RHOQ,24236
PIGF,13454
CRIPT,25045
SOCS5,11555
MCFD2,22109
TTC7A,21224
CALM2,106201
EPCAM,101556
MSH2,13571
KCNK12,382
MSH6,15571
FBXO11,15653
FOXN2,16482
PPP1R21,15748
STON1,3652
GTF2A1L,20
LHCGR,12
FSHR,6
NRXN1,1474
ASB3,15532
CHAC2,2659
ERLEC1,44553
PSME4,39915
ACYP2,17023
TSPYL6,18
C2ORF73,66
SPTBN1,27115
EML6,1747
RTN4,86345
CLHC1,2987
MTIF2,18909
CCDC88A,20522
CFAP36,10263
PPP4R3B,48140
PNPT1,7748
EFEMP1,33928
CCDC85A,106
VRK2,16959
FANCL,8983
BCL11A,10662
PAPOLG,6013
REL,20882
PUS10,2920
PEX13,24186
SANBR,11065
C2ORF74,14052
USP34,43399
XPO1,18088
FAM161A,1710
CCT4,25332
COMMD1,29488
B3GNT2,29694
TMEM17,1487
EHBP1,11955
OTX1,593
WDPCP,3676
MDH1,10151
UGP2,12284
VPS54,14243
PELI1,11636
LGALSL,6974
AFTPH,22073
SERTAD2,15919
SLC1A4,43119
CEP68,14147
RAB1A,37315
ACTR2,27517
SPRED2,23659
MEIS1,8378
ETAA1,9519
C1D,5005
DNAAF10,7302
PNO1,7508
PPP3R1,52773
CNRIP1,5972
PLEK,29816
FBXO48,3229
PROKR1,177
ARHGAP25,27100
BMP10,14
GKN2,17
GKN1,11
ANTXR1,44782
GFPT1,30499
NFU1,10843
AAK1,24467
ANXA4,67876
GMCL1,3749
SNRNP27,11231
MXD1,4939
ASPRV1,1269
PCBP1,35117
C2ORF42,4630
TIA1,59658
PCYOX1,32132
SNRPG,12226
FAM136A,18312
TGFA,1663
ADD2,1110
FIGLA,57
CLEC4F,645
CD207,838
VAX2,248
ATP6V1B1,12
TEX261,11445
ANKRD53,350
NAGK,75405
MCEE,16271
MPHOSPH10,14220
PAIP2B,3522
ZNF638,33830
DYSF,13998
CYP26B1,1326
EXOC6B,13712
SPR,23071
EMX1,36
SFXN5,6156
RAB11FIP5,15617
NOTO,5
SMYD5,8109
PRADC1,3657
FBXO41,4229
EGR4,53
ALMS1,9662
NAT8,11
TPRKB,17061
DUSP11,21404
C2ORF78,3
STAMBP,24233
ACTG2,10791
DGUOK,25759
TET3,7599
BOLA3,2187
MOB1A,19148
MTHFD2,36604
SLC4A5,1363
DCTN1,46105
C2ORF81,1148
WDR54,4241
RTKN,18756
INO80B,24426
WBP1,39968
MOGS,46269
CCDC142,662
TTC31,7654
LBX2,2322
PCGF1,10054
TLX2,509
DQX1,223
AUP1,36407
HTRA2,9263
LOXL3,4699
DOK1,4593
M1AP,609
SEMA4F,2644
HK2,14629
POLE4,11875
TACR1,618
EVA1A,3939
GCFC2,9221
LRRTM4,6
REG3G,1
REG3A,4
CTNNA2,169
LRRTM1,1
SUCLG1,20707
DNAH6,873
TRABD2A,3460
TMSB10,889229
KCMF1,30665
TCF7L1,4749
TGOLN2,71974
RETSAT,35243
ELMOD3,10001
CAPG,126926
SH2D6,205
MAT2A,116058
GGCX,18309
VAMP8,90624
VAMP5,23397
RNF181,15113
TMEM150A,6495
USP39,12499
C2ORF68,25997
SFTPB,94
GNLY,27561
ATOH8,716
ST3GAL5,14997
POLR1A,18051
PTCD3,3995
IMMT,21551
REEP1,3316
KDM3A,22585
CHMP3,46091
RNF103,42723
RMND5A,30141
CD8A,21063
PLGLB2,2071
KRCC1,15872
SMYD1,80
FABP1,2
THNSL2,8688
FOXI3,20
TEX37,4
EIF2AK3,20599
RPIA,14505
IGKC,51556500
AQP7B,38
MAL,3208
ZNF514,8493
ZNF2,1854
ZNF892,1537
PROM2,32622
KCNIP3,309
FAHD2A,6531
TRIM43,8
GPAT2,1918
ADRA2B,52
ASTL,392
DUSP2,10624
STARD7,13476
TMEM127,27098
CIAO1,39049
SNRNP200,54270
ITPRIPL1,2148
NCAPH,3769
NEURL3,1394
ARID5A,22267
KANSL3,26236
FER1L5,504
LMAN2L,10487
CNNM4,10526
CNNM3,18807
ANKRD39,1737
SEMA4C,39390
FAM178B,789
FAHD2B,3923
ANKRD36,2913
COX5B,16689
ACTR1B,37344
C2ORF92,5206
ZAP70,21868
TMEM131,20795
VWA3B,24
CNGA3,38
INPP4A,26069
COA5,10916
UNC50,26045
MGAT4A,41172
CRACDL,6553
TSGA10,3170
C2ORF15,1413
LIPT1,5410
MITD1,17648
LYG1,2361
TXNDC9,4981
EIF5B,34114
REV1,20749
AFF3,17263
LONRF2,254
CHST10,1440
NMS,1
PDCL3,20570
NPAS2,7794
TBC1D8,22026
CNOT11,33615
RNF149,62015
CREG2,24
RFX8,1174
MAP4K4,34491
IL1R2,754
IL1R1,16728
IL1RL2,435
IL1RL1,979
IL18R1,3107
IL18RAP,1822
SLC9A4,24
SLC9A2,1297
MFSD9,5628
TMEM182,3895
POU3F3,62
GPR45,5
TGFBRAP1,12508
C2ORF49,14819
FHL2,32006
NCK2,16339
ECRG4,1618
UXS1,17224
CD8B2,342
ST6GAL2,1442
RGPD4,1
SLC5A7,76
SULT1C3,94778
SULT1C2,1850
SULT1C4,1457
GCC2,30020
CCDC138,4368
EDAR,119
SH3RF3,2147
SEPTIN10,9423
SOWAHC,4993
MALL,1498
NPHP1,3386
MTLN,17729
BUB1,6672
ACOXL,1393
BCL2L11,21131
ANAPC1,2631
MERTK,10869
TMEM87B,32728
FBLN7,5427
ZC3H8,7052
ZC3H6,9574
TTL,11031
POLR1B,10304
CHCHD5,18727
SLC20A1,44301
NT5DC4,249
CKAP2L,3306
IL1A,191
IL1B,2640
IL37,85
IL36G,43
IL36A,37
IL36B,1
IL36RN,8
IL1RN,2386
PSD4,39907
PAX8,157
SLC35F5,43011
ACTR3,28336
DPP10,2
DDX18,22752
CCDC93,17257
INSIG2,15084
EN1,876
MARCO,318
C1QL2,67
STEAP3,11486
C2ORF76,5964
DBI,70744
TMEM37,7081
SCTR,14
CFAP221,945
TMEM177,4531
PTPN4,10054
EPB41L5,10370
TMEM185B,27824
RALB,18241
INHBB,15229
GLI2,1619
TFCP2L1,1313
CLASP1,12347
NIFK,7903
TSN,28921
CNTNAP5,98
GYPC,23270
TEX51,1
BIN1,16359
CYP27C1,815
ERCC3,13029
MAP3K2,25002
PROC,859
IWS1,31632
MYO7B,699
LIMS2,14253
GPR17,8
WDR33,41701
SFT2D3,5012
POLR2D,9374
AMMECR1L,9981
SAP130,13180
UGGT1,32055
HS6ST1,20778
RAB6C,305
SMPD4,32298
CCDC115,25273
IMP4,40968
PTPN18,16760
GPR148,2
AMER3,2
ARHGEF4,1541
FAM168B,20655
PLEKHB2,47336
ANKRD30BL,15
GPR39,2832
LYPD1,1401
NCKAP5,4073
MGAT5,16736
TMEM163,1133
ACMSD,4
CCNT2,25478
MAP3K19,7
RAB3GAP1,33213
ZRANB3,3140
R3HDM1,10277
UBXN4,75525
LCT,257
MCM6,19899
DARS1,26552
CXCR4,105281
THSD7B,443
HNMT,12481
SPOPL,18761
NXPH2,24
LRP1B,256
KYNU,51296
ARHGAP15,39268
GTDC1,7863
ZEB2,34187
ACVR2A,8190
ORC4,9679
MBD5,8191
EPC2,23832
KIF5C,2584
LYPD6B,3278
LYPD6,409
MMADHC,9103
RND3,14658
RBM43,9821
NMI,26503
TNFAIP6,5084
RIF1,12624
NEB,2187
ARL5A,14689
CACNB4,4294
STAM2,18598
FMNL2,28068
PRPF40A,43393
ARL6IP6,8558
RPRM,44
GALNT13,280
KCNJ3,2843
NR4A2,7090
GPD2,17536
GALNT5,1309
ERMN,1392
CYTIP,55456
ACVR1C,526
ACVR1,14562
UPP2,24
CCDC148,1200
PKP4,9559
TANC1,25607
WDSUB1,9723
BAZ2B,29748
MARCHF7,72366
CD302,9860
LY75,10615
PLA2R1,6512
ITGB6,168800
RBMS1,15303
TANK,20544
PSMD14,12504
TBR1,6
SLC4A10,417
DPP4,1485
GCG,4
FAP,16580
IFIH1,39503
GCA,12026
KCNH7,5
FIGN,476
GRB14,320
COBLL1,18841
SLC38A11,776
SCN3A,519
SCN2A,164
CSRNP3,709
GALNT3,23752
TTC21B,7716
SCN1A,8
SCN9A,744
SCN7A,614
XIRP2,13
B3GALT1,63
STK39,26694
CERS6,30164
NOSTRIN,14885
SPC25,5481
G6PC2,27
ABCB11,41
DHRS9,1495
LRP2,221
BBS5,3598
KLHL41,344
FASTKD1,6834
PPIG,27229
CFAP210,184
PHOSPHO2,3986
KLHL23,4011
METTL5,18676
UBR3,11058
MYO3B,42
SP5,156
ERICH2,810
GAD1,262
GORASP2,47003
TLK1,33878
METTL8,5837
DCAF17,8984
CYBRD1,47690
DYNC1I2,42384
SLC25A12,13475
HAT1,23450
METAP1D,4311
DLX1,184
DLX2,41
ITGA6,26995
PDK1,72328
RAPGEF4,3591
MAP3K20,14874
CDCA7,3143
SP3,55548
OLA1,12263
SP9,50
CIR1,13966
SCRN3,11749
GPR155,8132
WIPF1,92973
CHRNA1,1104
CHN1,7764
ATF2,37743
ATP5MC3,51682
LNPK,21147
EVX2,49
HOXD13,3
HOXD12,101
HOXD11,24
HOXD10,742
HOXD9,1355
HOXD8,2916
HOXD3,889
HOXD4,2349
HOXD1,327
MTX2,13555
HNRNPA3,75729
NFE2L2,45961
AGPS,15883
TTC30B,539
TTC30A,2602
PDE11A,601
RBM45,9390
OSBPL6,1507
PRKRA,18695
PJVK,1751
FKBP7,5340
PLEKHA3,10516
TTN,2620
CCDC141,2984
SESTD1,13088
ZNF385B,2404
CWC22,11997
UBE2E3,27220
ITGA4,45138
CERKL,222
NEUROD1,4
ITPRID2,34771
PPP1R1C,96
PDE1A,1612
DNAJC10,32962
FRZB,17180
NCKAP1,32772
DUSP19,1284
NUP35,3281
ZNF804A,302
FSIP2,4281
ZC3H15,42513
ITGAV,62555
FAM171B,2360
ZSWIM2,1
CALCRL,15687
TFPI,6644
GULP1,2652
DIRC1,49
COL3A1,956533
COL5A2,76982
WDR75,14190
SLC40A1,41943
ASNSD1,18815
ANKAR,3196
OSGEPL1,3466
ORMDL1,28420
PMS1,18432
C2ORF88,3024
MSTN,839
HIBCH,4913
INPP1,6247
MFSD6,24029
NEMP2,5191
NAB1,18476
GLS,28568
STAT1,185687
STAT4,9260
MYO1B,26404
NABP1,29310
CAVIN2,2903
TMEFF2,20
SLC39A10,12696
DNAH7,2662
STK17B,68347
HECW2,7921
CCDC150,1432
GTF3C3,22553
C2ORF66,318
PGAP1,2212
ANKRD44,21768
SF3B1,17549
COQ10B,17252
HSPD1,58115
HSPE1,35213
MOB4,19284
RFTN2,2315
MARS2,1090
BOLL,5
PLCL1,3921
SATB2,1780
FTCDNL1,2483
C2ORF69,4801
TYW5,6287
MAIP1,8815
SPATS2L,48626
KCTD18,4193
SGO2,3422
AOX1,1233
BZW1,9887
CLK1,52910
PPIL3,11758
NIF3L1,9243
ORC2,12277
HYCC2,9281
NDUFB3,14671
CFLAR,105920
CASP10,22268
CASP8,30816
FLACC1,621
TRAK2,8711
STRADB,2346
C2CD6,227
TMEM237,7672
MPP4,135
ALS2,12149
CDK15,305
FZD7,6726
KIAA2012,9
NOP58,28268
BMPR2,32819
FAM117B,5589
ICA1L,1366
WDR12,7269
CARF,6953
NBEAL1,9785
CYP20A1,23051
ABI2,13912
RAPH1,23123
CD28,13204
CTLA4,3522
ICOS,9449
PARD3B,6841
NRP2,26883
INO80D,19169
NDUFS1,25095
EEF1B2,53774
CMKLR2,304
ZDBF2,1687
ADAM23,1084
FAM237A,3
DYTN,1
MDH1B,705
FASTKD2,18255
CPO,262
KLF7,14863
CREB1,26844
METTL21A,7661
CCNYL1,20032
FZD5,1525
PLEKHM3,4631
CRYGD,3
CRYGC,1
CRYGB,1
CRYGA,2
C2ORF80,3
IDH1,40211
PIKFYVE,22696
PTH2R,2274
MAP2,1716
UNC80,24
RPE,10859
KANSL1L,7424
ACADL,50
MYL1,3
LANCL1,18367
CPS1,558
ERBB4,2404
IKZF2,9963
SPAG16,5279
VWC2L,8
BARD1,6495
ABCA12,44371
ATIC,62160
FN1,615243
MREG,12843
PECR,5306
TMEM169,524
XRCC5,13827
MARCHF4,69
SMARCAL1,9119
IGFBP2,36556
IGFBP5,65913
TNP1,2
TNS1,16307
RUFY4,1992
CXCR2,107
CXCR1,63
ARPC2,50272
GPBAR1,214
AAMP,61286
PNKD,34197
TMBIM1,53345
CATIP,12
SLC11A1,1903
CTDSP1,64516
VIL1,22
USP37,7844
CNOT9,24461
PLCD4,532
ZNF142,11105
BCS1L,16967
RNF25,9328
STK36,9426
TTLL4,6651
CYP27A1,16188
PRKAG3,4
WNT6,964
WNT10A,6254
CDK5R2,7
FEV,4
CRYBA2,285
IHH,12
NHEJ1,6658
SLC23A3,2145
CNPPD1,39700
RETREG2,27307
ZFAND2B,23289
ABCB6,11759
ATG9A,10652
ANKZF1,28000
GLB1L,3384
STK16,14217
TUBA4A,16307
TUBA4B,1
DNAJB2,23221
PTPRN,24
RESP18,9
DNPEP,31878
DES,525
SPEG,3450
SPEGNB,149
GMPPA,23890
ASIC4,103
CHPF,44325
TMEM198,2028
OBSL1,15192
INHA,536
STK11IP,12263
SLC4A3,3313
EPHA4,5698
PAX3,196
CCDC140,9
SGPP2,1942
FARSB,16345
MOGAT1,94
ACSL3,72310
KCNE4,5916
SCG2,1048
AP1S3,13822
WDFY1,35945
SERPINE2,19425
FAM124B,859
CUL3,32613
CCDC195,8
DOCK10,21620
NYAP2,477
IRS1,4706
RHBDD1,14154
COL4A4,6730
COL4A3,2158
MFF,36406
TM4SF20,6
AGFG1,56594
C2ORF83,18
SCYGR4,5
SLC19A3,128
CCL20,882
DAW1,8
SPHKAP,15
PID1,4304
DNER,182
TRIP12,60380
FBXO36,2483
SLC16A14,5343
SP110,46111
SP140,17890
SP140L,17617
SP100,55425
CAB39,37328
ITM2C,254753
GPR55,1013
SPATA3,2
C2ORF72,14165
PSMD1,33259
HTR2B,463
ARMC9,9441
B3GNT7,1241
NCL,82337
NMUR1,962
TEX44,2
PDE6D,10261
COPS7B,16152
NPPC,244
DIS3L2,16545
ALPP,1
ALPG,1
ALPI,1
ECEL1,928
PRSS56,1
CHRND,1
CHRNG,2
TIGD1,544
EIF4E2,36694
EFHD1,32300
GIGYF2,20805
KCNJ13,93
SNORC,1044
NGEF,929
NEU2,1
INPP5D,20557
ATG16L1,16526
SAG,72
DGKD,33775
USP40,23394
UGT1A8,1
UGT1A10,2
UGT1A9,5
UGT1A4,2
UGT1A3,5
UGT1A1,7
MROH2A,3
HJURP,5689
TRPM8,8
SPP2,2
ARL4C,36301
SH3BP4,29272
AGAP1,20171
GBX2,272
ASB18,1
IQCA1,2376
ACKR3,19497
COPS8,14019
COL6A3,223147
MLPH,238540
PRLH,46
RAB17,11135
LRRFIP1,28181
RBM44,288
RAMP1,6309
UBE2F,7256
SCLY,4546
ESPNL,147
KLHL30,116
ERFE,507
ILKAP,13955
HES6,4178
PER2,10378
TRAF3IP1,12456
ASB1,12192
TWIST2,1049
HDAC4,9178
NDUFA10,48102
OR6B2,1
OR6B3,2
COPS9,7057
OTOS,4
GPC1,37763
ANKMY1,11307
DUSP28,2290
RNPEPL1,43457
GPR35,3671
KIF1A,27
AGXT,34
MAB21L4,112565
CROCC2,2195
SNED1,6108
MTERF4,14902
PASK,7074
PPP1R7,41872
HDLBP,105604
SEPTIN2,48160
FARP2,15255
STK25,34441
BOK,8617
THAP4,12227
ATG4B,41347
DTYMK,16540
ING5,12919
D2HGDH,8351
NEU4,107
PDCD1,3686
RTP5,345
FAM240C,18977
CHL1,2590
CNTN6,20
CNTN4,1216
IL5RA,435
TRNT1,12840
CRBN,15401
SUMF1,9577
LRRN1,2363
SETMAR,4969
ITPR1,16853
BHLHE40,93430
ARL8B,19614
EDEM1,52291
GRM7,138
LMCD1,21319
SSUH2,886
OXTR,1240
RAD18,4646
SRGAP3,4455
THUMPD3,11923
SETD5,35502
LHFPL4,2
MTMR14,18625
CPNE9,80
BRPF1,6779
OGG1,10708
CAMK1,6409
TADA3,20258
ARPC4,47414
TTLL3,16544
RPUSD3,5351
CIDEC,57
JAGN1,7349
IL17RC,8800
CRELD1,18437
EMC3,22780
FANCD2,2108
FANCD2OS,2
BRK1,6820
VHL,25536
IRAK2,2397
TATDN2,17896
GHRL,1149
SEC13,50386
ATP2B2,69
SLC6A11,2220
SLC6A1,2551
HRH1,2903
ATG7,16972
VGLL4,14552
TAMM41,8858
SYN2,101
TIMP4,199
PPARG,5086
TSEN2,3325
MKRN2OS,619
MKRN2,9518
RAF1,21932
TMEM40,957
CAND2,869
IQSEC1,26986
NUP210,24027
HDAC11,2533
FBLN2,41703
WNT7A,251
CHCHD4,3193
TMEM43,24270
XPC,19695
LSM3,1092
SLC6A6,32402
GRIP2,2048
CCDC174,11306
C3ORF20,202
FGD5,7706
NR2C2,17261
RBSN,773
CAPN7,17674
SH3BP5,22331
METTL6,5836
EAF1,11252
COLQ,1901
HACL1,2060
BTD,10648
ANKRD28,16028
GALNT15,713
DPH3,9106
OXNAD1,15409
RFTN1,21557
DAZL,216
PLCL2,9144
TBC1D5,15535
SATB1,10335
KCNH8,782
EFHB,52
RAB5A,21294
PP2D1,1
KAT2B,14050
SGO1,1844
ZNF385D,1257
UBE2E2,14586
UBE2E1,12788
NKIRAS1,4425
NR1D2,11383
THRB,3172
RARB,3681
TOP2B,13925
NGLY1,19855
OXSM,5036
LRRC3B,17
NEK10,1886
SLC4A7,20688
EOMES,6420
CMC1,7061
AZI2,14903
ZCWPW2,1778
RBMS3,7482
TGFBR2,55929
GADL1,17
STT3B,61865
OSBPL10,11964
ZNF860,1844
GPD1L,21679
CMTM8,3002
CMTM7,10889
CMTM6,32450
DYNC1LI1,10679
CNOT10,11608
TRIM71,27
CCR4,14124
GLB1,22924
TMPPE,2721
CRTAP,50054
SUSD5,1762
FBXL2,3166
UBP1,27153
CLASP2,11877
PDCD6IP,39966
ARPP21,25
STAC,433
DCLK3,200
TRANK1,18348
EPM2AIP1,14745
MLH1,14786
LRRFIP2,18180
ITGA9,3719
CTDSPL,7895
VILL,7145
PLCD1,5069
DLEC1,330
ACAA1,39747
MYD88,31852
OXSR1,11270
SLC22A13,169
SLC22A14,164
XYLB,4776
ACVR2B,4589
EXOG,1917
SCN5A,41
SCN10A,17
SCN11A,229
WDR48,8596
GORASP1,16040
TTC21A,4052
CSRNP1,11508
XIRP1,722
CX3CR1,2671
CCR8,2487
SLC25A38,12243
MOBP,41
MYRIP,574
EIF1B,23797
ENTPD3,476
ZNF619,3100
ZNF620,849
ZNF621,9087
CTNNB1,26732
ULK4,7234
TRAK1,18620
CCK,7
LYZL4,309
VIPR1,7017
SEC22C,12304
SS18L2,6560
NKTR,28439
ZBTB47,6556
KLHL40,3
HHATL,59
CCDC13,524
HIGD1A,7379
ACKR2,2356
CYP8B1,2
ZNF662,477
KRBOX1,316
GASK1A,1116
POMGNT2,3056
SNRK,24528
ANO10,13397
ABHD5,5682
TCAIM,5663
ZNF445,5178
ZNF852,1244
ZKSCAN7,1998
ZNF660,685
ZNF197,6644
ZNF35,2852
ZNF502,963
ZNF501,1054
KIAA1143,7058
KIF15,2419
TMEM42,4670
TGM4,3
ZDHHC3,17649
EXOSC7,13769
CLEC3B,713
CDCP1,12085
TMEM158,2463
LARS2,6981
LIMD1,36098
SACM1L,17395
SLC6A20,145
LZTFL1,7064
CCR9,75
FYCO1,12291
CXCR6,5869
XCR1,4622
CCR3,169
CCR1,5620
CCR2,14003
CCR5,13301
CCRL2,3301
LTF,783542
RTP3,42
LRRC2,620
FAM240A,1
ALS2CL,3852
TMIE,161
MYL3,247
PTH1R,703
CCDC12,21150
NBEAL2,50840
KIF9,4295
KLHL18,7913
PTPN23,29834
SCAP,14957
ELP6,9977
CSPG5,2549
SMARCC1,34376
DHX30,17002
MAP4,81917
CDC25A,1860
CAMP,326
ZNF589,6011
NME6,10068
SPINK8,8053
FBXW12,128
PLXNB1,9380
CCDC51,2934
TMA7,14362
ATRIP,5797
SHISA5,43861
PFKFB4,2269
UCN2,188
COL7A1,12988
UQCRC1,63516
TMEM89,58
SLC26A6,9169
CELSR3,3114
NCKIPSD,7140
IP6K2,30080
PRKAR2A,13957
SLC25A20,7980
ARIH2OS,1926
ARIH2,35459
P4HTM,18292
WDR6,22816
DALRD3,12421
NDUFAF3,27791
IMPDH2,18804
QRICH1,31902
QARS,45644
USP19,17137
LAMB2,38228
CCDC71,4685
KLHDC8B,5835
C3ORF84,56
IHO1,1022
C3ORF62,1796
USP4,22271
RHOA,116206
TCTA,12322
AMT,8594
NICN1,13924
DAG1,24697
BSN,171
APEH,37579
MST1,3638
GMPPB,24917
IP6K1,15533
CDHR4,41
INKA1,2091
UBA7,34689
TRAIP,1449
CAMKV,54
MST1R,15186
MON1A,2981
RBM6,54687
RBM5,33555
SEMA3F,18344
GNAT1,4
SLC38A3,465
GNAI2,46946
SEMA3B,1561
LSMEM2,26
IFRD2,13538
HYAL3,611
NAA80,5649
HYAL1,729
HYAL2,25980
TUSC2,8205
RASSF1,23195
ZMYND10,1414
NPRL2,8541
CYB561D2,13267
TMEM115,17541
CACNA2D2,442
C3ORF18,1177
HEMK1,10640
CISH,11260
MAPKAPK3,10751
DOCK3,218
MANF,48561
RBM15B,26562
DCAF1,9259
RAD54L2,8961
TEX264,12084
GRM2,250
IQCF2,1
IQCF5,4
IQCF1,15
RRP9,7629
PARP3,4669
GPR62,5
PCBP4,5589
ABHD14B,15065
ABHD14A,6766
ACY1,9450
DUSP7,14558
POC1A,3579
ALAS1,18054
TLR9,1078
TWF2,34372
PPM1M,14558
WDR82,38391
GLYCTK,14577
DNAH1,6144
BAP1,12608
SEMA3G,6102
TNNC1,458
NISCH,23618
STAB1,29607
NT5DC2,13804
UQCC5,1521
PBRM1,21352
GNL3,39015
GLT8D1,9807
SPCS1,79092
NEK4,6719
ITIH1,140
ITIH3,348
ITIH4,1377
MUSTN1,3111
STIMATE,14868
SFMBT1,6407
RFT1,12505
PRKCD,28727
TKT,25271
DCP1A,12872
CACNA1D,2357
CHDH,4209
IL17RB,1254
ACTR8,9731
SELENOK,21104
CACNA2D3,468
WNT5A,5108
ERC2,136
CCDC66,8631
TASOR,26395
ARHGEF3,25286
SPATA12,147
IL17RD,2280
HESX1,850
APPL1,27548
ASB14,14
DNAH12,110
PDE12,6475
ARF4,22914
DENND6A,12911
SLMAP,19749
FLNB,26438
DNASE1L3,2562
ABHD6,5338
RPP14,1385
PXK,8390
PDHB,21874
KCTD6,2746
ACOX2,1302
FAM107A,1109
FAM3D,66
CFAP20DC,983
FHIT,3217
PTPRG,11527
C3ORF14,9523
FEZF2,1
CADPS,340
SYNPR,3
SNTN,113
THOC7,18191
ATXN7,19327
PSMD6,18940
PRICKLE2,5326
ADAMTS9,14989
MAGI1,4056
SLC25A26,9112
LRIG1,35019
KBTBD8,2732
SUCLG2,21450
TAFA1,144
TAFA4,14
EOGT,13670
TMF1,27609
UBA3,22674
ARL6IP5,58293
FRMD4B,6563
MITF,4724
MDFIC2,3
FOXP1,44078
EIF4E3,25613
GPR27,1712
PROK2,102
RYBP,21018
SHQ1,4709
GXYLT2,9007
PPP4R2,11743
EBLN2,3527
PDZRN3,8285
CNTN3,921
FRG2C,9
ZNF717,4120
ROBO2,38
ROBO1,22539
GBE1,8789
CADM2,815
VGLL3,10563
CHMP2B,22572
POU1F1,3
HTR1F,464
CGGBP1,36244
ZNF654,9562
C3ORF38,16610
CSNKA2IP,3
EPHA3,633
PROS1,2144
ARL13B,6848
STX19,2579
DHFR2,4668
NSUN3,7982
EPHA6,51
ARL6,3869
CRYBG3,4802
RIOX2,18220
GABRR3,1
OR5H14,1
OR5H15,2
OR5H6,1
OR5H2,2
OR5K4,1
OR5K3,3
OR5K2,4
CLDND1,34967
GPR15,871
CPOX,11200
ST3GAL6,4927
DCBLD2,7204
COL8A1,22415
CMSS1,11892
FILIP1L,13261
TBC1D23,14127
NIT2,30553
TOMM70,29308
LNP1,1582
TMEM45A,39091
ADGRG7,41
TFG,23799
ABI3BP,23472
IMPG2,346
SENP7,14041
TRMT10C,11086
ZBTB11,15641
CEP97,5329
NXPE3,14025
NFKBIZ,139206
ZPLD1,48
ALCAM,192080
CBLB,29074
CCDC54,1
BBX,15303
CD47,63931
IFT57,15414
HHLA2,73
MYH15,452
CIP2A,6148
DZIP3,12063
RETNLB,66
TRAT1,8296
GUCA1C,2
MORC1,40
C3ORF85,1
DPPA2,23
DPPA4,34
NECTIN3,4014
CD96,19962
ZBED2,1813
PLCXD2,1712
PHLDB2,18102
ABHD10,9341
TAGLN3,26
TMPRSS7,52
C3ORF52,16173
GCSAM,2873
SLC9C1,135
CD200,10140
BTLA,355
ATG3,22843
SLC35A5,11213
CCDC80,76796
CD200R1L,1
CD200R1,3645
GTPBP8,5163
NEPRO,13935
BOC,11460
CFAP44,9531
SPICE1,10205
SIDT1,22850
USF3,8142
NAA50,13806
ATP6V1A,40597
GRAMD1C,5741
ZDHHC23,4025
CCDC191,4843
QTRT2,9880
DRD3,31
ZNF80,409
TIGIT,24152
ZBTB20,18656
GAP43,198
LSAMP,2356
IGSF11,164
TEX55,2
UPK1B,17
B4GALT4,5349
ARHGAP31,10899
TMEM39A,19784
POGLUT1,12823
TIMMDC1,31076
CD80,5907
ADPRH,6323
PLA1A,2858
POPDC2,4538
COX17,15241
CFAP91,160
NR1I2,72
GSK3B,34717
GPR156,111
LRRC58,14660
FSTL1,71391
NDUFB4,13227
HGD,3145
RABL3,9106
GTF2E1,8985
STXBP5L,5
POLQ,3257
ARGFX,4
FBXO40,2
HCLS1,63118
GOLGB1,32867
IQCB1,14960
EAF2,32999
SLC15A2,16429
ILDR1,3192
CD86,13226
CASR,7
CSTA,46861
MIX23,4693
FAM162A,29134
WDR5B,6957
KPNA1,28691
PARP9,37057
DTX3L,49872
PARP15,8138
PARP14,49878
HSPBAP1,10194
SLC49A4,12185
SEMA5B,771
PDIA5,26884
SEC22A,10061
ADCY5,1315
HACD2,22583
MYLK,45477
CCDC14,27704
KALRN,5572
UMPS,8572
ITGB5,34707
MUC13,7
HEG1,15800
SLC12A8,22913
ZNF148,21846
SNX4,24012
OSBPL11,8972
ENSG00000291096,173
ROPN1B,42
SLC41A3,9031
ALDH1L1,170
KLF15,668
ZXDC,15926
UROC1,17
CHST13,238
C3ORF22,45
TXNRD3,4460
CHCHD6,5152
PLXNA1,14458
PRR20G,8
TPRA1,15736
MCM2,18578
PODXL2,10574
ABTB1,18389
MGLL,65428
KBTBD12,57
SEC61A1,92664
RUVBL1,21359
EEFSEC,6794
DNAJB8,3
GATA2,4682
RPN1,44566
RAB7A,63977
ACAD9,12609
CFAP92,2080
EFCC1,2369
GP9,15
RAB43,3885
ISY1,23462
CNBP,88927
COPG1,119400
HMCES,25934
H1-10,140921
EFCAB12,664
IFT122,14673
MBD4,18715
RHO,41
H1-8,2
PLXND1,67986
TMCC1,5981
TRH,22
COL6A5,109
COL6A6,1020
PIK3R4,12165
ATP2C1,97431
ASTE1,3312
NEK11,4742
NUDT16,12988
CPNE4,491
ACP3,5748
DNAJC13,26800
ACAD11,12966
ACKR4,305
UBA5,19946
NPHP3,12440
TMEM108,887
BFSP2,269
CDV3,18154
TOPBP1,12907
TF,571
SRPRB,66407
RAB6B,4076
SLCO2A1,11590
RYK,8356
AMOTL2,16295
ANAPC13,20479
CEP63,12329
KY,50
EPHB1,538
PPP2R3A,9232
MSL2,27171
PCCB,15251
STAG1,38338
SLC35G2,2184
NCK1,28160
IL20RB,1283
SOX14,3
CLDN18,2
DZIP1L,2809
A4GNT,5
DBR1,12088
ARMC8,21741
NME9,62
MRAS,6289
ESYT3,291
CEP70,13530
FAIM,10912
PIK3CB,11754
FOXL2,80
FOXL2NB,11
PRR23A,1
PRR23C,2
COPB2,81374
RBP2,28
RBP1,9856
NMNAT3,1035
CLSTN2,1277
TRIM42,5
SLC25A36,17978
SPSB4,52
PXYLP1,2560
ZBTB38,27702
RASA2,19834
RNF7,48438
GRK7,69
ATP1B3,18633
TFDP2,7979
GK5,11840
XRN1,37800
ATR,13315
PLS1,4145
TRPC1,1649
PCOLCE2,257
PAQR9,3
U2SURP,34427
CHST2,5847
SLC9A9,8879
DIPK2A,13172
PLOD2,8890
PLSCR4,10424
PLSCR2,437
PLSCR1,34594
PLSCR5,7
ZIC4,2
ZIC1,5
AGTR1,229
CPB1,16
CPA3,6018
GYG1,9626
HLTF,21780
HPS3,18149
CP,4539
TM4SF18,3345
TM4SF1,65888
TM4SF4,128
WWTR1,25666
COMMD2,15225
ANKUB1,16
RNF13,20308
PFN2,16506
TSC22D2,31981
SERP1,73116
EIF2A,29021
SELENOT,15125
ERICH6,58
SIAH2,12651
MINDY4B,2
CLRN1,1
MED12L,647
GPR171,3647
P2RY14,1922
GPR87,975
P2RY13,5071
P2RY12,1294
AADACL2,5
AADAC,55
SUCNR1,2843
MBNL1,55762
P2RY1,1249
RAP2B,46125
ARHGEF26,14663
DHX36,27588
GPR149,2
MME,3008
STRIT1,44
PLCH1,3331
C3ORF33,2718
SLC33A1,27386
GMPS,25685
KCNAB1,1114
SSR3,47863
TIPARP,8618
LEKR1,1252
CCNL1,47120
VEPH1,891
PTX3,452
SHOX2,3474
RSRC1,15237
MLF1,6442
GFM1,20956
LXN,18148
RARRES1,11175
MFSD1,54421
IQCJ,152
SCHIP1,1727
IL12A,412
C3ORF80,2448
IFT80,9090
SMC4,27772
TRIM59,8114
KPNA4,49046
ARL14,246
PPM1L,6563
B3GALNT1,8797
NMD3,38030
SPTSSB,21429
OTOL1,6
SI,2
SLITRK3,2
BCHE,81
ZBBX,14
SERPINI2,89
WDR49,376
PDCD10,21943
SERPINI1,3387
GOLIM4,28452
MECOM,3159
TERC,140
ACTRT3,549
MYNN,12943
LRRC34,513
LRRIQ4,90
LRRC31,9031
SAMD7,2
SEC62,84174
GPR160,19712
PHC3,22367
PRKCI,13873
SKIL,36138
CLDN11,4265
SLC7A14,5
EIF5A2,1762
SLC2A2,3
TNIK,86120
PLD1,5125
TMEM212,4
FNDC3B,73865
GHSR,6
TNFSF10,182032
NCEH1,16968
ECT2,18411
SPATA16,3
NLGN1,70
NAALADL2,29218
TBL1XR1,57750
KCNMB2,14
ZMAT3,12523
PIK3CA,9006
KCNMB3,5173
ZNF639,8504
MFN1,17540
GNB4,36354
ACTL6A,16235
NDUFB5,42707
USP13,6977
PEX5L,91
TTC14,27018
CCDC39,86
FXR1,18155
DNAJC19,4086
SOX2,72
ATP11B,35141
DCUN1D1,17339
MCCC1,23742
LAMP3,9871
MCF2L2,2124
B3GNT5,2616
KLHL6,26459
KLHL24,27095
YEATS2,14844
MAP6D1,466
PARL,16091
ABCC5,16732
HTR3D,4
HTR3C,5
HTR3E,8
EIF2B5,24554
DVL3,46679
AP2M1,28366
ABCF3,26352
VWA5B2,74
ALG3,20287
EEF1AKMT4,9176
CAMK2N2,1482
ECE2,3
PSMD2,15152
EIF4G1,50766
FAM131A,4485
CLCN2,1850
POLR2H,40448
THPO,332
CHRD,3377
EPHB3,17567
MAGEF1,14801
VPS8,15906
C3ORF70,4604
EHHADH,4816
MAP3K13,16319
TMEM41A,6362
LIPH,4969
SENP2,13145
IGF2BP2,784
TRA2B,25948
ETV5,10329
DGKG,1270
CRYGS,1289
TBCCD1,4591
DNAJB11,43374
AHSG,9
FETUB,11
HRG,5
KNG1,62
EIF4A2,48350
RFC4,8365
ADIPOQ,276
ST6GAL1,71053
RTP1,9
MASP1,44
RTP4,7344
SST,4
RTP2,10
BCL6,19312
ENSG00000285938,10
LPP,36454
TPRG1,1411
TP63,9208
P3H2,2654
CLDN1,16377
CLDN16,153
IL1RAP,6597
GMNC,3
OSTN,11
UTS2B,427
CCDC50,46956
PYDC2,3
FGF12,618
MB21D2,3896
PLAAT1,1751
ATP13A5,5139
ATP13A4,30809
OPA1,24829
HES1,45231
CPN2,60
LRRC15,56770
GP5,49
ATP13A3,25247
TMEM44,5340
LSG1,13741
FAM43A,6811
XXYLT1,4136
ACAP2,23644
APOD,1202732
MUC20,2203
MUC4,34
TNK2,42202
TFRC,44257
ZDHHC19,18
SLC51A,2300
PCYT1A,20195
DYNLT2B,8166
TM4SF19,761
UBXN7,12361
RNF168,18549
SMCO1,4
WDR53,5740
FBXO45,6284
NRROS,8767
PIGX,12591
CEP19,1537
PAK2,23594
SENP5,12376
NCBP2,37588
NCBP2AS2,9461
PIGZ,3403
MELTF,2649
DLG1,22906
BDH1,8443
RUBCN,11888
FYTTD1,23974
LRCH3,31243
IQCG,7907
LMLN,3680
ZNF595,6701
ZNF718,1777
ZNF732,28
ZNF141,7907
PIGG,11883
TMEM271,4
PDE6B,3281
ATP5ME,26238
MYL5,4281
SLC49A3,5214
PCGF3,18152
CPLX1,1235
GAK,39600
TMEM175,26230
DGKQ,6106
SLC26A1,804
IDUA,21134
FGFRL1,1318
RNF212,730
SPON2,17130
MAEA,24560
UVSSA,20941
NKX1-1,1
FAM53A,1237
SLBP,16498
TACC3,13735
TMEM129,14178
FGFR3,4036
LETM1,3735
NSD2,9670
NELFA,16857
C4ORF48,10970
NAT8L,411
POLN,1737
HAUS3,10756
MXD4,44051
ZFYVE28,7623
CFAP99,354
RNF4,27448
FAM193A,18492
TNIP2,22352
SH3BP2,11617
ADD1,52459
MFSD10,21170
NOP14,14010
GRK4,4080
HTT,20781
MSANTD1,430
RGS12,8101
HGFAC,93
DOK7,323
LRPAP1,59005
ADRA2C,896
TMEM128,11321
LYAR,7718
ZBTB49,2415
NSG1,1794
STX18,5375
MSX1,1394
CYTL1,655
STK32B,1096
EVC2,2302
EVC,8704
CRMP1,836
C4ORF50,349
WFS1,11240
PPP2R2C,840
MAN2B2,12368
MRFAP1,4079
ENSG00000170846,6137
S100P,7550
MRFAP1L1,24433
BLOC1S4,9206
KIAA0232,7730
TBC1D14,20490
CCDC96,577
TADA2B,18058
GRPEL1,16973
SORCS2,996
PSAPL1,1
AFAP1,15537
ABLIM2,1577
SH3TC1,7674
HTRA3,30852
ACOX3,11168
TRMT44,5003
GPR78,6
CPZ,53
HMX1,24
FAM90A26,2
USP17L15,19
SLC2A9,5291
DRD5,9
WDR1,11533
ZNF518B,3289
CLNK,4304
HS3ST1,6011
RAB28,7734
NKX3-2,386
BOD1L1,15820
CPEB2,9225
C1QTNF7,334
CC2D2A,2370
FBXL5,24787
FAM200B,7268
BST1,3513
CD38,65434
FGFBP1,17
FGFBP2,455
PROM1,2801
TAPT1,9077
LDB2,7808
QDPR,18208
LAP3,56979
MED28,25577
DCAF16,14512
NCAPG,3772
LCORL,9464
SLIT2,6130
PACRGL,6893
ADGRA3,2944
PPARGC1A,391
DHX15,43309
SOD3,13697
CCDC149,10307
LGI2,2576
SEPSECS,6455
PI4K2B,13077
ZCCHC4,5733
ANAPC4,16185
SLC34A2,1101
SEL1L3,72316
SMIM20,10915
RBPJ,14800
CCKAR,17
TBC1D19,4106
STIM2,13335
PCDH7,5189
ARAP2,10376
DTHD1,4002
NWD2,10
C4ORF19,1269
RELL1,21929
PGM2,9868
TBC1D1,14053
PTTG2,990
KLF3,20471
TLR10,5308
TLR1,8571
TLR6,8546
FAM114A1,29826
TMEM156,8812
KLHL5,25337
WDR19,5369
RFC1,10449
KLB,5
LIAS,6206
UGDH,47922
SMIM14,71229
UBE2K,13069
PDS5A,14649
N4BP2,8074
RHOH,19273
CHRNA9,17
RBM47,35238
NSUN7,3116
APBB2,12958
UCHL1,4051
LIMCH1,28929
TMEM33,41063
DCAF4L1,507
SLC30A9,14047
BEND4,375
SHISA3,147
ATP8A1,14670
KCTD8,21
YIPF7,52
GUF1,9069
GNPDA2,5369
GABRG1,10
GABRA2,114
COX7B2,2
GABRA4,15
GABRB1,26
COMMD8,4897
ATP10D,9068
CORIN,1272
NFXL1,8616
NIPAL1,643
CNGA1,424
TXK,2620
TEC,2391
SLAIN2,24151
SLC10A4,158
ZAR1,21
FRYL,17857
OCIAD1,26831
OCIAD2,16933
CWH43,15
DCUN1D4,13865
LRRC66,223
SGCB,10191
SPATA18,1317
USP46,6142
ERVMER34-1,1066
RASL11B,703
SCFD2,8086
FIP1L1,24132
LNX1,5740
CHIC2,22074
GSX2,12
PDGFRA,12189
KIT,2665
KDR,10070
SRD5A3,52841
TMEM165,37368
CLOCK,11580
PDCL2,6
NMU,834
EXOC1L,4
EXOC1,22189
CEP135,11268
CRACD,3293
AASDH,7507
PPAT,6552
PAICS,8633
SRP72,43911
ARL9,447
THEGL,1
HOPX,6813
SPINK2,312
REST,28316
NOA1,16322
POLR2B,39869
IGFBP7,229517
ADGRL3,629
TECRL,1
EPHA5,223
CENPC,11930
STAP1,7464
UBA6,33936
GNRHR,5
TMPRSS11D,6
TMPRSS11A,18
TMPRSS11F,228
TMPRSS11B,4
YTHDC1,47798
TMPRSS11E,1276
UGT2B10,68
UGT2B11,25554
UGT2B28,52564
UGT2B4,3
UGT2A2,7
UGT2A1,17
SULT1B1,462
SULT1E1,11514
CSN1S1,14
CSN2,2
STATH,3
HTN1,1
PRR27,3
ODAM,137
FDCSP,17258
CSN3,28
CABS1,2
SMR3A,1
SMR3B,2
OPRPN,29
MUC7,3
AMTN,4167
AMBN,4
ENAM,1
JCHAIN,726441
UTP3,17902
RUFY3,28106
GRSF1,40416
MOB1B,10240
DCK,19809
SLC4A4,722
NPFFR2,78
ADAMTS3,766
COX18,15254
ANKRD17,47300
ALB,882
AFP,57
AFM,4
RASSF6,14703
CXCL8,27733
CXCL6,356
PF4V1,11
CXCL1,5474
PF4,4
PPBP,17
CXCL5,87
CXCL3,572
CXCL2,1107
MTHFD2L,8063
EPGN,1867
EREG,1909
AREG,109820
BTC,2258
PARM1,12001
RCHY1,13190
THAP6,11386
ODAPH,64
CDKL2,267
G3BP2,96722
USO1,32750
PPEF2,81
NAAA,33215
SDAD1,6052
CXCL9,167621
ART3,95
CXCL10,90671
CXCL11,20509
NUP54,19787
SCARB2,85882
FAM47E,3791
STBD1,4191
CCDC158,449
SHROOM3,33988
SOWAHB,926
SEPTIN11,26159
CCNI,136405
CCNG2,33483
CXCL13,39237
CNOT6L,28801
FRAS1,2031
ANXA3,50566
BMP2K,28230
PAQR3,5788
GK2,1
ANTXR2,19650
PRDM8,4692
FGF5,3
BMP3,30
PRKG2,1494
RASGEF1B,12455
HNRNPD,92203
HNRNPDL,64537
ENOPH1,21659
TMEM150C,2074
SCD5,4029
SEC31A,89916
THAP9,1873
LIN54,7789
COPS4,13103
PLAC8,6459
COQ2,7506
HPSE,4787
HELQ,8596
ABRAXAS1,6143
GPAT3,3081
NKX6-1,229
CDS1,12453
WDFY3,14390
ARHGAP24,6821
MAPK10,18657
PTPN13,6874
SLC10A6,1085
C4ORF36,733
AFF1,43520
KLHL8,8725
HSD17B13,370
HSD17B11,20598
NUDT9,21336
SPARCL1,58464
DSPP,11
DMP1,16
IBSP,872
MEPE,7
SPP1,37304
PKD2,16023
ABCG2,572
PPM1K,8178
HERC6,18643
HERC5,9081
PYURF,22843
HERC3,30557
NAP1L5,2827
FAM13A,8573
TIGD2,4806
GPRIN3,14410
SNCA,4606
MMRN1,2185
CCSER1,8969
GRID2,107
SMARCAD1,16824
HPGDS,2329
PDLIM5,16349
BMPR1B,645
UNC5C,1306
PDHA2,3
STPG2,1545
RAP1GDS1,15069
TSPAN5,9024
EIF4E,20543
ADH5,11440
ADH4,58
ADH6,2
ADH1A,4
ADH1B,1949
ADH1C,1335
ADH7,3
TRMT10A,5629
MTTP,42
C4ORF54,6
DAPP1,18403
LAMTOR3,16292
DNAJB14,15208
H2AZ1,38183
DDIT4L,367
EMCN,5993
PPP3CA,32440
BANK1,12080
SLC39A8,10217
NFKB1,34683
MANBA,22670
UBE2D3,59552
CISD2,20848
SLC9B1,338
SLC9B2,4144
BDH2,9337
CENPE,5834
TACR3,37
CXXC4,2971
TET2,10492
PPA2,15654
ARHGEF38,38014
INTS12,8853
GSTCD,14378
NPNT,12757
TBCK,15186
AIMP1,35071
GIMD1,1
DKK2,2424
PAPSS1,45520
SGMS2,5637
CYP2U1,4673
HADH,30517
LEF1,9929
OSTC,17258
ETNPPL,7
COL25A1,429
SEC24B,17354
MCUB,10193
CASP6,15656
PLA2G12A,22853
CFI,7627
GAR1,11996
RRH,1025
LRIT3,1126
EGF,1453
ELOVL6,1864
ENPEP,4419
PITX2,728
FAM241A,36704
AP1AR,15733
TIFA,10402
ALPK1,6527
NEUROG2,172
ZGRF1,5792
LARP7,22499
ANK2,5528
CAMK2D,18690
ARSJ,6345
UGT8,1570
NDST4,1093
TRAM1L1,2156
NDST3,31
PRSS12,290
METTL14,11763
SEC24D,36669
SYNPO2,11611
MYOZ2,161
USP53,20610
C4ORF3,60384
FABP2,1
PDE5A,9946
MAD2L1,5058
PRDM5,1291
NDNF,319
TNIP3,2373
QRFPR,223
ANXA5,170122
SMIM43,94
EXOSC9,18661
CCNA2,8207
BBS7,5809
TRPC3,628
BLTP1,15213
ADAD1,6
IL2,238
IL21,366
BBS12,2219
FGF2,2330
SPATA5,9279
SPRY1,25109
ANKRD50,21589
FAT4,2565
INTU,8067
SLC25A31,28
HSPA4L,1822
PLK4,2096
MFSD8,16231
ABHD18,10948
LARP1B,12061
PGRMC2,45071
JADE1,14521
SCLT1,16298
C4ORF33,10391
PCDH10,63
PABPC4L,1066
PCDH18,5770
SLC7A11,3092
NOCT,8734
ELF2,20059
MGARP,185
NDUFC1,27849
NAA15,24492
RAB33B,13811
SETD7,26752
MGST2,26372
MAML3,7716
SCOC,6518
CLGN,514
MGAT4D,5
ELMOD2,20371
UCP1,25
TBC1D9,19836
RNF150,2291
ZNF330,16645
IL15,3263
INPP4B,18251
USP38,13411
GAB1,11341
SMARCA5,50570
FREM3,7
GYPE,54
GYPA,3
HHIP,88
ANAPC10,2748
ABCE1,10537
OTUD4,15785
SMAD1,16261
MMAA,7818
C4ORF51,16
ZNF827,10870
LSM6,18007
REELD1,587
SLC10A7,16791
POU4F2,5
TTC29,88
EDNRA,6444
TMEM184C,7344
PRMT9,9234
ARHGAP10,15284
NR3C2,3825
IQCM,5
DCLK2,4884
LRBA,32334
MAB21L2,12
SH3D19,7541
PRSS48,4
FHIP1A,6533
GATB,5494
FBXW7,82931
TMEM154,8870
TIGD4,515
ARFIP1,35011
FHDC1,17598
TRIM2,4052
MND1,5003
TMEM131L,18046
TLR2,15469
RNF175,179
SFRP2,104036
DCHS2,72
PLRG1,24664
FGB,281
FGA,4
FGG,137
LRAT,64
RBM46,5
NPY2R,8
MAP9,5271
GUCY1A1,21856
GUCY1B1,8860
ASIC5,7
TDO2,14788
CTSO,27590
PDGFC,7775
GLRB,365
GRIA2,26
GASK1B,30711
TMEM144,13628
RXFP1,182
C4ORF46,1183
ETFDH,7246
PPID,17671
FNIP2,12975
C4ORF45,2
RAPGEF2,17072
FSTL5,4
NAF1,4812
NPY1R,281
NPY5R,55
TKTL2,80
TMA16,10200
MARCHF1,12562
SMIM31,5
APELA,400
TRIM61,506
FAM218A,374
TRIM60,2
TMEM192,6970
KLHL2,15744
GK3,22
MSMO1,22567
CPE,43319
TLL1,1135
SPOCK3,133
ANXA10,37
DDX60,16622
DDX60L,21999
PALLD,47007
CBR4,31921
SH3RF1,17942
NEK1,7281
CLCN3,23019
HPF1,4593
MFAP3L,4852
AADAT,2110
GALNTL6,519
GALNT7,41833
HMGB2,30668
SAP30,15596
HAND2,522
FBXO8,8853
CEP44,12413
HPGD,6085
GLRA3,82
ADAM29,27
GPM6A,165
WDR17,362
SPATA4,51
ASB5,19
SPCS3,47620
VEGFC,17063
NEIL3,1725
AGA,28365
TENM3,2181
DCTD,25028
WWC2,9178
CLDN22,30
CLDN24,2
CDKN2AIP,5636
ING2,5356
RWDD4,4619
TRAPPC11,12712
STOX2,868
ENPP6,156
IRF2,28169
CASP3,20680
PRIMPOL,3667
CENPU,5572
ACSL1,15014
HELT,4
SLC25A4,18260
CFAP97,12401
SNX25,6738
LRP2BP,593
ANKRD37,5630
UFSP2,9762
C4ORF47,1102
CCDC110,1521
PDLIM3,6948
SORBS2,8065
TLR3,5621
FAM149A,1700
CYP4V2,13123
KLKB1,1192
F11,24
MTNR1A,1
FAT1,22233
ZFP42,86
TRIML2,118
TRIML1,2
FRG1,7138
FRG2,1
PLEKHG4B,793
LRRC14B,108
CCDC127,8552
SDHA,22566
PDCD6,30387
AHRR,1075
EXOC3,36434
SLC9A3,4
CEP72,9033
TPPP,1980
ZDHHC11B,140
BRD9,17321
TRIP13,6546
NKD2,3897
SLC12A7,42394
SLC6A19,15
SLC6A18,1
TERT,251
CLPTM1L,77042
SLC6A3,84
LPCAT1,34035
NDUFS6,44775
IRX4,2537
IRX2,14707
IRX1,4318
ADAMTS16,2122
MED10,26513
UBE2QL1,1883
NSUN2,32361
SRD5A1,10131
TENT4A,16750
ADCY2,2582
CFAP90,165
MTRR,10093
FASTKD3,3623
SEMA5A,9444
TAS2R1,19
ATPSCKMT,8871
CCT5,34296
CMBL,13150
MARCHF6,49054
ROPN1L,404
ANKRD33B,2548
DAP,53590
CTNND2,2333
DNAH5,826
TRIO,33848
OTULINL,15434
OTULIN,23526
ANKH,29063
FBXL7,3492
MARCHF11,56
ZNF622,17118
RETREG1,3038
MYO10,26260
BASP1,26552
LINC02218,1
H3Y2,1
TAF11L3,6
TAF11L4,1
TAF11L6,7
TAF11L8,9
TAF11L14,3
H3Y1,12
CDH18,2
CDH12,81
PRDM9,51
CDH10,87
CDH9,1
CDH6,2450
DROSHA,18076
C5ORF22,12462
PDZD2,7672
GOLPH3,80372
MTMR12,20945
ZFR,31907
SUB1,34316
NPR3,3841
TARS1,9029
ADAMTS12,6766
RXFP3,42
SLC45A2,243
AMACR,18375
C1QTNF3,4837
RAI14,11947
TTC23L,303
RAD1,7325
BRIX1,13846
DNAJC21,34077
AGXT2,10
PRLR,33585
SPEF2,4641
IL7R,31592
CAPSL,7
UGT3A1,3
UGT3A2,563
LMBRD2,13941
SKP2,4783
NADK2,12033
RANBP3L,7245
SLC1A3,13113
NIPBL,32566
CPLANE1,12228
NUP155,16682
WDR70,15756
GDNF,78
EGFLAM,2975
LIFR,5959
OSMR,26377
RICTOR,13150
FYB1,51895
C9,17
DAB2,29886
TTC33,7637
PTGER4,17684
PRKAA1,42623
CARD6,4689
C7,10878
MROH2B,12
C6,40
PLCXD3,344
OXCT1,9368
RIMOC1,7934
FBXO4,6876
GHR,2811
CCDC152,1130
SELENOP,99014
ANXA2R,7729
ZNF131,10618
NIM1K,68
HMGCS1,16452
CCL28,14831
TMEM267,7651
C5ORF34,1057
PAIP1,11077
NNT,10853
FGF10,573
HCN1,9
EMB,12334
PARP8,23268
ISL1,23
PELO,15316
ITGA1,16792
ITGA2,20049
MOCS2,19910
FST,9108
NDUFS4,23016
ARL15,19818
HSPB3,7
SNX18,6837
ESM1,4295
GZMK,27850
GZMA,19493
CDC20B,155
GPX8,16965
MCIDAS,2396
CCNO,6834
DHX29,12263
MTREX,12462
PLPP1,23074
SLC38A9,7284
DDX4,26
IL31RA,223
IL6ST,36816
ANKRD55,875
C5ORF67,293
MAP3K1,27355
SETD9,3502
MIER3,9579
GPBP1,46830
ACTBL2,55
PLK2,37090
GAPT,3769
RAB3C,415
PDE4D,10277
DEPDC1B,2021
ELOVL7,3081
ERCC8,4485
NDUFAF2,4596
SMIM15,32924
ZSWIM6,7577
KIF2A,17352
DIMT1,13721
IPO11,10576
LRRC70,3
HTR1A,2
RNF180,2876
RGS7BP,314
SHISAL2B,2
SREK1IP1,2569
CWC27,7052
ADAMTS6,1598
CENPK,2309
PPWD1,15602
TRIM23,9011
TRAPPC13,10253
SHLD3,1993
SGTB,7515
NLN,8712
ERBIN,38170
MAST4,15159
CD180,9019
PIK3R1,52578
SLC30A5,11779
CCNB1,13191
CENPH,3783
CDK7,4869
CCDC125,17156
AK6,8061
TAF9,4897
RAD17,6337
MARVELD2,7229
OCLN,13894
NAIP,10459
BDP1,18887
MCCC2,20986
CARTPT,4
MAP1B,16826
PTCD2,3703
ZNF366,3862
TNPO1,11239
FCHO2,13063
TMEM171,112
TMEM174,1
FOXD1,622
BTF3,2653
ANKRA2,8464
UTP15,3986
ARHGEF28,2098
ENC1,29937
HEXB,24822
GFM2,9302
NSA2,15684
FAM169A,822
GCNT4,1318
ANKRD31,296
HMGCR,17035
CERT1,26286
POLK,17959
ANKDD1B,973
POC5,3089
SV2C,56
IQGAP2,15566
F2RL2,6601
F2R,10016
F2RL1,1867
S100Z,522
CRHBP,471
AGGF1,17002
ZBED3,2728
PDE8B,781
WDR41,17750
OTP,2
AP3B1,31584
SCAMP1,8364
LHFPL2,38609
ARSB,13978
DMGDH,531
BHMT2,1356
BHMT,30
JMY,11702
HOMER1,2882
TENT2,20467
CMYA5,1887
MTX3,8205
THBS4,6033
SERINC5,16762
SPZ1,2
ZFYVE16,24402
FAM151B,2184
ANKRD34B,549
DHFR,13041
MSH3,5674
RASGRF2,4912
CKMT2,245
ZCCHC9,9884
ACOT12,125
SSBP2,9096
ATG10,7923
TMEM167A,25208
XRCC4,5211
VCAN,128282
HAPLN1,218
EDIL3,9182
COX7C,36186
RASA1,25564
CCNH,10796
TMEM161B,5504
MEF2C,22121
CETN3,7090
MBLAC2,1667
POLR3G,750
LYSMD3,9425
ADGRV1,166
ARRDC3,61464
NR2F1,45454
FAM172A,17864
POU5F2,5380
KIAA0825,3404
SLF1,7033
MCTP1,12006
FAM81B,14
SKIC3,21197
ARSK,1306
GPR150,182
RFESD,58
SPATA9,195
RHOBTB3,9404
GLRX,28405
ELL2,40957
PCSK1,70
CAST,78026
ERAP1,23922
ERAP2,13110
LNPEP,30182
LIX1,73
RIOK2,9391
RGMB,14446
CHD1,13751
FAM174A,10322
ST8SIA4,34796
SLCO4C1,221
SLCO6A1,1
PAM,19129
GIN1,4445
PPIP5K2,14106
MACIR,2719
NUDT12,2519
EFNA5,9238
FBXL17,14537
FER,18332
PJA2,53455
MAN2A1,25555
TMEM232,1008
SLC25A46,12918
TSLP,145
WDR36,12997
CAMK4,6474
STARD4,3368
NREP,20460
EPB41L4A,9302
APC,9693
SRP19,25382
REEP5,114608
DCP2,13659
MCC,6548
TSSK1B,171
YTHDC2,25296
KCNN2,807
TRIM36,11804
PGGT1B,13964
CCDC112,6118
FEM1C,14644
TICAM2,5218
TMED7,38379
CDO1,970
ATG12,12571
AP3S1,8491
LVRN,156
ARL14EPL,25
COMMD10,10973
SEMA6A,1963
DTWD2,3133
DMXL1,12606
TNFAIP8,22837
HSD17B4,41139
FAM170A,199
PRR16,1864
FTMT,1
SRFBP1,15519
LOX,22670
ZNF474,179
ENSG00000250803,24
SNCAIP,1104
SNX2,34223
SNX24,9706
PPIC,27597
PRDM6,1517
CEP120,14335
CSNK1G3,9844
ZNF608,6706
GRAMD2B,11538
ALDH7A1,9876
PHAX,10084
TEX43,12
LMNB1,25008
MARCHF3,2964
C5ORF63,1688
MEGF10,594
PRRC1,29365
CTXN3,23
CCDC192,14
SLC12A2,53823
FBN2,567
SLC27A6,935
ISOC1,22303
ADAMTS19,63
MINAR2,4
CHSY3,1070
HINT1,21829
LYRM7,3646
CDC42SE2,39675
RAPGEF6,19803
FNIP1,22107
MEIKIN,248
ACSL6,1508
IL3,1
CSF2,76
P4HA2,15621
PDLIM4,8627
SLC22A4,2461
SLC22A5,7185
IRF1,63354
IL5,12
RAD50,16657
IL13,36
IL4,23
KIF3A,5779
CCNI2,857
SEPTIN8,29438
SOWAHA,452
SHROOM1,4266
GDF9,225
UQCRQ,30988
LEAP2,759
AFF4,35936
ZCCHC10,2684
HSPA4,12075
FSTL4,278
C5ORF15,15669
VDAC1,19159
TCF7,24530
PPP2CA,19823
CDKL3,1483
UBE2B,32250
CDKN2AIPNL,5308
JADE2,7750
SAR1B,35418
SEC24A,26468
CAMLG,14821
DDX46,35712
C5ORF24,14197
TXNDC15,46123
PCBD2,44
CATSPER3,1064
PITX1,1982
MACROH2A1,28742
TIFAB,2693
SLC25A48,58
CXCL14,25948
LECT2,2
TGFBI,37811
SMAD5,17546
SMIM32,8
TRPC7,1
SPOCK1,11640
KLHL3,3282
HNRNPA0,82450
MYOT,12
PKD2L2,37
FAM13B,14726
WNT8A,5
NME5,2526
BRD8,16629
KIF20A,5004
CDC23,6876
GFRA3,184
CDC25C,1709
FAM53C,13972
KDM3B,25239
REEP2,433
EGR1,88140
ETF1,6075
HSPA9,20109
CTNNA1,66640
LRRTM2,331
SIL1,27324
PAIP2,13850
SLC23A1,459
MZB1,160053
PROB1,333
SPATA24,1770
DNAJC18,3168
ECSCR,9887
SMIM33,163
STING1,32677
UBE2D2,17074
CXXC5,26452
PSD2,98
NRG2,671
PURA,15185
IGIP,5608
CYSTM1,10538
PFDN1,6485
HBEGF,3213
SLC4A9,9
ANKHD1,45855
SRA1,19078
EIF4EBP3,4238
APBB3,16434
SLC35A4,22422
CD14,54167
NDUFA2,43116
TMCO6,2892
IK,24441
WDR55,16855
DND1,764
HARS1,21082
HARS2,9729
ZMAT2,33263
PCDHA1,19
PCDHA2,19
PCDHA3,67
PCDHA4,287
PCDHA5,144
PCDHA6,69
PCDHA7,46
PCDHA8,27
PCDHA9,48
PCDHA10,275
PCDHA11,125
PCDHA12,215
PCDHA13,209
PCDHAC1,427
PCDHB1,6
PCDHB2,5321
PCDHB3,4623
PCDHB4,779
PCDHB5,837
PCDHB6,552
PCDHB7,855
PCDHB8,69
PCDHB16,1359
PCDHB9,440
PCDHB10,675
PCDHB11,819
PCDHB12,1088
PCDHB13,2058
PCDHB14,1454
PCDHB15,475
TAF7,43636
SLC25A2,74
PCDHGA1,783
PCDHGA2,1235
PCDHGA3,942
PCDHGB2,1313
PCDHGA5,3734
PCDHGA6,2451
PCDHGA7,1770
PCDHGA8,1887
PCDHGA9,687
PCDHGB6,2344
PCDHGA10,1532
PCDHGB7,4949
PCDHGA11,576
PCDHGA12,2207
PCDHGC3,6551
PCDHGC5,651
DIAPH1,38121
HDAC3,16836
RELL2,3562
FCHSD1,4638
ARAP3,3723
PCDH1,33343
DELE1,24945
PCDH12,4740
RNF14,16630
GNPDA1,9691
NDFIP1,46982
SPRY4,24079
FGF1,3237
ARHGAP26,17486
NR3C1,28650
HMHB1,23
YIPF5,22423
KCTD16,210
PRELID2,4083
GRXCR2,15
SH3RF2,1804
PLAC8L1,976
LARS,25560
RBM27,21951
POU4F3,56
TCERG1,22804
GPR151,6
PPP2R2B,1406
STK32A,78
DPYSL3,33608
JAKMIP2,1005
SPINK1,204
SCGB3A2,2
C5ORF46,8271
SPINK5,54
SPINK14,67
SPINK6,5
MARCOL,3
SPINK13,5
SPINK7,2
SPINK9,1
FBXO38,14276
HTR4,779
ADRB2,9090
SH3TC2,586
ABLIM3,6204
AFAP1L1,6538
GRPEL2,3069
PCYOX1L,4735
IL17B,605
CSNK1A1,21502
ARHGEF37,4807
PPARGC1B,8335
PDE6A,17
SLC26A2,7483
TIGD6,1502
HMGXB3,9111
CSF1R,53778
PDGFRB,36067
CDX1,329
SLC6A7,198
CAMK2A,156
ARSI,2087
TCOF1,17667
CD74,2232007
NDST1,25640
SYNPO,16086
MYOZ3,65
RBM22,10917
DCTN4,26452
SMIM3,3935
IRGM,307
ZNF300,1109
GPX3,10115
TNIP1,39784
ANXA6,103811
CCDC69,18312
GM2A,50270
SLC36A3,1
SLC36A2,9
SLC36A1,11882
FAT2,1501
SPARC,733758
ATOX1,71416
GLRA1,1
NMUR2,17
GRIA1,665
FAM114A2,12995
MFAP3,1476
GALNT10,29957
SAP30L,15697
HAND1,5
LARP1,24364
FAXDC2,3249
CNOT8,31726
GEMIN5,5851
KIF4B,11
SGCD,2246
TIMD4,2805
HAVCR1,109
HAVCR2,10781
MED7,4450
ITK,13494
GARIN3,2
CYFIP2,13151
FNDC9,13
ADAM19,20888
NIPAL4,254
SOX30,46
C5ORF52,4
THG1L,4644
LSM11,3154
CLINT1,48037
EBF1,9630
RNF145,7333
UBLCP1,20702
IL12B,1694
ADRA1B,1192
TTC1,23853
PWWP2A,14151
FABP6,5647
CCNJL,1552
C1QTNF2,3996
FAM200C,3568
SLU7,20128
PTTG1,5746
ATP10B,366
GABRB2,164
GABRA1,2
GABRG2,6
CCNG1,19134
NUDCD2,16390
HMMR,6077
MAT2B,39040
TENM2,1060
WWC1,28105
RARS1,22843
FBLL1,527
PANK3,14308
SLIT3,12904
SPDL1,1307
DOCK2,35521
INSYN2B,116
FOXI1,2741
C5ORF58,8
LCP2,44295
KCNIP1,119
KCNMB1,5028
GABRP,3334
RANBP17,2007
TLX3,3
FGF18,1233
SMIM23,7
FBXW11,8079
STK10,28992
EFCAB9,13
UBTD2,18206
SH3PXD2B,21909
NEURL1B,8861
DUSP1,89639
ERGIC1,26889
ATP6V0E1,54238
CREBRF,23873
BNIP1,5517
NKX2-5,3
STC2,7128
BOD1,11377
CPEB4,43390
C5ORF47,15
NSG2,68
MSX2,8372
DRD1,148
SFXN1,17675
HRH2,1410
CPLX2,1
SIMC1,6042
KIAA1191,6197
ARL10,4606
NOP16,24279
HIGD2A,29343
CLTB,30196
FAF2,15597
RNF44,37914
CDHR2,17
GPRIN1,4171
SNCB,15
EIF4E1B,3
TSPAN17,8769
UNC5A,2399
HK3,5487
UIMC1,10725
ZNF346,8825
FGFR4,26468
NSD1,30461
RAB24,8249
MXD3,6171
PRELID1,18932
LMAN2,127239
RGS14,9271
SLC34A1,3
PFN3,10
F12,1031
GRK6,20202
PRR7,4378
DBN1,14519
PDLIM7,30234
DOK3,7103
DDX41,6820
FAM193B,54687
TMED9,67774
B4GALT7,14136
PROP1,1
N4BP3,13102
RMND5B,19113
NHP2,36746
GMCL2,3
HNRNPAB,59113
PHYKPL,24691
COL23A1,609
CLK4,19229
MSANTD5,24
ZNF354A,7659
ZNF354B,4386
ZFP2,556
ZNF454,461
GRM6,3
ZNF879,1018
ZNF354C,2083
ADAMTS2,18201
RUFY1,31649
C5ORF60,35
CBY3,252
CANX,61930
MAML1,26924
LTC4S,1253
MGAT4B,43336
SQSTM1,227435
MRNIP,22850
TBC1D9B,90451
RNF130,36714
RASGEF1C,339
MAPK9,26559
GFPT2,8911
CNOT6,17885
SCGB3A1,146
FLT4,5334
OR2Y1,1
MGAT1,62250
ZFP62,12464
BTNL8,90
BTNL3,2
OR2V1,1
OR2V2,4
TRIM7,927
TRIM41,18101
RACK1,76034
TRIM52,9623
DUSP22,19078
IRF4,45530
EXOC2,16571
HUS1B,725
FOXQ1,296
FOXF2,828
FOXC1,5498
GMDS,21987
MYLK4,384
WRNIP1,16886
SERPINB1,43990
SERPINB9,31088
SERPINB6,31737
NQO2,10136
RIPK1,19734
BPHL,6080
TUBB2A,15960
TUBB2B,1144
PSMG4,9502
SLC22A23,22932
PXDC1,9535
FAM50B,5152
PRPF4B,28896
FAM217A,1
ECI2,21655
CDYL,16319
RPP40,4263
PPP1R3G,628
LYRM4,4468
FARS2,3774
NRN1,4674
F13A1,16036
LY86,7020
RREB1,23146
SSR1,29799
CAGE1,8
RIOK1,9173
DSP,60701
SNRNP48,6521
BMP6,9979
TXNDC5,262442
BLOC1S5,8356
EEF1E1,3099
SLC35B3,12525
TFAP2A,27090
GCNT2,9941
C6ORF52,1317
PAK1IP1,6897
TMEM14C,25419
TMEM14B,8702
MAK,485
SYCP2L,216
ELOVL2,365
SMIM13,4370
ERVFRD-1,33
NEDD9,14530
TMEM170B,1727
ADTRP,2072
EDN1,4386
PHACTR1,6262
TBC1D7,8626
GFOD1,4788
SIRT5,7327
NOL7,13022
RANBP9,30556
MCUR1,15637
RNF182,79
CD83,24785
JARID2,15427
DTNBP1,12359
MYLIP,28068
GMPR,3112
ATXN1,34420
STMND1,13
RBM24,263
CAP2,4950
FAM8A1,7293
NUP153,19160
KIF13A,14436
NHLRC1,3536
TPMT,5205
KDM1B,13197
DEK,23162
RNF144B,18856
ID4,10829
MBOAT1,10559
E2F3,10377
CDKAL1,11288
SOX4,63538
PRL,12
HDGFL1,4
NRSN1,3
DCDC2,1381
KAAG1,1
MRS2,16694
GPLD1,964
ALDH5A1,6670
KIAA0319,113
TDP2,12513
ACOT13,9396
C6ORF62,27226
GMNN,20379
ARMH2,126
RIPOR2,17244
CARMIL1,10204
SCGN,227
H2AC1,1
H2BC1,4
SLC17A4,12
SLC17A1,6
SLC17A3,15
SLC17A2,5
TRIM38,37638
H1-1,1112
H4C2,343
H2BC3,2939
H1-2,105547
HFE,5514
H4C3,15047
H2AC6,5693
H1-4,16168
H4C5,130
H2BC8,22032
H2AC8,5639
H3C6,281
H1-3,50333
H2BC9,32743
H3C8,1515
BTN3A2,58639
BTN2A2,14277
BTN3A1,26373
BTN3A3,26702
BTN2A1,8038
BTN1A1,166
HMGN4,20711
ABT1,4496
ZNF322,7789
H2AC11,2929
H4C9,193
PRSS16,1753
POM121L2,7
ZNF391,918
ZNF184,6909
H2AC13,59
H3C10,6921
H4C11,1130
H2AC15,567
H2BC15,1106
H1-5,49914
OR2B2,2
OR2B6,196
ZNF165,1932
ZSCAN16,3511
ZKSCAN8,8527
ZSCAN9,5549
ZKSCAN4,3535
NKAPL,224
ZSCAN26,6222
PGBD1,2033
ZSCAN31,2102
ZKSCAN3,3886
ZSCAN12,2326
ZSCAN23,347
GPX6,1
SCAND3,143
TRIM27,42285
ZNF311,217
OR2W1,4
OR2J3,1
OR14J1,2
OR5V1,1
OR12D3,2
OR12D2,2
OR11A1,1
MAS1L,131
OR2I1P,14
UBD,15766
GABBR1,18158
OR2H2,1
MOG,5
ZFP57,13924
POLR1H,12206
PPP1R11,24854
RNF39,1543
TRIM31,29
TRIM40,1
TRIM10,3
TRIM26,38436
TRIM39,8097
RPP21,18119
GNL1,18420
PRR3,3150
ABCF1,29005
PPP1R10,47964
ATAT1,8003
C6ORF136,6146
DHX16,16103
PPP1R18,42015
NRM,2721
MDC1,7377
TUBB,26482
FLOT1,46808
IER3,29310
DDR1,60146
GTF2H4,11679
VARS2,8561
SFTA2,14
MUCL3,3
MUC21,1
MUC22,1
C6ORF15,134
PSORS1C1,1721
CDSN,96
PSORS1C2,7
CCHCR1,7282
TCF19,6981
MICA,10316
MICB,795
MCCD1,1
DDX39B,36513
ATP6V1G2,625
NFKBIL1,11753
LTA,1572
TNF,2853
LTB,72030
LST1,15380
NCR3,1286
AIF1,63829
PRRC2A,37657
BAG6,56846
APOM,1085
C6ORF47,7196
GPANK1,8146
CSNK2B,17786
LY6G5B,9193
LY6G5C,1009
ABHD16A,23507
LY6G6F,11
LY6G6D,7
MPIG6B,138
LY6G6C,104
DDAH2,37196
CLIC1,34276
MSH5,5658
SAPCD1,2374
VWA7,486
VARS1,40777
LSM2,13913
HSPA1L,886
HSPA1A,28966
HSPA1B,61019
SNHG32,10008
NEU1,22679
SLC44A4,34904
EHMT2,19875
C2,22271
ZBTB12,1535
CFB,95435
NELFE,6611
SKIC2,6830
DXO,4208
STK19,8292
C4B,1025
CYP21A2,2821
TNXB,18692
ATF6B,44971
FKBPL,2583
PRRT1,1910
PPT2,5055
EGFL8,4145
AGPAT1,32994
RNF5,22883
AGER,6884
PBX2,29588
GPSM3,41262
BTNL2,98
TAP2,69230
PSMB8,93141
PSMB9,64321
TAP1,183872
BRD2,89433
COL11A2,641
RXRB,19459
SLC39A7,49791
HSD17B8,9582
RING1,20912
VPS52,28554
B3GALT4,4645
WDR46,25077
PFDN6,27721
RGL2,56611
TAPBP,161386
ZBTB22,11748
DAXX,23221
KIFC1,11972
PHF1,43150
CUTA,44654
SYNGAP1,10212
ZBTB9,6295
BAK1,16322
ITPR3,37350
UQCC2,19936
IP6K3,49
LEMD2,27621
MLN,1
GRM4,131
HMGA1,2756
SMIM29,14280
NUDT3,32270
PACSIN1,1201
SPDEF,37800
ILRUN,26595
SNRPC,31883
BLTP3A,7302
TAF11,14166
ANKS1A,18800
TCP11,20
SCUBE3,1421
ZNF76,13186
DEF6,30988
PPARD,10128
FANCE,2972
TEAD3,10749
TULP1,10
FKBP5,70475
ARMC12,1075
CLPSL2,3042
CLPSL1,14368
CLPS,317
SRPK1,28481
SLC26A8,101
MAPK14,24784
MAPK13,32501
BRPF3,19337
PNPLA1,70
BNIP5,47
ETV7,1379
PXT1,17
KCTD20,24523
STK38,29192
SRSF3,45445
CDKN1A,20815
RAB44,293
CPNE5,14195
PPIL1,11377
C6ORF89,14252
PI16,7889
MTCH1,48462
FGD2,23411
PIM1,23229
TMEM217,172
TBC1D22B,7913
RNF8,8487
CMTR1,20953
CCDC167,11228
MDGA1,965
ZFAND3,49538
BTBD9,13111
GLO1,21956
DNAH8,337
GLP1R,350
SAYSD1,6208
KCNK5,2799
KCNK17,439
KCNK16,1
KIF6,67
DAAM2,3436
MOCS1,1343
LRFN2,110
UNC5CL,1112
OARD1,16281
TSPO2,1
APOBEC2,4
NFYA,11455
TREML1,687
TREM2,8751
TREML2,715
TREML4,2
TREM1,522
NCR2,13
FOXP4,47756
MDFI,4691
TFEB,8628
PGC,18
FRS3,2701
TOMM6,15017
USP49,2240
MED20,8321
BYSL,8541
CCND3,27438
TAF8,12135
C6ORF132,11652
GUCA1ANB,2
GUCA1B,1746
TRERF1,11362
UBR2,32582
PRPH2,87
TBCC,15756
BICRAL,17610
C6ORF226,4384
PTCRA,744
CNPY3,51661
GNMT,2649
PEX6,4851
PPP2R5D,25465
MEA1,19962
KLHDC3,21437
RRP36,21070
CUL7,8479
KLC4,5715
PTK7,28287
SRF,22785
CUL9,6860
DNPH1,20251
TTBK1,274
SLC22A7,5
CRIP3,1126
ZNF318,7726
DLK2,421
TJAP1,5700
LRRC73,330
POLR1C,5415
YIPF3,49237
XPO5,16860
POLH,12680
GTPBP2,24733
MAD2L1BP,11666
RSPH9,242
VEGFA,77830
LINC03040,535
TMEM63B,21714
CAPN11,366
MYMX,370
SLC29A1,42956
HSP90AB1,161220
SLC35B2,21128
NFKBIE,12684
TMEM151B,26
TCTE1,28
AARS2,10594
SPATS1,21
CDC5L,21451
SUPT3H,4402
RUNX2,12628
CLIC5,3389
ENPP4,4971
ENPP5,323
RCAN2,7639
CYP39A1,1805
SLC25A27,2057
TDRD6,100
PLA2G7,11734
ANKRD66,13
MEP1A,79
ADGRF5,9297
ADGRF1,2029
TNFRSF21,18770
CD2AP,31364
ADGRF4,234
OPN5,10
PTCHD4,158
MMUT,12065
CENPQ,2061
GLYATL3,2
C6ORF141,1122
RHAG,3
CRISP2,11
CRISP3,352
PGK2,3
CRISP1,3
ENSG00000290804,2
DEFB110,1
DEFB112,3
TFAP2D,4
TFAP2B,74087
PKHD1,29
IL17A,24
IL17F,27
MCM3,23695
PAQR8,4858
EFHC1,10311
TRAM2,35161
TMEM14A,25380
GSTA2,2
GSTA1,77
GSTA3,4
GSTA4,3305
CILK1,7835
FBXO9,21958
GCM1,3664
ELOVL5,79146
GCLC,14801
KLHL31,991
LRRC1,12255
MLIP,320
TINAG,2
FAM83B,10025
HCRTR2,6
GFRAL,3
HMGCLL1,172
BMP5,141
COL21A1,1026
DST,35217
BEND6,1031
KIAA1586,3520
ZNF451,9367
BAG2,8129
RAB23,6849
PRIM2,6948
KHDRBS2,536
LGSN,34
ENSG00000285976,407
PHF3,23591
EYS,1
ADGRB3,74
LMBRD1,27195
COL19A1,1224
COL9A1,42
FAM135A,2378
SDHAF4,9180
SMAP1,15238
B3GAT2,5
OGFRL1,16339
RIMS1,574
KCNQ5,1215
KHDC1,356
DPPA5,4
KHDC3L,8
OOEP,49
DDX43,521
CGAS,13000
MTO1,17508
SLC17A5,6837
CD109,8326
COL12A1,54864
COX7A2,24230
TMEM30A,12091
FILIP1,2350
SENP6,32343
MYO6,46399
MEI4,12
IRAK1BP1,1893
PHIP,25806
HMGN3,33828
LCA5,2634
SH3BGRL2,4405
ELOVL4,506
TTK,2407
BCKDHB,12055
TENT5A,7382
IBTK,23049
TPBG,11334
UBE3D,1106
DOP1A,6469
PGM3,16612
RWDD2A,4689
ME1,5022
PRSS35,63
SNAP91,133
RIPPLY2,9
CYB5R4,19760
MRAP2,2752
CEP162,5422
TBX18,1769
NT5E,8449
SNX14,32467
SYNCRIP,1268
HTR1E,59
CGA,69
ZNF292,17889
GJB7,57
SMIM8,5617
C6ORF163,2614
CFAP206,1111
SLC35A1,12520
RARS2,12799
ORC3,6386
AKIRIN2,45535
SPACA1,1
CNR1,1184
RNGTT,17723
PNRC1,138584
SRSF12,203
PM20D2,8154
GABRR1,11
GABRR2,1488
UBE2J1,74531
RRAGD,3224
ANKRD6,3955
LYRM2,968
MDN1,6193
CASP8AP2,9626
GJA10,4
BACH2,3425
MAP3K7,21475
EPHA7,108
MANEA,22638
FUT9,200
UFL1,20194
FHL5,2169
GPR63,633
NDUFAF4,7107
KLHL32,169
MMS22L,6242
POU3F2,2
FBXL4,11838
FAXC,8038
COQ3,1926
PNISR,72897
USP45,17060
CCNC,67193
PRDM13,5
MCHR2,4439
SIM1,170
ASCC3,35995
GRIK2,1011
HACE1,10692
LIN28B,500
BVES,908
POPDC3,131
PREP,24447
PRDM1,46999
ATG5,51713
CRYBG1,222460
RTN4IP1,11335
QRSL1,26037
CD24,1399502
MTRES1,20499
BEND3,5781
PDSS2,34325
SOBP,1350
SCML4,3658
SEC63,38828
OSTM1,15120
NR2E1,38
SNX3,39954
AFG1L,2255
FOXO3,30551
ARMC2,4056
SESN1,14252
CEP57L1,3148
CD164,54657
PPIL6,2996
SMPD2,17201
MICAL1,30631
ZBTB24,6335
AK9,7795
FIG4,15711
GPR6,3
WASF1,3357
CDC40,9170
METTL24,295
DDO,559
SLC22A16,122
CDK19,6452
AMD1,10706
GTF3C6,14474
RPF2,9113
SLC16A10,360
MFSD4B,6087
REV3L,6290
TRAF3IP2,11358
FYN,25655
CCN6,274
TUBE1,5403
FAM229B,2337
LAMA4,27866
RFPL4B,37
MARCKS,174107
HDAC2,17660
HS3ST5,1
FRK,10271
NT5DC1,13345
COL10A1,19224
TSPYL4,8521
DSE,21687
TSPYL1,37495
CALHM6,12291
TRAPPC3L,146
CALHM5,3301
CALHM4,7
RWDD1,9055
RSPH4A,375
ZUP1,6623
KPNA5,6201
FAM162B,642
GPRC6A,3
RFX6,33
VGLL2,1
ROS1,18
DCBLD1,6292
GOPC,24334
NUS1,28911
SLC35F1,330
CEP85L,9627
PLN,7154
MCM9,9289
ASF1A,11713
FAM184A,2515
MAN1A1,54577
TBC1D32,4929
GJA1,20443
HSF2,6800
SERINC1,88521
PKIB,3016
FABP7,47992
SMPDL3A,12011
CLVS2,6
TRDN,24
NKAIN2,132
RNF217,5780
TPD52L1,15879
HDDC2,17899
HEY2,3235
NCOA7,41406
HINT3,11484
TRMT11,18429
CENPW,6145
RSPO3,2140
RNF146,19499
ECHDC1,10632
KIAA0408,702
SOGA3,2995
C6ORF58,111
THEMIS,9457
PTPRK,79408
LAMA2,7015
ARHGAP18,20863
TMEM244,590
L3MBTL3,7711
SAMD3,9783
TMEM200A,3541
SMLR1,5
EPB41L2,23988
AKAP7,8924
ARG1,15
MED23,34017
ENPP3,31651
OR2A4,8
ENPP1,12273
CCN2,147988
MOXD1,6039
STX7,35298
TAAR9,5
TAAR8,1
TAAR5,1
TAAR2,4
TAAR1,15
VNN1,1016
VNN2,4405
SLC18B1,6180
EYA4,88
TCF21,24
TBPL1,7321
SLC2A12,408
SGK1,49829
ALDH8A1,2148
HBS1L,68851
MYB,11268
AHI1,13720
PDE7B,1564
MTFR2,2541
BCLAF1,25403
MAP7,37357
MAP3K5,23155
PEX7,5440
SLC35D3,23
IL20RA,2574
IL22RA2,426
IFNGR1,74222
OLIG3,274
TNFAIP3,38673
PERP,106670
ARFGEF3,29023
PBOV1,2
SMIM28,11
HEBP2,44471
NHSL1,7155
CCDC28A,14765
ECT2L,786
REPS1,30425
ABRACL,66658
HECA,30943
TXLNB,1471
CITED2,34331
NMBR,43
GJE1,4
VTA1,11976
ADGRG6,4940
HIVEP2,10647
AIG1,13181
ADAT2,6484
PEX3,7859
FUCA2,18392
PHACTR2,11515
LTV1,13856
ZC2HC1B,83
PLAGL1,8884
SF3B5,52151
STX11,10594
UTRN,41880
EPM2A,2304
FBXO30,7784
SHPRH,12578
GRM1,50
RAB32,12449
ADGB,21
STXBP5,14774
SAMD5,1700
SASH1,8821
UST,3669
TAB2,36215
SUMO4,1172
ZC3H12D,10506
PPIL4,8513
GINM1,28022
KATNA1,8589
LATS1,28338
NUP43,20665
PCMT1,25068
LRP11,17037
RAET1E,392
RAET1G,23
ULBP2,114
ULBP1,266
RAET1L,60
ULBP3,728
PPP1R14C,3802
IYD,385
PLEKHG1,7337
MTHFD1L,7854
AKAP12,12524
ZBTB2,8831
RMND1,11748
ARMT1,10118
CCDC170,1538
ESR1,2438
SYNE1,10795
MYCT1,1761
VIP,422
FBXO5,5040
MTRF1L,2736
RGS17,238
OPRM1,1
IPCEF1,5958
CNKSR3,2764
SCAF8,24233
TIAM2,1684
TFB1M,6068
CLDN20,29
NOX3,5
ARID1B,19144
TMEM242,7622
ZDHHC14,9644
SNX9,16310
SYNJ2,6106
SERAC1,3376
GTF2H5,17185
TULP4,19175
TMEM181,15430
DYNLT1,30730
SYTL3,7221
EZR,140443
RSPH3,10260
TAGAP,28478
FNDC1,9788
SOD2,151694
WTAP,14008
ACAT2,14739
TCP1,24084
PNLDC1,603
MAS1,6
IGF2R,31672
SLC22A1,379
SLC22A2,4
SLC22A3,2045
PLG,3
MAP3K4,17200
AGPAT4,5135
PRKN,1601
PACRG,170
QKI,58376
C6ORF118,13
PDE10A,8189
TBXT,14
PRR18,98
SFT2D1,19560
MPC1,18843
RAMACL,17
RNASET2,24807
CEP43,12160
CCR6,4332
GPR31,530
TTLL2,2
AFDN,28009
KIF25,116
FRMD1,8
DACT2,110
SMOC2,18223
THBS2,69720
WDR27,15166
C6ORF120,18667
PHF10,22744
DYNLT2,1552
ERMARD,13543
DLL1,4113
FAM120B,16121
PSMB1,55203
TBP,7105
PDCD2,2098
FAM20C,19499
FOXL3,4
PDGFA,11633
PRKAR1B,9827
DNAAF5,19070
SUN1,46706
ADAP1,1844
COX19,12049
CYP2W1,11
C7ORF50,31822
GPR146,432
GPER1,1383
ZFAND2A,10777
MICALL2,33212
INTS1,38692
MAFK,20758
TMEM184A,22665
PSMG3,27897
ELFN1,1096
MAD1L1,12128
MRM2,9381
NUDT1,14069
SNX8,20618
EIF3B,65440
CHST12,20519
GRIFIN,2
LFNG,11466
BRAT1,20571
IQCE,25909
TTYH3,52792
AMZ1,451
GNA12,2895
CARD11,13500
SDK1,2944
FOXK1,37033
AP5Z1,32439
RADIL,1167
PAPOLB,120
RBAK,10874
WIPI2,28550
SLC29A4,4573
TNRC18,24260
FBXL18,9566
ACTB,1105293
FSCN1,11052
RNF216,9370
CCZ1,1195
PMS2,10838
AIMP2,17243
EIF2AK1,38368
ANKRD61,91
USP42,5540
CYTH3,13373
RAC1,50919
DAGLB,9932
KDELR2,53004
GRID2IP,59
ZDHHC4,17629
INTS15,25419
ZNF853,421
ZNF316,22249
ZNF12,12282
RSPH10B2,32
C1GALT1,10434
COL28A1,1977
MIOS,18662
RPA3,5089
UMAD1,19816
GLCCI1,20316
ICA1,67159
NXPH1,12927
NDUFA4,80323
PHF14,22014
THSD7A,1804
TMEM106B,47804
VWDE,724
ENSG00000226690,523
SCIN,3288
ARL4A,11136
ETV1,10625
DGKB,180
AGMO,232
MEOX2,3456
CRPPA,2867
SOSTDC1,4540
LRRC72,3
ANKMY2,4801
BZW2,75616
TSPAN13,93437
AGR2,141262
AGR3,3716
AHR,55375
SNX13,28344
PRPS1L1,1
HDAC9,18481
TWIST1,1776
FERD3L,8
POLR1F,5911
TMEM196,13
MACC1,40799
ITGB8,9494
ABCB5,139
SP8,7
SP4,8052
DNAH11,42
CDCA7L,5756
RAPGEF5,20558
STEAP1B,5
IL6,3392
TOMM7,60699
HYCC1,13625
KLHL7,6381
NUP42,12121
GPNMB,144072
MALSU1,23270
IGF2BP3,1114
TRA2A,84013
CCDC126,5040
FAM221A,6747
STK31,1867
NPY,5
PALS2,3831
GSDME,4127
OSBPL3,10368
CYCS,5999
C7ORF31,1919
NPVF,3
NFE2L3,3991
HNRNPA2B1,218308
CBX3,39424
SNX10,21501
SKAP2,13036
HOXA1,491
HOXA2,139
HOXA3,442
HOXA4,786
HOXA5,1237
HOXA6,316
HOXA7,553
HOXA9,1304
HOXA10,1252
HOXA11,88
HOXA13,600
EVX1,90
HIBADH,15371
TAX1BP1,50537
JAZF1,7234
CREB5,10572
TRIL,25714
CPVL,39128
CHN2,319
PRR15,5192
WIPF3,1516
SCRN1,43803
FKBP14,13182
PLEKHA8,9059
MTURN,7638
ZNRF2,54115
NOD1,10247
GGCT,75351
GARS1,18281
CRHR2,12
INMT,4377
MINDY4,2553
AQP1,68285
ADCYAP1R1,419
NEUROD6,1
ITPRID1,8
PPP1R17,4
PDE1C,1192
LSM5,13849
AVL9,32485
KBTBD2,26222
FKBP9,20722
NT5C3A,10365
RP9,5220
BBS9,12273
BMPER,317
NPSR1,1
DPY19L1,6276
HERPUD2,24281
SEPTIN7,20311
EEPD1,4329
MATCAP2,7028
ANLN,14199
AOAH,19723
ELMO1,17168
GPR141,4379
NME8,639
SFRP4,57999
EPDR1,2965
STARD3NL,17882
TRGC2,4958
TRGJP2,802
TRGC1,2485
TRGJP1,136
AMPH,866
VPS41,28040
POU6F2,7
YAE1,12064
RALA,26558
CDK13,22677
MPLKIP,15168
SUGCT,2863
INHBA,57486
GLI3,35256
C7ORF25,14422
PSMA2,32682
HECW1,538
STK17A,38706
COA1,9140
BLVRA,41740
URGCP,17588
UBE2D4,7903
SPDYE1,3
DBNL,89535
PGAM2,374
POLM,20373
AEBP1,175475
POLD2,22659
MYL7,209
GCK,65
YKT6,47870
CAMK2B,221
NUDCD3,37959
NPC1L1,68
DDX56,27618
TMED4,56757
OGDH,42918
ZMIZ2,70834
PPIA,42712
PURB,30790
MYO1G,27566
CCM2,40752
NACAD,446
TBRG4,22739
RAMP3,11716
ADCY1,1316
CCDC201,2
IGFBP1,43
IGFBP3,43611
TNS3,54062
PKD1L1,419
HUS1,17217
SUN3,7
C7ORF57,6
UPP1,8413
ABCA13,40
CDC14C,1
VWC2,34
ZPBP,17
SPATA48,8
IKZF1,51474
FIGNL1,6351
DDC,51
GRB10,22292
COBL,23158
VSTM2A,814
SEC61G,37337
EGFR,13605
LANCL2,12045
VOPP1,33048
SEPTIN14,1
ZNF713,4773
NIPSNAP2,28015
PSPH,17956
CCT6A,49749
SUMF2,86830
PHKG1,1739
CHCHD2,108957
NUPR2,1522
ZNF716,2
ZNF722,4
ZNF727,299
ZNF736,2805
ZNF680,15952
ZNF107,5772
ZNF138,3466
ZNF273,1184
ZNF117,10927
ZNF92,6235
VKORC1L1,10875
GUSB,38818
ASL,21187
CRCP,17290
TPST1,6878
KCTD7,14187
RABGEF1,13540
TMEM248,51613
SBDS,5090
TYW1,2617
AUTS2,30262
GALNT17,202
CALN1,8
TYW1B,485
POM121,6846
NSUN5,8417
TRIM50,91
FKBP6,4
FZD9,8
BAZ1B,39505
BCL7B,25949
TBL2,29637
MLXIPL,926
VPS37D,484
DNAJC30,6456
BUD23,28853
STX1A,11499
ABHD11,33146
CLDN3,35009
CLDN4,74414
METTL27,3301
TMEM270,21
ELN,14643
LIMK1,26033
EIF4H,63237
LAT2,13199
RFC2,13797
CLIP2,6566
GTF2IRD1,9495
GTF2I,28470
NCF1,8428
CASTOR2,4590
RCC1L,23458
POM121C,1261
SPDYE5,1
HIP1,6240
CCL26,224
CCL24,233
RHBDD2,21051
POR,29575
TMEM120A,10126
STYXL1,10424
MDH2,28831
HSPB1,156537
YWHAG,48009
SSC4D,174
ZP3,1306
DTX2,5466
UPK3B,807
CCDC146,3193
FGL2,60459
GSAP,12198
PTPN12,48727
RSBN1L,16334
TMEM60,13248
PHTF2,16453
MAGI2,1634
GNAI1,8213
CD36,4674
GNAT3,1
SEMA3C,43144
HGF,3923
CACNA2D1,3747
PCLO,2642
SEMA3E,9034
SEMA3A,1546
SEMA3D,787
GRM3,4
ELAPOR2,4334
DMTF1,38202
TMEM243,8372
CROT,9736
ABCB4,1414
ABCB1,3467
RUNDC3B,412
SLC25A40,9433
DBF4,6160
ADAM22,2899
SRI,44583
STEAP4,18960
ZNF804B,3
TEX47,39
STEAP1,2100
STEAP2,2370
CFAP69,2748
FAM237B,7
GTPBP10,10101
CLDN12,12370
CDK14,20659
FZD1,8042
MTERF1,5979
AKAP9,36403
CYP51A1,12262
LRRD1,457
KRIT1,24947
ANKIB1,13425
GATAD1,20322
PEX1,10146
RBM48,1765
FAM133B,6069
CDK6,6794
SAMD9,28387
SAMD9L,27657
HEPACAM2,18384
VPS50,26187
CALCR,201
GNGT1,5
TFPI2,1512
GNG11,13369
BET1,11442
COL1A2,935246
CASD1,20250
SGCE,9584
PEG10,116441
PPP1R9A,6664
PON1,73
PON3,469
PON2,51663
ASB4,25
PDK4,4754
DYNC1I1,962
SLC25A13,9793
SEM1,28392
DLX6,34
DLX5,762
SDHAF3,3347
TAC1,12
OCM2,41
LMTK2,8546
TECPR1,16786
BRI3,78334
BAIAP2L1,29307
NPTX2,163
TMEM130,375
TRRAP,25727
SMURF1,14192
KPNA7,643
ARPC1A,18047
ARPC1B,60307
BUD31,32203
PTCD1,9925
CPSF4,11859
ATP5MF,28395
ZNF789,1755
ZNF394,16250
ZKSCAN5,3764
FAM200A,4121
ZNF655,14799
TMEM225B,441
ZSCAN25,6250
CYP3A5,80
CYP3A7,4
CYP3A4,6
CYP3A43,32
OR2AE1,175
TRIM4,28391
GJC3,867
AZGP1,215080
ZKSCAN1,29415
ZSCAN21,5726
ZNF3,9760
COPS6,20113
MCM7,42453
AP4M1,11137
TAF6,19092
CNPY4,6615
LAMTOR4,67528
GAL3ST4,7170
GPC2,2587
STAG3,984
CASTOR3P,4237
PVRIG,1
PILRB,103561
PILRA,6286
ZCWPW1,1833
MEPCE,25684
PPP1R35,25647
SPACDR,940
TSC22D4,27551
NYAP1,162
AGFG2,6143
SAP25,8865
LRCH4,68119
FBXO24,1657
PCOLCE,35457
MOSPD3,7951
TFR2,693
ACTL6B,4
GNB2,76562
GIGYF1,32185
POP7,13231
EPO,132
ZAN,3
EPHB4,31977
SLC12A9,27881
TRIP6,51121
SRRT,47177
UFSP1,1508
ACHE,4630
MUC3A,3607
MUC12,6
MUC17,6
TRIM56,27825
SERPINE1,31372
AP1S1,30124
VGF,5
NAT16,1
MOGAT3,1
PLOD3,30289
ZNHIT1,25940
CLDN15,11128
FIS1,53804
IFT22,14672
COL26A1,146
MYL10,1
CUX1,25123
SH2B2,6761
SPDYE6,6
ORAI2,15805
ALKBH4,5966
LRWD1,11465
RASA4B,374
FAM185A,3702
FBXL13,562
LRRC17,1408
ARMC10,14434
NAPEPLD,4324
PMPCB,32886
DNAJC2,17317
PSMC2,33263
SLC26A5,351
RELN,1606
ORC5,5588
LHFPL3,6
KMT2E,36116
SRPK2,27033
PUS7,11836
RINT1,9257
EFCAB10,99
ATXN7L1,11601
CDHR3,537
SYPL1,20655
NAMPT,16497
CCDC71L,15667
PIK3CG,16895
PRKAR2B,13131
HBP1,34378
COG5,21034
DUS4L,4018
BCAP29,42652
SLC26A4,197
CBLL1,10734
SLC26A3,3805
DLD,19653
LAMB1,29132
LAMB4,51
NRCAM,4127
PNPLA8,8911
THAP5,4355
DNAJB9,46888
IMMP2L,19634
LRRN3,294
DOCK4,21101
ZNF277,15813
IFRD1,20015
LSMEM1,973
TMEM168,17710
BMT2,4165
GPR85,872
SMIM30,13071
PPP1R3A,1
FOXP2,1028
MDFIC,28052
TFEC,12265
TES,44151
CAV2,18447
CAV1,25630
MET,4761
CAPZA2,23326
ST7,12307
WNT2,11983
CFTR,251
ASZ1,1
CTTNBP2,595
LSM8,28798
ANKRD7,153
KCND2,600
TSPAN12,2324
ING3,6195
CPED1,8764
WNT16,29
FAM3C,38279
PTPRZ1,601
AASS,4748
FEZF1,6
CADPS2,30911
RNF133,181
RNF148,1075
SLC13A1,3
IQUB,325
NDUFA5,17357
ASB15,1
LMOD2,2
WASL,22304
HYAL4,20
SPAM1,1
TMEM229A,3
SSU72L6,1
GPR37,2052
LINC03043,16
POT1,7655
GRM8,450
ZNF800,17672
GCC1,11514
ARF5,22333
FSCN3,82
PAX4,1
SND1,61657
LRRC4,1196
LEP,5
RBM28,12355
PRRT4,117
IMPDH1,4457
HILPDA,16579
GARIN1A,1765
GARIN1B,434
CALU,104204
OPN1SW,11
CCDC136,2822
FLNC,1737
KCP,870
ATP6V1F,24947
ATP6V1FNB,1086
IRF5,6474
TNPO3,20993
TSPAN33,17303
SMO,2492
AHCYL2,18297
STRIP2,2280
SMKR1,836
NRF1,11420
UBE2H,37187
ZC3HC1,6620
KLHDC10,13649
TMEM209,11883
SSMEM1,14
CPA2,3
CPA4,2724
CPA5,129
CPA1,28
CEP41,3244
MEST,9263
COPG2,7485
KLF14,30
MKLN1,26656
PODXL,42583
PLXNA4,2224
CHCHD3,16850
EXOC4,34042
LRGUK,2743
SLC35B4,4893
AKR1B1,42765
AKR1B10,48
AKR1B15,587
BPGM,9362
CALD1,132335
AGBL3,555
CYREN,14824
TMEM140,29047
WDR91,8647
STRA8,6
CNOT4,13820
NUP205,20822
STMP1,25351
SLC13A4,26
FAM180A,1123
MTPN,24708
CHRM2,1
PTN,17872
DGKI,886
CREB3L2,26534
AKR1D1,23
TRIM24,17927
SVOPL,130
ATP6V0A4,468
TMEM213,8
KIAA1549,5567
ZC3HAV1L,4450
ZC3HAV1,37544
TTC26,4214
UBN2,10120
FMC1,10181
LUC7L2,63540
KLRG2,9220
CLEC2L,17
HIPK2,34348
TBXAS1,1912
PARP12,37300
KDM7A,19637
SLC37A3,15252
RAB19,617
MKRN1,16905
DENND2A,1212
ADCK2,13300
NDUFB2,35221
BRAF,8255
TMEM178B,925
AGK,8296
DENND11,43585
WEE2,28
SSBP1,13698
TAS2R4,2127
PRSS37,1
MGAM,960
OR9A4,3
CLEC5A,928
TAS2R38,1
MGAM2,270
PRSS58,1
PRSS1,9
TRBC1,65110
TRBC2,98589
EPHB6,9222
TRPV6,44586
TRPV5,213
LLCFC1,57
KEL,1596
OR6V1,41
PIP,291515
TAS2R39,16
TAS2R40,1
GSTK1,131503
CASP2,29709
CLCN1,112
FAM131B,2456
ZYX,173148
EPHA1,18076
TCAF1,20790
OR2F2,3
OR2F1,3
OR6B1,1
OR2A5,2
OR2A12,4
OR2A2,4
ARHGEF35,3943
ARHGEF5,12376
TPK1,6751
CNTNAP2,11426
C7ORF33,9
CUL1,32970
EZH2,20913
PDIA4,21842
ZNF786,5563
ZNF425,653
ZNF398,12002
ZNF282,17967
ZNF212,7065
ZNF783,14989
ZNF777,7271
KRBA1,3981
ZNF467,23316
ZNF862,11364
ATP6V0E2,7733
LRRC61,3622
RARRES2,5349
REPIN1,32932
ZNF775,2015
ENSG00000284691,9597
GIMAP8,12678
GIMAP7,38716
GIMAP4,43792
GIMAP6,16093
GIMAP2,14993
GIMAP1,11301
GIMAP5,17877
TMEM176B,87835
TMEM176A,31597
AOC1,983
KCNH2,344
NOS3,878
ATG9B,595
ABCB8,20464
ASIC3,1300
CDK5,7740
SLC4A2,17907
FASTK,30543
TMUB1,15888
AGAP3,14809
ASB10,3
IQCA1L,12
H2BK1,450
ABCF2,8660
CHPF2,27874
SMARCD3,4029
NUB1,47498
WDR86,1766
CRYGN,174
RHEB,12551
PRKAG2,7971
GALNTL5,4
GALNT11,19922
KMT2C,65470
XRCC2,2794
ACTR3B,2750
DPP6,39
PAXIP1,8919
HTR5A,2
INSIG1,14817
EN2,10
RBM33,58913
SHH,128
RNF32,1173
LMBR1,19291
NOM1,8946
MNX1,1285
UBE3C,43350
DNAJB6,11641
PTPRN2,609
NCAPG2,12706
ESYT2,56546
DYNC2I1,13177
VIPR2,965
OR4F21,9
ZNF596,1178
FBXO25,8475
TDRP,3218
ERICH1,20040
DLGAP2,38
CLN8,15977
ARHGEF10,10076
KBTBD11,441
MYOM2,1442
CSMD1,200
MCPH1,14254
AGPAT5,14272
XKR5,77
DEFB1,34410
DEFA4,11
USP17L1,3
ZNF705G,4
DEFB4A,1
USP17L3,3
PRAG1,13749
CLDN23,3803
MFHAS1,10819
ERI1,10251
PPP1R3B,17011
TNKS,17090
MSRA,11432
PRSS51,66
PRSS55,8
RP1L1,35
C8ORF74,1
SOX7,1592
PINX1,4981
XKR6,7779
MTMR9,11835
SLC35G5,204
FAM167A,1297
BLK,5357
GATA4,4
NEIL2,6614
FDFT1,40901
CTSB,361200
DEFB136,91
DEFB135,1
DEFB134,121
USP17L7,1
USP17L2,5
LONRF1,9048
TRMT9B,563
DLC1,12559
C8ORF48,294
SGCZ,3
TUSC3,7273
MSR1,25339
FGF20,91
MICU3,2142
ZDHHC2,6735
CNOT7,2721
VPS37A,14045
MTMR7,15
SLC7A2,12643
PDGFRL,9228
MTUS1,18905
FGL1,51
PCM1,33524
ASAH1,58599
NAT1,14599
NAT2,304
PSD3,14686
SH2D4A,12204
CSGALNACT1,12510
INTS10,26542
LPL,3101
SLC18A1,27
ATP6V1B2,42073
LZTS1,3310
GFRA2,1023
DOK2,16413
XPO7,13694
NPM2,271
FGF17,138
DMTN,4905
FHIP2B,33410
NUDT18,2706
HR,1758
REEP4,8182
LGI3,11
SFTPC,5
BMP1,16182
PHYHIP,335
POLR3D,11982
PIWIL2,362
SLC39A14,4537
PPP3CC,22070
SORBS3,18840
PDLIM2,14413
C8ORF58,3800
CCAR2,28074
BIN3,13791
EGR3,7314
PEBP4,220
RHOBTB2,4970
TNFRSF10B,23490
TNFRSF10C,427
TNFRSF10D,2300
TNFRSF10A,15653
CHMP7,38877
R3HCC1,12169
LOXL2,20444
ENTPD4,31684
SLC25A37,19010
NKX3-1,1563
STC1,9996
ADAM28,17513
ADAMDEC1,9687
ADAM7,1
NEFM,235
NEFL,176
DOCK5,29139
GNRH1,2653
KCTD9,10559
CDCA2,3967
EBF2,1135
PPP2R2A,25598
BNIP3L,47826
PNMA2,745
DPYSL2,52173
ADRA1A,319
STMN4,29
TRIM35,9713
PTK2B,42636
CHRNA2,28
EPHX2,11409
CLU,1904244
SCARA3,35700
CCDC25,7847
ESCO2,1819
PBK,2903
SCARA5,3561
NUGGC,6825
ELP3,13082
PNOC,8873
FBXO16,1354
FZD3,5730
EXTL3,5047
INTS9,11564
HMBOX1,17605
KIF13B,21651
DUSP4,138510
SARAF,56349
LEPROTL1,55278
MBOAT4,15
DCTN6,24980
RBPMS,42209
GTF2E2,26765
SMIM18,3
GSR,68523
UBXN8,6809
PPP2CB,17862
TEX15,6
PURG,320
WRN,8639
NRG1,1709
FUT10,3619
TTI2,5956
MAK16,13176
RNF122,6317
DUSP26,905
UNC5D,36
KCNU1,18
ZNF703,59815
ERLIN2,25173
PLPBP,25277
ADGRA2,13328
BRF2,11750
RAB11FIP1,89673
GOT1L1,4
ADRB3,19
EIF4EBP1,48153
ASH2L,26616
STAR,176
LSM1,32359
BAG4,4857
DDHD2,14216
PLPP5,66783
NSD3,11946
LETM2,1492
FGFR1,35352
TACC1,44211
PLEKHA2,19366
HTRA4,3081
TM2D2,20041
ADAM9,42015
ADAM32,593
ADAM18,3
ADAM2,38
IDO1,17372
IDO2,593
TCIM,38448
ZMAT4,192
SFRP1,7870
GOLGA7,33873
GINS4,20278
GPAT4,27260
NKX6-3,202
ANK1,1781
KAT6A,38792
AP3M2,10624
PLAT,14891
IKBKB,122083
POLB,16056
DKK4,27
VDAC3,38638
SLC20A2,13106
SMIM19,26178
CHRNB3,6
CHRNA6,883
THAP1,8143
RNF170,10204
HOOK3,26136
FNTA,39937
HGSNAT,20338
SPIDR,14930
CEBPD,52784
PRKDC,35262
MCM4,35465
UBE2V2,741
CLXN,143
SNAI2,10562
PPDPFL,5
SNTG1,13
PXDNL,1403
PCMTD1,64720
ST18,232
ALKAL1,1
RB1CC1,20639
NPBWR1,16
OPRK1,14
ATP6V1H,24267
RGS20,250
LYPLA1,7630
SOX17,2222
XKR4,113
TMEM68,19526
TGS1,10150
LYN,18476
MOS,3
PLAG1,920
CHCHD7,11559
SDR16C5,28193
PENK,44
BPNT2,39106
FAM110B,7173
UBXN2B,12647
CYP7A1,45
SDCBP,41706
NSMAF,16614
TOX,6561
CA8,4781
RAB2A,63354
CHD7,10303
CLVS1,38
ASPH,190599
NKAIN3,98
GGH,9918
TTPA,118
YTHDF3,22851
BHLHE22,1124
CYP7B1,15906
ARMC1,14670
MTFR1,16331
PDE7A,22161
DNAJC5B,1356
TRIM55,505
RRS1,16544
ADHFE1,4270
VXN,414
MYBL1,2539
VCPIP1,19977
SGK3,17565
MCMDC2,2646
TCF24,35
PPP1R42,148
COPS5,24323
CSPP1,10267
ARFGEF1,16649
CPA6,1924
PREX2,4487
C8ORF34,84
SULF1,41957
SLCO5A1,3786
PRDM14,4
NCOA2,17995
TRAM1,99966
LACTB2,10733
XKR9,886
EYA1,85
MSC,5432
TRPA1,204
KCNB2,10
TERF1,6078
SBSPON,5117
C8ORF89,37
RDH10,13372
STAU2,52606
UBE2W,14003
ELOC,14888
TMEM70,9315
LY96,21634
JPH1,3743
GDAP1,3001
PI15,1029
CRISPLD1,2247
HNF4G,532
ZFHX4,1689
PEX2,27604
PKIA,2060
ZC2HC1A,10948
IL7,4249
STMN2,1116
HEY1,2695
TPD52,63215
ZBTB10,12601
ZNF704,7949
PAG1,14783
FABP5,6600
PMP2,30
FABP9,1
FABP4,7981
FABP12,4
IMPA1,8073
SLC10A5,837
ZFAND1,17653
CHMP4C,5776
SNX16,6377
RALYL,20
LRRCC1,8116
E2F5,11392
RBIS,7928
CA13,3953
CA1,7
CA3,1038
CA2,10051
ATP6V0D2,524
PSKH2,2
SLC7A13,50
WWP1,13079
RMDN1,13631
CPNE3,50414
CNGB3,1
CNBD1,189
DCAF4L2,3
MMP16,1241
RIPK2,19272
OSGIN2,14022
NBN,30088
DECR1,28926
CALB1,7
TMEM64,10444
C8ORF88,1015
PIP4P2,3314
OTUD6B,9484
LRRC69,2735
SLC26A7,2242
RUNX1T1,12644
TRIQK,12468
CIBAR1,1529
RBM12B,9240
TMEM67,4300
PDP1,8314
CDH17,49
GEM,22508
RAD54B,3980
VIRMA,11815
ESRP1,23670
DPY19L4,8214
INTS8,31915
CCNE2,8222
NDUFAF6,11545
TP53INP1,43098
PLEKHF2,56662
CFAP418,3415
GDF6,32
UQCRB,21117
MTERF3,12698
PTDSS1,19549
SDC2,16882
CPQ,14837
TSPYL5,16477
MTDH,57829
LAPTM4B,51940
MATN2,3989
ERICH5,126
RIDA,4688
POP1,4800
NIPAL2,13532
STK3,15264
KCNS2,113
OSR2,3779
VPS13B,37359
COX6C,47572
RGS22,105
FBXO43,1017
POLR2K,20543
SPAG1,2010
RNF19A,35537
ANKRD46,6361
SNX31,77
YWHAZ,108391
ZNF706,28865
GRHL2,29392
NCALD,5198
RRM2B,4863
UBR5,27102
ODF1,21
KLF10,18849
AZIN1,19433
ATP6V1C1,21737
BAALC,367
FZD6,9777
CTHRC1,93221
SLC25A32,14288
DCAF13,6538
RIMS2,183
DPYS,142
DCSTAMP,167
LRP12,4417
ZFPM2,1827
OXR1,12800
ABRA,2
ANGPT1,2014
RSPO2,22
EIF3E,3916
EMC2,28376
TMEM74,93
TRHR,5
NUDCD1,13456
ENY2,41491
EBAG9,19988
SYBU,1651
KCNV1,1
CSMD3,10
TRPS1,24605
EIF3H,22456
UTP23,18093
RAD21,20559
AARD,799
SLC30A8,499
MED30,8381
EXT1,20269
SAMD12,10728
TNFRSF11B,4046
COLEC10,149
MAL2,40718
CCN3,3772
ENPP2,17388
TAF2,18812
DSCC1,3506
DEPTOR,17829
COL14A1,25167
MTBP,3186
SNTB1,6750
HAS2,3148
ZHX2,24122
DERL1,62069
TBC1D31,5701
FAM83A,7358
C8ORF76,12902
ZHX1,13708
ATAD2,10559
NTAQ1,5924
FBXO32,31170
KLHL38,132
ANXA13,30
FAM91A1,27413
FER1L6,45
TMEM65,14985
TRMT12,2917
RNF139,7284
TATDN1,3353
NDUFB9,61510
MTSS1,28697
ZNF572,621
SQLE,18084
WASHC5,18618
NSMCE2,12301
TRIB1,31463
LRATD2,43199
POU5F1B,408
MYC,21954
GSDMC,1995
CYRIB,30752
ASAP1,28749
ADCY8,10
EFR3A,49461
OC90,12
HHLA1,1
KCNQ3,1103
DNAAF11,1742
TMEM71,3804
PHF20L1,20047
TG,716
SLA,26819
CCN4,3335
NDRG1,17377
ST3GAL1,31542
ZFAT,6231
KHDRBS3,5153
FAM135B,250
COL22A1,314
TRAPPC9,26320
CHRAC1,15391
AGO2,31829
PTK2,19814
DENND3,14858
SLC45A4,6146
GPR20,1184
PTP4A3,35634
C8ORF90,2
TSNARE1,8974
ADGRB1,2283
ARC,74
JRK,5460
PSCA,108
LY6K,1435
THEM6,9759
SLURP1,292
LYPD2,5
SLURP2,89
LYNX1,467
LY6D,75333
GML,34
CYP11B1,1
CYP11B2,2
LY6E,141969
LY6L,23
LY6H,429
GPIHBP1,485
ZFP41,7014
GLI4,13174
ZNF696,3701
TOP1MT,11864
RHPN1,36532
MAFA,30
ZC3H3,17127
GSDMD,45734
MROH6,4568
NAPRT,39823
TIGD5,8710
PYCR3,6072
GFUS,74690
ZNF623,12778
ZNF707,5967
CCDC166,42
MAPK15,238
FAM83H,39655
IQANK1,7840
SCRIB,22056
PUF60,49395
NRBP2,19272
EPPK1,60033
PLEC,81971
PARP10,31214
GRINA,129328
SPATC1,1015
OPLAH,10628
EXOSC4,18650
GPAA1,33442
CYC1,48111
SHARPIN,33189
MAF1,45997
WDR97,851
HGH1,12051
MROH1,54161
BOP1,15580
SCX,10053
HSF1,49256
DGAT1,20032
SCRT1,3
SLC52A2,24008
TMEM249,434
FBXL6,17062
ADCK5,7482
CPSF1,10335
SLC39A4,3810
VPS28,39168
TONSL,7487
ZFTRAF1,16754
KIFC2,20068
FOXH1,106
PPP1R16A,12087
GPT,423
MFSD3,8441
RECQL4,6213
LRRC14,18353
LRRC24,1443
C8ORF82,1624
ARHGAP39,6356
ZNF251,10064
ZNF34,1805
ZNF517,2169
ZNF7,8759
COMMD5,26305
ZNF250,4535
ZNF16,3497
C8ORF33,15807
FOXD4,89
DOCK8-AS1,63
DOCK8,28440
KANK1,4671
DMRT1,9
DMRT3,771
DMRT2,168
SMARCA2,56851
VLDLR,8915
KCNV2,2
PUM3,8010
RFX3,8199
GLIS3,2202
SLC1A1,6033
SPATA6L,894
PLPP6,7768
CDC37L1,8963
AK3,12048
RCL1,12987
JAK2,20939
INSL6,30
INSL4,13
RLN2,380
RLN1,510
PLGRKT,8485
CD274,7332
PDCD1LG2,4221
RIC1,21509
ERMP1,35010
KIAA2026,20720
MLANA,25
RANBP6,5192
IL33,8428
UHRF2,14171
GLDC,363
KDM4C,21289
DMAC1,14057
PTPRD,3600
TYRP1,50
LURAP1L,18997
MPDZ,9740
NFIB,44515
ZDHHC21,17858
CER1,55
FREM1,1386
TTC39B,9101
SNAPC3,15799
PSIP1,12117
CCDC171,3257
LINC03041,25
BNC2,5029
CNTLN,3640
SH3GL2,26
ADAMTSL1,5138
SAXO1,742
RRAGA,21726
HAUS6,8068
PLIN2,1796
DENND4C,16009
SLC24A2,328
MLLT3,9788
FOCAD,8729
HACD4,6982
IFNB1,44
IFNW1,4
IFNA21,1
IFNA4,3
IFNA7,4
IFNA16,4
IFNA14,2
IFNA5,15
KLHL9,2040
IFNA2,1
IFNA8,1
IFNA1,5
IFNE,624
MTAP,7908
CDKN2A,10911
CDKN2B,19574
DMRTA1,330
ELAVL2,430
TUSC1,8864
CAAP1,11035
PLAA,16247
LRRC19,4
TEK,3980
EQTN,88
MOB3B,3044
C9ORF72,8018
LINGO2,433
ACO1,8748
RIGI,36644
TOPORS,7199
SMIM27,6342
NDUFB6,19039
TAF1L,2
TMEM215,8
APTX,17875
DNAJA1,26706
SMU1,10240
B4GALT1,73989
SPINK4,4
BAG1,33532
CHMP5,26306
NFX1,24615
AQP7,260
AQP3,28320
NOL6,11428
ANKRD18B,34
PRSS3,20
UBE2R2,45789
UBAP2,13648
DCAF12,18314
UBAP1,13809
KIF24,1638
NUDT2,16795
MYORG,4780
C9ORF24,365
FAM219A,11792
DNAI1,486
ENHO,339
CNTFR,396
RPP25L,13623
DCTN3,28134
ARID3C,60
SIGMAR1,17406
GALT,16366
IL11RA,8256
CCL27,91
ENSG00000187186,816
CCL19,97684
CCL21,18392
FAM205A,4
FAM205C,1
PHF24,148
DNAJB5,2074
C9ORF131,14
VCP,33579
FANCG,6768
PIGO,18718
STOML2,25303
ATOSB,3421
UNC13B,4242
RUSC2,4755
FAM166B,411
TESK1,15107
CD72,10889
SIT1,4910
CCDC107,7695
ARHGEF39,2640
CA9,1447
TPM2,65256
TLN1,53914
CREB3,24463
GBA2,22715
RGP1,11580
MSMP,44
NPR2,2837
SPAG8,586
HINT2,10864
TMEM8B,18537
FAM221B,844
OR13J1,2
HRCT1,654
SPAAR,327
OR2S2,4
RECK,5350
GLIPR2,14654
CCIN,271
CLTA,47203
GNE,6354
RNF38,18934
MELK,4284
PAX5,6500
ZCCHC7,16705
GRHPR,32909
ZBTB5,10319
POLR1E,8074
FBXO10,3104
TOMM5,20005
FRMPD1,179
TRMT10B,5480
EXOSC3,11996
DCAF10,12179
SLC25A51,5369
SHB,37503
ALDH1B1,14773
IGFBPL1,115
ANKRD18A,4754
FAM240B,1
CNTNAP3,28
SPATA31A1,3
FOXD4L6,73
CNTNAP3B,2
SPATA31A5,1
FOXD4L5,212
ZNF658,1204
PGM5,2516
TMEM252,9
PABIR1,5451
PRKACG,1
FXN,6028
TJP2,9018
ENTREP1,2204
APBA1,397
PTAR1,22155
CFAP95,2
MAMDC2,7975
SMC5,16391
KLF9,20433
TRPM3,43
CEMIP2,18259
ABHD17B,10226
C9ORF85,3446
C9ORF57,7
GDA,11
ZFAND5,28780
ALDH1A1,22626
ANXA1,99307
RORB,110
TRPM6,324
C9ORF40,4760
CARNMT1,17815
NMRK1,18477
OSTF1,48784
PCSK5,3211
RFK,4433
GCNT1,10633
PRUNE2,2513
FOXB2,1
VPS13A,12683
GNA14,5512
GNAQ,43730
CEP78,8088
PSAT1,2435
TLE4,7930
TLE1,24981
SPATA31D3,1
SPATA31D1,1
RASEF,10254
FRMD3,1239
IDNK,5307
UBQLN1,16097
GKAP1,5374
KIF27,3894
C9ORF64,11445
HNRNPK,40305
RMI1,9132
SLC28A3,5970
NTRK2,5604
AGTPBP1,16522
NAA35,9082
GOLM1,20743
C9ORF153,100
ISCA1,3603
TUT7,49255
GAS1,6239
DAPK1,12102
CTSL,47542
SPATA31E1,2
ENSG00000283205,3
CDK20,5253
SPIN1,42444
NXNL2,116
S1PR3,26485
SHC3,153
CKS2,7012
SECISBP2,27785
SEMA4D,21371
GADD45G,10068
DIRAS2,51
SYK,23887
AUH,13042
NFIL3,14090
ROR2,4020
SPTLC1,20531
IARS1,16936
NOL8,11184
CENPP,6775
OGN,1852
OMD,3736
ASPN,13673
ECM2,9288
IPPK,9744
BICD2,15976
ZNF484,5168
FGD3,19422
SUSD3,9590
CARD19,13354
NINJ1,36032
WNK2,5318
ENSG00000290685,2
FAM120AOS,20043
FAM120A,46711
PHF2,18310
BARX1,199
PTPDC1,6492
ZNF169,4411
MFSD14B,21537
FBP2,31
FBP1,39176
FANCC,7041
PTCH1,3351
ERCC6L2,16546
HSD17B3,203
SLC35D2,13576
ZNF367,3504
HABP4,10557
CDC14B,4739
PRXL2C,6720
ZNF510,7258
ZNF782,5088
CTSV,3117
CCDC180,2648
TDRD7,13233
TMOD1,3058
TSTD2,10109
NCBP1,19867
XPA,12741
FOXE1,17
TRMO,12788
HEMGN,50
ANP32B,13951
NANS,38758
TRIM14,39372
CORO2A,18998
TBC1D2,14183
GABBR2,7
ANKS6,3210
GALNT12,1475
COL15A1,72916
TGFBR1,36686
ALG2,34944
SEC61B,32750
NR4A3,4441
STX17,21437
ERP44,37785
INVS,10579
TEX10,7379
MSANTD3,12294
TMEFF1,2089
CAVIN4,750
PLPPR1,23
BAAT,48
ZNF189,12987
ALDOB,16
PGAP4,389
RNF20,20567
GRIN3A,367
PPP3R2,10
SMC2,10955
OR13F1,1
OR13C4,15
OR13C3,11
OR13C8,2
OR13C5,11
OR13C2,17
OR13C9,44
OR13D1,3
NIPSNAP3A,9683
NIPSNAP3B,837
ABCA1,24707
SLC44A1,31768
FSD1L,3727
FKTN,6901
TAL2,262
TMEM38B,5080
ZNF462,3106
RAD23B,38394
KLF4,8365
ACTL7B,61
ACTL7A,3
ELP1,10263
ABITRAM,3045
CTNNAL1,7879
TMEM245,28633
FRRS1L,151
EPB41L4B,9675
PTPN3,10483
PALM2AKAP2,27689
C9ORF152,10638
TXNDC8,4
SVEP1,5676
MUSK,184
LPAR1,8256
OR2K2,56
ECPAS,29887
ZNF483,1621
PTGR1,11617
DNAJC25,6673
GNG10,26995
SHOC1,40
UGCG,43866
SUSD1,8437
PTBP3,65064
HSDL2,15976
KIAA1958,5819
INIP,8414
SNX30,16121
SLC46A2,328
ZNF883,326
ZFP37,853
SLC31A2,10331
FKBP15,22500
SLC31A1,13880
CDC26,10034
PRPF4,14837
RNF183,101
WDR31,2036
BSPRY,20249
HDHD3,22580
ALAD,27960
POLE3,28440
C9ORF43,1180
RGS3,44903
ZNF618,12082
AMBP,313
KIF12,4079
COL27A1,4798
ORM1,78
ORM2,242
AKNA,67544
WHRN,25612
ATP6V1G1,33802
TMEM268,43262
TEX53,1
TEX48,3
TNFSF15,3665
DELEC1,211
TNFSF8,2067
TNC,96874
PAPPA,892
ASTN2,8941
TRIM32,12250
TLR4,10576
BRINP1,2145
CDK5RAP2,23505
MEGF9,20456
FBXW2,59101
B3GALT9,5426
PSMD5,5858
PHF19,15211
TRAF1,42875
C5,2517
CNTRL,36956
RAB14,85492
GSN,177978
STOM,56661
DAB2IP,13883
TTLL11,5164
NDUFA8,37288
MORN5,36
LHX6,1007
RBM18,14406
MRRF,12397
PTGS1,9467
OR1J1,2
OR1N1,18
OR1N2,30
OR1L8,92
OR1Q1,5
OR1B1,254
OR1L1,9
OR1L3,18
OR1L4,7
OR1L6,4
OR5C1,8
PDCL,18169
OR1K1,6
RC3H2,23483
ZBTB6,9364
ZBTB26,5238
RABGAP1,27457
STRBP,28993
CRB2,1086
DENND1A,20464
LHX2,1314
NEK6,100491
PSMB7,7948
ADGRD2,89
NR5A1,7
NR6A1,553
OLFML2A,15411
WDR38,23
ARPC5L,65963
GOLGA1,16107
SCAI,5747
PPP6C,40773
RABEPK,8719
HSPA5,41151
GAPVD1,16553
MAPKAP1,33933
PBX3,6743
MVB12B,7949
LMX1B,20352
ZBTB43,2631
ZBTB34,4494
RALGPS1,12972
ANGPTL2,16756
GARNL3,2787
SLC2A8,8515
ZNF79,1593
LRSAM1,13844
NIBAN2,70116
STXBP1,8294
PTRH1,15089
CFAP157,350
TTC16,668
TOR2A,4492
SH2D3C,13797
CDK9,42444
FPGS,31420
ENG,76341
AK1,20592
ST6GALNAC6,17933
ST6GALNAC4,11320
PIP5KL1,1000
DPM2,12333
EEIG1,54321
NAIF1,5877
SLC25A25,17692
PTGES2,40258
LCN2,3848
BBLN,42194
CIZ1,10266
DNM1,4607
GOLGA2,31857
SWI5,8530
TRUB2,10059
COQ4,32669
SLC27A4,17457
URM1,19274
CERCAM,21249
ODF2,16146
GLE1,13581
SPTAN1,94529
DYNC2I2,34550
SET,34138
PKN3,5119
ZDHHC12,11486
ZER1,20560
TBC1D13,11272
ENDOG,10070
SPOUT1,15179
KYAT1,4217
LRRC8A,28819
PHYHD1,4290
DOLK,7404
NUP188,26516
SH3GLB2,38753
MIGA2,14085
DOLPP1,4797
CRAT,33756
PTPA,109748
IER5L,70775
NTMT1,19618
C9ORF50,44
ASB6,11693
PRRX2,5548
PTGES,1788
TOR1B,16415
TOR1A,20533
C9ORF78,30024
USP20,20578
FNBP1,57496
GPR107,42105
NCS1,9724
HMCN2,903
ASS1,29190
FUBP3,30078
EXOSC2,15027
ABL1,37202
QRFP,16
FIBCD1,3913
LAMC3,317
AIF1L,20684
NUP214,18937
FAM78A,7745
PLPP7,607
PRRC2B,48484
POMT1,7516
UCK1,16983
PRRT1B,17
RAPGEF1,38490
MED27,1363
NTNG2,3308
SETX,37379
TTF1,8789
CFAP77,19
BARHL1,1
DDX31,11981
GTF3C4,10234
AK8,2900
SPACA9,2536
TSC1,12296
GFI1B,18
GTF3C5,15187
CEL,14435
RALGDS,27298
GBGT1,5399
OBP2B,205
ABO,315
SURF6,9418
MED22,17158
SURF1,26782
SURF2,7289
SURF4,71302
STKLD1,1307
REXO4,13893
ADAMTS13,5968
CACFD1,11063
SLC2A6,3967
MYMK,7
ADAMTSL2,6686
FAM163B,10
DBH,8
SARDH,5861
VAV2,11404
BRD3OS,10099
BRD3,25416
WDR5,4734
RXRA,30746
COL5A1,118946
FCN2,1134
OLFM1,2806
PPP1R26,10250
PIERCE1,4301
LCN1,11
OBP2A,207
PAEP,90
GLT6D1,2
SOHLH1,40
KCNT1,167
CAMSAP1,11957
UBAC1,20718
NACC2,11417
TMEM250,28004
LHX3,2
QSOX2,5602
CCDC187,30
GPSM1,3680
DNLZ,785
CARD9,3968
SNAPC4,17663
ENTR1,18886
PMPCA,18746
INPP5E,10218
SEC16A,47737
NOTCH1,25375
EGFL7,22834
AGPAT2,18990
DIPK1B,3671
LCN10,537
LCN6,302
LCN8,18
LCN15,4
TMEM141,29996
CCDC183,1446
RABL6,53295
AJM1,2993
PHPT1,84943
EDF1,40948
TRAF2,20487
FBXW5,44865
C8G,487
LCN12,601
PTGDS,44043
LCNL1,369
PAXX,69547
CLIC3,30955
ABCA2,18838
FUT7,3200
NPDC1,99661
ENTPD2,7196
SAPCD2,6538
UAP1L1,10695
MAN1B1,31462
DPP7,76072
GRIN1,159
LRRC26,28213
TMEM210,699
ANAPC2,34335
SSNA1,17584
TPRN,6788
TMEM203,6798
NDOR1,9416
ENSG00000284976,9803
RNF208,5339
CYSRT1,680
RNF224,25
SLC34A3,69
TUBB4B,52160
FAM166A,203
STPG3,9
NELFB,25337
TOR4A,5302
NRARP,15783
EXD3,17672
NOXA1,7256
ENTPD8,460
NSMF,19106
PNPLA7,15424
DPH7,19690
ZMYND19,15166
ARRDC1,129422
EHMT1,89514
CACNA1B,82
TUBB8,65
ZMYND11,27001
DIP2C,10841
LARP4B,25258
GTPBP4,23565
IDI2,11
IDI1,14627
WDR37,16820
ADARB2,210
PFKP,42140
PITRM1,28227
KLF6,104303
AKR1E2,2278
AKR1C2,376
AKR1C3,1976
AKR1C8,288
TUBAL3,44
NET1,27141
CALML5,20841
CALML3,2333
ASB13,4463
TASOR2,23683
GDI2,23325
ANKRD16,7459
FBH1,33143
IL15RA,8519
IL2RA,5198
RBM17,28123
PFKFB3,22258
PRKCQ,6167
SFMBT2,40334
ITIH5,3418
ITIH2,8
KIN,7098
ATP5F1C,21245
TAF3,140
GATA3,46352
CELF2,41465
USP6NL,14251
ECHDC3,5216
PROSER2,3570
UPF2,19136
DHTKD1,15238
SEC61A2,3817
NUDT5,21332
CDC123,24416
CAMK1D,16035
CCDC3,8411
OPTN,43940
MCM10,3806
UCMA,2
PHYH,6804
SEPHS1,6833
BEND7,824
PRPF18,12954
FRMD4A,16208
FAM107B,49421
CDNF,1130
MSANTD7,8790
HSPA14,7224
SUV39H2,4259
DCLRE1C,7030
MEIG1,192
OLAH,13
ACBD7,69
RPP38,12217
NMT2,7032
FAM171A1,2676
ITGA8,4335
MINDY3,9340
PTER,13254
C1QL3,4
RSU1,27577
CUBN,1328
TRDMT1,4436
VIM,656975
ST8SIA6,1252
HACD1,581
STAM,15814
TMEM236,493
MRC1,10757
SLC39A12,71
CACNB2,684
NSUN6,12813
ARL5B,14866
MALRD1,637
PLXDC2,51585
NEBL,3124
MIR1915HG,292
SKIDA1,193
MLLT10,15150
DNAJC1,44864
COMMD3,22251
BMI1,25718
SPAG6,31
PIP4K2A,24318
ARMC3,120
MSRB2,28306
PTF1A,2
C10ORF67,44
OTUD1,6906
KIAA1217,52069
ARHGAP21,11026
PRTFDC1,2373
ENKUR,61
THNSL1,1287
GPR158,103
MYO3A,73
APBB1IP,41296
PDSS1,2986
ABI1,28330
ANKRD26,11478
YME1L1,24093
MASTL,8358
ACBD5,15383
RAB18,47450
MKX,321
ODAD2,36
MPP7,8430
WAC,7501
BAMBI,17905
SVIL,12842
JCAD,14185
MTPAP,13989
MAP3K8,15461
LYZL2,2
ZNF438,4049
ZEB1,13101
ARHGAP12,24336
KIF5B,58332
EPC1,21861
CCDC7,9995
ITGB1,42432
NRP1,41772
PARD3,12101
CUL2,18666
CREM,16501
CCNY,18598
GJD4,29
FZD8,3709
ANKRD30A,68841
ZNF248,9031
ZNF25,6237
ZNF33A,22862
ZNF37A,425
ZNF33B,7491
BMS1,21167
RET,72489
CSGALNACT2,17322
RASGEF1A,9277
FXYD4,11
HNRNPF,90383
ZNF239,2306
ZNF485,1969
ZNF32,20068
LINC02881,3
CXCL12,93114
TMEM72,13
RASSF4,32499
DEPP1,57073
ZNF22,11796
OR13A1,84
ALOX5,32347
MARCHF8,16079
ZFAND4,3358
TIMM23,24453
NCOA4,38909
MSMB,1164
ANTXRL,7
GPRIN2,108
PTPN20,668
GDF10,1496
RBP3,1
ZNF488,54
ANXA8,616
FRMPD2,37
MAPK8,7900
ARHGAP22,3705
WDFY4,22646
LRRC18,29
VSTM4,5265
FAM170B,10
TMEM273,6776
C10ORF71,3
DRGX,19
ERCC6,9137
CHAT,2
SLC18A3,2
OGDHL,22
PARG,7602
ASAH2,8
SGMS1,17971
A1CF,1
PRKG1,15052
CSTF2T,24998
DKK1,2143
MBL2,7
PCDH15,11
ZWINT,12933
IPMK,3009
CISD1,9941
UBE2D1,6551
TFAM,10691
BICC1,6753
PHYHIPL,34
FAM13C,2397
SLC16A9,1174
MRLN,34
CCDC6,53165
ANK3,15694
CDK1,16247
RHOBTB1,6317
TMEM26,538
CABCOCO1,149
ARID5B,46210
RTKN2,6012
ZNF365,1549
LINC02929,50
ADO,8216
EGR2,10595
NRBF2,9637
JMJD1C,33619
REEP3,22734
CTNNA3,305
LRRTM3,6
DNAJC12,1326
SIRT1,6582
HERC4,20688
MYPN,263
ATOH7,71
PBLD,5106
HNRNPH3,54928
RUFY2,9705
DNA2,5000
SLC25A16,18004
TET1,1124
CCAR1,4100
STOX1,1249
DDX50,8784
DDX21,20753
KIFBP,7906
SRGN,139205
VPS26A,23147
SUPV3L1,8971
HKDC1,46
HK1,32474
TACR2,800
TSPAN15,37545
NEUROG3,16
FAM241B,3581
COL13A1,2239
MACROH2A2,16215
AIFM2,4775
TYSND1,7827
SAR1A,2816
PPA1,15323
NPFFR1,188
LRRC20,3195
EIF4EBP2,62273
NODAL,11
PALD1,8287
PRF1,13641
ADAMTS14,2254
SGPL1,18293
PCBD1,30866
UNC5B,11877
SLC29A3,10868
CDH23,2812
C10ORF105,111
VSIR,26298
PSAP,471606
CHST3,3487
SPOCK2,35893
ASCC1,10259
ANAPC16,45806
DDIT4,53526
DNAJB12,19866
MICU1,18775
MCU,7072
OIT3,314
PLA2G12B,12
P4HA1,23158
NUDT13,2397
ECD,11955
FAM149B1,1720
DNAJC9,5069
CFAP70,2704
ANXA7,48606
MSS51,3078
PPP3CB,29621
USP54,6946
MYOZ1,137
SYNPO2L,62
SEC24C,39359
FUT11,10060
CHCHD1,16268
ZSWIM8,24022
NDST2,2544
CAMK2G,15870
PLAU,48154
C10ORF55,33
VCL,30560
AP3M1,15554
ADK,21826
KAT6B,21826
DUSP29,6
DUSP13,65
SAMD8,8067
VDAC2,26145
COMTD1,11498
ZNF503,3964
LRMDA,5494
KCNMA1,15945
DLG5,13419
POLR3A,9899
ZMIZ1,30703
PPIF,22516
ZCCHC24,12831
SFTPA1,1
NUTM2E,1
SFTPD,197
TMEM254,8949
PLAC9,1474
ANXA11,81407
MAT1A,39
DYDC1,3
DYDC2,18
PRXL2A,22875
TSPAN14,18950
SH2D4B,249
NRG3,65
GHITM,21738
GPR15LG,5
CDHR1,583
LRIT2,1
RGR,5
LRIT1,2
CCSER2,22602
GRID1,841
WAPL,20574
OPN4,1
LDB3,429
BMPR1A,6364
MMRN2,9732
SNCG,3777
ADIRF,15969
GLUD1,16439
SHLD2,9798
NUTM2A,11
MINPP1,6114
PAPSS2,67854
ATAD1,17093
KLLN,305
PTEN,16842
RNLS,2714
LIPJ,77
LIPF,15
LIPK,22
LIPN,35
LIPM,1
ANKRD22,3978
STAMBPL1,10421
ACTA2,79873
FAS,15558
CH25H,975
LIPA,67501
IFIT2,19174
IFIT3,35404
IFIT1B,19
IFIT1,14961
IFIT5,16203
SLC16A12,77
PANK1,1540
KIF20B,6114
HTR7,757
RPP30,10926
ANKRD1,88
PCGF5,15129
HECTD2,5103
PPP1R3C,4862
TNKS2,25927
FGFBP3,386
BTAF1,22394
CPEB3,5756
MARCHF5,21428
IDE,15327
KIF11,6272
HHEX,7286
EXOC6,10543
CYP26C1,202
CYP26A1,387
MYOF,29775
CEP55,6336
FFAR4,954
RBP4,1028
PDE6C,1
FRA10AC1,10804
LGI1,10
SLC35G1,1031
PLCE1,2212
NOC3L,9490
TBC1D12,5424
HELLS,21733
CYP2C18,13
CYP2C9,2
CYP2C8,658
ACSM6,234
PDLIM1,39335
SORBS1,5765
ALDH18A1,27318
TCTN3,13237
ENTPD1,25151
CC2D2B,763
CCNJ,1656
ZNF518A,10555
BLNK,20134
DNTT,67
TM9SF3,65745
PIK3AP1,18800
LCOR,27702
SLIT1,308
ARHGAP19,6648
FRAT1,853
FRAT2,8887
RRP12,9060
PGAM1,14060
EXOSC1,9713
ZDHHC16,16885
MMS19,17999
UBTD1,5020
ANKRD2,186
HOGA1,84
C10ORF62,17
MORN4,3031
PI4K2A,14312
AVPI1,3751
MARVELD1,11537
ZFYVE27,15202
SFRP5,31
GOLGA7B,4364
CRTAC1,819
R3HCC1L,11287
LOXL4,4347
PYROXD2,3807
HPS1,17925
HPSE2,343
CNNM1,1138
GOT1,8663
NKX2-3,3
SLC25A28,18429
ENTPD7,9121
CUTC,10952
COX15,14571
ABCC2,1525
DNMBP,6853
CPN1,2
ERLIN1,8986
CHUK,8918
CWF19L1,9737
BLOC1S2,8042
PKD2L1,346
SCD,198525
WNT8B,7
SEC31B,7048
NDUFB8,30675
HIF1AN,14369
PAX2,3
SLF2,14552
SEMA4G,146
TWNK,2730
LZTS2,18350
PDZD7,550
SFXN3,17605
KAZALD1,3463
TLX1,4
BTRC,6905
DPCD,12106
POLL,9218
FBXW4,23936
FGF8,13
NPM3,10094
OGA,59828
KCNIP2,3278
ARMH3,20539
HPS6,9691
LDB1,50601
PPRC1,15602
NOLC1,11181
ELOVL3,53
PITX3,17
GBF1,17387
NFKB2,46545
PSD,2121
FBXL15,11917
CUEDC2,17708
C10ORF95,350
MFSD13A,4562
ACTR1A,25802
SUFU,9295
TRIM8,31263
ARL3,12381
SFXN2,8054
WBP1L,17986
CYP17A1,15
BORCS7,9608
AS3MT,947
CNNM2,6643
NT5C2,18636
RPEL1,86
INA,41
PCGF6,3161
TAF5,3081
ATP5MK,10342
PDCD11,10807
CALHM2,20530
CALHM1,95
CALHM3,9
NEURL1,204
SH3PXD2A,20257
STN1,11500
SLK,32194
COL17A1,12492
SFR1,955
CFAP43,1147
GSTO1,22910
GSTO2,7577
ITPRIP,8542
CFAP58,598
SORCS3,10
SORCS1,194
XPNPEP1,21538
ADD3,58556
MXI1,9678
SMNDC1,26183
DUSP5,42380
SMC3,25890
RBM20,242
PDCD4,121372
BBIP1,4874
SHOC2,28430
ADRA2A,6877
GPAM,2969
TECTB,4
ACSL5,13686
ZDHHC6,19353
VTI1A,20182
TCF7L2,10275
HABP2,36
NRAP,6
CASP7,17816
PLEKHS1,4777
DCLRE1A,3043
NHLRC2,18616
ADRB1,219
CCDC186,17810
TDRD1,162
VWA2,5694
AFAP1L2,6379
ABLIM1,23197
FHIP2A,10212
TRUB1,9507
ATRNL1,390
GFRA1,1752
PNLIPRP3,496
PNLIP,2
PNLIPRP1,2
C10ORF82,34
HSPA12A,1606
ENO4,337
SHTN1,27633
VAX1,2
KCNK18,1
SLC18A2,1341
PDZD8,11615
EMX2,414
RAB11FIP2,9922
FAM204A,8265
PRLHR,7
CACUL1,19398
NANOS1,1726
EIF3A,71137
DENND10,9014
SFXN4,11801
PRDX3,7605
GRK5,9450
RGS10,30596
TIAL1,44264
BAG3,18150
INPP5F,14244
MCMBP,34156
SEC23IP,18528
PLPP4,2272
WDR11,17964
FGFR2,3925
ATE1,12738
NSMCE4A,13924
TACC2,13495
BTBD16,192
PLEKHA1,10271
ARMS2,16
HTRA1,43348
DMBT1,4036
CUZD1,709
FAM24B,3192
FAM24A,4
C10ORF88,4802
PSTK,2020
IKZF5,10749
ACADSB,13763
HMX3,744
HMX2,324
BUB3,49506
GPR26,33
CPXM2,12169
CHST15,22469
OAT,3587
NKX1-2,46
LHPP,13354
FAM53B,16125
EEF1AKMT2,22170
ABRAXAS2,8068
ZRANB1,16081
CTBP2,41717
TEX36,2
EDRF1,12607
MMP21,221
UROS,20464
BCCIP,36600
DHX32,12370
FANK1,4315
ADAM12,15029
C10ORF90,39
DOCK1,24931
INSYN2A,179
NPS,1
FOXI2,51
CLRN3,34
PTPRE,17216
MKI67,17530
MGMT,22053
EBF3,1798
C10ORF143,1870
GLRX3,27436
TCERG1L,51
PPP2R2D,18328
JAKMIP3,435
DPYSL4,235
STK32C,6019
LRRC27,6381
PWWP2B,16351
INPP5A,13549
NKX6-2,1
CFAP46,82
ADGRA1,3
KNDC1,655
UTF1,47
VENTX,1156
ADAM8,30525
TUBGCP2,20242
ZNF511,6296
CALY,127
PRAP1,7
FUOM,10295
ECHS1,46858
PAOX,6331
MTG1,44831
SPRN,74
SCART1,6845
CYP2E1,3573
SYCE1,280
BET1L,26907
ODF3,2
RIC8A,17838
SIRT3,7981
PSMD13,42996
NLRP6,317
PGGHG,15575
IFITM5,5
IFITM2,31423
IFITM1,3859
IFITM3,163905
B4GALNT4,5230
PKP3,20797
SIGIRR,33550
ANO9,16932
PTDSS2,6318
RNH1,61528
HRAS,11414
LRRC56,2634
LMNTD2,4002
RASSF7,10114
PHRF1,15087
IRF7,45485
CDHR5,29
SCT,1998
DRD4,167
DEAF1,13677
EPS8L2,15669
TMEM80,9041
TALDO1,22424
GATD1,22499
CEND1,89
SLC25A22,7197
PANO1,281
PIDD1,4409
PNPLA2,61332
CRACR2B,49950
CD151,120674
POLR2L,49623
TSPAN4,25769
CHID1,35069
AP2A2,37188
MUC6,13572
MUC2,21
MUC5AC,107
MUC5B,2576
TOLLIP,14249
BRSK2,79
MOB2,14165
DUSP8,1188
KRTAP5-2,4
KRTAP5-5,2
KRTAP5-6,34
IFITM10,7307
CTSD,182146
SYT8,1443
TNNI2,1667
LSP1,120500
PRR33,4
TNNT3,587
ENSG00000284779,8
INS,22
TH,128
ASCL2,5613
C11ORF21,2871
TSPAN32,3270
CD81,70233
TSSC4,12726
TRPM5,22
KCNQ1,3227
CDKN1C,2138
SLC22A18AS,604
SLC22A18,7581
PHLDA2,14395
NAP1L4,32320
CARS1,3771
OSBPL5,8293
MRGPRG,2
MRGPRE,35
ZNF195,6964
ART5,111
ART1,122
CHRNA10,654
NUP98,19951
PGAP2,13724
RHOG,33559
STIM1,22953
RRM1,14490
OR52B4,9
TRIM21,14500
OR52K2,37
OR52K1,35
C11ORF40,5
OR52I2,4
OR52I1,1
TRIM68,2324
OR51E1,1378
OR51E2,471
OR51C1P,73
MMP26,5
OR51F1,1
OR52R1,4
OR51F2,4
OR51S1,6
OR51T1,6
OR51A7,11
OR51G2,1
OR51A4,4
OR51A2,1
OR51L1,2
OR52J3,1
OR52E2,2
OR52A5,6
OR52A1,2
OR51V1,2
HBB,949
HBD,67
OR51B5,43
OR51B6,3
OR51Q1,2
OR52D1,2
UBQLN3,133
UBQLNL,381
OR52H1,208
TRIM6,3422
TRIM34,6828
TRIM5,17694
TRIM22,66023
OR56B1,171
OR52N4,274
OR52N5,302
OR52N1,128
OR52N2,7
OR52E8,3
OR52E4,3
OR52E5,3
OR56A3,1
OR56A5,4
OR52L1,1
OR56A4,5
OR56A1,6
OR56B4,4
OR52B2,71
OR52W1,1
C11ORF42,1
FHIP1B,19556
CNGA4,149
CCKBR,17
CAVIN3,8487
SMPD1,14313
APBB1,2489
HPX,6299
TRIM3,15049
ARFIP2,36533
TIMM10B,16439
DNHD1,6997
RRP8,5258
ILK,15260
TAF10,41978
TPP1,94501
DCHS1,8092
OR2AG2,327
OR2AG1,6
OR6A2,368
OR10A5,1
OR10A4,3
OR2D3,3
ZNF215,5405
ZNF214,448
NLRP14,278
RBMXL2,227
SYT9,232
OLFML1,6470
PPFIBP2,22752
CYB5R2,1985
OVCH2,446
OR5P2,14
OR10A6,4
OR10A3,5
NLRP10,27
EIF3F,14200
TUB,790
RIC3,5326
LMO1,25
STK33,226
TRIM66,7082
DENND2B,24964
AKIP1,13258
C11ORF16,18
ASCL3,1
TMEM9B,24681
NRIP3,714
SCUBE2,1212
DENND5A,10796
TMEM41B,25481
ZNF143,7837
WEE1,12910
SWAP70,35262
SBF2,7545
ADM,3642
AMPD3,12647
RNF141,19711
LYVE1,1110
IRAG1,7196
CTR9,16560
EIF4G2,16297
ZBED5,9919
GALNT18,3043
USP47,22033
DKK3,30285
MICAL2,48295
PARVA,27165
TEAD1,4480
RASSF10,1759
BMAL1,6525
BTBD10,4697
PTH,2
FAR1,24099
SPON1,9062
RRAS2,5355
COPB1,48685
PSMA1,8861
PDE3B,4968
CYP2R1,9242
CALCB,65
CALCA,4
INSC,126
SOX6,1885
C11ORF58,39514
PLEKHA7,7680
PIK3C2A,13541
NUCB2,50996
NCR3LG1,975
KCNJ11,3558
ABCC8,18
USH1C,119
OTOG,12
MYOD1,1
KCNC1,13
SERGEF,10652
TPH1,525
SAAL1,4132
MRGPRX3,39
MRGPRX4,6
SAA4,219
HPS5,16007
GTF2H1,16203
LDHC,69
LDHAL6A,1
TSG101,16039
UEVLD,15974
MISFA,3287
SPTY2D1,13817
TMEM86A,19061
IGSF22,76
PTPN5,145
MRGPRX1,985
MRGPRX2,55
ZDHHC13,7683
E2F8,1426
NAV2,3534
HTATIP2,21762
PRMT3,7690
SLC6A5,1
NELL1,9
ANO5,149
SLC17A6,1
FANCF,12374
GAS2,566
SVIP,2239
LUZP2,587
ANO3,64
MUC15,105
SLC5A12,24
FIBIN,4994
BBOX1,4280
CCDC34,2515
LGR4,4029
LIN7C,23912
BDNF,51
KIF18A,2145
METTL15,11258
KCNA4,6
ARL14EP,12163
MPPED2,691
DCDC1,222
DNAJC24,5905
IMMP1L,3050
ELP4,6234
PAX6,51
RCN1,26132
WT1,477
EIF3M,19471
CCDC73,43
PRRG4,5122
QSER1,15831
DEPDC7,782
TCP11L1,8056
CSTF3,26794
HIPK3,32933
KIAA1549L,1220
C11ORF91,724
CD59,64696
FBXO3,14324
LMO2,17733
CAPRIN1,28015
NAT10,11235
ABTB2,3237
CAT,27278
ELF5,648
EHF,24490
APIP,7377
PDHX,9996
CD44,206292
SLC1A2,651
PAMR1,1320
FJX1,2402
TRIM44,31359
LDLRAD3,7461
COMMD9,13148
PRR5L,10049
TRAF6,8611
RAG1,245
RAG2,6
IFTAP,3669
LRRC4C,733
API5,29990
TTC17,23398
HSD17B12,8147
ALKBH3,5874
C11ORF96,25794
ACCSL,10
ACCS,4647
EXT2,13380
ALX4,439
CD82,51646
TSPAN18,4521
TP53I11,17364
PRDM11,2165
SYT13,485
CHST1,3466
SLC35C1,8030
CRY2,11305
MAPK8IP1,4976
FREY1,37
PEX16,5372
LARGE2,2397
PHF21A,13325
CREB3L1,12895
DGKZ,12781
MDK,41485
AMBRA1,17620
HARBI1,1612
ATG13,19734
ARHGAP1,80879
ZNF408,2789
F2,24
CKAP5,20191
LRP4,1179
CSTPP1,7975
ARFGAP2,22590
PACSIN3,15140
DDB2,9306
ACP2,28072
NR1H3,22784
MADD,19789
MYBPC3,261
SPI1,75731
SLC39A13,11214
PSMC3,25814
RAPSN,203
CELF1,32975
NDUFS3,22712
PTPMT1,1714
KBTBD4,6476
FAM180B,104
C1QTNF4,458
MTCH2,12760
AGBL2,799
FNBP4,40333
NUP160,19049
PTPRJ,22134
OR4B1,2
OR4X2,8
OR4X1,3
OR4S1,11
OR4C3,5
OR4C5,2
OR4A47,3
TRIM51G,4
TRIM49B,2
TRIM64C,5
FOLH1,1574
OR4C13,4
OR4A5,1
TRIM48,4
OR4A16,2
OR4A15,2
OR4C15,4
OR4C16,1
OR4C11,2
OR4P4,3
OR4S2,5
OR4C6,159
OR5D3P,9
OR5D13,2
OR5D14,3
OR5L1,1
OR5D18,7
OR5L2,1
OR5D16,2
TRIM51,3
OR5W2,1
OR5I1,2
OR10AG1,2
OR5F1,3
OR5AS1,1
OR8H2,3
OR8H3,2
OR8K5,3
OR5J2,3
OR5T3,1
OR5T1,4
OR8H1,1
OR8K3,1
OR8K1,3
OR8J1,2
OR8U1,3
OR8U3,6
OR5M9,2
OR5M3,3
OR5M8,5
OR5M11,2
OR5M10,3
OR5M1,3
OR5AP2,4
OR5AR1,2
OR9G1,3
OR9G4,3
OR5AK2,19
LRRC55,262
APLNR,20918
TNKS1BP1,39761
SSRP1,30181
P2RX3,12
PRG3,1
PRG2,925
SLC43A3,15072
RTN4RL2,1502
SLC43A1,2634
TIMM10,18090
UBE2L6,48762
SERPING1,83612
YPEL4,516
ZDHHC5,14304
MED19,5666
TMX2,31952
SELENOH,73840
BTBD18,2
CTNND1,79582
OR9Q1,7
OR6Q1,6
OR9I1,5
OR9Q2,7
OR1S2,1
OR10Q1,2
OR10W1,13
OR5B17,3
OR5B3,3
OR5B2,32
OR5B12,21
OR5B21,354
LPXN,29747
ZFP91,31327
GLYAT,7
GLYATL2,35524
GLYATL1,1339
GLYATL1B,8
FAM111B,8427
FAM111A,30043
DTX4,5716
MPEG1,57654
OR5AN1,10
OR5A2,3
OR5A1,1
OR4D6,4
OR4D10,1
OR4D11,1
OR4D9,2
OSBP,24504
PATL1,13580
OR10V1,7
STX3,15708
TCN1,561
OOSP3,48
OOSP1,5
OOSP4A,10
OOSP2,2
MS4A3,16
MS4A2,1375
MS4A6A,84371
MS4A4A,13040
MS4A4E,2696
MS4A6E,12
MS4A7,38811
MS4A14,2488
MS4A5,3
MS4A1,32846
MS4A12,2
MS4A8,21
MS4A18,54
MS4A15,54
MS4A10,3
CCDC86,3931
PTGDR2,81
ZP1,44
PRPF19,36795
TMEM109,44302
TMEM132A,36539
SLC15A3,37658
CD6,21715
CD5,16133
VPS37C,3845
PGA5,1
VWCE,684
DDB1,37593
TKFC,17249
CYB561A3,22404
TMEM138,11982
TMEM216,3308
CPSF7,28278
SDHAF2,15665
PPP1R32,1422
LRRC10B,690
SYT7,3537
DAGLA,1764
MYRF,238
TMEM258,14077
FEN1,6175
FADS2,9941
FADS1,3949
FADS3,3448
RAB3IL1,7119
BEST1,1983
FTH1,294349
INCENP,12489
SCGB1D1,1
SCGB2A1,385
SCGB1D2,1254
SCGB2A2,74261
SCGB1D4,4
ASRGL1,11411
SCGB1A1,16
AHNAK,165504
EEF1G,126327
TUT1,5180
MTA2,27561
ROM1,1027
B3GAT3,13466
GANAB,23700
INTS5,4362
LBHD1,4793
CSKMT,1033
UQCC3,9265
UBXN1,24262
LRRN4CL,269
BSCL2,16998
GNG3,71
HNRNPUL2,37197
TTC9C,13517
ZBTB3,3597
POLR2G,20249
TAF6L,4786
TMEM223,2724
TMEM179B,28338
NXF1,25773
STX5,28277
TEX54,6
WDR74,10515
SLC3A2,49570
CHRM1,575
SLC22A25,6
SLC22A10,59
SLC22A9,3
PLAAT5,113
LGALS12,65
PLAAT4,141582
PLAAT2,500
PLAAT3,14756
ATL3,19057
RTN3,56768
ZFTA,5134
SPINDOC,11873
MARK2,38536
RCOR2,312
NAA40,8809
COX8A,38136
OTUB1,32774
MACROD1,22701
FLRT1,19
STIP1,13744
FERMT3,34572
TRPT1,13469
NUDT22,21874
DNAJC4,22471
VEGFB,35125
PPP1R14B,12248
PLCB3,18009
BAD,10831
GPR137,13225
KCNK4,80
CATSPERZ,154
ESRRA,9933
TRMT112,34169
PRDX5,30554
CCDC88B,20176
SLC22A11,52
SLC22A12,1
NRXN2,2191
RASGRP2,25884
PYGM,1113
SF1,23908
MAP4K2,11644
MEN1,7571
CDC42BPG,23101
EHD1,32236
ATG2A,9804
PPP2R5B,9603
GPHA2,185
MAJIN,590
BATF2,4633
ARL2,38499
SNX15,15195
SAC3D1,13157
NAALADL1,1725
CDCA5,9586
ZFPL1,5906
TMEM262,18
VPS51,14773
TM7SF2,12619
ZNHIT2,14853
SYVN1,49972
SPDYC,5
CAPN1,106144
POLA2,13695
CDC42EP2,6411
DPF2,33127
TIGD3,414
SLC25A45,14923
FRMD8,2527
SCYL1,51700
LTBP3,79225
ZNRD2,21770
FAM89B,28508
EHBP1L1,69771
KCNK7,193
MAP3K11,29634
PCNX3,25694
SIPA1,26937
RELA,25450
KAT5,27539
RNASEH2C,13694
OVOL1,1043
CFL1,299269
SNX32,103
MUS81,18826
EFEMP2,11661
CTSW,9734
FIBP,23324
CCDC85B,26829
FOSL1,517
C11ORF68,26192
DRAP1,90066
TSGA10IP,104
SART1,32292
EIF1AD,17527
BANF1,36243
CST6,4265
GAL3ST3,9
SF3B2,35273
PACS1,36881
KLC2,12686
RAB1B,91483
CNIH2,6135
YIF1A,27788
TMEM151A,136
CD248,14811
RIN1,53
BRMS1,34117
B4GAT1,5426
SLC29A2,8362
NPAS4,70
PELI3,6176
DPP3,6713
BBS1,16127
ZDHHC24,10682
ACTN3,59
CTSF,11025
CCDC87,834
CCS,25143
RBM14,34037
RBM4,20276
RBM4B,4030
SPTBN2,14449
C11ORF80,21529
RCE1,8085
PC,9570
LRFN4,6217
C11ORF86,2
SYT12,39268
RHOD,29922
KDM2A,79032
GRK2,88549
ANKRD13D,37112
SSH3,11865
RAD9A,12827
POLD4,24630
CLCF1,2329
PPP1CA,57056
TBC1D10C,36984
CARNS1,1844
CORO1B,75959
GPR152,22
CABP4,671
TMEM134,58551
AIP,49347
PITPNM1,21566
CDK2AP2,14036
CABP2,16
GSTP1,51743
NDUFV1,85613
NUDT8,48494
TBX10,2888
ACY3,8990
ALDH3B2,321749
UNC93B1,33553
ALDH3B1,4015
NDUFS8,26085
TCIRG1,78036
CHKA,21899
KMT5B,35788
C11ORF24,24883
LRP5,16903
PPP6R3,40558
GAL,1010
TESMIN,18430
CPT1A,11951
MRGPRD,16
MRGPRF,1177
TPCN2,3056
SMIM38,497
MYEOV,7097
CCND1,59671
LTO1,6244
FGF19,9
FGF4,4
FGF3,4
ANO1,18971
FADD,18939
CTTN,111359
SHANK2,8127
DHCR7,27756
KRTAP5-7,351
KRTAP5-8,210
KRTAP5-9,473
KRTAP5-10,245
DEFB108B,2
XNDC1N,8711
RNF121,11115
IL18BP,21734
NUMA1,104756
LRRC51,9553
LAMTOR1,79592
TOMT,28
ANAPC15,19989
FOLR3,5
FOLR1,125
FOLR2,14783
INPPL1,37873
PHOX2A,10
CLPB,10520
PDE2A,1233
ARAP1,52630
STARD10,122889
ATG16L2,27066
FCHSD2,34738
P2RY2,13432
P2RY6,11294
ARHGEF17,14926
RELT,14297
FAM168A,23475
PLEKHB1,2611
RAB6A,53632
COA4,48268
PAAF1,8425
DNAJB13,317
UCP2,184365
UCP3,2420
C2CD3,8663
PPME1,20485
P4HA3,1981
PGM2L1,14822
KCNE3,3898
LIPT2,617
POLD3,13705
CHRDL2,307
RNF169,26221
XRRA1,13817
SPCS2,61110
NEU3,4312
OR2AT4,83
SLCO2B1,31250
TPBGL,263
ARRB1,42194
KLHL35,12842
GDPD5,7829
SERPINH1,110484
MAP6,962
MOGAT2,23462
DGAT2,10042
UVRAG,22191
WNT11,494
THAP12,23019
GVQW3,10200
EMSY,13347
LRRC32,17064
TSKU,86512
ACER3,5850
B3GNT6,23
CAPN5,2661
OMP,44
GDPD4,17
PAK1,11594
CLNS1A,27730
AQP11,2048
RSF1,29583
AAMDC,25388
INTS4,36813
KCTD14,1145
THRSP,1686
NDUFC2,98326
ALG8,34933
KCTD21,5007
USP35,9510
GAB2,9100
NARS2,17034
TENM4,3257
FAM181B,164
PRCP,37803
DDIAS,2584
RAB30,12001
PCF11,31777
ANKRD42,10270
CCDC90B,11262
DLG2,2504
TMEM126B,10404
TMEM126A,10742
CREBZF,46056
CCDC89,1521
SYTL2,42695
CCDC83,88
PICALM,60609
EED,7821
HIKESHI,226
CCDC81,526
ME3,3660
PRSS23,85617
FZD4,17002
TMEM135,25340
RAB38,3297
CTSC,146606
GRM5,33
TYR,5
NOX4,744
TRIM77,1
TRIM64B,10
UBTFL1,5
NAALAD2,450
CHORDC1,8093
FAT3,100
MTNR1B,32
SLC36A4,5994
DEUP1,83
SMCO4,17330
CEP295,10075
TAF1D,38840
C11ORF54,35002
MED17,33042
VSTM5,89
HEPHL1,20
PANX1,9449
IZUMO1R,61
GPR83,165
MRE11,8886
ANKRD49,6674
C11ORF97,4
PIWIL4,1423
FUT4,5295
AMOTL1,11689
CWC15,22759
KDM4D,325
KDM4F,2
SRSF8,18454
ENDOD1,7426
SESN3,12288
FAM76B,16481
CEP57,18833
MTMR2,10309
MAML2,10249
CCDC82,19687
JRKL,15493
CNTN5,8
ARHGAP42,2302
PGR,1150
TRPC6,2142
ANGPTL5,32
CEP126,1768
CFAP300,584
YAP1,41942
BIRC3,33307
BIRC2,11620
TMEM123,51683
MMP7,18387
MMP20,14
MMP27,57
MMP8,26
MMP10,10177
MMP1,15087
MMP3,2283
MMP12,1285
MMP13,5395
DCUN1D5,11317
DYNC2H1,5590
PDGFD,5754
DDI1,2
CASP4,34854
CASP5,212
CARD16,1040
ENSG00000290797,541
CARD18,145
GRIA4,440
MSANTD4,7090
KBTBD3,3563
AASDHPPT,19270
GUCY1A2,2173
CWF19L2,13148
ALKBH8,2132
ELMOD1,148
SLN,12
SLC35F2,6697
RAB39A,2821
CUL5,15231
ACAT1,15478
NPAT,5178
ATM,51408
C11ORF65,1325
POGLUT3,8852
EXPH5,3394
DDX10,4800
C11ORF87,13
RDX,9680
ZC3H12C,4941
FDX1,8349
ARHGAP20,767
POU2AF2,16
POU2AF3,351
POU2AF1,71031
BTG4,40
HOATZ,10
LAYN,3366
SIK2,8235
PPP2R1B,17017
ALG9,8717
FDXACB1,1401
CFAP68,9328
CRYAB,12866
HSPB2,2777
C11ORF52,4769
DIXDC1,7474
DLAT,8422
PIH1D2,795
NKAPD1,8734
TIMM8B,16280
IL18,12523
TEX12,333
BCO2,1299
PTS,11836
PLET1,1
NCAM1,827
TTC12,8996
ANKK1,1994
DRD2,56
TMPRSS5,472
ZW10,8916
CLDN25,1
USP28,10868
HTR3A,159
ZBTB16,8826
NNMT,58516
C11ORF71,7914
RBM7,7071
REXO2,51899
NXPE1,22
NXPE4,73
NXPE2,55
CADM1,17384
BUD13,6918
ZPR1,7730
APOA5,2
APOA4,1
APOC3,2
APOA1,151
SIK3,14358
PAFAH1B2,31039
SIDT2,5385
TAGLN,226673
PCSK7,22532
RNF214,9583
BACE1,5224
CEP164,8520
DSCAML1,62
FXYD2,995
FXYD6,14925
TMPRSS13,8475
IL10RA,33473
SMIM35,182
TMPRSS4,3333
SCN4B,1433
SCN2B,122
JAML,19638
MPZL3,3334
MPZL2,5911
CD3E,24947
CD3D,19160
CD3G,15012
UBE4A,23445
ATP5MG,33552
KMT2A,23566
TTC36,938
TMEM25,4163
IFT46,7124
ARCN1,73053
PHLDB1,29334
TREH,3
DDX6,38200
CXCR5,6879
BCL9L,32050
UPK2,159
FOXR1,8
CENATAC,8509
TRAPPC4,32405
SLC37A4,13820
HYOU1,58482
VPS11,18532
HMBS,6956
H2AX,12441
DPAGT1,11763
C2CD2L,11775
HINFP,5375
ABCG4,61
NLRX1,2688
NHERF4,31
CCDC153,576
CBL,12660
MCAM,37506
RNF26,10992
MFRP,4
USP2,243
THY1,88321
NECTIN1,14528
TRIM29,9634
OAF,22781
POU2F3,3041
TLCD5,2103
ARHGEF12,26543
GRIK4,732
TBCEL,12312
TECTA,565
SC5D,13440
SORL1,20680
BLID,178
UBASH3B,4925
CRTAM,3701
JHY,3276
BSX,8
HSPA8,208398
CLMP,8038
GRAMD1B,3786
SCN3B,404
ZNF202,3950
OR6X1,2
OR6M1,1
TMEM225,3
OR8D4,15
OR4D5,15
OR6T1,1
OR10S1,3
OR10G6,3
OR10G4,2
OR10G8,3
OR10G7,9
VWA5A,15713
OR10D3,4
OR8G1,3
OR8G5,4
OR8D1,3
OR8D2,2
OR8B2,8
OR8B4,3
OR8B8,1
OR8B12,2
OR8A1,2
PANX3,2
TBRG1,13519
SIAE,11000
SPA17,3846
NRGN,2697
VSIG2,1083
ESAM,13217
MSANTD2,5506
ROBO3,3893
ROBO4,4041
HEPACAM,70
HEPN1,25
CCDC15,1612
SLC37A2,15263
TMEM218,7168
PKNOX2,2214
FEZ1,1877
EI24,19648
STT3A,60092
CHEK1,3834
ACRV1,22
PATE2,47
PATE3,2
PATE4,2
HYLS1,2972
PUS3,5309
DDX25,18
VSIG10L2,773
CDON,1484
RPUSD4,11163
FAM118B,7958
SRPRA,61701
FOXRED1,8790
TIRAP,4806
DCPS,9270
ST3GAL4,9249
KIRREL3,98
ETS1,52453
FLI1,17539
KCNJ1,174
KCNJ5,5715
KCNJ5-AS1,1870
TP53AIP1,576
ARHGAP32,14166
BARX2,2871
TMEM45B,32891
NFRKB,12109
PRDM10,4528
APLP2,181453
ST14,47046
ZBTB44,18506
ADAMTS8,391
ADAMTS15,2761
SNX19,17265
NTM,2669
OPCML,49
SPATA19,3
IGSF9B,2490
JAM3,8111
NCAPD3,11354
VPS26B,24737
THYN1,10643
ACAD8,10887
GLB1L3,346
GLB1L2,567
B3GAT1,647
IQSEC3,615
SLC6A12,709
SLC6A13,137
KDM5A,27237
CCDC77,1959
B4GALNT3,760
NINJ2,3723
WNK1,55127
RAD52,7177
ERC1,14457
WNT5B,2426
ADIPOR2,13295
CACNA2D4,1208
LRTM2,290
DCP1B,8067
CACNA1C,3143
FKBP4,22474
ITFG2,17280
FOXM1,6103
RHNO1,9871
TULP3,7128
TEAD4,12934
TSPAN9,38263
PRMT8,9
CRACR2A,7645
PARP11,5800
CCND2,33214
TIGAR,12620
FGF23,4
FGF6,8
C12ORF4,11669
RAD51AP1,4321
DYRK4,6525
AKAP3,467
NDUFA9,22447
GALNT8,662
KCNA1,60
KCNA5,539
NTF3,177
ANO2,405
VWF,29634
CD9,221599
PLEKHG6,10421
TNFRSF1A,65035
SCNN1A,12313
LTBR,28808
CD27,43116
TAPBPL,22997
VAMP1,13348
NCAPD2,20176
IFFO1,9109
NOP2,15024
CHD4,33787
LPAR5,7232
ING4,12218
ZNF384,29401
PIANP,25
COPS7A,34165
MLF2,62618
PTMS,68273
LAG3,16107
CD4,71910
GPR162,1392
P3H3,3190
GNB3,967
CDCA3,3964
USP5,20251
SPSB2,10757
LRRC23,2163
ENO2,7913
ATN1,64250
C12ORF57,65799
PTPN6,40193
PHB2,13749
EMG1,20467
LPCAT3,39328
C1S,121195
C1R,130193
C1RL,14181
RBP5,7441
CLSTN3,32653
PEX5,4843
ACSM4,2
CD163L1,2927
CD163,26037
APOBEC1,2
GDF3,61
DPPA3,1
CLEC4C,2205
SLC2A14,67
SLC2A3,5820
FOXJ2,11327
C3AR1,19535
NECAP1,11859
CLEC4A,6720
ZNF705A,25
FAM90A1,144
CLEC6A,1234
CLEC4D,23766
CLEC4E,926
AICDA,598
MFAP5,22818
RIMKLB,21113
A2ML1,52
PHC1,12714
M6PR,57489
KLRG1,8016
A2M,179486
PZP,1
KLRB1,7395
CLEC2D,54834
CD69,10185
KLRF1,390
CLEC2B,24542
KLRF2,78
CLEC2A,1
CLEC12A,1617
CLEC1B,2
CLEC12B,178
CLEC9A,1790
CLEC1A,2072
CLEC7A,14277
OLR1,14792
TMEM52B,375
GABARAPL1,10123
KLRD1,7027
KLRK1,13456
KLRC4,3557
KLRC3,2054
KLRC1,487
MAGOHB,3203
STYK1,2268
YBX3,50246
TAS2R7,56
TAS2R8,74
TAS2R9,76
TAS2R14,5667
TAS2R50,4
TAS2R30,1036
SMIM10L1,15159
TAS2R42,5
PRB3,223
ETV6,32115
LRP6,9002
MANSC1,18641
BORCS5,16012
DUSP16,46134
CREBL2,31178
GPR19,1012
CDKN1B,60124
APOLD1,3037
GPRC5A,111094
GPRC5D,167
HEBP1,18017
FAM234B,6563
GSG1,12
EMP1,64226
GRIN2B,75
ATF7IP,42643
PLBD1,28844
GUCY2C,26
H4C16,5969
H2AJ,63983
WBP11,11391
C12ORF60,978
SMCO3,120
ART4,285
MGP,696614
ERP27,20803
ARHGDIB,186900
PDE6H,25
RERG,5834
PTPRO,3739
EPS8,8536
STRAP,25869
DERA,15298
SLC15A5,213
MGST1,134443
LMO3,2287
RERGL,932
PIK3C2G,1662
PLCZ1,4
CAPZA3,31
PLEKHA5,9102
AEBP2,27961
PDE3A,2574
SLCO1C1,223
SLCO1B3,3
SLCO1B1,182
SLCO1A2,24
IAPP,1
PYROXD1,4413
RECQL,18954
GOLT1B,24413
SPX,108
GYS2,83
LDHB,26798
KCNJ8,3442
ABCC9,5047
CMAS,18153
ST8SIA1,13345
C2CD5,14631
ETNK1,42102
SOX5,4169
BCAT1,5116
IRAG2,11262
DNAI7,617
KRAS,12090
LMNTD1,93
RASSF8,5984
BHLHE41,29617
SSPN,8192
ITPR2,36985
INTS13,12444
FGFR1OP2,16272
TM7SF3,29826
MED21,13015
C12ORF71,2
STK38L,38598
BMAL2,5405
SMCO2,278
PPFIBP1,34861
REP15,1112
MANSC4,63
KLHL42,11533
PTHLH,2493
CCDC91,20969
FAR2,14821
ERGIC2,24587
OVCH1,54
TMTC1,4141
IPO8,20363
CAPRIN2,8883
TSPAN11,860
DDX11,581
SINHCAF,2166
DENND5B,10242
ETFBKMT,2590
AMN1,6176
H3-5,18
RESF1,45694
BICD1,15979
FGD4,11492
DNM1L,22202
YARS2,11696
PKP2,3253
SYT10,1
CPNE8,4743
KIF21A,9661
ABCD2,4989
C12ORF40,85
SLC2A13,9066
LRRK2,7455
MUC19,2821
CNTN1,4113
PDZRN4,287
GXYLT1,5115
YAF2,18409
PPHLN1,38567
ZCRB1,22749
PRICKLE1,8009
ADAMTS20,7
PUS7L,9037
IRAK4,14283
TWF1,10873
TMEM117,1283
NELL2,9156
DBX2,206
ANO6,21247
ARID2,25330
SCAF11,44269
SLC38A1,89223
SLC38A2,50027
SLC38A4,95
AMIGO2,9605
PCED1B,16419
RPAP3,14152
ENDOU,51
RAPGEF3,6118
SLC48A1,9502
HDAC7,35183
VDR,27864
TMEM106C,26760
COL2A1,46
SENP1,8732
PFKM,5848
ASB8,18934
CCDC184,343
OR10AD1,1
H1-7,20
ZNF641,11117
ANP32D,16
C12ORF54,41
OR8S1,4
OR5BS1P,1
LALBA,3
KANSL2,13111
CCNT1,15941
TEX49,2
ADCY6,20639
CACNB3,10641
DDX23,37352
RND1,26899
CCDC65,357
FKBP11,86542
ARF3,15525
WNT10B,2700
WNT1,102
DDN,177
PRKAG1,19815
KMT2D,31813
RHEBL1,1914
DHH,1008
LMBR1L,20521
TUBA1B,907
TUBA1A,6362
TUBA1C,41336
PRPH,67
TROAP,7085
C1QL4,47
DNAJC22,8305
SPATS2,24827
KCNH3,292
MCRS1,36730
PRPF40B,6396
FAM186B,297
FMNL3,19228
TMBIM6,6659
NCKAP5L,14088
BCDIN3D,7542
FAIM2,32378
AQP2,3
AQP5,53
AQP6,26
RACGAP1,595
ASIC1,1248
SMARCD1,17741
GPD1,392
COX14,35651
CERS5,17206
LIMA1,47343
FAM186A,4
LARP4,32875
DIP2B,15967
ATF1,9968
TMPRSS12,7
METTL7A,49314
HIGD1C,165
SLC11A2,19254
LETMD1,15539
CSRNP2,12105
TFCP2,21168
POU6F1,5414
DAZAP2,43379
SMAGP,6230
BIN2,16133
CELA1,68
GALNT6,32000
SLC4A8,9659
SCN8A,1905
TMDD1,35
FIGNL2,477
ANKRD33,35
ACVRL1,6998
ACVR1B,18543
TAMALIN,9708
NR4A1,32252
ATG101,26441
SMIM41,61
KRT80,17539
KRT7,527136
KRT86,1609
KRT83,58
KRT85,1
KRT84,4
KRT82,3
KRT75,747
KRT6B,21611
KRT6C,7
KRT6A,428
KRT5,31648
KRT71,5
KRT74,9
KRT72,66
KRT73,43
KRT2,87
KRT1,3
KRT77,2
KRT76,6
KRT3,11
KRT4,82
KRT79,37
KRT78,17
KRT8,162574
KRT18,147172
EIF4B,27776
TNS2,17639
SPRYD3,23969
IGFBP6,10703
SOAT2,87
CSAD,18597
ZNF740,10317
ITGB7,21589
RARG,7677
ENSG00000283536,7
MFSD5,7496
ESPL1,4031
PFDN5,40835
MYG1,16013
AAAS,19527
SP7,23
SP1,37175
AMHR2,42
PCBP2,8962
MAP3K12,7341
TARBP2,9921
ATF7,23414
ATP5MC2,73611
CALCOCO1,31392
HOXC13,1130
HOXC12,863
HOXC11,2138
HOXC10,4695
HOXC6,5455
HOXC9,2142
HOXC8,2809
HOXC4,2779
HOXC5,602
SMUG1,7668
CBX5,29657
NFE2,156
COPZ1,33188
GPR84,1582
ZNF385A,41226
ITGA5,32182
GTSF1,1663
NCKAP1L,25865
PDE1B,2424
PPP1R1A,4132
LACRT,4
DCD,15
MUCL1,2166220
TESPA1,4766
NEUROD4,2
OR9K2,5
OR10A7,2
OR6C74,2
OR6C6,4
OR6C1,1
OR6C3,4
OR6C75,5
OR6C65,3
OR6C76,5
OR6C2,2
OR6C70,5
OR6C68,3
OR6C4,2
OR2AP1,3
OR10P1,1
METTL7B,374
ITGA7,4016
BLOC1S1,38331
RDH5,1011
CD63,222372
GDF11,4298
SARNP,8196
ORMDL2,28712
DNAJC14,8755
MMP19,5158
PYM1,17131
DGKA,33841
PMEL,425
CDK2,14014
RAB5B,45780
SUOX,7305
IKZF4,4145
ERBB3,31514
PA2G4,42612
ESYT1,53247
ZC3H10,5255
MYL6B,7780
MYL6,124312
SMARCC2,21738
RNF41,13946
NABP2,20356
SLC39A5,53
ANKRD52,23440
COQ10A,3747
CS,426
CNPY2,39372
PAN2,15025
IL23A,683
STAT2,82913
APOF,11
TIMELESS,6924
MIP,14
SPRYD4,9596
GLS2,452
RBMS2,8981
BAZ2A,38493
ATP5F1B,64719
PTGES3,1752
PRIM1,6237
HSD17B6,2651
SDR9C7,44
RDH16,1044
GPR182,104
ZBTB39,4683
TAC3,36
MYO1A,239
NEMP1,13579
NAB2,10766
STAT6,58967
LRP1,73115
NXPH4,5030
SHMT2,10506
NDUFA4L2,9260
STAC3,3626
R3HDM2,26500
INHBC,1
INHBE,11
GLI1,568
ARHGAP9,31293
MARS1,6961
DDIT3,8518
MBD6,43792
DCTN2,38854
KIF5A,383
PIP4K2C,20645
DTX3,13787
ARHGEF25,6493
B4GALNT1,897
OS9,107180
AGAP2,9724
TSPAN31,11024
CDK4,27396
MARCHF9,8917
CYP27B1,13
METTL1,8225
EEF1AKMT3,5533
TSFM,14020
AVIL,4353
CTDSP2,35996
ATP23,3297
LRIG3,20172
SLC16A7,6331
TAFA2,424
USP15,33008
MON2,30998
PPM1H,6742
AVPR1A,1055
RXYLT1,9588
SRGAP1,9229
KICS2,7561
C12ORF56,18
XPOT,13602
TBK1,20370
RASSF3,36053
GNS,60422
TBC1D30,8110
WIF1,128
LEMD3,7151
MSRB3,10773
HMGA2,246
LLPH,6924
TMBIM4,25429
IRAK3,3245
HELB,11694
GRIP1,2777
CAND1,50499
DYRK2,28386
IFNG,859
IL26,64
IL22,1
MDM1,6985
NUP107,14888
SLC35E3,8846
MDM2,27578
CPM,11682
CPSF6,22442
LYZ,473147
YEATS4,6650
FRS2,7874
CCT2,18032
LRRC10,3
BEST3,104
RAB3IP,22046
MYRFL,1953
CNOT2,32057
KCNMB4,1154
PTPRB,6124
PTPRR,379
TSPAN8,27648
LGR5,2221
ZFC3H1,26834
THAP2,2981
TMEM19,18135
RAB21,36397
TBC1D15,22442
TPH2,17
TRHDE,36
ATXN7L3B,58585
KCNC2,10
CAPS2,605
GLIPR1L2,581
GLIPR1,22546
KRR1,10546
PHLDA1,11154
BBS10,4422
OSBPL8,28986
ZDHHC17,13659
CSRP2,2038
E2F7,1560
NAV3,1192
SYT1,1017
PAWR,28332
PPP1R12A,35458
OTOGL,117
PTPRQ,34
MYF6,37
MYF5,2
LIN7A,11406
ACSS3,18681
PPFIA2,406
CCDC59,10371
METTL25,6172
TMTC2,12475
SLC6A15,65
TSPAN19,4
LRRIQ1,81
ALX1,10
RASSF9,2151
NTS,56
MGAT4C,406
C12ORF50,22
C12ORF29,6728
CEP290,6535
TMTC3,15083
KITLG,1635
DUSP6,38727
POC1B,7085
GALNT4,6866
ATP2B1,14910
CCER1,1
EPYC,6841
KERA,194
LUM,306556
DCN,231539
BTG1,64656
CLLU1-AS1,11
PLEKHG7,4568
EEA1,14478
UBE2N,7040
SOCS2,10498
CRADD,6750
PLXNC1,19956
CEP83,11567
TMCC3,3168
NDUFA12,8590
NR2C1,5150
FGD6,11210
VEZT,18561
METAP2,18472
USP44,228
NTN4,48453
SNRPF,14794
CCDC38,65
AMDHD1,888
HAL,509
LTA4H,32232
ELK3,11673
CDK17,14806
CFAP54,4792
NEDD1,11878
TMPO,23303
SLC25A3,64058
IKBIP,5278
APAF1,13713
ANKS1B,4078
GARIN6,1
BLTP3B,8427
ACTR6,6000
DEPDC4,908
SCYL2,16214
SLC17A8,8
NR1H4,4
GAS2L3,3688
ANO4,138
SLC5A8,9814
UTP20,8952
ARL1,39754
SPIC,607
MYBPC1,4333
CHPT1,16169
SYCP3,410
GNPTAB,21583
DRAM1,24110
WASHC3,19799
NUP37,9782
PARPBP,2601
PMCH,152
IGF1,14190
PAH,48
ASCL1,225
C12ORF42,529
STAB2,342
NT5DC3,7689
HSP90B1,54479
UQCC6,1269
TDG,7353
GLT8D2,8567
HCFC2,8764
NFYB,11122
TXNRD1,31231
EID3,3258
CHST11,48003
SLC41A2,15725
NOPCHAP1,11755
ALDH1L2,5544
WASHC4,35455
APPL2,27509
C12ORF75,16527
NUAK1,9009
CKAP4,79797
TCP11L2,12323
POLR3B,4083
RFX4,9
RIC8B,11110
TMEM263,53481
MTERF2,7695
CRY1,12502
ABTB3,1124
PWP1,20270
PRDM4,12319
ASCL4,2
WSCD2,223
CMKLR1,10322
FICD,9257
SART3,19827
ISCU,59165
TMEM119,23246
SELPLG,27503
CORO1C,36028
SSH1,18008
DAO,16
SVOP,6
USP30,5509
ALKBH2,6001
UNG,9320
ACACB,4080
FOXN4,3
MYO1H,18
KCTD10,15316
UBE3B,14295
MMAB,12860
MVK,18997
FAM222A,5656
TRPV4,1709
GLTP,6623
TCHP,6501
GIT2,27257
ANKRD13A,21855
C12ORF76,1620
IFT81,7693
ATP2A2,36265
ANAPC7,28258
ARPC3,23759
GPN3,14629
FAM216A,2130
VPS29,5461
RAD9B,863
PPTC7,13576
TCTN1,8276
HVCN1,17786
PPP1CC,19390
CCDC63,6
MYL2,98
CUX2,1144
PHETA1,3398
SH2B3,16780
ATXN2,25785
BRAP,10032
ACAD10,6346
ALDH2,93643
MAPKAPK5,13785
TMEM116,11054
ERP29,5820
NAA25,8301
TRAFD1,39289
HECTD4,21615
PTPN11,10565
RPH3A,671
OAS1,69006
OAS3,36345
OAS2,77344
DTX1,2485
RASAL1,1632
CFAP73,144
DDX54,23990
RITA1,10680
IQCD,2307
TPCN1,17900
SLC8B1,10433
PLBD2,38259
SDS,14420
SDSL,8687
LHX5,7
RBM19,23592
TBX5,967
TBX3,12323
MED13L,25527
SPRING1,2581
RNFT2,3464
HRK,2479
FBXW8,20066
TESC,3669
FBXO21,13678
NOS1,15
KSR2,233
RFC5,4566
WSB2,33334
VSIG10,6787
PEBP1,38058
TAOK3,17494
SUDS3,20793
SRRM4,9
HSPB8,8989
CCDC60,4
PRKAB1,18876
CIT,6615
BICDL1,28630
RAB35,47449
GCN1,33612
PXN,55402
SIRT4,1804
PLA2G1B,40
MSI1,185
COX6A1,44572
TRIAP1,8546
GATC,8132
SRSF9,31646
DYNLL1,7065
COQ5,13555
RNF10,46140
POP5,10446
CABP1,629
MLEC,52532
UNC119B,8687
ACADS,4025
SPPL3,6455
HNF1A,4
C12ORF43,6679
OASL,6874
P2RX7,8174
P2RX4,16552
CAMKK2,27931
ANAPC5,56879
RNF34,2514
KDM2B,24490
ORAI1,18321
MORN3,1448
TMEM120B,12377
RHOF,16151
SETD1B,31392
HPD,53
PSMD9,27617
CFAP251,2073
BCL7A,7579
MLXIP,9750
LRRC43,99
IL31,3
B3GNT4,266
VPS33A,12195
CLIP1,40439
ZCCHC8,11778
RSRC2,47467
KNTC1,15302
HCAR3,501
HCAR1,5246
DENR,14270
CCDC62,278
HIP1R,18888
VPS37B,24368
ABCB9,2460
OGFOD2,15120
ARL6IP4,57830
PITPNM2,6478
MPHOSPH9,12361
MTRFR,4904
CDK2AP1,32625
SBNO1,18774
KMT5A,13467
RILPL2,15002
SNRNP35,14144
RILPL1,10891
TMED2,27276
DDX55,11487
EIF2B1,23424
GTF2H3,9616
TCTN2,4512
ATP6V0A2,19443
DNAH10,167
CCDC92,23035
ZNF664,21411
RFLNA,4522
NCOR2,79382
SCARB1,9722
UBC,27167
DHX37,9772
BRI3BP,19543
AACS,18390
TMEM132B,217
TMEM132C,315
SLC15A4,22378
GLT1D1,283
TMEM132D,2
FZD10,941
PIWIL1,44
RIMBP2,82
STX2,18356
ADGRD1,1003
SFSWAP,13975
MMP17,2091
ULK1,38606
PUS1,14158
EP400,5529
DDX51,8331
NOC4L,13479
GALNT9,3
FBRSL1,24869
LRCOL1,60
P2RX2,89
POLE,18820
PXMP2,5429
PGAM5,10831
ANKLE2,41259
GOLGA3,36847
CHFR,21341
ZNF605,4219
ZNF26,10521
ZNF84,11396
ZNF140,8497
ZNF891,2988
ZNF10,1660
ZNF268,10688
ANHX,1
TPTE2,79
MPHOSPH8,26966
PSPC1,33411
ZMYM5,8028
ZMYM2,31624
GJA3,125
GJB2,3192
GJB6,268
CRYL1,14284
IFT88,10209
IL17D,317
EEF1AKMT1,4173
XPO4,12084
LATS2,6792
SAP18,33446
SKA3,2552
ZDHHC20,23467
MICU2,21117
FGF9,198
SGCG,63
SACS,4767
TNFRSF19,895
MIPEP,8778
SPATA13,16955
C1QTNF9,33
PARP4,24359
ATP12A,12
RNF17,25
CENPJ,7597
PABPC3,3
AMER2,50
MTMR6,14019
NUP58,22132
ATP8A2,817
SHISA2,4815
RNF6,11856
CDK8,6525
WASF3,1886
GPR12,8
USP12,15240
RASL11A,4476
GTF3A,21571
MTIF3,20701
LNX2,7845
POLR1D,28438
PDX1,2
CDX2,1
URAD,31
FLT3,2871
PAN3,21183
FLT1,16054
POMP,22315
SLC46A3,5891
MTUS2,329
SLC7A1,18994
UBL3,26464
KATNAL1,6078
UBE2L5,97
USPL1,11572
ALOX5AP,21941
MEDAG,2816
TEX26,11
HSPH1,41041
B3GLCT,3320
RXFP2,6
FRY,5142
ZAR1L,28
BRCA2,6398
N4BP2L1,11165
N4BP2L2,76307
PDS5B,14956
KL,458
STARD13,7261
RFC3,9612
NBEA,2571
MAB21L1,659
DCLK1,4518
SOHLH2,1115
CCDC169,3089
SPART,14241
CCNA1,261
SERTM1,1
RFXAP,4388
SMAD9,2284
ALG5,18879
EXOSC8,10833
SUPT20H,21167
POSTN,128017
TRPC4,210
UFM1,39323
FREM2,225
STOML3,21
PROSER1,11319
NHLRC3,7353
LHFPL6,19079
COG6,2908
FOXO1,22536
SLC25A15,4548
ELF1,46454
WBP4,8521
KBTBD6,2432
KBTBD7,3523
MTRF1,5837
NAA16,8220
RGCC,21021
VWA8,22605
DGKH,11097
AKAP11,31367
TNFSF11,266
FAM216B,52
EPSTI1,40046
DNAJC15,51191
ENOX1,1991
CCDC122,2743
LACC1,6213
SMIM2,89
SERP2,271
TSC22D1,20727
NUFIP1,3353
GPALPP1,13014
GTF2F2,13384
KCTD4,7
SLC25A30,10467
COG3,22309
ERICH6B,4
CBY2,118
SIAH3,75
ZC3H13,17537
CPB2,52
LCP1,124209
LRRC63,1352
RUBCNL,6603
LRCH1,15530
ESD,24784
HTR2A,123
SUCLA2,2872
NUDT15,5271
MED4,24657
ITM2B,168047
RB1,18281
LPAR6,25216
RCBTB2,7875
CYSLTR2,1219
FNDC3A,24714
CDADC1,2623
CAB39L,11959
SETDB2,13601
PHF11,20912
RCBTB1,13312
ARL11,4688
EBPL,10955
KPNA3,17850
SPRYD7,5702
TRIM13,11786
KCNRG,248
DLEU7,11
RNASEH2B,5954
FAM124A,1113
SERPINE3,8
INTS6,19666
WDFY2,24828
DHRS12,11791
TMEM272,546
CCDC70,5
ATP7B,5420
ALG11,5073
NEK3,5299
THSD1,2553
VPS36,31810
CKAP2,8645
SUGT1,25154
CNMD,199
PCDH8,23
OLFM4,36
PCDH17,6380
DIAPH3,3304
TDRD3,6044
PCDH20,95
ENSG00000285566,13
PCDH9,539
KLHL1,5
DACH1,7842
MZT1,7286
BORA,6335
DIS3,18174
PIBF1,9157
KLF5,6720
KLF12,12035
TBC1D4,8444
COMMD6,20667
UCHL3,15219
LMO7,28649
KCTD12,74574
ACOD1,103
CLN5,12625
FBXL3,48173
MYCBP2,34009
SCEL,590
SLAIN1,2376
EDNRB,3735
POU4F1,70
OBI1,5880
RBM26,17203
NDFIP2,10574
SPRY2,10136
SLITRK1,7
SLITRK6,2172
SLITRK5,230
GPC5,65
GPC6,3947
DCT,57
TGDS,4635
GPR180,6343
SOX21,30
ABCC4,8715
CLDN10,324
DZIP1,3474
DNAJC3,45418
UGGT2,10672
HS6ST3,1957
OXGR1,35
MBNL2,37668
RAP2A,17741
IPO5,12723
FARP1,30440
STK24,48383
SLC15A1,270
DOCK9,16764
UBAC2,12177
GPR18,3943
GPR183,22036
TM9SF2,120425
CLYBL,6025
ZIC5,3707
ZIC2,3179
PCCA,20339
GGACT,3808
TMTC4,13265
NALCN,760
ITGBL1,30968
FGF14,109
TPP2,17037
METTL21C,1
CCDC168,43
TEX30,3919
POGLUT2,2280
BIVM,5395
ERCC5,15061
SLC10A2,6
EFNB2,29242
ARGLU1,75270
NALF1,512
LIG4,6840
ABHD13,7321
TNFSF13B,11906
MYO16,477
IRS2,9124
COL4A1,165498
COL4A2,134998
RAB20,11112
NAXD,10421
CARS2,22397
ING1,5434
ANKRD10,87113
ARHGEF7,27537
TEX29,368
SOX1,2
TUBGCP3,13434
ATP11A,11374
MCF2L,15560
F7,2255
F10,990
PROZ,4
PCID2,21200
CUL4A,24809
LAMP1,116717
GRTP1,6903
ADPRHL1,2280
DCUN1D2,5260
TMCO3,26036
TFDP1,9622
ATP4B,9
GRK1,10
TMEM255B,6415
GAS6,33673
RASA3,21450
CFAP97D2,10
CDC16,29019
UPF3A,11268
CHAMP1,11868
POTEM,94
OR4M1,2
OR4K5,5
OR4K1,2
OR4K15,6
OR4K14,4
OR4K13,2
OR4K17,2
OR4N5,1
OR11G2,2
OR11H6,2
OR11H4,2
TTC5,6938
CCNB1IP1,7570
PARP2,6337
TEP1,17291
KLHL33,236
OSGEP,10715
APEX1,45226
PIP4P1,23180
PNP,23367
RNASE10,89
RNASE9,3
OR6S1,74
ANG,4794
RNASE4,12027
EDDM3A,14
EDDM3B,181
RNASE6,13336
RNASE1,85499
RNASE3,26
RNASE2,301
METTL17,25675
SLC39A2,101
NDRG2,11734
TPPP2,5
RNASE13,51
RNASE7,270
ARHGEF40,11064
ZNF219,8300
TMEM253,106
OR5AU1,6
HNRNPC,46080
RPGRIP1,141
SUPT16H,32718
CHD8,23411
RAB2B,16911
TOX4,26329
METTL3,19272
SALL2,1093
OR10G3,8
OR10G2,2
OR4E2,6
OR4E1,7
TRDC,6313
TRAC,146579
DAD1,16260
ABHD4,5480
OR6J1,23
OXA1L,50637
SLC7A7,20167
MMP14,82246
LRP10,65547
REM2,511
RBM23,34781
PRMT5,5144
HAUS4,15820
AJUBA,3419
C14ORF93,3983
PSMB5,39122
PSMB11,9
CDH24,4830
ACIN1,36741
C14ORF119,19990
CEBPE,153
SLC7A8,5093
RNF212B,38
HOMEZ,8435
PPP1R3E,3800
BCL2L2,13063
SLC22A17,9486
EFS,28302
IL25,27
CMTM5,12
MYH7,14
NGDN,13619
ZFHX2,1518
AP1G2,47860
JPH4,432
DHRS2,217343
DHRS4,5852
CARMIL3,927
CPNE6,12
NRL,1063
PCK2,13655
DCAF11,23481
FITM1,528
PSME1,174610
EMC9,14312
PSME2,11442
RNF31,23060
IRF9,61009
REC8,11757
IPO4,3473
TM9SF1,36268
TSSK4,837
CHMP4A,26158
MDP1,7379
NEDD8,28767
GMPR2,14095
TINF2,17597
TGM1,918
RABGGTA,19576
DHRS1,11610
NOP9,14741
CIDEB,6399
LTB4R2,345
LTB4R,12815
ADCY4,5460
RIPK3,5944
NFATC4,8287
NYNRIN,2286
CBLN3,6294
KHNYN,27649
SDR39U1,30496
CMA1,427
CTSG,2164
GZMH,3745
GZMB,11472
STXBP6,1171
NOVA1,884
FOXG1,13
PRKD1,5485
G2E3,8041
SCFD1,31694
COCH,1619
STRN3,23592
AP4S1,4139
HECTD1,23466
HEATR5A,1042
DTD2,5560
GPR33,194
NUBPL,5933
ARHGAP5,6793
AKAP6,1743
NPAS3,907
EGLN3,32032
SPTSSA,67443
EAPP,25746
SNX6,41465
CFL2,6447
BAZ1A,27720
SRP54,44809
FAM177A1,14117
PPP2R3C,9235
PRORP,11287
NFKBIA,103732
INSM2,50
RALGAPA1,4682
BRMS1L,4925
MBIP,7033
SFTA3,1
NKX2-1,3
NKX2-8,88
PAX9,2796
SLC25A21,284
MIPOL1,7060
FOXA1,80025
TTC6,2541
SSTR1,232
CLEC14A,9264
SEC23A,17964
GEMIN2,1693
TRAPPC6B,12370
PNN,31130
MIA2,12942
FBXO33,4891
LRFN5,604
FSCB,4
C14ORF28,2736
KLHL28,13939
TOGARAM1,12002
PRPF39,28982
FKBP3,15439
FANCM,4280
MIS18BP1,20512
MDGA2,7
LRR1,5594
MGAT2,33018
DNAAF2,4556
POLE2,3808
KLHDC1,2831
KLHDC2,30763
NEMF,32168
ARF6,49824
VCPKMT,9238
SOS2,27421
L2HGDH,5016
DMAC2L,11526
CDKL1,2608
MAP4K5,18621
ATL1,4009
SAV1,15270
NIN,24382
PYGL,6989
ABHD12B,36
TRIM9,391
TMX1,16655
FRMD6,22704
GNG2,14385
RTRAF,21718
NID2,15084
PTGDR,5135
PTGER2,2315
TXNDC16,5021
GPR137C,2190
ERO1A,63565
PSMC6,6567
STYX,21806
GNPNAT1,15677
FERMT2,12709
DDHD1,19424
BMP4,10339
CDKN3,3002
CNIH1,18881
GMFB,6512
CGRRF1,3765
SAMD4A,6916
GCH1,4176
WDHD1,5082
SOCS4,10981
MAPK1IP1L,28091
LGALS3,73457
DLGAP5,5317
FBXO34,10991
ATG14,14669
TBPL2,9
KTN1,43121
PELI2,2370
TMEM260,7581
OTX2,18
EXOC5,27233
AP5M1,19088
NAA30,14535
CCDC198,2
SLC35F4,40
ARMH4,1207
ACTR10,24534
PSMA3,22061
ARID4A,15996
TOMM20L,85
TIMM9,14049
KIAA0586,10805
DACT1,5221
DAAM1,16666
GPR135,3524
L3HYPDH,16715
JKAMP,4682
CCDC175,125
RTN1,6841
LRRC9,5
PCNX4,9218
DHRS7,21778
PPM1A,28079
C14ORF39,554
SIX1,15860
SIX4,5704
MNAT1,10617
TRMT5,6192
SLC38A6,8826
PRKCH,22583
TMEM30B,9070
HIF1A,27856
SNAPC1,7267
SYT16,1695
KCNH5,3
RHOJ,6718
GPHB5,2
PPP2R5E,28321
WDR89,7813
SGPP1,12777
SYNE2,100721
MTHFD1,20590
ZBTB25,18343
AKAP5,10061
ZBTB1,30758
HSPA2,40693
PPP1R36,1294
PLEKHG3,25200
SPTB,690
CHURC1,49245
GPX2,526
RAB15,10377
FNTB,7546
MAX,43806
FUT8,34231
GPHN,9416
GARIN2,73
PALS1,11819
ATP6V1D,22165
EIF2S1,34397
PLEK2,3808
TMEM229B,7412
PLEKHH1,5666
PIGH,9068
ARG2,1211
VTI1B,28793
RDH11,37077
RDH12,46
ZFYVE26,10371
RAD51B,11035
ZFP36L1,199558
ACTN1,103398
DCAF5,28902
EXD2,10352
GALNT16,2546
ERH,24591
SLC39A9,23926
PLEKHD1,1033
CCDC177,220
SUSD6,59792
SRSF5,58436
SLC10A1,2
SMOC1,1131
SLC8A3,70
COX16,30991
SYNJ2BP,12490
ADAM21,43
ADAM20,1295
MED6,16444
TTC9,19377
MAP3K9,5852
PCNX1,20469
SIPA1L1,6813
RGS6,537
DPF3,1654
DCAF4,8153
ZFYVE1,12046
RBM25,57477
PSEN1,30724
PAPLN,12147
NUMB,38306
HEATR4,87
RIOX1,8759
ACOT1,1
ACOT4,1166
ACOT6,25
DNAL1,4057
PNMA1,15982
MIDEAS,29945
PTGR2,7211
ZNF410,35846
FAM161B,1951
COQ6,8380
ENTPD5,11453
BBOF1,7252
ALDH6A1,15864
LIN52,6320
VSX2,5
ABCD4,11496
VRTN,8
SYNDIG1L,104
NPC2,166717
ISCA2,2937
LTBP2,47199
AREL1,13786
FCF1,9665
PROX2,127
DLST,18657
PGF,9320
EIF2B2,6725
MLH3,9588
ACYP1,5462
ZC2HC1C,1719
NEK9,17887
TMED10,65550
FOS,99058
JDP2,19643
BATF,16533
FLVCR2,3409
TTLL5,25301
ERG28,24070
IFT43,14358
TGFB3,26380
GPATCH2L,34208
ESRRB,459
VASH1,22594
ANGEL1,19324
LRRC74A,2
IRF2BPL,16411
CIPC,4970
TMEM63C,14182
ZDHHC22,8
NGB,72
POMT2,3535
GSTZ1,14255
TMED8,14396
SAMD15,527
NOXRED1,1562
VIPAS39,4502
AHSA1,72582
ISM2,13
SPTLC2,40789
ALKBH1,8146
SLIRP,15552
SNW1,10083
NRXN3,1346
DIO2,13188
CEP128,16357
TSHR,1485
GTF2A1,30729
STON2,10158
SEL1L,80540
FLRT2,7168
GALC,18700
GPR65,10730
KCNK10,151
SPATA7,4897
PTPN21,3208
ZC3H14,11167
EML5,3919
TTC8,14602
FOXN3,13477
EFCAB11,5857
TDP1,10625
KCNK13,981
PSMC1,19351
NRDE2,3067
CALM1,7711
TTC7B,6464
DGLUCY,23899
GPR68,8900
CCDC88C,28325
PPP4R3A,23273
CATSPERB,5695
TC2N,79601
FBLN5,20407
TRIP11,13391
ATXN3,15202
NDUFB1,22902
CPSF2,20373
SLC24A4,627
RIN3,22949
LGMN,133189
GOLGA5,23864
CHGA,2
ITPK1,20867
MOAP1,10058
LYSET,12123
GON7,8767
UBR7,14889
BTBD7,25979
UNC79,70
COX8C,12
PRIMA1,1208
FAM181A,11
ASB2,2181
CCDC197,4
OTUB2,1446
DDX24,38062
IFI27L1,5697
IFI27,103859
IFI27L2,17654
PPP4R4,114
SERPINA10,1
SERPINA6,2
SERPINA1,23720
SERPINA11,17
SERPINA9,145
SERPINA12,4
SERPINA4,2
SERPINA5,598
SERPINA3,28962
GSC,1315
DICER1,29503
CLMN,20597
SYNE3,15097
GLRX5,13184
TCL1B,279
TCL1A,4130
TUNAR,29
C14ORF132,3865
BDKRB2,4317
BDKRB1,396
ATG2B,17552
GSKIP,10206
AK7,851
PAPOLA,23647
VRK1,13355
LINC02914,1
BCL11B,15616
SETD3,24745
CCNK,27378
CCDC85C,11386
HHIPL1,3657
CYP46A1,622
EML1,2233
EVL,112103
DEGS2,14430
YY1,15404
SLC25A29,17998
SLC25A47,26
WARS,65181
WDR25,5101
BEGAIN,604
DLK1,3582
RTL1,3
DIO3,454
PPP2R5C,25789
DYNC1H1,21667
HSP90AA1,172959
WDR20,18492
MOK,5857
ZNF839,6312
CINP,8581
TECPR2,5524
ANKRD9,11778
RCOR1,19609
TRAF3,14397
AMN,430
CDC42BPB,32213
LBHD2,10
EXOC3L4,972
TNFAIP2,56046
EIF5,59702
MARK3,22971
CKB,4547
TRMT61A,8571
BAG5,25406
KLC1,34990
COA8,10706
XRCC3,5964
ZFYVE21,31721
PPP1R13B,10278
ATP5MJ,7454
TDRD9,379
ASPG,48
KIF26A,1499
TMEM179,13
C14ORF180,7
INF2,67292
ADSS1,3319
SIVA1,32072
AKT1,121842
ZBTB42,11791
CEP170B,20887
PLD4,14401
AHNAK2,3390
CLBA1,5909
CDCA4,3729
GPR132,11629
JAG2,16659
NUDT14,15719
BRF1,23229
BTBD6,13115
PACS2,16162
TEX22,192
MTA1,55008
CRIP2,60272
CRIP1,217771
TEDC1,8989
TMEM121,1785
IGHA2,2309
IGHE,757
IGHA1,1377792
IGHG1,22187000
IGHG3,2972092
IGHD,602370
IGHM,1083960
FAM30A,11222
GOLGA6L6,8
NIPA1,11181
NIPA2,12551
CYFIP1,50219
TUBGCP5,10317
GOLGA6L2,1
MKRN3,127
MAGEL2,125
NDN,2084
NPAP1,1
SNRPN,17332
UBE3A,23218
ATP10A,5511
GABRB3,56
GABRA5,4
GABRG3,39
OCA2,35
HERC2,25996
GOLGA8M,119
GOLGA6L7,2
APBA2,5373
ENTREP2,31
NSMCE3,17616
TJP1,25997
CHRFAM7A,162
GOLGA8R,79
GOLGA8H,81
ARHGAP11B,2377
FAN1,8731
MTMR10,14074
TRPM1,3
KLF13,22776
OTUD7A,349
CHRNA7,309
GOLGA8O,12
ARHGAP11A,5136
SCG5,1639
GREM1,8375
FMN1,10010
RYR3,177
AVEN,12912
CHRM5,39
EMC7,37205
PGBD4,2354
KATNBL1,2457
EMC4,62318
SLC12A6,10131
NOP10,21259
NUTM1,2
LPCAT4,10518
GOLGA8B,10447
GJD2,1
ACTC1,1046
AQR,16414
ZNF770,2482
NANOGP8,102
DPH6,9167
CDIN1,3876
MEIS2,4469
TMCO5A,3
SPRED1,15063
FAM98B,12123
RASGRP1,13478
LINC02694,1411
THBS1,120232
FSIP1,4432
GPR176,2593
EIF2AK4,13476
BMF,7721
BUB1B,3077
PAK6,1200
PLCB2,27314
ANKRD63,29
INAFM2,4654
CCDC9B,5538
PHGR1,114
DISP2,1130
KNSTRN,6774
IVD,18167
BAHD1,18873
CHST14,11589
CCDC32,20470
RPUSD2,3699
KNL1,3702
RAD51,3595
RMDN3,21558
GCHFR,25332
C15ORF62,782
ZFYVE19,9581
PPP1R14D,562
SPINT1,59306
RHOV,14113
VPS18,4989
DLL4,5688
CHAC1,1525
INO80,10461
EXD1,88
CHP1,26532
OIP5,2780
NUSAP1,15174
NDUFAF1,5681
RTF1,28313
ITPKA,297
LTK,1928
RPAP1,7902
TYRO3,2205
MGA,13788
MAPKBP1,8288
PLA2G4B,11476
SPTBN5,4290
EHD4,26946
PLA2G4E,8
PLA2G4D,14
PLA2G4F,2897
VPS39,29881
TMEM87A,24457
GANC,10316
CAPN3,8901
ZNF106,19121
SNAP23,24387
LRRC57,9085
HAUS2,11259
STARD9,2041
CDAN1,4927
TTBK2,7166
TMEM62,9273
CCNDBP1,29126
EPB42,3
TGM5,321
TGM7,3
LCMT2,5851
ADAL,3012
ZSCAN29,9858
TUBGCP4,4973
TP53BP1,13703
MAP1A,3658
PPIP5K1,3961
STRC,186
CATSPER2,2232
PDIA3,82982
ELL3,8269
SERF2,127868
SERINC4,221
MFAP1,16397
WDR76,7909
FRMD5,374
GOLM2,14603
CTDSPL2,8107
EIF3J,22334
SPG11,29438
PATL2,6870
B2M,1566267
TRIM69,824
TERB2,93
SORD,13046
DUOX2,109
DUOXA2,5
DUOXA1,162
SHF,2044
SLC28A2,10
GATM,21216
SPATA5L1,6191
C15ORF48,6753
SLC30A4,4614
BLOC1S6,7289
SQOR,32633
SEMA6D,924
MYEF2,14914
CTXN2,35
SLC12A1,1
DUT,20811
FBN1,61104
CEP152,3279
SHC4,1394
EID1,73825
SECISBP2L,21582
COPS2,22224
GALK2,19750
FAM227B,1931
FGF7,13647
DTWD1,4518
ATP8B4,3695
SLC27A2,713
HDC,1021
GABPB1,12589
USP8,17020
USP50,278
TRPM7,13970
SPPL2A,38488
AP4E1,8246
TNFAIP8L3,1493
CYP19A1,86
GLDN,556
DMXL2,12469
SCG3,36
LYSMD2,15104
TMOD2,5651
TMOD3,33594
LEO1,19802
MAPK6,15611
BCL2L10,373
GNB5,14191
MYO5C,14021
MYO5A,13008
ARPP19,31551
ATOSA,53806
ONECUT1,196
WDR72,10
UNC13C,97
RSL24D1,4489
RAB27A,27164
PIGBOS1,2129
PIGB,6187
CCPG1,36760
PIERCE2,1673
DNAAF4,2052
PYGO1,426
PRTG,973
NEDD4,10342
RFX7,6743
TEX9,8412
MNS1,955
ZNF280D,13783
TCF12,19535
CGNL1,10824
MYZAP,330
ALDH1A2,690
AQP9,883
LIPC,739
ADAM10,32498
MINDY2,13530
RNF111,13562
SLTM,47666
CCNB2,6542
MYO1E,21779
LDHAL6B,6
FAM81A,745
GCNT3,196
GTF2A2,19664
BNIP2,36678
FOXB1,18
ANXA2,234843
ICE2,6594
RORA,10820
VPS13C,49287
C2CD4A,14202
C2CD4B,6077
TLN2,7158
TPM1,263174
LACTB,8674
RAB8B,25792
APH1B,7641
CA12,23020
USP3,28274
FBXL22,758
HERC1,9179
DAPK2,4846
CIAO2A,21690
SNX1,52694
SNX22,2722
PPIB,83770
CSNK1G1,8983
PCLAF,7786
TRIP4,11546
ZNF609,21130
OAZ2,38282
RBPMS2,918
PIF1,2935
PLEKHO2,24488
ANKDD1A,2917
SPG21,53075
MTFMT,2149
SLC51B,2
RASL12,4214
KBTBD13,42
UBAP1L,2505
PDCD7,9376
CLPX,17561
CILP,10520
PARP16,6600
IGDCC3,25
IGDCC4,1365
DPP8,19082
HACD3,39617
INTS14,10793
DENND4A,17437
RAB11A,25580
MEGF11,90
DIS3L,9529
TIPIN,1748
MAP2K1,14718
SNAPC5,9787
ZWILCH,5802
SMAD6,3235
SMAD3,23035
AAGAB,21330
IQCH,1818
C15ORF61,4006
MAP2K5,6678
SKOR1,381
PIAS1,14738
CALML4,4715
CLN6,24114
FEM1B,17510
ITGA11,20007
CORO2B,1173
ANP32A,18328
SPESP1,274
NOX5,485
GLCE,7654
PAQR5,323
KIF23,5638
TLE3,12760
UACA,20710
LARP6,89
LRRC49,897
THAP10,833
THSD4,6748
CT62,37
NR2E3,597
MYO9A,10571
SENP8,1318
GRAMD2A,4231
PKM,116378
PARP6,12699
CELF6,1846
HEXA,46972
TMEM202,3
ARIH1,34877
HIGD2B,12
BBS4,7096
ADPGK,25471
NEO1,7938
HCN4,11
REC114,1
NPTN,43508
CD276,38724
INSYN1,620
LOXL1,35019
STOML1,2492
PML,44622
ISLR2,303
ISLR,39843
STRA6,3646
CCDC33,9
CYP11A1,327
SEMA7A,6946
UBL7,16529
ARID3B,11672
CLK3,15118
EDC3,12591
CYP1A1,8
CSK,60823
LMAN1L,155
CPLX3,159
ULK3,5295
SCAMP2,57737
MPI,8247
FAM219B,13979
RPP25,7896
SCAMP5,6859
PPCDC,13805
C15ORF39,13095
COMMD4,19947
NEIL1,5325
SIN3A,28982
PTPN9,16323
SNUPN,12592
IMP3,13305
SNX33,7386
CSPG4,14015
ODF3L1,119
UBE2Q2,12800
FBXO22,17072
NRG4,21
TMEM266,455
ETFA,50172
ISL2,1200
SCAPER,7989
RCN2,8902
PSTPIP1,21042
TSPAN3,35660
PEAK1,16062
HMG20A,12533
LINGO1,4811
TBC1D2B,41174
SH2D7,58
CIB2,2131
IDH3A,12604
ACSBG1,115
DNAJA4,26842
SKIC8,13991
CRABP1,1899
IREB2,15340
HYKK,3970
PSMA4,33182
CHRNA5,240
CHRNA3,119
CHRNB4,30
ADAMTS7,3831
MORF4L1,16513
CTSH,107411
RASGRF1,3794
ANKRD34C,8
TMED3,32123
MINAR1,2313
MTHFS,8472
ST20,3388
BCL2A1,8939
FAH,16175
ARNT2,1166
ABHD17C,6040
CEMIP,10313
MESD,24710
TLNRD1,17820
CFAP161,162
IL16,24781
STARD5,11344
TMC3,74
MEX3B,4280
EFL1,9813
SAXO2,2377
CPEB1,566
AP3B2,316
FSD2,22
WHAMM,10525
HOMER2,4685
RAMAC,4275
C15ORF40,8669
BTBD1,23427
TM6SF1,8290
HDGFL3,7673
BNC1,109
SH3GL3,10
ADAMTSL3,1312
ZSCAN2,8110
WDR73,12929
NMB,3322
SEC11A,54536
ZNF592,22330
ALPK3,3082
SLC28A1,65
PDE8A,7081
AKAP13,42029
KLHL25,6675
AGBL1,14
NTRK3,1301
DET1,841
AEN,10564
ISG20,54048
ACAN,2144
HAPLN3,22548
MFGE8,51785
ABHD2,21052
RLBP1,2
FANCI,11636
POLG,12219
RHCG,209
TICRR,2792
KIF7,2939
PLIN1,1657
PEX11A,13306
WDR93,641
MESP1,315
MESP2,158
ANPEP,13952
AP3S2,23292
ARPIN,20800
ZNF710,5050
IDH2,143187
SEMA4B,29997
CIB1,36265
GDPGP1,3707
TTLL13,232
NGRN,10484
ZNF774,998
IQGAP1,48067
CRTC3,16310
BLM,2343
FURIN,8917
FES,5854
MAN2A2,20924
HDDC3,8497
UNC45A,15620
RCCD1,9037
PRC1,6348
VPS33B,4077
SV2B,449
SLCO3A1,10571
ST8SIA2,88
FAM174B,33535
CHD2,45659
RGMA,3442
MCTP2,7522
NR2F2,35897
ARRDC4,7463
IGF1R,13804
PGPEP1L,62
SYNM,8271
TTC23,5203
LRRC28,4870
MEF2A,36309
LYSMD4,5044
ADAMTS17,3530
CERS3,442
LINS1,14460
ASB7,9085
ALDH1A3,8846
LRRK1,17822
CHSY1,24519
SELENOS,48966
SNRPA1,7856
PCSK6,5951
TM2D3,20982
TARS3,4507
OR4F6,7
OR4F15,6
OR4F4,1
POLR3K,11936
SNRNP25,16121
RHBDF1,5477
MPG,19604
NPRL3,14355
HBZ,2
HBM,4
HBA2,1691
HBQ1,10
LUC7L,50314
FAM234A,24523
RGS11,2631
ARHGDIG,155
PDIA2,67
AXIN1,16718
PGAP6,19479
NME4,46600
RAB11FIP3,13375
CAPN15,11953
PRR35,11
PIGQ,26538
NHLRC4,794
RAB40C,7587
WFIKKN1,829
METTL26,28100
MCRIP2,2830
WDR90,13808
RHOT2,34564
RHBDL1,1089
STUB1,44916
JMJD8,16917
WDR24,7035
FBXL16,5378
METRN,22370
ANTKMT,21038
CCDC78,1840
HAGHL,9418
CIAO3,19558
MSLN,256
MSLNL,8
RPUSD1,8971
CHTF18,7397
GNG13,1
LMF1,11440
SOX8,387
SSTR5,8
C1QTNF8,1
CACNA1H,3058
TPSG1,332
TPSD1,363
UBE2I,82831
BAIAP3,623
TSR3,22283
GNPTG,31649
UQCC4,3927
PERCC1,36
CCDC154,1881
CLCN7,45662
PTX4,77
TELO2,21989
IFT140,6724
TMEM204,12035
CRAMP1,17744
JPT2,56365
MAPK8IP3,16469
NME3,53146
EME2,7382
SPSB3,36801
NUBP2,11914
IGFALS,71
HAGH,27663
FAHD1,3459
MEIOB,10
HS3ST6,2
MSRB1,12413
NDUFB10,40330
RNF151,23
TBL3,18463
NOXO1,519
GFER,7894
SYNGR3,1281
ZNF598,12021
NPW,2501
NHERF2,52924
NTHL1,7675
TSC2,13935
PKD1,17473
RAB26,10454
TRAF7,29061
CASKIN1,190
MLST8,17065
BRICD5,1556
PGP,17542
E4F1,15119
DNASE1L2,932
ECI1,28240
RNPS1,30501
ABCA3,4140
CCNF,6890
TEDC2,1981
NTN3,26
TBC1D24,14585
ATP6V0C,34032
AMDHD2,24025
CEMP1,181
PDPK1,10963
KCTD5,20515
PRSS27,3013
SRRM2,19903
ELOB,28680
PRSS33,9
PRSS41,18
PRSS21,949
ZG16B,2586
PRSS22,4557
FLYWCH2,16963
KREMEN2,86
PKMYT1,7295
PAQR4,5632
CLDN9,373
CLDN6,46
TNFRSF12A,26454
HCFC1R1,17601
THOC6,12363
BICDL2,10164
MMP25,1398
IL32,117555
ZSCAN10,16
ZNF205,6426
ZNF213,5903
ZNF200,5520
MEFV,975
ZNF263,12668
TIGD7,2049
ZNF75A,13127
OR2C1,172
ZSCAN32,7659
ZNF174,4490
ZNF597,1577
NAA60,20652
C16ORF90,7
CLUAP1,7677
NLRC3,12699
SLX4,5431
DNASE1,9981
TRAP1,30855
CREBBP,40477
ADCY9,4361
SRL,481
TFAP4,2939
GLIS2,8992
PAM16,24287
CORO7,33939
VASN,8605
DNAJA3,26473
NMRAL1,44343
HMOX2,25220
CDIP1,4824
C16ORF96,62
UBALD1,5389
MGRN1,22735
NUDT16L1,12753
ANKS3,6086
DNAAF8,1047
ZNF500,7868
SEPTIN12,270
SMIM22,7112
ROGDI,8553
GLYR1,17930
UBN1,17253
PPL,11786
SEC14L5,109
NAGPA,9085
ALG1,12944
C16ORF89,420
EEF2KMT,4597
RBFOX1,15
TMEM114,2
METTL22,9052
ABAT,5539
TMEM186,6970
PMM2,27674
CARHSP1,42980
LITAFD,7
USP7,20332
HAPSTR1,47892
GRIN2A,455
ATF7IP2,4670
EMP2,42447
TEKT5,260
NUBP1,13154
TVP23A,3833
CIITA,64538
DEXI,11384
CLEC16A,17452
RMI2,5149
SOCS1,10052
TNP2,2
PRM3,1
PRM2,2
PRM1,1
ENSG00000188897,682
LITAF,123615
SNN,7687
TXNDC11,88483
ZC3H7A,17714
RSL1D1,14508
GSPT1,16707
NPIPB2,221
TNFRSF17,14259
SNX29,18633
CPPED1,9965
SHISA9,1068
ERCC4,3792
MRTFB,19053
PARN,17184
BFAR,11839
PLA2G10,193
NOMO1,8206
PDXDC1,14649
NTAN1,11116
MPV17L,81915
BMERB1,6442
MARF1,16700
NDE1,36474
MYH11,14858
CEP20,20193
ABCC1,30138
XYLT1,5229
ARL6IP1,21150
SMG1,21770
TMC7,1462
COQ7,10811
ITPRIPL2,21687
SYT17,1927
CLEC19A,8
TMC5,6960
GDE1,30671
CCP110,9935
VPS35L,21596
KNOP1,22353
IQCK,6220
GPRC5B,25950
GPR139,6
GP2,335
UMOD,19
PDILT,5
ACSM5,1568
ACSM2A,6
ACSM2B,9
ACSM3,791
ACSM1,6408
THUMPD1,25311
ERI2,9693
REXO5,3198
DCUN1D3,6786
LYRM1,9095
DNAH3,5
LDAF1,20882
ZP2,15
ANKS4B,21
CRYM,3342
METTL9,26171
IGSF6,17861
OTOA,192
UQCRC2,16288
PDZD9,6
MOSMO,5997
VWA3A,110
EEF2K,21631
POLR3E,26127
CDR2,24782
HS3ST2,3025
USP31,6637
SCNN1G,83
SCNN1B,887
COG7,20680
GGA2,65385
EARS2,11511
UBFD1,5766
NDUFAB1,39890
PALB2,4726
DCTN5,4682
PLK1,11544
ERN2,5
CHP2,4
PRKCB,17268
CACNG3,4
RBBP6,17227
TNRC6A,19860
SLC5A11,187
ARHGAP17,27209
LCMT1,13867
AQP8,83
ZKSCAN2,1687
HS3ST4,20
KDM8,1685
NSMCE1,23725
IL4R,7188
IL21R,16635
GTF3C1,27400
KATNIP,12054
GSG1L,21
XPO6,14667
SBK1,8637
CLN3,44098
APOBR,15425
IL27,273
NUPR1,141036
SGF29,9472
SULT1A2,354
SULT1A1,3872
ATXN2L,23419
TUFM,69078
SH2B1,28456
ATP2A1,953
RABEP2,24999
CD19,6456
NFATC2IP,23091
SPNS1,23419
LAT,18817
SPN,16622
QPRT,26584
C16ORF54,8229
ZG16,14
KIF22,25315
MAZ,13353
PRRT2,1014
PAGR1,24172
MVP,19861
CDIPT,39969
SEZ6L2,10663
ASPHD1,1031
KCTD13,18087
TMEM219,42138
TAOK2,26783
HIRIP3,7744
INO80E,36662
DOC2A,250
C16ORF92,1
TLCD3B,492
PPP4C,74287
TBX6,1550
YPEL3,42972
GDPD3,6435
MAPK3,24334
CORO1A,120773
CD2BP2,20282
TBC1D10B,22695
MYL11,118
ZNF48,4011
SEPTIN1,43136
ZNF771,1889
DCTPP1,16602
SEPHS2,31042
ITGAL,36835
ZNF768,17038
ZNF747,2930
ZNF764,2879
ZNF688,3343
ZNF785,7877
ZNF689,4581
PRR14,24116
FBRS,25954
SRCAP,40582
TMEM265,1738
PHKG2,23009
CFAP119,3012
RNF40,29367
ZNF629,3145
BCL7C,13850
CTF1,798
FBXL19,12878
ORAI3,3980
SETD1A,6314
HSD3B7,10233
STX1B,636
STX4,36432
ZNF668,5672
ZNF646,7551
PRSS53,2449
VKORC1,49083
BCKDK,18333
KAT8,14327
PRSS8,40337
PRSS36,1824
FUS,71628
PYCARD,28600
TRIM72,196
PYDC1,2146
ITGAM,10857
ITGAX,43275
ITGAD,2443
COX6A2,31
ZNF843,252
ARMC5,1571
TGFB1I1,15355
SLC5A2,26
RUSF1,53964
AHSP,76
KRBOX5,859
ZNF267,14604
SHCBP1,5252
VPS35,17247
ORC6,5282
MYLK3,87
C16ORF87,7602
GPT2,7373
DNAJA2,46429
NETO2,12584
ITFG1,27729
PHKB,34079
ABCC12,20695
ABCC11,93494
LONP2,63648
SIAH1,19621
N4BP1,33942
CBLN1,649
C16ORF78,2
ZNF423,3958
CNEP1R1,10782
HEATR3,12557
TENT4B,7545
ADCY7,11778
BRD7,30229
NKD1,6014
SNX20,21321
NOD2,4052
CYLD,27134
SALL1,380
TOX3,15774
CHD9NB,663
CHD9,23687
RBL2,37105
AKTIP,13364
RPGRIP1L,6338
FTO,9962
IRX3,56752
IRX5,26804
IRX6,893
MMP2,116166
LPCAT2,15708
CAPNS2,422
SLC6A2,61
CES1,4304
CES5A,13
GNAO1,2230
AMFR,38246
NUDT21,41469
OGFOD1,18146
BBS2,14850
MT4,3
MT3,5
MT2A,52012
MT1E,1582
MT1M,256
MT1A,104
MT1B,1
MT1F,2978
MT1G,210
MT1H,12
MT1X,12045
NUP93,22282
SLC12A3,1024
HERPUD1,93381
CETP,1501
NLRC5,55978
CPNE2,8814
PSME3IP1,10393
RSPRY1,19230
ARL2BP,28607
PLLP,728
CCL22,6288
CX3CL1,6949
CCL17,2186
CIAPIN1,4892
COQ9,24952
POLR2C,16352
DOK4,13957
CCDC102A,6406
ADGRG5,6575
ADGRG1,54328
ADGRG3,272
DRC7,30
KATNB1,5361
KIFC3,6377
TEPP,49
ZNF319,1674
USB1,21605
MMP15,11296
CFAP20,18566
CSNK2A2,20804
CCDC113,4804
PRSS54,2
GINS3,5953
NDRG4,1027
SETD6,8404
CNOT1,13795
SLC38A7,15515
GOT2,29226
CDH8,290
CDH11,41790
CDH5,17965
BEAN1,916
TK2,15962
CKLF,30022
CMTM1,1188
CMTM2,533
CMTM3,59762
CMTM4,24566
DYNC1LI2,79420
TERB1,269
NAE1,21367
PDP2,6463
CDH16,45
RRAD,2548
CIAO2B,16396
CES2,7966
CES3,1722
CES4A,4100
CBFB,42074
PHAF1,15158
B3GNT9,8160
TRADD,30751
FBXL8,26651
HSF4,33066
NOL3,11104
MATCAP1,10186
EXOC3L1,1771
E2F4,34131
ELMO3,17756
TMEM208,23955
FHOD1,24726
SLC9A5,2553
PLEKHG4,4499
KCTD19,56
LRRC36,269
TPPP3,9277
ZDHHC1,5262
HSD11B2,13754
ATP6V0D1,66467
AGRP,86
RIPOR1,29281
CTCF,21357
CARMIL2,15697
ACD,15172
PARD6A,3394
ENKD1,9026
C16ORF86,2883
GFOD2,17674
RANBP10,17625
TSNAXIP1,1228
CENPT,25683
THAP11,17427
NUTF2,43852
EDC4,24555
NRN1L,1381
PSKH1,19016
CTRL,1966
PSMB10,78525
LCAT,7644
SLC12A4,29988
DPEP3,163
DPEP2,5008
DUS2,7209
DPEP2NB,7
DDX28,5147
NFATC3,22584
ESRP2,35947
PLA2G15,16845
SLC7A6,32403
SLC7A6OS,9430
PRMT7,13292
SMPD3,1946
ZFP90,7986
CDH3,28200
CDH1,140081
TANGO6,5589
HAS3,2821
CHTF8,3786
DERPC,1002
UTP4,7122
SNTB2,18192
VPS4A,29619
COG8,9593
PDF,101
NIP7,9090
TMED6,608
TERF2,21450
CYB5B,37018
NFAT5,27618
NQO1,36967
NOB1,12387
WWP2,20458
CLEC18A,451
PDPR,19980
CLEC18C,47
EXOSC6,18394
AARS1,14478
DDX19B,7558
DDX19A,13237
ST3GAL2,10365
FCSK,8191
COG4,25213
SF3B3,31733
IL34,3368
MTSS2,16977
VAC14,22747
HYDIN,294
CMTR2,17030
CALB2,643
TLE7,11
ZNF23,4713
ZNF19,4547
CHST4,37
TAT,98508
MARVELD3,19116
PHLPP2,6044
AP1G1,35952
ATXN1L,15761
IST1,39227
ZNF821,7025
PKD1L3,148
DHODH,5542
TXNL4B,5909
HP,35
HPR,5
DHX38,22200
PMFBP1,703
ZFHX3,13606
PSMD7,23425
NPIPB15,6311
GLG1,21427
RFWD3,13924
MLKL,18524
FA2H,6430
WDR59,15644
ZNRF1,17785
LDHD,869
ZFP1,3123
CTRB2,11
CTRB1,4
BCAR1,34165
CFDP1,31527
TMEM170A,8745
CHST6,208
CHST5,45
TMEM231,1073
GABARAPL2,22074
ADAT1,14694
KARS,14922
TERF2IP,37584
CPHXL2,2
DUXB,1
CNTNAP4,52
MON1B,22692
SYCE1L,59
ADAMTS18,249
NUDT7,1980
VAT1L,65
CLEC3A,34816
WWOX,28957
MAF,60252
DYNLRB2,1088
CDYL2,10461
CMC2,19886
CENPN,10245
ATMIN,15360
C16ORF46,2844
BCO1,31
GAN,4969
CMIP,36415
PLCG2,29923
SDR42E1,521
HSD17B2,4269
MPHOSPH6,49494
CDH13,7924
HSBP1,22099
MLYCD,8678
OSGIN1,1815
NECAB2,116
SLC38A8,15
MBTPS1,50806
HSDL1,12121
DNAAF1,1274
TAF1C,16689
ADAD2,16
KCNG4,1
WFDC1,1426
ATP2C2,11649
MEAK7,11328
COTL1,41831
KLHL36,16212
USP10,21843
CRISPLD2,31975
ZDHHC7,13327
KIAA0513,11854
CIBAR2,2779
GSE1,92660
GINS2,5736
C16ORF74,3939
EMC8,18003
COX4I1,75272
IRF8,76190
FOXF1,875
MTHFSD,10364
FOXC2,2018
FOXL1,421
C16ORF95,2379
FBXO31,9759
MAP1LC3B,13075
ZCCHC14,12478
JPH3,67
KLHDC4,33579
SLC7A5,15584
CA5A,3
BANP,5303
ZNF469,2765
ZC3H18,24362
IL17C,56
CYBA,182354
MVD,17516
SNAI3,3295
RNF166,17564
CTU2,10276
PIEZO1,39774
CDT1,11054
APRT,53606
GALNS,29970
TRAPPC2L,12018
PABPN1L,53
CBFA2T3,11184
ACSF3,17093
CDH15,182
SLC22A31,1527
ZNF778,4734
ANKRD11,55475
SPG7,52818
CPNE7,1633
DPEP1,8343
CHMP1A,31783
SPATA33,14016
SPATA2L,6505
VPS9D1,11925
ZNF276,17319
FANCA,11442
SPIRE2,5605
TCF25,92452
MC1R,790
TUBB3,1951
DEF8,2729
DBNDD1,11170
GAS8,14606
PRDM7,10
SCGB1C2,1
DOC2B,821
RPH3AL,1157
C17ORF97,3249
RFLNB,8306
VPS53,20228
TLCD3A,2024
GEMIN4,7227
GLOD4,3570
MRM3,2471
NXN,7669
TIMM22,10003
ABR,18666
BHLHA9,2
TRARG1,53
YWHAE,49556
CRK,35016
MYO1C,39183
INPP5K,14401
PITPNA,31658
SLC43A2,21378
SCARF1,6387
RILP,6111
PRPF8,32008
TLCD2,2263
WDR81,21265
SERPINF2,2390
SERPINF1,92862
SMYD4,7017
RPA1,23452
RTN4RL1,1981
DPH1,3246
HIC1,4499
SMG6,11722
SRR,6363
TSR1,12243
SGSM2,19011
METTL16,9012
PAFAH1B1,41150
CLUH,26707
RAP1GAP2,14553
OR1D5,1
OR1D2,1
OR1G1,3
OR1A2,2
OR1A1,2
OR3A2,4
OR3A1,4
OR1R1P,24
OR1E1,9
OR3A3,8
SPATA22,84
ASPA,404
TRPV3,774
TRPV1,5665
SHPK,9899
CTNS,4773
TAX1BP3,51873
EMC6,6887
P2RX5,8038
HASPIN,1246
NCBP3,17751
CAMKK1,4523
P2RX1,7166
ATP2A3,50964
ZZEF1,16267
CYB5D2,5707
ANKFY1,31117
UBE2G1,23031
SPNS3,883
SPNS2,7686
MYBBP1A,17726
GGT6,4944
SMTNL2,73
ALOX15,105
PELP1,14855
ARRB2,39129
MED11,7689
CXCL16,26777
ZMYND15,1483
TM4SF5,8
VMO1,1089
GLTPD2,7
PSMB6,22705
C17ORF114,133
PLD2,12210
MINK1,63212
CHRNE,65
C17ORF107,967
SLC25A11,32417
RNF167,22871
PFN1,335849
ENO3,1916
SPAG7,28479
CAMTA2,17338
INCA1,412
KIF1C,18395
SLC52A1,456
ZFP3,3992
ZNF232,2327
ZNF594,2568
SCIMP,8969
RABEP1,25726
NUP88,13909
RPAIN,13676
C1QBP,7538
DHX33,7192
DERL2,17616
MIS12,6408
NLRP1,28772
WSCD1,387
AIPL1,8
PIMREG,1120
PITPNM3,2424
KIAA0753,4963
TXNDC17,31565
MED31,1860
C17ORF100,976
SLC13A5,14
XAF1,49177
FBXO39,424
TEKT1,2
ALOX12,8
RNASEK,43728
C17ORF49,24328
BCL6B,3602
SLC16A13,3385
SLC16A11,236
CLEC10A,12608
ASGR2,554
ASGR1,960
DLG4,6739
ACADVL,67419
DVL2,10402
PHF23,13348
GABARAP,41339
CTDNEP1,11499
ELP5,16245
CLDN7,49251
SLC2A4,276
YBX2,984
GPS2,20294
NEURL4,8503
ACAP1,32810
KCTD11,3753
TMEM95,62
TNK1,6793
PLSCR3,16039
TMEM256,8165
NLGN2,8736
SPEM1,11
SPEM2,10
SPEM3,2
TMEM102,7056
FGF11,1784
CHRNB1,2350
ZBTB4,19493
POLR2A,61395
TNFSF12,20215
TNFSF13,34651
SENP3,9842
EIF4A1,104143
CD68,96735
MPDU1,8957
SOX15,86
FXR2,14884
SHBG,169
SAT2,21215
ATP1B2,1258
TP53,42539
WRAP53,4015
EFNB3,532
KDM6B,15503
TMEM88,1123
NAA38,23012
CYB5D1,1397
CHD3,37437
RNF227,2015
KCNAB3,689
TRAPPC1,18558
CNTROB,10188
ALOX15B,5621
ALOX12B,6
ALOXE3,26
HES7,101
PER1,5340
VAMP2,24470
TMEM107,5035
BORCS6,8062
AURKB,5249
CTC1,6885
PFAS,9494
SLC25A35,4352
RANGRF,8183
ARHGEF15,4246
ODF4,32
KRBA2,4816
NDEL1,20134
MYH10,11759
CCDC42,73
SPDYE4,16
MFSD6L,442
PIK3R6,2040
PIK3R5,11185
NTN1,998
STX8,8672
CFAP52,44
USP43,1949
GSG1L2,4
GLP2R,8
RCVRN,210
GAS7,17677
MYH13,1
MYH8,1
MYH4,1
MYH1,2
MYH2,3
MYH3,460
SCO1,3094
ADPRM,3120
TMEM220,1954
TMEM238L,614
PIRT,4
SHISA6,702
DNAH9,114
ZNF18,4197
MAP2K4,9581
MYOCD,358
ARHGAP44,4199
ELAC2,21993
COX10,8819
HS3ST3B1,4643
PMP22,36082
TEKT3,246
CDRT4,6469
TVP23C,125
FBXW10B,399
TRIM16,7201
ZNF286A,1964
ADORA2B,1226
ZSWIM7,6607
TTC19,12345
NCOR1,36087
PIGL,9664
CENPV,1699
UBB,45423
TRPV2,13526
LRRC75A,122
ZNF287,1782
ZNF624,2717
TNFRSF13B,7986
MPRIP,49141
PLD6,2532
FLCN,16619
COPS3,15373
NT5M,1512
MED9,3901
RASD1,3480
PEMT,9181
RAI1,14938
SREBF1,168282
TOM1L2,26061
DRC3,1658
ATPAF2,1926
GID4,5992
DRG2,10979
MYO15A,238
ALKBH5,35117
LLGL1,14954
FLII,73643
MIEF2,4971
TOP3A,6812
SMCR8,10385
SHMT1,8744
LGALS9C,13
TBC1D28,1
TRIM16L,191
FBXW10,184
TVP23B,3336
PRPSAP2,11605
SLC5A10,8
FAM83G,1006
GRAP,2059
EPN2,19536
B9D1,10065
MAPK7,10086
MFAP4,18807
RNF112,455
SLC47A1,3494
ALDH3A2,21047
SLC47A2,45
ALDH3A1,46
ULK2,4572
AKAP10,15046
SPECC1,15440
USP22,30118
DHRS7B,5813
TMEM11,18155
NATD1,2598
MAP2K3,25668
LINC02693,650
KCNJ18,3
WSB1,95001
KSR1,8915
LGALS9,22638
NOS2,133
LYRM9,9267
NLK,40462
TMEM97,23045
IFT20,36854
TNFAIP1,28272
POLDIP2,84580
TMEM199,23363
SEBOX,1
SARM1,6493
VTN,345
SLC46A1,7659
RSKR,1634
SLC13A2,29
FOXN1,29
UNC119,7529
PIGS,44786
ALDOC,4095
SPAG5,18454
BLTP2,82618
SDF2,25456
SUPT6H,51239
PROCA1,2531
RAB34,11516
TLCD1,5614
NEK8,7037
TRAF4,141037
FAM222B,17873
ERAL1,24667
FLOT2,68059
DHRS13,12610
PHF12,41841
PIPOX,692
SEZ6,5
MYO18A,66284
NUFIP2,42064
TAOK1,41658
ABHD15,7850
TP53I13,7769
GIT1,22848
ANKRD13B,3119
CORO6,130
SSH2,8353
NSRP1,12886
SLC6A4,26
BLMH,8877
TMIGD1,1
CPD,24174
GOSR1,21129
CRLF3,18319
ATAD5,9455
TEFM,9617
ADAP2,18926
RNF135,14249
NF1,13450
OMG,67
EVI2B,30460
EVI2A,19315
RAB11FIP4,11645
COPRS,14510
UTP6,13102
SUZ12,12767
LRRC37B,2273
RHOT1,17108
RHBDL3,199
C17ORF75,6426
ZNF207,8681
PSMD11,13246
CDK5R1,1596
MYO1D,26697
TMEM98,3468
SPACA3,34
ASIC2,67
CCL2,17914
CCL7,124
CCL11,865
CCL8,13035
CCL13,446
CCL1,23
TMEM132E,194
CCT6B,1767
ZNF830,11552
LIG3,11302
RFFL,22208
RAD51D,9092
FNDC8,18
NLE1,4681
UNC45B,75
SLFN5,47969
SLFN11,24253
SLFN12,3468
SLFN13,1246
SLFN12L,7247
SLFN14,11
PEX12,1591
AP2B1,9612
RASL10B,268
GAS2L2,47
MMP28,2980
C17ORF50,5
TAF15,21306
HEATR9,568
CCL5,84992
RDM1,865
LYZL6,1
CCL16,71
CCL14,4466
CCL15,51
CCL23,265
CCL18,3434
CCL3,7408
CCL4,7911
TBC1D3B,14
CCL3L3,996
CCL4L2,3625
MYO19,14896
PIGW,3666
GGNBP2,26247
DHRS11,3061
MRM1,2831
LHX1,110
AATF,19906
ACACA,24341
C17ORF78,1
TADA2A,6537
DUSP14,6195
SYNRG,27801
DDX52,8388
HNF1B,5
TBC1D3E,2
GPR179,40
SOCS7,6090
ARHGAP23,11259
SRCIN1,7232
EPOP,1682
MLLT6,64977
CISD3,11013
PCGF2,20272
PSMB3,6173
PIP4K2B,24354
CWC25,9736
C17ORF98,7
LASP1,80052
LASP1NB,1820
FBXO47,7
PLXDC1,23420
ARL5C,68
CACNB1,3895
STAC2,2922
FBXL20,4968
MED1,16219
CDK12,27979
NEUROD2,13282
PPP1R1B,116442
STARD3,234354
TCAP,9944
PNMT,530980
PGAP3,204269
ERBB2,757917
MIEN1,138765
GRB7,211656
IKZF3,31838
ZPBP2,31
GSDMB,41740
ORMDL3,107817
LRRC3C,58
GSDMA,1778
PSMD3,205205
CSF3,30
MED24,53970
THRA,17367
NR1D1,11338
MSL1,110017
CASC3,110155
RAPGEFL1,11027
WIPF2,67105
CDC6,9793
RARA,34768
GJD3,760
TOP2A,31277
IGFBP4,75518
TNS4,7446
CCR7,16605
SMARCE1,19466
KRT222,277
KRT24,99
KRT25,2
KRT26,1
KRT27,13
KRT28,4
KRT10,9435
KRT10-AS1,4638
KRT12,4
KRT20,8
KRT23,3197
KRT39,1
KRT40,9
KRTAP3-3,1
KRTAP3-1,3
KRTAP1-5,12
KRTAP1-3,2
KRTAP1-1,4
KRTAP2-3,80
KRTAP2-4,2
KRTAP4-16,3
KRTAP4-11,2
KRTAP4-12,3
KRTAP4-6,1
KRTAP4-5,5
KRTAP4-4,2
KRTAP4-3,1
KRTAP4-2,2
KRTAP4-1,1
KRTAP9-3,2
KRTAP9-9,3
KRTAP9-7,1
KRTAP29-1,25
KRTAP16-1,53
KRTAP17-1,6
KRT33A,3
KRT33B,3
KRT34,3
KRT31,3
KRT37,7
KRT38,1
KRT32,14
KRT36,84
KRT13,100
KRT15,29289
KRT19,95278
KRT9,191
KRT14,48858
KRT16,5630
KRT17,43385
EIF1,64663
GAST,1
HAP1,223
JUP,76889
P3H4,4539
FKBP10,20902
NT5C3B,8091
KLHL10,32
KLHL11,2000
ACLY,27474
ODAD4,439
CNP,45541
DNAJC7,28776
NKIRAS2,10865
ZNF385C,187
C17ORF113,864
DHX58,8970
KAT2A,5999
HSPB9,50
RAB5C,62261
KCNH4,294
GHDC,7406
STAT5B,29968
STAT5A,11022
STAT3,60016
CAVIN1,44982
ATP6V0A1,11904
NAGLU,11337
HSD17B1,481
COASY,14364
MLX,20542
PSMC3IP,3880
RETREG3,26701
TUBG1,7334
TUBG2,5555
PLEKHH3,17253
CCR10,1395
CNTNAP1,3190
EZH1,13695
RAMP2,16129
VPS25,18976
WNK4,622
COA3,17294
CNTD1,87
BECN1,13276
PSME3,4638
AOC2,888
AOC3,512
AARSD1,8705
PTGES3L,1031
RUNDC1,15300
IFI35,35016
VAT1,35477
RND2,193
BRCA1,2977
NBR1,30483
TMEM106A,20714
CCDC200,4
ARL4D,4886
DHX8,14223
ETV4,3123
MEOX1,1730
SOST,101
DUSP3,16913
CFAP97D1,19
MPP3,9048
CD300LG,194
MPP2,286
PPY,16
PYY,21
NAGS,1300
TMEM101,11539
LSM12,6635
G6PC3,15984
HDAC5,11824
HROB,1424
ASB16,131
TMUB2,35865
ATXN7L3,6665
UBTF,20091
SLC4A1,4
RUNDC3A,194
SLC25A39,53993
GRN,171897
FAM171A2,2883
ITGA2B,524
GPATCH8,13713
FZD2,2643
MEIOC,7
CCDC43,8859
DBF4B,3594
ADAM11,133
GJC1,6208
HIGD1B,1611
EFTUD2,23127
GFAP,44
KIF18B,2443
NMT1,32317
C1QL1,199
DCAKD,14140
PLCD3,2326
ACBD4,5256
HEXIM1,16778
HEXIM2,2396
FMNL1,47444
SPATA32,63
MAP3K14,8312
ARHGAP27,27147
PLEKHM1,2517
CRHR1,53
MAPT,5502
STH,25
KANSL1,28769
LRRC37A2,615
NSF,25175
WNT3,801
WNT9B,112
GOSR2,26995
RPRML,16
CDC27,12959
MYL4,227
ITGB3,9423
EFCAB13,4773
NPEPPS,34382
KPNB1,23159
TBKBP1,6378
TBX21,3573
OSBPL7,3914
LRRC46,1327
SCRN2,13298
SP6,889
SP2,14483
PNPO,15183
PRR15L,14101
CDK5RAP3,69957
COPZ2,9463
NFE2L1,54812
CBX1,7320
SNX11,5089
SKAP1,11123
HOXB1,4
HOXB2,11969
HOXB3,5828
HOXB4,5333
HOXB5,1718
HOXB6,5324
HOXB7,3134
HOXB8,196
HOXB9,151
PRAC1,14
PRAC2,1003
HOXB13,2339
TTLL6,1382
CALCOCO2,245635
ATP5MC1,71567
UBE2Z,170834
SNF8,126257
GIP,7
IGF2BP1,1500
B4GALNT2,55032
GNGT2,3216
ABI3,12162
PHOSPHO1,99
ZNF652,177399
PHB1,61702
NGFR,7220
NXPH3,900
SPOP,25591
SLC35B1,35489
FAM117A,11924
KAT7,38062
TAC4,734
DLX4,719
DLX3,495
ITGA3,23073
PDK2,9203
SAMD14,1111
PPP1R9B,48954
SGCA,619
COL1A1,1667080
TMEM92,198
XYLT2,9897
EME1,2206
LRRC59,36804
ACSF2,12553
CHAD,133
RSAD1,16961
MYCBPAP,332
EPN3,6859
SPATA20,23514
CACNA1G,162
ABCC3,48166
ANKRD40,34002
LUC7L3,119859
ANKRD40CL,5
WFIKKN2,12
TOB1,293412
SPAG9,54133
NME1,83719
NME2,184742
MBTD1,29157
UTP18,25074
CA10,19
KIF2B,1366
TOM1L1,48137
COX11,20172
STXBP4,14243
HLF,1706
MMD,6723
SMIM36,2
TMEM100,793
PCTP,9037
ANKFN1,224
NOG,812
C17ORF67,879
DGKE,5601
TRIM25,25822
COIL,8421
SCPEP1,34899
AKAP1,21255
MSI2,37603
CCDC182,9
CUEDC1,24479
VEZF1,17565
SRSF1,18255
DYNLL2,52511
OR4D1,9
OR4D2,1
EPX,2
MKS1,4942
LPO,8
MPO,54
TSPOAP1,7306
SUPT4H1,11593
RNF43,2986
HSF5,680
MTMR4,14833
SEPTIN4,7602
TEX14,127
IGBP1C,5
RAD51C,5465
PPM1E,46
TRIM37,8087
SKA2,309
PRR11,3937
SMG8,5534
GDPD1,1790
YPEL2,11457
DHX40,14236
CLTC,15235
PTRH2,29665
VMP1,295796
TUBD1,18249
RNFT1,19096
HEATR6,13205
CA4,14
USP32,57927
CHCT1,38
APPBP2,47621
PPM1D,11015
BCAS3,24678
TBX2,7956
TBX4,1089
BRIP1,14138
INTS2,31351
MED13,53092
EFCAB3,4
METTL2A,31912
TLK2,34994
MRC2,48334
MARCHF10,182
TANC2,114719
CYB561,284560
ACE,17679
KCNH6,14
DCAF7,155391
TACO1,50416
MAP3K3,37997
STRADA,47301
LIMD2,70156
CCDC47,254402
DDX42,85524
FTSJ3,65169
PSMC5,193715
SMARCD2,306366
CSH2,3
GH2,7
CSHL1,87
GH1,1892
CD79B,20471
SCN4A,501
PRR29,4453
ICAM2,20216
ERN1,48326
TEX2,88657
PECAM1,87972
MILR1,10466
POLG2,39997
DDX5,491302
CEP95,36925
SMURF2,38938
LRRC37A3,10001
GNA13,62446
AXIN2,2022
CEP112,3784
APOH,8
PRKCA,5493
CACNG5,27
CACNG4,8436
CACNG1,297
HELZ,29960
PSMD12,34832
PITPNC1,22915
NOL11,6167
BPTF,37223
C17ORF58,5169
KPNA2,13955
AMZ2,10674
ARSG,9736
SLC16A6,2632
WIPI1,12904
PRKAR1A,92088
FAM20A,8542
ABCA8,3054
ABCA9,2382
ABCA6,5017
ABCA10,3539
ABCA5,11926
MAP2K6,5467
KCNJ16,9
KCNJ2,1261
SOX9,20364
SLC39A11,38537
SSTR2,736
COG1,12162
FAM104A,1717
C17ORF80,5722
CPSF4L,417
CDC42EP4,13566
SDK2,1272
TTYH2,4103
DNAI2,35
KIF19,2039
BTBD17,9
GPR142,121
GPRC5C,34183
CD300A,14728
CD300LB,882
CD300C,347
CD300LD,4
CD300E,655
RAB37,6449
CD300LF,5685
NHERF1,205893
NAT9,25181
TMEM104,10033
GRIN2C,299
FDXR,6526
FADS6,4
USH1G,23
OTOP2,2
OTOP3,5
HID1,94309
CDR2L,30101
KCTD2,14302
ATP5PD,54876
SLC16A5,5181
ARMC7,7440
NT5C,12766
JPT1,24241
SUMO2,47963
NUP85,30538
GGA3,30376
MIF4GD,15933
SLC25A19,9412
GRB2,78106
TMEM94,17075
CASKIN2,9113
TSEN54,10982
LLGL2,58903
MYO15B,16181
RECQL5,21604
SMIM5,1698
SMIM6,56
SAP30BP,27250
ITGB4,106170
GALK1,9594
H3-3B,24765
UNK,27162
UNC13D,22317
WBP2,25619
TRIM47,25132
TRIM65,11055
FBF1,20734
ACOX1,33986
TEN1,18259
CDK3,4782
EVPL,15325
SRP68,39927
ZACN,107
GALR2,126
EXOC7,44150
FOXJ1,145
RNF157,1916
UBALD2,14473
QRICH2,2355
PRPSAP1,30803
SPHK1,25038
UBE2O,26611
AANAT,115
RHBDF2,27052
CYGB,10368
PRCD,498
ST6GALNAC2,3193
ST6GALNAC1,878
MXRA7,30675
JMJD6,18204
METTL23,30859
SRSF2,59303
MFSD11,18452
MGAT5B,1139
SEC14L1,47145
SEPTIN9,68837
TNRC6C,9065
TMC6,32177
TMC8,42315
C17ORF99,134
SYNGR2,167747
TK1,19543
BIRC5,6183
TMEM235,4
SOCS3,31147
PGS1,19816
DNAH17,57
CYTH1,51320
USP36,13330
TIMP2,96721
CEP295NL,1690
LGALS3BP,130703
CANT1,51429
C1QTNF1,9084
ENGASE,14075
RBFOX3,4
ENPP7,141
CBX2,6230
CBX8,5189
CBX4,29784
TBC1D16,23695
CCDC40,4386
GAA,41811
EIF4A3,36968
CARD14,2627
SGSH,27943
SLC26A11,14204
RNF213,78994
ENDOV,12262
NPTX1,275
RPTOR,24052
CHMP6,16466
BAIAP2,16372
AATK,722
PVALEF,1
CEP131,7464
TEPSIN,8572
NDUFAF8,26664
SLC38A10,72420
BAHCC1,9800
ACTG1,310006
FAAP100,8061
NPLOC4,50175
TSPAN10,2013
PDE6G,1742
OXLD1,15395
CCDC137,11991
ARL16,15504
HGS,40606
SLC25A10,3883
GCGR,75
MCRIP1,20050
PPP1R27,74
P4HB,51149
ARHGDIA,55002
ALYREF,19540
ANAPC11,63489
NPB,233
PCYT2,11117
SIRT7,18163
MAFG,9002
PYCR1,24445
MYADML2,1
NOTUM,72
ASPSCR1,19179
CENPX,18207
LRRC45,9574
RAC3,11915
DCXR,54215
RFNG,10979
GPS1,22514
DUS1L,43796
FASN,555839
CCDC57,11953
SLC16A3,27504
CSNK1D,67736
CD7,10782
SECTM1,8674
TEX19,31
OGFOD3,14820
HEXD,19192
CYBC1,56543
NARF,18977
FOXK2,16625
WDR45B,31959
RAB40B,3205
FN3KRP,14861
FN3K,7347
TBCD,21333
ZNF750,1470
B3GNTL1,4617
METRNL,23194
USP14,36314
THOC1,8049
COLEC12,6919
CETN1,2
CLUL1,368
TYMS,14326
ENOSF1,25862
YES1,19639
ADCYAP1,558
METTL4,8027
NDC80,6217
SMCHD1,40860
EMILIN2,10610
LPIN2,19849
MYOM1,1859
MYL12A,24528
MYL12B,857
TGIF1,31253
DLGAP1,1391
AKAIN1,6
ZBTB14,8187
EPB41L3,14656
TMEM200C,1772
L3MBTL4,3801
ARHGAP28,2092
LAMA1,1208
LRRC30,1
PTPRM,16286
RAB12,25171
MTCL1,1783
NDUFV2,50006
ANKRD12,19038
TWSG1,19555
RALBP1,25238
PPP4R1,21114
RAB31,16803
TXNDC2,109
VAPA,29955
APCDD1,4321
NAPG,9910
PIEZO2,3091
GNAL,1023
CHMP1B,27697
MPPE1,15752
IMPA2,11955
ANKRD62,44
CIDEA,49
TUBB6,7368
AFG3L2,24057
PRELID3A,5875
SPIRE1,12823
PSMG2,21695
CEP76,3072
PTPN2,9231
SEH1L,19226
CEP192,21010
LDLRAD4,13442
FAM210A,8614
RNMT,13875
MC5R,84
MC2R,2
ZNF519,3308
ROCK1,28477
GREB1L,2838
ESCO1,11665
SNRPD1,3633
ABHD3,22203
MIB1,22883
GATA6,7111
CTAGE1,3
RBBP8,4755
CABLES1,8528
TMEM241,5558
RIOK3,29922
RMC1,14252
NPC1,21195
ANKRD29,2353
LAMA3,2274
TTC39C,19575
CABYR,1329
OSBPL1A,5401
IMPACT,17557
HRH4,168
ZNF521,4291
SS18,29709
PSMA8,235
TAF4B,3742
KCTD1,6077
AQP4,40
CHST9,479
CDH2,2289
DSC3,7335
DSC2,19472
DSC1,88
DSG1,16
DSG4,7
DSG3,3836
DSG2,26504
TTR,23
B4GALT6,1176
SLC25A52,36
TRAPPC8,17799
RNF125,7843
RNF138,19129
GAREM1,3432
MEP1B,52
KLHL14,622
CCDC178,297
ASXL3,51
NOL4,268
DTNA,35189
MAPRE2,31798
ZNF397,15596
ZSCAN30,11623
ZNF24,32911
ZNF396,1650
INO80C,9754
GALNT1,41833
C18ORF21,8216
RPRD1A,21916
SLC39A6,45681
ELP2,28524
MOCOS,5942
FHOD3,1577
TPGS2,17745
KIAA1328,6818
CELF4,85
PIK3C3,12270
RIT2,1
SYT4,2
SETBP1,14678
SLC14A2,38
SLC14A1,1521
EPG5,10104
SIGLEC15,6006
PSTPIP2,6739
ATP5F1A,39565
HAUS1,4220
C18ORF25,16600
RNF165,2018
LOXHD1,298
ST8SIA5,103
PIAS2,10496
KATNAL2,1957
ELOA2,5
HDHD2,18395
IER3IP1,15522
SKOR2,2
SMAD2,34288
ZBTB7C,8833
CTIF,18602
SMAD7,14037
DYM,33409
C18ORF32,17152
LIPG,1458
ACAA2,15997
MYO5B,22462
CFAP53,829
MBD1,9910
CXXC1,32793
SKA1,1331
MAPK4,202
MRO,571
ME2,14180
ELAC1,3189
SMAD4,24512
MEX3C,22091
DCC,765
MBD2,100725
POLI,15503
STARD6,19
C18ORF54,2614
DYNAP,4
RAB27B,25346
CCDC68,272
TCF4,24995
TXNL1,39814
WDR7,3174
BOD1L2,5
ST8SIA3,2
ONECUT2,4873
FECH,13099
NARS,51610
ATP8B1,17205
NEDD4L,28485
ALPK2,2037
MALT1,17010
ZNF532,17715
SEC11C,86060
GRP,1948
RAX,11
CPLX4,15
LMAN1,83411
CCBE1,250
PMAIP1,4093
MC4R,102
CDH20,17
RNF152,13660
PIGN,16181
RELCH,27033
TNFRSF11A,3093
ZCCHC2,16712
PHLPP1,6119
BCL2,14048
KDSR,22060
VPS4B,29734
SERPINB5,1945
SERPINB12,7
SERPINB13,1
SERPINB4,5
SERPINB11,4
SERPINB3,3
SERPINB7,57
SERPINB2,32
SERPINB10,16
HMSD,187
SERPINB8,5817
CDH7,121
CDH19,125
DSEL,1906
TMX3,9111
CCDC102B,9302
DOK6,858
CD226,5942
RTTN,3068
SOCS6,27653
CBLN2,51
NETO1,139
FBXO15,2122
TIMM21,9018
CYB5A,25350
C18ORF63,186
DIPK1C,132
CNDP2,115788
CNDP1,99
ZNF407,12204
PTGR3,14081
TSHZ1,7867
SMIM21,5
ZNF516,6147
ZNF236,10310
MBP,7281
GALR1,7
SALL3,9
ATP9B,23456
NFATC1,12945
CTDP1,21279
KCNG2,266
SLC66A2,14493
HSBP1L1,6702
TXNL4A,62136
RBFA,14836
ADNP2,14757
PARD6G,5549
PLPP2,35060
MIER2,8331
THEG,119
C2CD4C,238
SHC2,15100
ODF3L2,26
MADCAM1,448
TPGS1,23880
CDC34,23346
GZMM,7118
BSG,104640
HCN2,1606
POLRMT,6265
FGF22,201
RNF126,23142
FSTL3,6086
PRSS57,22
PALM,2197
MISP,4053
PTBP1,27151
PLPPR3,154
AZU1,83
PRTN3,11
ELANE,90
CFD,15787
MED16,13123
R3HDM4,54365
KISS1R,126
ARID3A,13093
WDR18,23043
GRIN3B,77
TMEM259,80392
CNN2,66275
ABCA7,17017
ARHGAP45,34237
POLR2E,21146
GPX4,119085
SBNO2,61889
STK11,25624
CBARP,122
ATP5F1D,62447
MIDN,94406
CIRBP,181087
FAM174C,28486
EFNA2,88
PWWP3A,27216
NDUFS7,24241
GAMT,3111
DAZAP1,30750
APC2,114
C19ORF25,20859
PCSK4,1686
REEP6,16450
ADAMTSL5,751
PLK5,487
MEX3D,25251
MBD3,15189
UQCR11,34696
TCF3,31446
ATP8B3,2154
REXO1,19035
KLF16,15852
SCAMP4,49128
ADAT3,64
CSNK1G2,23937
BTBD2,46156
MKNK2,53920
MOB3A,43616
IZUMO4,2575
AP3D1,70181
DOT1L,28456
PLEKHJ1,28987
SF3A2,39211
AMH,12958
JSRP1,18516
OAZ1,358358
PEAK3,440
LINGO3,73
LSM7,36811
SPPL2B,34206
TMPRSS9,59
TIMM13,40984
LMNB2,40535
GADD45B,17602
GNG7,4916
DIRAS1,1608
SLC39A3,20728
SGTA,24049
THOP1,18363
ZNF554,5934
ZNF555,3536
ZNF556,52
ZNF57,2198
ZNF77,2356
TLE6,3744
TLE2,6315
TLE5,58561
GNA11,26618
GNA15,5507
S1PR4,7948
NCLN,35966
CELF5,65
NFIC,70708
SMIM24,87
SMIM44,1
DOHH,9256
FZR1,44822
MFSD12,8590
TEKTIP1,193
HMG20B,80290
GIPC3,1112
TBXA2R,2516
CACTIN,14804
PIP5K1C,23199
TJP3,14649
MATK,5092
ZFR2,11
ATCAY,1
NMRK2,22
DAPK3,43101
EEF2,444908
PIAS4,15668
ZBTB7A,57481
MAP2K2,55103
CREB3L3,71
SIRT6,10059
ANKRD24,925
EBI3,5009
YJU2,14390
SHD,293
TMIGD2,133
FSD1,396
STAP2,18713
MPND,8736
SH3GL1,30420
CHAF1A,12523
UBXN6,52079
HDGFL2,25912
PLIN4,2595
PLIN5,5080
LRG1,20923
SEMA6B,4587
TNFAIP8L1,10123
MYDGF,86059
DPP9,20459
FEM1A,8466
TICAM1,14197
PLIN3,44432
ARRDC5,3116
UHRF1,18871
KDM4B,34228
PTPRS,68543
ZNRF4,2
TINCR,2937
SAFB2,36432
SAFB,45370
MICOS13,11393
LONP1,33504
CATSPERD,5
PRR22,2724
DUS3L,12621
NRTN,243
FUT6,437
FUT3,10117
FUT5,49
NDUFA11,34406
VMAC,15796
CAPS,14490
RANBP3,32251
RFX2,1818
ACSBG2,40
MLLT1,34567
ACER1,202
CLPP,30860
ALKBH7,30654
PSPN,438
GTF2F1,33588
KHSRP,42693
SLC25A41,29
SLC25A23,15457
CRB3,7184
DENND1C,17621
TNFSF9,442
CD70,1947
TNFSF14,4124
C3,276071
GPR108,22313
TRIP10,27685
SH2D3A,11243
VAV1,17296
ADGRE1,623
ZNF557,9266
INSR,22492
ARHGEF18,14990
PEX11G,2937
TEX45,202
ZNF358,21557
MCOLN1,19893
PNPLA6,19550
CAMSAP3,26760
XAB2,23209
PET100,19420
PCP2,3235
STXBP2,61869
RETN,11
MCEMP1,61
TRAPPC5,33574
FCER2,3644
CLEC4G,59
CD209,3177
CLEC4M,23
EVI5L,7887
PRR36,2969
LRRC8E,2789
MAP2K7,24140
TGFBR3L,455
SNAPC2,9170
CTXN1,39115
TIMM44,22040
ELAVL1,48508
CCL25,268
FBN3,75
CERS4,20666
CD320,9159
NDUFA7,11259
KANK3,3203
ANGPTL4,1611
RAB11B,49242
MARCHF2,11006
HNRNPM,39587
PRAM1,3074
ZNF414,11225
MYO1F,29508
ADAMTS10,9000
ACTL9,1
OR2Z1,14
ZNF558,4821
MUC16,412
OR1M1,3
OR7G2,4
OR7G1,3
OR7G3,3
ZNF317,12812
OR7D2,22
OR7D4,1
OR7E24,3
ZNF699,1527
ZNF559,7090
ZNF177,2012
ZNF266,6652
ZNF560,8
ZNF426,8108
ZNF121,20388
ZNF561,14292
ZNF562,13405
FBXL12,11081
UBL5,14611
PIN1,15531
OLFM2,7367
COL5A3,10721
RDH8,2
SHFL,30846
ANGPTL6,1523
PPAN,22471
P2RY11,12918
EIF3G,24834
DNMT1,44758
S1PR2,6256
ICAM1,44040
ICAM4,772
ICAM5,692
ZGLP1,3194
FDX2,11101
RAVER1,31480
ICAM3,18345
TYK2,47216
CDC37,92866
PDE4A,3653
KEAP1,28597
S1PR5,839
ATG4D,11975
KRI1,25000
CDKN2D,6424
AP1M2,8588
SLC44A2,101587
ILF3,65976
QTRT1,27289
DNM2,104727
TMED1,9842
C19ORF38,4683
CARM1,33069
YIPF2,18461
TIMM29,7120
SMARCA4,62684
LDLR,32980
SPC24,10592
KANK2,17364
DOCK6,14651
ANGPTL8,31
TSPAN16,1
RAB3D,24200
TMEM205,27321
CCDC159,19029
PLPPR2,10587
SWSAP1,8044
RGL3,2636
ODAD3,277
PRKCSH,48180
ELAVL3,16
ZNF653,5567
ECSIT,21302
CNN1,7248
ELOF1,23334
ZNF627,9016
ACP5,32031
ZNF823,5674
ZNF441,5341
ZNF491,587
ZNF440,2953
ZNF439,2129
ZNF69,4585
ZNF700,8138
ZNF763,447
ZNF433,2634
ZNF878,281
ZNF844,3157
ZNF20,962
ZNF625,4711
ZNF136,4721
ZNF44,8711
ZNF563,3084
ZNF442,688
ZNF799,2206
ZNF709,3006
ZNF564,2379
ZNF490,6920
ZNF791,7870
MAN2B1,46087
WDR83,4273
WDR83OS,50172
DHPS,15634
GNG14,26
FBXW9,3925
TNPO2,23321
TRIR,84181
GET3,24747
BEST2,13
HOOK2,14558
JUNB,154146
PRDX2,125207
THSD8,109
RNASEH2A,1965
RTBDN,59
MAST1,190
DNASE2,34456
KLF1,23
GCDH,6197
SYCE2,219
FARSA,26079
CALR,80243
RAD23A,33623
GADD45GIP1,36907
DAND5,116
NFIX,25781
LYL1,5483
TRMT1,14148
NACC1,50963
STX10,19765
IER2,79828
YJU2B,23259
MRI1,11155
C19ORF53,24770
ZSWIM4,6189
NANOS3,104
BRME1,1318
CC2D1A,15062
PODNL1,6392
DCAF15,17263
RFX1,11093
RLN3,6
IL27RA,10925
PALM3,669
C19ORF67,10
SAMD1,25492
PRKACA,68289
ASF1B,9396
ADGRL1,5977
ADGRE5,45675
DDX39A,29759
PKN1,27073
PTGER1,318
GIPC1,33854
DNAJB1,30543
TECR,11378
NDUFB7,52291
CLEC17A,2852
ADGRE3,100
ZNF333,6894
ADGRE2,5064
OR7C1,27
OR7A5,29
OR7A10,1
OR7A17,4
OR7C2,1
SLC1A6,57
CASP14,9008
OR1I1,2
SYDE1,3187
ILVBL,14247
NOTCH3,92555
EPHX3,234
BRD4,54820
AKAP8,13895
AKAP8L,38423
WIZ,26920
RASAL3,22671
PGLYRP2,4
CYP4F22,319
CYP4F8,5786
CYP4F3,45
CYP4F12,496
OR10H2,2
OR10H3,2
OR10H5,4
OR10H1,11
CYP4F2,5
CYP4F11,169
OR10H4,1
TPM4,86652
RAB8A,45900
HSH2D,19091
CIB3,166
FAM32A,28780
AP1M1,36359
KLF2,94901
EPS15L1,18071
CALR3,18
C19ORF44,3560
CHERP,21857
SLC35E1,26091
MED26,7745
SMIM7,27162
TMEM38A,702
NWD1,78
SIN3B,35569
F2RL3,928
CPAMD8,3249
HAUS8,3575
MYO9B,38310
USE1,11099
OCEL1,9454
NR2F6,51973
USHBP1,997
BABAM1,36921
ANKLE1,69793
ABHD8,10165
DDA1,19704
ANO8,40449
GTPBP3,13189
PLVAP,44507
CCDC194,4395
BST2,255781
MVB12A,18594
TMEM221,136
NXNL1,7
SLC27A1,8228
PGLS,45030
NIBAN3,7972
COLGALT1,74453
UNC13A,259
MAP1S,22350
FCHO1,8834
B3GNT3,6434
INSL3,937
JAK3,30618
SLC5A5,144
CCDC124,42300
KCNN1,286
ARRDC2,23712
IL12RB1,6971
MAST3,16170
PIK3R2,50811
IFI30,193255
MPV17L2,10093
RAB3A,3941
PDE4C,319
ENSG00000284797,33
IQCN,7882
JUND,134918
LSM4,59112
PGPEP1,20860
GDF15,6198
LRRC25,6902
SSBP4,5576
ISYNA1,10141
ELL,23430
FKBP8,20989
KXD1,51417
UBA52,205939
CRLF1,2174
TMEM59L,342
KLHL26,6213
CRTC1,11436
COMP,99703
UPF1,48534
COPE,56650
DDX49,21974
HOMER3,22116
SUGP2,50421
ARMC6,26267
SLC25A42,7578
TMEM161A,34073
MEF2B,13038
BORCS8,19253
RFXANK,35874
NR2C2AP,15404
NCAN,18
HAPLN4,200
TM6SF2,621
SUGP1,11535
MAU2,7783
GATAD2A,44486
TSSK6,1099
NDUFA13,26335
YJEFN3,5327
CILP2,3765
PBX4,3510
LPAR2,15468
GMIP,19210
ATP13A1,45383
ZNF101,12702
ZNF14,3536
ZNF253,5585
ZNF682,3069
ZNF90,2133
ZNF486,4662
ZNF626,8220
ZNF66,2187
ZNF85,3003
ZNF430,3380
ZNF714,2823
ZNF431,991
ZNF708,8739
ZNF738,2913
ZNF493,9963
ZNF429,24
ZNF100,1903
ZNF43,2350
ZNF257,502
ZNF676,286
ZNF98,130
ZNF492,104
ZNF99,14
ZNF723,3
ZNF728,44
ZNF730,268
ZNF724,1664
ZNF675,3449
ZNF681,1652
ZNF254,10469
UQCRFS1,2138
VSTM2B,9
POP4,9869
PLEKHF1,7851
C19ORF12,18534
CCNE1,2290
URI1,32952
ZNF536,7
TSHZ3,4254
ZNF507,9332
DPY19L3,8274
PDCD5,10248
ANKRD27,14340
RGS9BP,178
NUDT19,10556
TDRD12,41
SLC7A9,393
CEP89,7687
FAAP24,1202
RHPN2,6774
GPATCH1,4353
WDR88,95
LRP3,22104
SLC7A10,586
CEBPA,9582
CEBPG,16810
PEPD,16897
CHST8,522
KCTD15,11287
LSM14A,13988
GARRE1,12654
GPI,25891
PDCD2L,2030
UBA2,16958
WTIP,7368
SCGB2B2,29
ZNF302,1125
ZNF181,1840
ZNF599,4137
ZNF30,2044
ZNF792,1569
GRAMD1A,22325
SCN1B,5643
HPN,434
FXYD3,67060
LGI4,2895
FXYD1,2776
FXYD7,612
FXYD5,104218
FAM187B,39
LSR,58522
USF2,48398
HAMP,3284
CD22,11258
FFAR1,78
FFAR3,16
FFAR2,561
KRTDAP,59
DMKN,3707
SBSN,116
GAPDHS,7
TMEM147,28695
ATP4A,12
PMIS2,4
HAUS5,8271
RBM42,21053
ETV2,117
COX6B1,18909
UPK1A,346
ZBTB32,1728
KMT2B,26494
IGFLR1,20764
U2AF1L4,14492
PSENEN,25276
LIN37,3998
HSPB6,1464
PROSER3,9443
ARHGAP33,3015
PRODH2,3
NPHS1,137
KIRREL2,87
APLP1,1261
NFKBID,10212
HCST,10691
TYROBP,39561
LRFN3,5693
SDHAF1,7321
SYNE4,2565
ALKBH6,8823
CLIP3,3185
THAP8,2494
WDR62,2493
OVOL3,10
POLR2I,19076
TBCB,31332
CAPNS1,60060
COX7A1,8574
ZNF565,3342
ZNF146,24677
ZFP14,3732
ZFP82,2755
ZNF566,4292
ZNF260,6469
ZNF529,3281
ZNF382,1405
ZNF461,652
ZNF567,4552
ZNF850,1051
ZNF790,1325
ZNF345,6076
ZNF829,745
ZNF568,6042
ZNF420,1515
ZNF585A,2583
ZNF585B,3293
ZNF383,4546
ZNF875,1498
ZNF527,2337
ZNF569,1904
ZNF570,2221
ZNF793,2897
ZNF540,1493
ZNF571,1568
ZFP30,5604
ZNF781,547
ZNF607,1150
ZNF573,4733
WDR87,8
SIPA1L3,22591
DPF1,52
SPINT2,179889
PPP1R14A,3200
YIF1B,21232
C19ORF33,1026
KCNK6,11766
CATSPERG,3936
PSMD8,9993
GGN,158
SPRED3,2907
FAM98C,5795
RASGRP4,1064
RYR1,856
MAP4K1,22686
EIF3K,19399
ACTN4,62905
CAPN12,1172
LGALS7,12
LGALS4,415
ECH1,75860
HNRNPL,54879
RINL,3628
SIRT2,16418
NFKBIB,5793
CCER2,382
SARS2,3332
FBXO17,1633
FBXO27,2113
ACP7,73
PAK4,13908
NCCRP1,2280
SYCN,1
IFNL2,17
IFNL1,81
LRFN1,1941
GMFG,10895
SAMD4B,25856
PAF1,17215
MED29,12970
ZFP36,68368
PLEKHG2,8444
SUPT5H,38473
TIMM50,16129
DLL3,53
SELENOV,12
EID2B,1295
EID2,6228
LGALS13,4
LGALS16,2
LGALS14,14
CLC,2
DYRK1B,7351
FBL,25158
FCGBP,8269
PSMC4,24070
ZNF546,1980
ZNF780B,1294
ZNF780A,3867
MAP3K10,7482
TTC9B,14
CCNP,76
AKT2,26404
C19ORF47,7305
PLD3,111877
HIPK4,38
PRX,1434
SERTAD1,7582
SERTAD3,9682
BLVRB,42877
SPTBN4,296
SHKBP1,18976
LTBP4,21913
NUMBL,6197
COQ8B,7602
ITPKC,11424
ACTMAP,7708
SNRPA,22440
MIA,6679
RAB4B,21237
EGLN2,18651
CYP2A6,2
CYP2A7,2
CYP2B6,3
CYP2A13,1
CYP2S1,1919
AXL,31801
HNRNPUL1,37208
TGFB1,7715
CCDC97,17166
TMEM91,3977
B9D2,3070
EXOSC5,5859
BCKDHA,17930
B3GNT8,1482
DMAC2,8234
ERICH4,14
CEACAM21,2254
CEACAM4,324
CEACAM7,4995
CEACAM5,3595
CEACAM6,15948
CEACAM3,109
LYPD4,36
DMRTC2,614
CD79A,74285
ARHGEF1,65002
ERFL,1106
RABAC1,53750
ATP1A3,783
GRIK5,408
ZNF574,5726
POU2F2,10904
DEDD2,12241
ZNF526,5252
GSK3A,21879
ERF,16240
CIC,22432
PAFAH1B3,22964
PRR19,311
TMEM145,157
MEGF8,6448
CNFN,1216
LIPE,2203
CXCL17,24899
CEACAM1,2610
CEACAM8,1
PSG3,1
PSG2,1
PSG5,16
PSG4,52
CD177,937
TEX101,2
LYPD3,4333
PHLDB3,3494
ETHE1,17705
ZNF575,1334
XRCC1,13513
PINLYP,1874
IRGQ,13063
ZNF576,6475
SRRM5,345
ZNF428,13356
CADM4,6538
PLAUR,23954
IRGC,8
SMG9,6609
KCNN4,12627
LYPD5,1649
ZNF283,6205
ZNF404,577
ZNF45,1587
ZNF221,1476
ZNF155,2002
ZNF230,1109
ZNF222,809
ZNF223,3879
ZNF284,2399
ZNF224,8859
ZNF225,2513
ZNF234,3597
ZNF226,3070
ZNF227,2647
ZNF235,2867
ZNF233,159
ZNF112,576
ZNF285,734
ZNF229,963
ZNF180,4343
CEACAM20,22
PVR,4338
CEACAM19,1138
CEACAM16,101
BCL3,65071
CBLC,6377
BCAM,40878
NECTIN2,42716
TOMM40,8331
APOE,902871
APOC1,30216
APOC4,178
APOC2,10408
CLPTM1,48124
RELB,22400
CLASRP,20601
ZNF296,11940
GEMIN7,17593
MARK4,2939
PPP1R37,14967
NKPD1,175
TRAPPC6A,14985
BLOC1S3,6554
EXOC3L2,5174
KLC3,1046
ERCC2,8080
PPP1R13L,15769
POLR1G,3120
ERCC1,20271
FOSB,6195
RTN2,9909
PPM1N,172
VASP,59293
OPA3,5938
GPR4,4384
EML2,17384
GIPR,3326
SNRPD2,20396
QPCTL,7547
FBXO46,25722
MEIOSIN,6
SIX5,7031
DMPK,10509
DMWD,20205
RSPH6A,19
SYMPK,43766
FOXA3,38
IRF2BP1,8624
MYPOP,4199
NANOS2,1
NOVA2,3590
CCDC61,5966
PGLYRP1,2
IGFL4,142
IGFL3,542
IGFL2,1033
IGFL1,170
HIF3A,107
PPP5C,10149
CCDC8,4933
PNMA8C,57
PNMA8A,488
PPP5D1P,269
PNMA8B,750
CALM3,44947
PTGIR,4852
GNG8,647
DACT3,1689
PRKD2,39204
STRN4,20095
FKRP,4511
SLC1A5,46381
AP2S1,31727
ARHGAP35,19833
NPAS1,288
TMEM160,9988
ZC3H4,34169
SAE1,14245
BBC3,15644
CCDC9,22006
INAFM1,9346
C5AR1,8860
C5AR2,1610
DHX34,7069
MEIS3,2701
SLC8A2,44
KPTN,4977
NAPA,34858
ZNF541,505
BICRA,10753
EHD2,26341
NOP53,46948
SELENOW,74875
TPRX1,2
CRX,2
SULT2A1,2
ELSPBP1,3
PLA2G4C,14068
LIG1,15520
ZSWIM9,6206
ZNF114,112
ODAD1,230
EMP3,57683
TMEM143,3824
SYNGR4,75
KDELR1,16282
GRIN2D,634
GRWD1,12780
KCNJ14,1057
CYTH2,36374
LMTK3,1075
SULT2B1,3969
FAM83E,1875
SPACA4,32
SPHK2,5083
DBP,9491
CA11,2342
MAMSTR,1301
RASIP1,6612
IZUMO1,60
FUT1,879
BCAT2,8227
HSD17B14,5864
PLEKHA4,4571
PPP1R15A,11332
TULP2,53
NUCB1,91641
DHDH,615
BAX,37886
FTL,568580
GYS1,14778
RUVBL2,10780
LHB,14
ENSG00000268655,179
NTF4,204
KCNA7,4
SNRNP70,33741
LIN7B,3774
C19ORF73,1263
PPFIA3,1047
HRC,401
TRPM4,18649
SLC6A16,2729
CD37,70399
TEAD2,19039
DKKL1,138
KASH5,151
PTH2,27
GFY,1
SLC17A7,15
PIH1D1,21586
ALDH16A1,25406
FLT3LG,8869
FCGRT,67609
RCN3,26408
NOSIP,19497
PRRG2,2475
PRR12,15593
RRAS,21054
SCAF1,25807
IRF3,35265
BCL2L12,5968
PRMT1,22687
ADM5,3215
CPT1C,494
TSKS,274
AP2A1,40879
FUZ,4773
MED25,29127
PTOV1,35976
AKT1S1,24620
TBC1D17,16785
IL4I1,16416
NUP62,27992
ATF5,24877
SIGLEC11,459
VRK3,19119
ZNF473,2423
IZUMO2,1
MYH14,5336
KCNC3,5727
NR1H2,27248
NAPSA,280
POLD1,12392
SPIB,7951
MYBPC2,478
GARIN5A,889
EMC10,63717
JOSD2,12128
ASPDH,1
LRRC4B,688
SYT3,132
C19ORF81,78
SHANK1,153
CLEC11A,8848
GPR32,2
SMIM47,137
ACP4,5
KLK1,1531
KLK15,2
KLK3,15
KLK2,97
KLK4,911
KLK5,7284
KLK6,2680
KLK7,6881
KLK8,1183
KLK9,12
KLK10,2036
KLK11,435
KLK12,363
KLK13,97
KLK14,10
CTU1,1029
SIGLEC9,4344
SIGLEC7,2444
CD33,3304
SIGLECL1,4
IGLON5,37
VSIG10L,706
ETFB,26437
CLDND2,1514
NKG7,24189
LIM2,33
C19ORF84,60
SIGLEC10,5036
SIGLEC8,4530
SIGLEC12,526
SIGLEC6,1505
ZNF175,10414
SIGLEC5,1092
SIGLEC14,4284
SPACA6,3263
HAS1,653
FPR1,3921
FPR2,360
FPR3,26313
ZNF577,3289
ZNF649,4104
ZNF613,3107
ZNF350,6593
ZNF614,3451
ZNF432,3262
ZNF841,8329
ZNF836,4476
PPP2R1A,3001
ZNF766,8469
ZNF480,4502
ZNF610,849
ZNF880,3186
ZNF534,6
ZNF578,67
ZNF808,5633
ZNF83,15282
ZNF600,3114
ZNF320,859
ZNF888,1182
ZNF816,2112
ERVV-1,23
ERVV-2,4
ZNF160,9570
ZNF415,1713
ZNF347,1991
ZNF665,798
ZNF677,1626
VN1R2,3
VN1R4,1
ZNF765,3698
ZNF813,578
ZNF331,6347
DPRX,2
NLRP12,133
MYADM,44227
PRKCG,530
CACNG7,1
CACNG8,92
CACNG6,154
VSTM1,94
TARM1,3
OSCAR,4545
NDUFA3,45045
TFPT,8366
PRPF31,27818
CNOT3,14715
LENG1,6505
TMC4,2778
MBOAT7,36655
TSEN34,10263
LILRA6,905
LILRB5,3111
LILRB2,9723
LILRA5,1175
LILRA4,2697
LAIR1,34951
TTYH1,312
LENG8,178030
LENG9,6028
CDC42EP5,7663
LAIR2,276
LILRA2,534
LILRA1,726
LILRB1,8432
LILRB4,4568
KIR3DL3,1
KIR2DL4,281
FCAR,352
NCR1,1239
NLRP7,201
NLRP2,4379
GP6,442
RDH13,18319
EPS8L1,11306
PPP1R12C,24461
TNNT1,464
TNNI3,27
DNAAF3,538
SYT5,95
PTPRH,132
TMEM86B,4460
PPP6R1,41573
HSPBP1,9920
BRSK1,2001
TMEM150B,2033
KMT5C,9160
COX6B2,224
GARIN5B,13
IL11,875
TMEM190,49
TMEM238,21305
UBE2S,9327
SHISA7,7
ISOC2,19282
C19ORF85,8
ZNF628,3716
NAT14,11487
SSC5D,2595
SBK3,28
ZNF579,2748
FIZ1,2217
ZNF524,6856
ZNF784,4010
ZNF580,23437
ZNF581,7878
CCDC106,4009
U2AF2,12857
EPN1,25172
NLRP9,2
RFPL4A,17
RFPL4AL1,12
NLRP11,100
NLRP4,52
NLRP13,6
NLRP8,12
NLRP5,6
ZNF787,5804
ZNF444,13247
ZSCAN5B,14
ZSCAN5C,1
ZSCAN5A,1483
EDDM13,216
ZNF582,866
ZNF583,1251
ZNF667,784
ZNF471,793
ZFP28,1315
ZNF470,1133
ZNF71,3698
SMIM17,112
ZNF835,961
ZIM2,41
PEG3,831
ZIM3,1
ZNF264,21335
AURKC,1035
ZNF805,6804
ZNF460,20677
ZNF543,4885
ZNF304,5748
ZNF547,1310
ZNF548,7863
ZNF17,4971
VN1R1,619
ZNF772,1603
ZNF419,1152
ZNF773,410
ZNF549,2779
ZNF550,8025
ZNF416,2219
ZIK1,1240
ZNF530,1698
ZNF134,4609
ZNF211,4060
ZSCAN4,11
ZNF154,1315
ZNF671,5778
ZNF776,7104
ZNF586,5224
ZNF552,25501
ZNF587B,7729
ZNF587,5551
ZNF256,4198
C19ORF18,2123
ZNF606,13376
ZSCAN1,20
ZNF135,414
ZSCAN18,6704
ZNF329,4467
ZNF274,9476
ZNF544,26307
ZNF8,7332
ERVK3-1,1239
ZSCAN22,2865
ZNF497,1965
ZNF837,1105
ZNF584,2371
ZNF132,2224
ZNF324B,166
ZNF324,4086
ZNF446,6514
SLC27A5,2403
ZBTB45,14851
TRIM28,20453
CHMP2A,39901
UBE2M,6108
MZF1,4045
DEFB125,2
DEFB126,2
DEFB127,4
DEFB132,254
C20ORF96,12514
ZCCHC3,14186
SOX12,7009
NRSN2,5930
TRIB3,24293
RBCK1,30065
TBC1D20,22612
CSNK2A1,6638
TCF15,203
SRXN1,13199
SLC52A3,6720
FAM110A,26085
ANGPT4,124
RSPO4,574
PSMF1,67698
TMEM74B,5579
C20ORF202,232
RAD21L1,2063
SNPH,14494
SDCBP2,2029
NSFL1C,22481
SIRPB2,1295
SIRPD,205
SIRPB1,2450
SIRPG,5068
SIRPA,14326
PDYN,3
STK35,13773
TGM3,47
SNRPB,42114
ZNF343,5648
TMC2,29
NOP56,36716
IDH3B,33871
EBF4,2229
CPXM1,10596
C20ORF141,174
TMEM239,74
PCED1A,40595
VPS16,8348
PTPRA,14953
GNRH2,237
OXT,124
AVP,3
UBOX5,9437
FASTKD5,10000
LZTS3,2113
DDRGK1,41763
ITPA,33196
SLC4A11,2240
DNAAF9,11496
ATRN,17756
GFRA4,3
ADAM33,2938
SIGLEC1,10023
HSPA12B,3718
ADISSP,2851
SPEF1,743
CENPB,30298
CDC25B,30255
AP5S1,10813
MAVS,35593
PANK2,3978
RNF24,12087
SMOX,7605
ADRA1D,191
PRNP,34592
PRND,970
RASSF2,23312
SLC23A2,15755
TMEM230,9417
PCNA,5653
CDS2,23637
GPCPD1,35675
SHLD1,6706
CHGB,319
TRMT6,8530
MCM8,7816
CRLS1,20587
LRRN4,90
FERMT1,429
BMP2,875
HAO1,3
TMX4,25709
PLCB1,13230
PLCB4,11593
LAMP5,4796
PAK5,56
ANKEF1,7062
SNAP25,389
MKKS,8140
SLX4IP,8173
JAG1,41057
BTBD3,10115
SPTLC3,5111
ISM1,3644
TASP1,9314
ESF1,15600
NDUFAF5,6433
SEL1L2,12
MACROD2,1087
FLRT3,3691
KIF16B,35932
SNRPB2,12938
OTOR,58
PCSK2,21
BFSP1,2364
DSTN,63785
RRBP1,131318
BANF2,14
SNX5,13930
OVOL2,8445
MGME1,20708
KAT14,5139
PET117,5995
ZNF133,9530
DZANK1,1966
POLR3F,6317
RBBP9,9011
SEC23B,35095
SMIM26,22172
DTD1,12081
SCP2D1,13
SLC24A3,2731
RIN2,44253
NAA20,28581
CRNKL1,22607
CFAP61,371
INSM1,349
RALGAPA2,14120
KIZ,9049
XRN2,44374
NKX2-2,272
PAX1,143
SSTR4,5
THBD,9929
CD93,27663
NXT1,13058
GZF1,7982
NAPB,6033
CSTL1,2
CST8,2
CST9L,2
CST9,2
CST3,257849
CST4,675
CST2,170
CST5,8
GGTLC1,5
SYNDIG1,2072
CST7,22851
APMAP,65963
ACSS1,13975
VSX1,2
ENTPD6,24176
PYGB,38925
ABHD12,20358
GINS1,4885
NINL,3148
NANP,2608
ZNF337,9799
DEFB116,3
DEFB118,2
DEFB119,6
DEFB123,3
DEFB124,217
REM1,641
HM13,70994
ID1,19640
COX4I2,1519
BCL2L1,57019
TPX2,18574
MYLK2,231
FOXS1,3548
DUSP15,357
TTLL9,394
PDRG1,6648
XKR7,46
CCM2L,2880
HCK,16612
TM9SF4,24196
PLAGL2,4501
POFUT1,12544
KIF3B,14463
ASXL1,43626
NOL4L,9797
COMMD7,23406
DNMT3B,3791
MAPRE1,21954
EFCAB8,337
BPIFB2,58
BPIFB3,1
BPIFA2,2
BPIFA1,5
BPIFB1,58
CDK5RAP1,11278
SNTA1,5177
CBFA2T2,23446
NECAB3,12572
C20ORF144,1
ACTL10,1697
E2F1,10299
PXMP4,5809
ZNF341,2352
CHMP4B,43363
RALY,21289
EIF2S2,537
ASIP,84
AHCY,22620
ITCH,31009
DYNLRB1,31640
MAP1LC3A,7578
PIGU,6547
NCOA6,12197
TP53INP2,17487
GGT7,7943
ACSS2,12351
GSS,31799
MYH7B,237
TRPC4AP,43612
EDEM2,24177
PROCR,3182
MMP24OS,32691
MMP24,259
EIF6,37955
FAM83C,5
UQCC1,16154
GDF5-AS1,1
GDF5,14
CEP250,10287
C20ORF173,1
ERGIC3,96219
SPAG4,10637
CPNE1,68536
RBM12,10792
NFS1,13348
ROMO1,51787
RBM39,59613
PHF20,17727
SCAND1,22093
EPB41L1,6069
AAR2,9592
DLGAP4,46822
MYL9,108290
TGIF2,8625
RAB5IF,39515
SLA2,5443
NDRG3,18841
DSN1,12595
SOGA1,32398
TLDC2,103
SAMHD1,72298
RBL1,7028
RPN2,42020
GHRH,6
MANBAL,19420
SRC,16809
BLCAP,19387
NNAT,77
CTNNBL1,9057
VSTM2L,2322
TTI1,7739
RPRD1B,14586
TGM2,33832
KIAA1755,5442
BPI,217
LBP,11713
RALGAPB,27065
ADIG,19
ARHGAP40,758
SLC32A1,6
ACTR5,7139
PPP1R16B,9037
FAM83D,6531
DHX35,8243
MAFB,39268
TOP1,53531
PLCG1,35602
ZHX3,7688
LPIN3,7989
EMILIN3,195
CHD6,22696
PTPRT,5341
SRSF6,4189
L3MBTL1,2835
SGK2,323
IFT52,7712
MYBL2,26939
GTSF1L,398
TOX2,3956
JPH2,326
OSER1,12368
GDAP1L1,3
FITM2,6527
R3HDML,2
TTPAL,6903
SERINC3,47140
PKIG,11783
ADA,10267
CCN5,2137
KCNK15,559
RIMS4,29
YWHAB,30552
PABPC1L,16833
TOMM34,7927
STK4,61735
KCNS1,32
WFDC5,11
WFDC12,4
PI3,96
SEMG1,3
SEMG2,1
SLPI,12044
RBPJL,1
SDC4,67335
SYS1,18971
TP53TG5,11
DBNDD2,14183
PIGT,33518
WFDC2,12420
SPINT3,18
WFDC6,623
EPPIN,9
WFDC8,2
WFDC9,2
WFDC10A,3
WFDC11,4
WFDC10B,82
WFDC13,1
SPINT4,2
WFDC3,712
DNTTIP1,17408
UBE2C,7470
TNNC2,614
SNX21,10256
ACOT8,6728
ZSWIM3,2177
ZSWIM1,8480
NEURL2,949
CTSA,66232
PLTP,33425
PCIF1,17078
ZNF335,10144
MMP9,33145
SLC12A5,46
NCOA5,14063
CD40,20132
CDH22,700
SLC35C2,22655
ELMO2,19592
ZNF334,924
OCSTAMP,11
SLC13A3,516
TP53RK,13348
SLC2A10,34979
EYA2,2782
ZMYND8,40878
NCOA3,35016
SULF2,35286
PREX1,21140
ARFGEF2,32704
CSE1L,12142
STAU1,67652
DDX27,25116
ZNFX1,22300
KCNB1,206
PTGIS,15380
B4GALT5,18531
SLC9A8,9124
SPATA2,4772
RNF114,44123
SNAI1,384
UBE2V1,42372
PEDS1,24415
CEBPB,44924
PTPN1,48271
RIPOR3,2757
PARD6B,4134
BCAS4,11485
ADNP,24616
DPM1,31266
MOCS3,6283
KCNG1,1121
NFATC2,21029
ATP9A,18360
SALL4,598
ZFP64,9338
TSHZ2,11793
ZNF217,38415
CYP24A1,41
PFDN4,897
DOK5,1128
CBLN4,434
MC3R,14
FAM210B,17245
AURKA,2336
CSTF1,11175
CASS4,1188
RTF2,32540
GCNT7,5
FAM209B,183
TFAP2C,16454
BMP7,1177
SPO11,2
RAE1,17145
RBM38,10824
CTCFL,2
PCK1,6
ZBP1,27532
PMEPA1,51641
RAB22A,13954
VAPB,18225
APCDD1L,316
STX16,51542
NPEPL1,25416
NELFCD,41712
CTSZ,201812
TUBB1,47
ATP5F1E,51146
PRELID3B,15379
ZNF831,4759
EDN3,113
PHACTR3,17
SYCP2,8468
FAM217B,6765
PPP1R3D,8330
CDH26,677
CDH4,52
TAF4,17416
LSM14B,23340
PSMA7,52463
SS18L1,17282
MTG2,11755
HRH3,14
OSBPL2,32790
ADRM1,44333
LAMA5,68203
CABLES2,5193
RBBP8NL,2959
GATA5,8
SLCO4A1,715
NTSR1,28
MRGBP,8234
OGFR,42679
COL9A3,4514
TCFL5,3750
DIDO1,35463
GID8,37405
SLC17A9,9877
BHLHE23,8
YTHDF1,2969
BIRC7,874
NKAIN4,20
ARFGAP1,21595
COL20A1,28
CHRNA4,294
KCNQ2,86
EEF1A2,2907
PPDPF,88189
PTK6,3676
SRMS,6601
FNDC11,270
HELZ2,11233
GMEB2,8503
STMN3,8531
RTEL1,10957
TNFRSF6B,3440
ARFRP1,32101
ZGPAT,30915
LIME1,11915
SLC2A4RG,45645
ZBTB46,8025
ABHD16B,9
TPD52L2,36075
DNAJC5,31690
UCKL1,21943
ZNF512B,21834
SAMD10,2512
PRPF6,43559
C20ORF204,1342
SOX18,12890
TCEA2,7067
RGS19,16595
OPRL1,705
LKAAEAR1,89
MYT1,123
NPBWR2,1
PCMTD2,30460
TPTE,3
RBM11,943
HSPA13,20005
SAMSN1,16408
NRIP1,26974
USP25,47278
CXADR,2169
BTG3,6952
C21ORF91,10931
CHODL,584
TMPRSS15,5
NCAM2,2635
JAM2,5871
ATP5PF,20228
GABPA,12681
APP,305995
CYYR1,6799
ADAMTS1,39427
ADAMTS5,2275
N6AMT1,6128
LTN1,14217
RWDD2B,7736
USP16,18059
CCT8,33736
MAP3K7CL,7662
BACH1,36340
GRIK1,27
CLDN17,2
CLDN8,9303
KRTAP24-1,2
KRTAP25-1,1
KRTAP26-1,2
KRTAP27-1,2
KRTAP13-2,4
KRTAP13-1,2
KRTAP13-3,2
KRTAP13-4,5
KRTAP15-1,3
KRTAP19-1,1
KRTAP19-3,1
KRTAP19-4,1
KRTAP19-5,3
KRTAP19-6,2
KRTAP19-7,1
KRTAP22-2,2
KRTAP6-3,2
KRTAP6-2,1
KRTAP22-1,1
KRTAP6-1,2
KRTAP20-1,3
KRTAP20-4,1
KRTAP20-3,3
KRTAP21-2,2
KRTAP21-1,1
KRTAP8-1,4
KRTAP7-1,12
KRTAP11-1,30
KRTAP19-8,30
TIAM1,12349
SOD1,41670
SCAF4,23993
HUNK,2167
MIS18A,8048
MRAP,16
URB1,23265
EVA1C,3651
TCP10L,952
CFAP298,42139
SYNJ1,8655
PAXBP1,18033
OLIG2,6
OLIG1,67
IFNAR2,34882
IL10RB,21787
IFNAR1,45555
IFNGR2,55457
TMEM50B,18890
DNAJC28,1704
GART,21520
SON,27089
DONSON,8792
CRYZL1,4515
ITSN1,6520
ATP5PO,2968
SLC5A3,24097
KCNE2,104
RCAN1,14861
CLIC6,1002
RUNX1,73329
SETD4,11575
CBR1,8239
CBR3,10078
DOP1B,11291
MORC3,30684
CHAF1B,5367
CLDN14,339
SIM2,118
HLCS,11886
RIPPLY3,93
PIGP,7338
TTC3,59356
VPS26C,18650
DYRK1A,24330
KCNJ6,105
KCNJ15,910
ERG,5791
ETS2,19236
PSMG1,11567
BRWD1,20637
HMGN1,52406
GET1,16526
LCA5L,1610
SH3BGR,836
B3GALT5,280
IGSF5,128
PCP4,63
DSCAM,24
BACE2,16463
FAM3B,21395
MX2,14576
MX1,55333
TMPRSS2,5591
RIPK4,6875
PRDM15,5393
C2CD2,8071
ZBTB21,10583
UMODL1,272
ABCG1,24913
TFF3,31621
TFF2,83
TFF1,2130
TMPRSS3,1229
UBASH3A,6283
RSPH1,1701
SLC37A1,18669
PDE9A,2227
WDR4,9890
NDUFV3,31916
PKNOX1,6884
CBS,9442
CRYAA,5
HSF2BP,1228
RRP1B,13308
PDXK,70432
CSTB,42965
RRP1,18155
AGPAT3,39333
TRAPPC10,37409
GATD3,28718
AIRE,60
CFAP410,10158
TRPM2,11059
LRRC3,1768
TSPEAR,45
KRTAP10-1,4
KRTAP10-2,10
KRTAP10-3,4
KRTAP10-5,3
KRTAP10-7,3
KRTAP10-8,1
KRTAP10-11,3
KRTAP12-4,7
KRTAP12-3,6
KRTAP12-2,8
KRTAP12-1,2
UBE2G2,31879
SUMO3,89996
PTTG1IP,82940
ITGB2,68152
SLX9,10361
ADARB1,10763
POFUT2,14731
COL18A1,84646
SLC19A1,15835
PCBP3,1043
COL6A1,204827
COL6A2,304565
FTCD,177
SPATC1L,10313
LSS,32886
MCM3AP,21960
YBEY,5136
C21ORF58,5609
PCNT,11082
DIP2A,26003
S100B,2627
PRMT2,67479
CCT8L2,7
XKR3,37
GAB4,9
IL17RA,14347
TMEM121B,507
HDHD5,13821
ADA2,80939
CECR2,9659
SLC25A18,8476
ATP6V1E1,27457
BCL2L13,42098
BID,19784
MICAL3,31042
PEX26,16539
USP18,17860
DGCR2,27698
ESS2,8308
TSSK2,26
SLC25A1,28611
CLTCL1,1044
HIRA,8644
C22ORF39,5917
UFD1,21758
CDC45,5122
CLDN5,11807
SEPTIN5,14105
GP1BB,3943
TBX1,1788
GNB1L,5092
RTL10,14311
TXNRD2,15338
COMT,102856
ARVCF,18042
TANGO2,12097
DGCR8,15605
TRMT2A,10393
ZDHHC8,12653
CCDC188,525
RTN4R,2067
ZNF74,2499
SCARF2,9759
KLHL22,20839
MED15,58667
PI4KA,33637
SERPIND1,11
SNAP29,24897
CRKL,30985
AIFM3,1640
LZTR1,18919
THAP7,8799
P2RX6,104
SLC7A4,44
LRRC74B,12
ENSG00000290983,50
HIC2,2825
UBE2L3,13990
YDJC,8721
CCDC116,108
SDF2L1,46188
PPIL2,18320
YPEL1,3631
MAPK1,50175
PPM1F,20261
TOP3B,12813
VPREB1,12
ZNF280B,452
ZNF280A,18
PRAME,117
IGLC1,527467
IGLC7,5957
RSPH14,111
GNAZ,817
RAB36,799
BCR,23486
IGLL1,9
DRICH1,1035
RGL4,814
ZNF70,5313
VPREB3,3140
C22ORF15,124
CHCHD10,12591
MMP11,38304
SMARCB1,42533
DERL3,75635
SLC2A11,8708
MIF,209209
GSTT2B,422
DDTL,2046
DDT,40042
GSTT4,11
CABIN1,32410
SUSD2,22088
GGT5,19326
SPECC1L,29465
ADORA2A,6725
UPB1,390
GUCD1,60298
SNRPD3,977
LRRC75B,25120
PIWIL3,3
SGSM1,1146
LHFPL7,2
KIAA1671,25517
CRYBB3,922
CRYBB2,3
ENSG00000290796,270
GRK3,18256
MYO18B,33
SEZ6L,95
ASPHD2,3122
HPS4,14210
SRRD,10498
TFIP11,13099
TPST2,18899
CRYBB1,564
CRYBA4,180
MN1,5030
PITPNB,28431
TTC28,6378
CHEK2,6164
HSCB,8046
CCDC117,12232
XBP1,509816
ZNRF3,3840
C22ORF31,24
KREMEN1,7026
EMID1,2369
RHBDD3,4902
EWSR1,36736
GAS2L1,7916
RASL10A,975
AP1B1,67729
RFPL1,13
NEFH,324
THOC5,10035
NIPSNAP1,23779
NF2,17909
CABP7,28
ZMAT5,16397
UQCR10,44329
ASCC2,24851
MTMR3,29240
HORMAD2,27
LIF,2476
OSM,2651
CASTOR1,4957
TBC1D10A,18754
SF3A1,24094
CCDC157,2304
RNF215,8175
SEC14L2,24064
MTFP1,4955
SEC14L4,42
SEC14L6,60
GAL3ST1,111
PES1,22322
TCN2,13123
SLC35E4,1428
DUSP18,5386
OSBP2,6119
MORC2,40317
SMTN,15228
SELENOM,47696
INPP5J,1135
PLA2G3,1
RNF185,12056
LIMK2,33293
PIK3IP1,20253
PATZ1,23377
EIF4ENIF1,11777
SFI1,16617
PISD,20206
PRR14L,19061
DEPDC5,9680
YWHAH,44991
SLC5A1,455
RFPL2,40
SLC5A4,1388
RFPL3,11
RTCB,31867
BPIFC,3
FBXO7,42039
SYN3,190
TIMP3,168345
LARGE1,11210
ISX,1223
HMGXB4,16677
TOM1,15295
HMOX1,41921
MCM5,21120
RASD2,2088
MB,6019
APOL6,119310
APOL5,37
RBFOX2,21971
APOL3,43830
APOL4,2674
APOL2,71215
APOL1,71382
MYH9,117260
TXN2,23336
FOXRED2,10843
EIF3D,34155
CACNG2,2
IFT27,26143
PVALB,10955
NCF4,19950
CSF2RB,16714
TEX33,6
TST,6434
MPST,16306
KCTD17,6467
TMPRSS6,241
IL2RB,22420
C1QTNF6,11145
SSTR3,225
RAC2,66880
CYTH4,27509
ELFN2,3302
MFNG,14914
CARD10,5791
CDC42EP1,20031
LGALS2,9732
GGA1,24602
SH3BP1,21672
PDXP,3036
LGALS1,237670
NOL12,13006
TRIOBP,27153
H1-0,103007
GCAT,5510
GALR3,53
ANKRD54,9334
EIF3L,39709
MICALL1,2868
C22ORF23,47
POLR2F,12165
SOX10,1955
PICK1,16274
SLC16A8,42
BAIAP2L2,452
PLA2G6,13377
MAFF,4420
TMEM184B,68812
CSNK1E,40769
KCNJ4,4
KDELR3,9545
DDX17,78636
DMC1,934
FAM227A,4318
CBY1,6540
TOMM22,18047
JOSD1,21357
GTPBP1,47656
SUN2,59683
DNAL4,12238
NPTXR,11409
CBX6,25680
APOBEC3A,1023
APOBEC3B,1218
APOBEC3C,22968
APOBEC3D,8836
APOBEC3F,6250
APOBEC3G,23900
APOBEC3H,2266
CBX7,8621
PDGFB,18690
SYNGR1,15685
TAB1,11839
MGAT3,2853
MIEF1,7151
ATF4,63769
CACNA1I,1000
ENTHD1,177
GRAP2,10318
TMA7B,1948
FAM83F,10109
TNRC6B,30933
ADSL,24414
SGSM3,39652
MRTFA,28705
MCHR1,86
SLC25A17,12266
ST13,7102
XPNPEP3,3677
RBX1,29770
EP300,42940
L3MBTL2,17947
CHADL,462
RANGAP1,35967
ZC3H7B,25187
TEF,4122
TOB2,11540
ACO2,19870
PHF5A,13981
POLR3H,15532
CSDC2,454
PMM1,11370
DESI1,16661
XRCC6,19265
SNU13,66429
MEI1,2108
CCDC134,9052
SREBF2,77542
SHISA8,1754
TNFRSF13C,11428
CENPM,12789
SEPTIN3,2090
WBP2NL,1639
NAGA,18571
PHETA2,5662
SMDT1,38530
NDUFA6,13951
CYP2D6,291
TCF20,13159
NFAM1,3993
RRP7A,12118
SERHL2,131594
POLDIP3,30505
CYB5R3,67854
ATP5MGL,487
A4GALT,5913
ARFGAP3,42899
PACSIN2,26066
TTLL1,6933
BIK,19154
MCAT,9132
TSPO,83141
TTLL12,27079
SCUBE1,473
MPPED1,98
EFCAB6,2851
SULT4A1,12
PNPLA5,2
PNPLA3,386
SAMM50,12097
PARVB,10227
PARVG,24420
SHISAL1,659
RTL6,11644
PRR5,7578
ARHGAP8,70860
PHF21B,52
NUP50,16494
KIAA0930,36986
UPK3A,208
FAM118A,2882
SMC1B,1423
RIBC2,4030
FBLN1,40072
ATXN10,22961
WNT7B,8054
PPARA,5581
CDPF1,5150
PKDREJ,10
TTC38,4066
GTSE1,6201
TRMU,12711
CELSR1,9315
GRAMD4,27050
CERK,10962
TBC1D22A,14756
TAFA5,841
BRD1,37226
ZBED4,9246
ALG12,20913
CRELD2,44639
PIM3,21517
IL17REL,772
TTLL8,6
MLC1,177
MOV10L1,337
PANX2,433
TRABD,59839
SELENOO,20496
TUBGCP6,34151
HDAC10,12826
MAPK12,4153
MAPK11,8288
PLXNB2,136090
DENND6B,6514
PPP6R2,50942
SBF1,16971
ADM2,5471
MIOX,174
LMF2,34466
NCAPH2,27295
SCO2,26614
TYMP,156887
ODF3B,63722
KLHDC7B,6189
SYCE3,1063
CPT1B,9105
CHKB,30166
MAPK8IP2,2237
ARSA,55690
SHANK3,3954
PLCXD1,6018
GTPBP6,24915
PPP2R3B,9478
CRLF2,170
CSF2RA,27093
IL3RA,8366
SLC25A6,22428
ASMTL,18748
P2RY8,10690
AKAP17A,33255
ASMT,171
DHRSX,11921
ZBED1,18693
CD99,70670
XG,1665
GYG2,2662
ARSD,12188
ARSL,560
ARSH,89
ARSF,54
MXRA5,23958
PRKX,1379
NLGN4X,445
PUDP,1024
STS,9517
PNPLA4,5957
ANOS1,8595
FAM9B,2
TBL1X,4474
GPR143,679
SHROOM2,2228
CLDN34,87
WWC3,41846
CLCN4,2209
MID1,3314
HCCS,9730
ARHGAP6,2996
AMELX,2
MSL3,1891
FRMPD4,34
PRPS2,18727
TLR7,9402
TLR8,1412
TMSB4X,1099074
FAM9C,58
EGFL6,1806
TCEANC,2170
RAB9A,14104
OFD1,16567
GPM6B,1193
GEMIN8,3898
GLRA2,6
FANCB,2858
MOSPD2,12728
ASB9,876
ASB11,7
PIGA,3021
VEGFD,242
PIR,5254
BMX,355
ACE2,113
CLTRN,343
CA5B,6423
ZRSR2,5276
AP1S2,13307
GRPR,338
MAGEB17,26
CTPS2,9461
S100G,2
SYAP1,40338
TXLNG,6456
RBBP7,21877
REPS2,3472
NHS,2001
SCML1,4913
RAI2,2965
SCML2,252
CDKL5,7594
RS1,15
PPEF1,695
PHKA2,10939
ADGRG2,326
PDHA1,37864
MAP3K15,28
SH3KBP1,23643
BCLAF3,12577
MAP7D2,100
EIF1AX,2730
CNKSR2,1081
KLHL34,156
SMPX,28
MBTPS2,5884
YY2,853
SMS,36483
PHEX,1077
CBLL2,43
DDX53,2
PTCHD1,2524
PRDX4,92910
ACOT9,26154
SAT1,241623
APOO,5534
CXORF58,53
KLHL15,4016
EIF2S3,10279
ZFX,8736
PDK3,4786
PCYT1B,135
POLA1,10873
ARX,1226
MAGEB18,3
MAGEB6B,1
MAGEB5,3
PPP4R3C,1
DCAF8L2,2
MAGEB10,1
IL1RAPL1,36
MAGEB2,19
MAGEB4,4
NR0B1,10
TASL,9787
TAB3,10582
FTHL17,3
DMD,3510
FAM47A,58
TMEM47,3841
FAM47B,3
MAGEB16,4
CFAP47,432
PRRG1,3402
LANCL3,273
XK,252
CYBB,50221
DYNLT3,11009
H2AP,41
H2AL3,19
SYTL5,5145
SRPX,4944
RPGR,4522
OTC,5
TSPAN7,5158
MID1IP1,24383
BCOR,13222
ATP6AP2,43211
MPC1L,19
CXORF38,11773
MED14,16395
USP9X,53601
DDX3X,23755
NYX,11
CASK,45964
GPR34,11830
PPP1R2C,30
MAOA,607
MAOB,3499
NDP,54
EFHC2,2006
FUNDC1,5856
KDM6A,17394
DIPK2B,4774
KRBOX4,5406
ZNF674,1162
CHST7,2418
SLC9A7,13229
RP2,12937
JADE3,8584
RGN,312
NDUFB11,43117
RBM10,21261
UBA1,35394
CDK16,27155
USP11,14028
ZNF157,33
ZNF41,5453
ARAF,30674
SYN1,238
TIMP1,403635
CFP,5313
ELK1,7874
UXT,43054
ZNF182,4037
ZNF630,3237
SSX5,3
SSX3,2
SLC38A5,7853
FTSJ1,11602
PORCN,4392
EBP,21870
TBC1D25,2635
RBM3,66405
WDR13,25131
WAS,20450
SUV39H1,6219
GLOD5,110
GATA1,65
HDAC6,18902
ERAS,45
PCSK1N,881
PQBP1,29763
TIMM17B,12815
SLC35A2,4138
PIM2,156513
OTUD5,29201
KCND1,1201
GRIPAP1,30923
TFE3,18342
CCDC120,9545
PRAF2,10172
WDR45,15301
GPKOW,10150
MAGIX,1461
PLP2,19979
PRICKLE3,7418
SYP,456
CACNA1F,283
CCDC22,3784
FOXP3,7913
PPP1R3F,3059
GAGE10,78
PAGE4,5
USP27X,854
CLCN5,8309
AKAP4,1
CCNB3,118
DGKK,1
SHROOM4,1783
BMP15,4
NUDT10,88
EZHIP,207
NUDT11,123
CENPVL3,3
GSPT2,3261
MAGED1,75968
SPANXN5,1
XAGE5,2
XAGE3,1
GPR173,1703
TSPYL2,14865
KANTR,1176
KDM5C,48412
IQSEC2,9020
SMC1A,45035
RIBC1,1226
HSD17B10,32474
HUWE1,27219
PHF8,15147
FAM120C,8386
WNK3,201
TSR2,20453
FGD1,2581
GNL3L,21052
ITIH6,3041
MAGED2,142019
TRO,1829
PFKFB1,548
APEX2,15980
ALAS2,13
PAGE2,1
FAM104B,7104
MAGEH1,20847
USP51,1440
FOXR2,1
RRAGB,4146
KLF8,9508
UBQLN2,25400
NBDY,3582
SPIN3,9096
SPIN2B,520
FAAH2,5576
ZXDB,1794
NLRP2B,32
ZXDA,351
SPIN4,7847
ARHGEF9,4278
AMER1,3319
ASB12,134
MTMR8,860
ZC4H2,1443
ZC3H12B,258
LAS1L,10170
MSN,87802
VSIG4,5206
HEPH,4279
EDA2R,1133
AR,86008
OPHN1,2615
YIPF6,14851
STARD8,5473
EFNB1,7899
PJA1,9965
NALF2,2936
EDA,1831
AWAT2,6
OTUD6A,1
IGBP1,18788
DGAT2L6,4
AWAT1,1
ARR3,5
PDZD11,15295
RAB41,8
KIF4A,2929
GDPD2,49
DLG3,17374
TEX11,427
SLC7A3,37
SNX12,29655
FOXO4,6266
CXORF65,2177
IL2RG,68945
MED12,17978
NLGN3,966
GJB1,15
ZMYM3,12052
NONO,26828
ITGB1BP2,1467
TAF1,7682
OGT,104432
GCNA,1243
CXCR3,10095
ENSG00000283599,15
NHSL2,3857
RTL5,1536
PIN4,7424
ERCC6L,1675
CITED1,1080
HDAC8,9864
PHKA1,9908
PABPC1L2A,1
NAP1L2,1261
CDX4,3
CHIC1,3949
ZCCHC13,3
SLC16A2,15566
RLIM,5953
NEXMIF,1248
ABCB7,11870
UPRT,6881
ZDHHC15,389
MAGEE2,8
PBDC1,19130
MAGEE1,1977
FGF16,53
ATRX,39200
MAGT1,38020
COX7B,16906
ATP7A,8217
PGK1,5695
TAF9B,2555
CYSLTR1,6145
RTL3,115
LPAR4,242
P2RY10,18884
GPR174,12254
ITM2A,21775
TBX22,1
TENT5D,2
BRWD3,10364
HMGN5,8032
SH3BGRL,63751
POU3F4,1
CYLC1,2
HDX,2149
APOOL,8621
ZNF711,4972
POF1B,13884
CHM,5859
DACH2,9
KLHL4,297
CPXCR1,1
PABPC5,730
PCDH11X,25
NAP1L3,829
FAM133A,38
DIAPH2,5959
RPA4,1080
PCDH19,430
TNMD,62
TSPAN6,15437
SRPX2,7743
SYTL4,2613
CSTF2,4455
NOX1,9
XKRX,144
ARL13A,3
TRMT2B,11128
TMEM35A,106
CENPI,3848
DRP2,499
TAF7L,813
TIMM8A,6812
BTK,12894
GLA,7123
HNRNPH2,21656
ARMCX4,1234
ARMCX1,5510
ARMCX6,6304
ARMCX3,23152
ARMCX2,6852
ENSG00000290798,98
ZMAT1,9349
TCEAL2,106
TCEAL6,208
BEX5,3129
TCP11X1,1
TMSB15A,612
ARMCX5,6195
GPRASP1,3773
GPRASP2,1912
BEX1,47
NXF3,22
BEX4,16786
TCEAL8,24942
TCEAL5,28
BEX2,182
TCEAL7,349
TCEAL9,5901
BEX3,13261
RAB40A,108
TCEAL4,18234
TCEAL3,7419
TCEAL1,11088
MORF4L2,20885
TMEM31,206
PLP1,244
RAB9B,628
TMSB15B,1738
H2BW2,1
TMSB15C,287
SLC25A53,1661
ZCCHC18,865
FAM199X,26024
ESX1,1
IL1RAPL2,438
NRK,4157
SERPINA7,1
PWWP3B,383
RADX,664
RNF128,1724
TBC1D8B,5159
MORC4,5645
RIPPLY1,18
CLDN2,29
RBM41,9714
NUP62CL,472
DNAAF6,2
FRMPD3,589
PRPS1,6984
TSC22D3,40808
NCBP2L,114
MID2,4992
VSIG1,440
PSMD10,21740
ATG4A,8647
COL4A6,910
COL4A5,11545
IRS4,39
GUCY2F,10
NXT2,6129
KCNE5,83
ACSL4,11407
TMEM164,8539
AMMECR1,6780
RTL9,10
CHRDL1,5425
PAK3,443
CAPN6,847
DCX,46
SERTM2,22
ALG13,32985
TRPC5,2
TRPC5OS,35
LHFPL1,228
AMOT,12213
HTR2C,1
IL13RA2,242
LRCH2,1399
LUZP4,2
PLS3,19446
AGTR2,8
SLC6A14,1082
CT83,2
KLHL13,2026
WDR44,10022
DOCK11,17373
IL13RA1,47637
ZCCHC12,92
LONRF3,1874
KIAA1210,5
PGRMC1,57012
SLC25A43,7127
SLC25A5,1305
UBE2A,30177
STEEP1,14226
NKRF,7280
SEPTIN6,32928
SOWAHD,1179
UPF3B,5465
RNF113A,10600
NDUFA1,50484
AKAP14,31
NKAP,8935
RHOXF1,188
ZBTB33,14027
TMEM255A,128
ATP1B4,1
LAMP2,70656
CUL4B,26265
MCTS1,17843
C1GALT1C1,18075
CT47B1,1
GRIA3,260
THOC2,15632
XIAP,14944
STAG2,32254
SH2D1A,10147
TEX13D,32
TENM1,543
TEX13C,2
DCAF12L2,233
DCAF12L1,1
PRR32,5
SMARCA1,3719
OCRL,7166
APLN,383
XPNPEP2,218
SASH3,34564
ZDHHC9,11286
UTP14A,2770
BCORL1,2315
ELF4,9232
AIFM1,20479
RAB33A,1437
ZNF280C,3353
SLC25A14,2152
GPR119,2
RBMX2,4869
ENOX2,5349
ARHGAP36,3
IGSF1,84
OR13H1,4
STK26,8248
FRMD7,10
RAP2C,23051
MBNL3,6701
HS6ST2,4715
USP26,12
GPC4,10158
GPC3,1447
CCDC160,3338
PHF6,9986
HPRT1,9815
PLAC1,157
PABIR2,20279
PABIR3,4865
MOSPD1,3388
SMIM10,1049
RTL8B,5923
RTL8C,18253
RTL8A,4008
SMIM10L2B,303
CT55,26
ZNF75D,6868
ETDC,1
ZNF449,4173
SMIM10L2A,214
INTS6L,8684
SAGE1,2
MMGT1,9703
SLC9A6,6575
FHL1,632
MAP7D3,2537
ADGRG4,3
BRS3,4
HTATSF1,19016
VGLL1,643
CD40LG,5460
ARHGEF6,17671
RBMX,24366
GPR101,4
ZIC3,2
FGF13,4403
MCF2,291
ATP11C,7594
SOX3,21
CDR1,17
SPANXB1,4
LDOC1,13967
MAGEC3,18
MAGEC1,172
MAGEC2,3
SPANXN3,3
SLITRK4,921
SLITRK2,63
FMR1,17828
FMR1NB,19
AFF2,1646
IDS,28984
EOLA1,6467
HSFX3,10
MAGEA9B,5
TMEM185A,19866
MAGEA11,2
MAMLD1,2023
MTM1,9462
MTMR1,14703
CD99L2,8710
HMGB3,2532
VMA21,20042
PASD1,4
PRRG3,34
FATE1,49
MAGEA4,13
GABRE,14975
GABRA3,1
GABRQ,15
CSAG1,38
MAGEA12,5
CETN2,25739
NSDHL,13172
ZNF185,5438
PNMA5,20
PNMA3,706
PNMA6A,84
PNMA6F,1
ZNF275,9715
PNMA6E,1
ZFP92,562
TREX2,6
BGN,170802
ATP2B3,7
CCNQ,7313
DUSP9,108
PNCK,227
SLC6A8,10325
BCAP31,58167
ABCD1,17108
SRPK3,14561
IDH3G,29465
SSR4,150856
PDZD4,683
L1CAM,3207
AVPR2,170
ARHGAP4,46424
NAA10,20891
RENBP,10706
HCFC1,21765
TMEM187,4954
IRAK1,20242
MECP2,14975
TEX28,2
TKTL1,9
FLNA,122698
EMD,43258
DNASE1L1,16399
TAFAZZIN,11912
ATP6AP1,69942
GDI1,46115
FAM50A,33194
PLXNA3,32683
LAGE3,13208
UBL4A,4428
SLC10A3,16657
FAM3A,9990
G6PD,41086
IKBKG,27320
CTAG2,2
GAB3,9114
DKC1,22178
MPP1,18569
SMIM9,28
F8,2176
F8A1,2309
FUNDC2,2324
CMC4,12209
MTCP1,1616
BRCC3,9357
VBP1,15643
RAB39B,2359
CLIC2,9399
TMLHE,6850
SPRY3,1201
VAMP7,13018
IL9R,856
PCDH11Y,2
MT-ND1,161759
MT-ND2,467921
MT-CO1,1515466
MT-CO2,1490936
MT-ATP6,1916597
MT-CO3,1582311
MT-ND3,926568
MT-ND4L,489675
MT-ND4,1785909
MT-ND5,137772
MT-ND6,175402
MT-CYB,970611
