gene,count
SAMD11,994
NOC2L,1977
KLHL17,873
PLEKHN1,1397
PERM1,152
HES4,5400
ISG15,49867
AGRN,18799
RNF223,319
C1ORF159,1153
TTLL10,117
TNFRSF18,1424
TNFRSF4,465
SDF4,8165
B3GALT6,1286
C1QTNF12,190
UBE2J2,4243
SCNN1D,671
ACAP3,5393
PUSL1,1450
INTS11,8073
CPTP,2225
TAS1R3,205
DVL1,4087
MXRA8,7369
AURKAIP1,9142
CCNL2,23895
ANKRD65,345
TMEM88B,19
VWA1,10085
ATAD3C,932
ATAD3B,2787
ATAD3A,1576
TMEM240,622
SSU72,4690
FNDC10,544
MIB2,2024
MMP23B,393
CDK11B,1689
CDK11A,382
NADK,3482
GNB1,13534
CALML6,186
TMEM52,298
CFAP74,67
GABRD,310
PRKCZ,1715
FAAP20,2998
SKI,5893
RER1,8471
PEX10,1363
PLCH2,523
PANK4,2066
HES5,106
TNFRSF14,3443
PRXL2B,1791
MMEL1,37
ACTRT2,30
PRDM16,77
ARHGEF16,1922
MEGF6,3209
TPRG1L,2424
WRAP73,1538
TP73,304
CCDC27,35
SMIM1,682
LRRC47,3909
CEP104,1706
DFFB,669
C1ORF174,2449
AJAP1,80
NPHP4,674
KCNAB2,1048
CHD5,46
RNF207,528
ICMT,3452
GPR153,689
ACOT7,2223
HES2,383
ESPN,168
TNFRSF25,2148
PLEKHG5,1618
NOL9,2704
TAS1R1,25
ZBTB48,1185
KLHL21,2959
PHF13,1863
THAP3,699
DNAJC11,2757
CAMTA1,3808
VAMP3,4138
PER3,1393
UTS2,127
TNFRSF9,245
ERRFI1,6058
SLC45A1,105
RERE,10257
ENO1,16127
CA6,91
SLC2A7,51
SLC2A5,538
GPR157,1591
H6PD,1639
SPSB1,3523
SLC25A33,1235
TMEM201,1112
PIK3CD,892
CLSTN1,7250
CTNNBIP1,4822
LZIC,3397
NMNAT1,782
RBP7,336
UBE4B,3303
KIF1B,6826
PGD,4986
CENPS,1664
CORT,76
DFFA,2259
PEX14,918
CASZ1,5198
C1ORF127,76
MASP2,49
SRM,7091
EXOSC10,3909
MTOR,2792
ANGPTL7,31
UBIAD1,1257
DISP3,141
FBXO2,1330
FBXO44,2910
FBXO6,1321
MAD2L2,4370
DRAXIN,252
AGTRAP,4162
C1ORF167,38
MTHFR,1892
CLCN6,1293
NPPA,49
NPPB,30
KIAA2013,5045
PLOD1,6696
MFN2,4024
MIIP,2424
TNFRSF8,97
TNFRSF1B,863
VPS13D,2703
DHRS3,1574
AADACL4,39
AADACL3,25
C1ORF158,63
PRAMEF12,21
PRAMEF1,50
PRAMEF11,133
PRAMEF2,42
PRAMEF4,8
PRAMEF10,57
PRAMEF6,17
PRAMEF27,104
HNRNPCL2,38
PRAMEF13,14
PRAMEF18,54
PRAMEF8,36
PRAMEF33,14
PRAMEF15,46
PRAMEF14,119
PRAMEF19,55
PRAMEF20,54
LRRC38,44
PDPN,1393
PRDM2,4152
KAZN,1879
TMEM51,1166
FHAD1,447
EFHD2,6639
CTRC,42
CELA2A,14
CELA2B,46
CASP9,1374
DNAJC16,1535
AGMAT,155
DDI2,2492
PLEKHM2,4016
SLC25A34,152
TMEM82,44
FBLIM1,3656
UQCRHL,220
SPEN,5159
ZBTB17,2207
SRARP,2074
HSPB7,131
CLCNKA,143
CLCNKB,14
FAM131C,83
EPHA2,862
ARHGEF19,3295
CPLANE2,475
FBXO42,3340
SZRD1,5386
SPATA21,80
NECAP2,3673
NBPF1,324
CROCC,1762
MFAP2,3996
ATP13A2,1511
SDHB,7822
PADI2,6135
PADI1,47
PADI3,47
PADI4,40
PADI6,38
RCC2,7172
ARHGEF10L,3249
ACTL8,128
IGSF21,445
KLHDC7A,364
PAX7,126
TAS1R2,28
ALDH4A1,1159
IFFO2,2495
UBR4,5867
EMC1,1728
MRTO4,1721
AKR7A2,2647
SLC66A1,683
CAPZB,9298
MICOS10,14806
NBL1,11564
HTR6,42
TMCO4,1397
RNF186,48
OTUD3,2058
PLA2G2E,38
PLA2G2A,95
PLA2G5,102
PLA2G2D,132
PLA2G2F,35
PLA2G2C,89
UBXN10,666
VWA5B1,55
CAMK2N1,7235
MUL1,1411
FAM43B,57
CDA,116
PINK1,2960
DDOST,2119
KIF17,83
SH2D5,38
HP1BP3,2811
EIF4G3,4018
ECE1,7809
NBPF3,374
ALPL,270
RAP1GAP,1405
USP48,5910
HSPG2,4292
CELA3B,41
CELA3A,53
WNT4,1202
ZBTB40,1258
EPHA8,74
C1QA,5193
C1QC,7699
C1QB,4815
EPHB2,596
LACTBL1,15
TEX46,69
KDM1A,7496
LUZP1,3373
HTR1D,158
HNRNPR,4355
ZNF436,3798
TCEA3,7918
ASAP3,1963
E2F2,408
ID3,3805
ELOA,4053
PITHD1,4389
GALE,4085
HMGCL,2551
FUCA1,2248
CNR2,63
PNRC2,7170
SRSF10,2205
MYOM3,57
IL22RA1,78
IFNLR1,253
GRHL3,487
STPG1,454
NIPAL3,953
RCAN3,2623
NCMAP,148
SRRM1,7611
CLIC4,17045
RUNX3,672
SYF2,3780
RSRP1,14195
RHD,38
TMEM50A,10291
RHCE,206
MACO1,3586
LDLRAP1,2243
MAN1C1,423
SELENON,6160
MTFR1L,3091
AUNIP,547
PAQR7,881
STMN1,975
PAFAH2,1020
EXTL1,225
SLC30A2,335
TRIM63,59
PDIK1L,1743
FAM110D,125
C1ORF232,34
AL391650.1,59
ZNF593,3299
CNKSR1,2558
CATSPER4,66
CEP85,1986
SH3BGRL3,14587
UBXN11,2319
CD52,1499
CRYBG2,263
ZNF683,323
LIN28A,129
DHDDS,2143
ARID1A,5787
PIGV,972
ZDHHC18,2018
SFN,4105
GPN2,679
GPATCH3,1137
NUDC,8633
NR0B2,59
KDF1,1071
TRNP1,604
TENT5B,694
SLC9A1,2216
WDTC1,3953
TMEM222,752
SYTL1,3260
MAP3K6,1599
FCN3,164
CD164L2,248
GPR3,143
WASF2,5444
AHDC1,3216
FGR,396
IFI6,126905
FAM76A,1786
STX12,3860
PPP1R8,5233
THEMIS2,1696
RPA2,1117
SMPDL3B,780
XKR8,612
EYA3,4004
PTAFR,582
DNAJC8,4182
ATP5IF1,7130
SESN2,1667
MED18,1460
PHACTR4,3162
RCC1,2792
TRNAU1AP,1789
TAF12,2913
RAB42,599
GMEB1,1757
YTHDF2,5197
OPRD1,232
EPB41,1883
TMEM200B,328
SRSF4,7026
MECR,1721
PTPRU,2224
MATN1,71
LAPTM5,5293
SDC3,5449
PUM1,7681
NKAIN1,968
SNRNP40,4566
ZCCHC17,3835
FABP3,814
SERINC2,8623
TINAGL1,2709
HCRTR1,29
PEF1,3427
COL16A1,4343
ADGRB2,3028
SPOCD1,655
KHDRBS1,3466
TMEM39B,997
KPNA6,4361
TXLNA,5215
CCDC28B,359
IQCC,466
DCDC2B,57
TMEM234,2370
EIF3I,1633
FAM167B,423
LCK,322
HDAC1,5623
MARCKSL1,27001
TSSK3,87
FAM229A,162
BSDC1,8385
ZBTB8B,77
ZBTB8A,1218
RBBP4,618
SYNC,843
KIAA1522,12271
YARS,1952
S100PBP,3972
FNDC5,83
HPCA,67
TMEM54,4232
RNF19B,3506
AZIN2,1304
TRIM62,568
ZNF362,3484
A3GALT2,54
PHC2,7251
ZSCAN20,582
CSMD2,457
HMGB4,52
C1ORF94,13
SMIM12,2758
GJB5,103
GJB4,42
GJB3,124
GJA4,527
DLGAP3,75
TMEM35B,1811
ZMYM6,1542
ZMYM1,1639
SFPQ,5589
ZMYM4,6485
KIAA0319L,4202
NCDN,1939
TFAP2E,168
PSMB2,6843
C1ORF216,1102
CLSPN,1557
AGO4,2283
AGO1,4566
AGO3,2260
TEKT2,207
ADPRHL2,3661
COL8A2,1348
TRAPPC3,9163
MAP7D1,6560
THRAP3,6018
SH3D21,2702
EVA1B,3690
STK40,3873
LSM10,3080
OSCP1,720
CSF3R,1154
GRIK3,1302
ZC3H12A,3301
MEAF6,9692
SNIP1,1839
DNALI1,2781
GNL2,7827
RSPO1,97
C1ORF109,1826
CDCA8,1753
EPHA10,470
MANEAL,923
YRDC,1855
C1ORF122,7381
MTF1,1938
INPP5B,2641
SF3A3,2675
FHL3,2329
UTP11,2895
POU3F1,92
RRAGC,2957
MYCBP,2901
GJA9,152
RHBDL2,1333
AKIRIN1,4798
NDUFS5,4593
MACF1,11865
BMP8A,736
PABPC4,2907
HEYL,485
NT5C1A,32
HPCAL4,45
PPIE,4438
BMP8B,500
OXCT2,142
TRIT1,2157
MYCL,512
MFSD2A,597
CAP1,2060
PPT1,13014
RLF,3522
TMCO2,66
ZMPSTE24,5564
COL9A2,1664
SMAP2,3507
ZFP69B,895
ZFP69,542
EXO5,1464
ZNF684,618
RIMS3,803
NFYC,2774
KCNQ4,331
CITED4,19158
CTPS1,3535
SLFNL1,127
SCMH1,2788
FOXO6,1376
EDN2,1291
HIVEP3,1695
GUCA2B,21
GUCA2A,57
FOXJ3,3218
RIMKLA,380
ZMYND12,407
PPCS,2467
CCDC30,1295
PPIH,932
YBX1,21770
CLDN19,50
P3H1,1620
TMEM269,96
SVBP,3551
ERMAP,1320
ZNF691,1221
SLC2A1,13987
FAM183A,183
EBNA1BP2,7905
CFAP57,165
TMEM125,2637
C1ORF210,1548
TIE1,363
MPL,88
CDC20,2499
ELOVL1,6436
MED8,6140
SZT2,1213
HYI,3093
PTPRF,25441
KDM4A,3862
ST3GAL3,2151
ARTN,530
IPO13,2337
DPH2,3155
ATP6V0B,10535
B4GALT2,4395
CCDC24,2977
SLC6A9,1454
KLF17,38
KLF18,41
DMAP1,3069
ERI3,6743
RNF220,3220
TMEM53,633
ARMH1,309
KIF2C,2193
BEST4,107
PLK3,2020
TCTEX1D4,120
BTBD19,819
PTCH2,115
EIF2B3,2622
HECTD3,2539
UROD,3533
ZSWIM5,394
HPDL,213
MUTYH,215
TOE1,1197
TESK2,1477
CCDC163,348
MMACHC,650
PRDX1,8164
AKR1A1,7105
NASP,111
CCDC17,224
GPBP1L1,12490
TMEM69,2203
IPP,2153
MAST2,3218
PIK3R3,9588
TSPAN1,2603
P3R3URF,52
POMGNT1,4842
LURAP1,214
RAD54L,943
LRRC41,6191
UQCRH,3812
NSUN4,2409
FAAH,2356
DMBX1,179
TMEM275,53
KNCN,40
MKNK1,1550
MOB3C,1157
ATPAF1,3370
TEX38,89
EFCAB14,8320
CYP4B1,1652
CYP4A11,33
CYP4X1,1680
CYP4Z1,932
CYP4A22,8
PDZK1IP1,3287
TAL1,82
STIL,1706
CMPK1,10957
FOXE3,49
FOXD2,191
TRABD2B,159
SLC5A9,75
SPATA6,1618
AGBL4,335
BEND5,347
ELAVL4,50
DMRTA2,45
FAF1,4940
CDKN2C,1460
C1ORF185,74
RNF11,8802
TTC39A,10887
EPS15,5089
OSBPL9,7246
NRDC,11234
RAB3B,131
TXNDC12,5266
KTI12,761
BTF3L4,10259
ZFYVE9,2620
CC2D1B,1990
ORC1,833
PRPF38A,5384
TUT4,4098
GPX7,1563
SHISAL2A,81
COA7,1069
ZYG11B,3311
ZYG11A,937
ECHDC2,4971
SCP2,11102
PODN,1931
SLC1A7,54
CPT2,2557
CZIB,3030
MAGOH,3347
LRP8,2162
DMRTB1,32
GLIS1,92
NDC1,3949
YIPF1,1246
DIO1,440
HSPB11,3474
LRRC42,3794
LDLRAD1,81
TMEM59,7111
TCEANC2,649
CDCP2,76
CYB5RL,991
SSBP3,2043
ACOT11,998
FAM151A,42
MROH7,255
TTC4,1253
PARS2,600
TTC22,1177
LEXM,78
DHCR24,18753
TMEM61,235
BSND,78
PCSK9,68
USP24,4807
PLPP3,4726
PRKAA2,430
FYB2,278
C8A,44
C8B,56
DAB1,111
OMA1,1784
TACSTD2,29080
MYSM1,2979
JUN,19277
FGGY,651
HOOK1,4046
CYP2J2,643
C1ORF87,48
NFIA,3918
TM2D1,4034
PATJ,21535
L1TD1,88
KANK4,762
USP1,9568
DOCK7,3314
ANGPTL3,94
ATG4C,1498
FOXD3,124
ALG6,2514
ITGB3BP,1861
EFCAB7,1015
PGM1,6651
ROR1,667
UBE2U,4
CACHD1,1203
RAVER2,2667
JAK1,5428
AK4,5045
DNAJC6,432
LEPROT,2763
LEPR,622
PDE4B,3937
SGIP1,698
TCTEX1D1,115
INSL5,41
WDR78,547
MIER1,6578
SLC35D1,1516
C1ORF141,44
IL23R,85
IL12RB2,713
SERBP1,8681
GADD45A,3593
GNG12,5997
DIRAS3,123
WLS,2209
RPE65,61
DEPDC1,1426
LRRC7,33
LRRC40,3827
SRSF11,4265
ANKRD13C,2393
HHLA3,973
CTH,582
PTGER3,2679
ZRANB2,8241
NEGR1,375
LRRIQ3,159
FPGT,2105
TNNI3K,81
LRRC53,65
ERICH3,107
CRYZ,3337
TYW3,2529
LHX8,72
SLC44A5,437
ACADM,5948
RABGGTB,9114
MSH4,97
ASB17,44
ST6GALNAC3,245
ST6GALNAC5,1131
PIGK,1814
AK5,300
AC118549.1,3882
USP33,5307
MIGA1,2877
NEXN,699
FUBP1,11733
DNAJB4,3363
GIPC2,83
PTGFR,261
IFI44L,15941
IFI44,16046
ADGRL4,1419
ADGRL2,2401
TTLL7,820
PRKACB,1857
SAMD13,257
DNASE2B,127
RPF1,2204
GNG5,851
SPATA1,220
CTBS,3283
SSX2IP,1697
LPAR3,296
MCOLN2,498
WDR63,92
MCOLN3,441
SYDE2,1843
C1ORF52,2800
BCL10,3906
DDAH1,5536
CCN1,14696
ZNHIT6,5208
COL24A1,328
ODF2L,121
CLCA2,504
CLCA1,36
CLCA4,105
SH3GLB1,7731
SELENOF,8203
HS2ST1,2765
LMO4,5745
PKN2,3802
GTF2B,3003
KYAT3,1148
RBMXL1,957
GBP3,2503
GBP1,6905
GBP2,3609
GBP7,56
GBP4,1355
GBP5,2283
GBP6,69
LRRC8B,1645
LRRC8C,742
LRRC8D,2157
ZNF326,3417
BARHL2,31
ZNF644,10310
HFM1,55
CDC7,1195
TGFBR3,523
BRDT,56
EPHX4,227
BTBD8,901
C1ORF146,19
GLMN,1531
RPAP2,1409
GFI1,180
EVI5,2180
DIPK1A,561
MTF2,3844
TMED5,2871
CCDC18,860
DR1,5228
FNBP1L,7765
BCAR3,2017
DNTTIP2,4965
GCLM,2817
ABCA4,410
ARHGAP29,5661
ABCD3,5451
F3,1731
SLC44A3,1012
CNN3,28457
ALG14,1203
TLCD4,306
RWDD3,1535
PTBP2,1307
DPYD,2633
SNX7,1086
PLPPR5,72
PLPPR4,124
PALMD,757
FRRS1,1284
AGL,5446
SLC35A3,3844
MFSD14A,3606
SASS6,914
TRMT13,1928
LRRC39,191
DBT,1314
RTCA,3438
CDC14A,1336
GPR88,61
VCAM1,1724
EXTL2,1061
SLC30A7,3111
DPH5,1661
S1PR1,619
OLFM3,48
COL11A1,9545
RNPC3,3123
AMY2A,53
PRMT6,956
NTNG1,64
VAV3,7399
SLC25A24,6312
FAM102B,3932
HENMT1,1996
PRPF38B,5401
FNDC7,69
STXBP3,2713
GPSM2,4323
CLCC1,5899
WDR47,1411
TAF13,4707
TMEM167B,3397
C1ORF194,84
KIAA1324,11645
SARS,2270
CELSR2,884
PSRC1,972
MYBPHL,21
SORT1,5802
PSMA5,1552
SYPL2,63
ATXN7L2,333
CYB561D1,637
AMIGO1,286
GPR61,78
GNAI3,9858
GNAT2,62
AMPD2,3384
GSTM1,8
GSTM3,10072
EPS8L3,53
CSF1,2129
AHCYL1,7316
STRIP1,2307
ALX3,240
UBL4B,50
SLC6A17,126
KCNC4,2058
RBM15,5468
SLC16A4,952
LAMTOR5,2663
PROK1,62
KCNA10,51
KCNA2,59
KCNA3,168
CD53,1746
LRIF1,3252
DRAM2,4320
CEPT1,3226
DENND2D,2612
CHI3L2,1742
CHIA,57
PIFO,684
OVGP1,235
WDR77,3809
ATP5PB,4010
C1ORF162,1058
TMIGD3,175
ADORA3,336
RAP1A,6599
INKA2,327
DDX20,1062
KCND3,159
CTTNBP2NL,1973
WNT2B,203
ST7L,1655
CAPZA1,1957
MOV10,5215
RHOC,21752
PPM1J,1714
TAFA3,127
SLC16A1,4549
LRIG2,2965
MAGI3,3108
PHTF1,2448
RSBN1,1863
PTPN22,508
BCL2L15,32
AP4B1,2592
DCLRE1B,363
HIPK1,3741
OLFML3,2151
SYT6,67
TRIM33,5101
BCAS2,2540
DENND2C,188
AMPD1,86
NRAS,7152
CSDE1,14494
SIKE1,4585
SYCP1,67
TSHB,54
TSPAN2,592
NGF,121
VANGL1,2586
CASQ2,38
NHLH2,36
SLC22A15,920
MAB21L3,60
ATP1A1,4195
CD58,1695
IGSF3,2315
CD2,1089
PTGFRN,4341
CD101,365
TTF2,2082
TRIM45,2266
VTCN1,10851
MAN1A2,2794
TENT5C,1323
GDAP2,3530
WDR3,2805
SPAG17,321
TBX15,251
WARS2,1699
HAO2,64
HSD3B2,35
HSD3B1,28
ZNF697,1224
PHGDH,10002
HMGCS2,537
REG4,40
ADAM30,61
NOTCH2,4368
SEC22B,8364
PPIAL4A,26
FCGR1B,228
NBPF20,826
PDZK1,472
CD160,49
RNF115,7666
POLR3C,3040
NUDT17,527
PIAS3,3918
ANKRD35,358
ITGA10,711
PEX11B,3120
RBM8A,1470
LIX1L,3715
ANKRD34A,314
POLR3GL,2699
TXNIP,13174
HJV,186
PRKAB2,1719
FMO5,767
BCL9,1818
ACP6,2149
GJA5,404
GJA8,76
GPR89B,914
NBPF11,477
PPIAL4G,363
NBPF19,99
FCGR1A,193
HIST2H2BE,4745
BOLA1,1286
SV2A,146
SF3B4,11186
MTMR11,1633
OTUD7B,5186
VPS45,7692
PLEKHO1,5632
ANP32E,5626
CA14,28
APH1A,10021
C1ORF54,1250
CIART,1045
PRPF3,10910
RPRD2,4276
TARS2,1835
ECM1,7235
ADAMTSL4,604
MCL1,46061
ENSA,9814
GOLPH3L,4941
HORMAD1,953
CTSS,4562
CTSK,11008
ARNT,3681
CTXND2,110
SETDB1,5760
CERS2,13289
ANXA9,2047
MINDY1,3054
PRUNE1,1763
BNIPL,4086
C1ORF56,1205
CDC42SE1,11925
MLLT11,1897
GABPB2,2469
SEMA6C,698
TNFAIP8L2,199
SCNM1,3906
LYSMD1,875
TMOD4,4
VPS72,7516
PIP5K1A,6011
PSMD4,5816
ZNF687,2418
PI4KB,5893
RFX5,4957
SELENBP1,15116
PSMB4,10207
POGZ,9945
CGN,7265
TUFT1,9559
SNX27,5275
CELF3,350
RIIAD1,420
OAZ3,796
TDRKH,1890
LINGO4,141
RORC,1864
C2CD4D,487
THEM5,72
THEM4,1003
S100A10,37203
S100A11,11475
TCHHL1,56
TCHH,93
RPTN,43
HRNR,134
FLG,103
FLG2,41
CRNN,51
LCE5A,48
CRCT1,35
LCE3E,48
LCE3D,81
LCE3C,21
LCE3B,4
LCE3A,34
LCE2D,28
LCE2C,30
LCE2B,64
LCE2A,38
LCE4A,64
C1ORF68,62
KPRP,63
LCE1D,14
LCE1C,56
LCE1B,66
LCE1A,63
LCE6A,58
AL162596.1,28
SMCP,42
IVL,226
SPRR5,42
SPRR4,38
SPRR3,50
SPRR1B,117
SPRR2D,31
SPRR2A,12
SPRR2B,22
SPRR2E,31
SPRR2F,127
SPRR2G,63
LELP1,30
PRR9,67
LOR,56
PGLYRP3,97
PGLYRP4,71
S100A9,24591
S100A12,71
S100A8,6546
S100A7A,31
S100A7L2,26
S100A6,30879
S100A5,102
S100A4,4926
S100A3,166
S100A2,968
S100A16,34093
S100A14,16304
S100A13,24692
S100A1,17032
CHTOP,11286
SNAPIN,2921
ILF2,10454
NPR1,477
INTS3,4542
SLC27A3,1786
GATAD2B,6039
DENND4B,3055
CRTC2,6573
SLC39A1,2489
CREB3L4,5430
JTB,7355
RAB13,16178
NUP210L,90
C1ORF189,146
C1ORF43,8296
UBAP2L,12665
HAX1,4548
AQP10,38
ATP8B2,1549
IL6R,534
SHE,278
TDRD10,125
UBE2Q1,6382
CHRNB2,125
ADAR,35277
KCNN3,152
PMVK,6524
PBXIP1,3478
PYGO2,3162
SHC1,8749
CKS1B,5378
FLAD1,5456
LENEP,51
ZBTB7B,9978
DCST2,369
DCST1,62
ADAM15,13718
EFNA4,2380
EFNA3,2123
EFNA1,10017
SLC50A1,5712
DPM3,1882
KRTCAP2,7433
TRIM46,552
MUC1,41569
THBS3,3655
MTX1,2271
GBA,4935
FAM189B,2331
SCAMP3,4791
CLK2,2896
HCN3,666
PKLR,60
FDPS,3460
RUSC1,7671
ASH1L,9291
MSTO1,5392
YY1AP1,5339
DAP3,15907
GON4L,5838
SYT11,465
RIT1,3216
KHDC4,9589
RXFP4,88
ARHGEF2,8705
SSR2,20535
UBQLN4,2480
LAMTOR2,6984
RAB25,8881
MEX3A,4904
LMNA,43066
SEMA4A,1536
SLC25A44,3637
PMF1,4366
BGLAP,1078
PAQR6,1429
SMG5,9630
TMEM79,2282
GLMP,3092
VHLL,104
CCT3,9206
TSACC,159
RHBG,130
C1ORF61,113
MEF2D,5956
IQGAP3,2995
TTC24,16
NAXE,7569
GPATCH4,4532
HAPLN2,43
BCAN,182
NES,6899
CRABP2,64202
ISG20L2,3654
RRNAD1,2428
HDGF,16592
PRCC,5921
SH2D2A,481
NTRK1,119
INSRR,54
PEAR1,357
LRRC71,54
ARHGEF11,3109
ETV3L,56
ETV3,2803
FCRL5,219
FCRL4,41
FCRL3,85
FCRL2,152
FCRL1,99
CD5L,45
KIRREL1,2112
CD1D,132
CD1A,98
CD1C,180
CD1B,52
CD1E,94
OR10T2,57
OR10K2,56
OR10K1,56
OR10R2,89
OR6Y1,69
OR6P1,65
OR10X1,71
OR10Z1,99
SPTA1,78
OR6K2,79
OR6K3,52
OR6N1,60
OR6K6,87
OR6N2,70
MNDA,755
PYHIN1,239
IFI16,5763
AIM2,249
CADM3,95
ACKR1,210
FCER1A,138
OR10J1,53
OR10J5,79
APCS,69
CRP,81
DUSP23,6285
FCRL6,145
SLAMF8,653
AL590560.2,12
VSIG8,238
CFAP45,744
TAGLN2,9379
IGSF9,2493
SLAMF9,111
KCNJ10,107
PIGM,1617
KCNJ9,75
IGSF8,4059
ATP1A2,72
ATP1A4,319
CASQ1,272
PEA15,15852
DCAF8,16481
PEX19,5624
COPA,18884
NCSTN,5204
NHLH1,126
VANGL2,2862
SLAMF6,321
CD84,689
SLAMF1,297
CD48,680
SLAMF7,408
LY9,220
CD244,35
ITLN1,80
ITLN2,112
F11R,9735
TSTD1,10381
USF1,5877
ARHGAP30,1894
NECTIN4,5238
KLHDC9,1745
PFDN2,15074
NIT1,3298
DEDD,7903
UFC1,13145
USP21,3460
PPOX,1669
B4GALT3,3464
ADAMTS4,2497
NDUFS2,12577
FCER1G,2844
APOA2,104
TOMM40L,1605
NR1I3,88
PCP4L1,106
MPZ,631
CFAP126,173
FCGR2A,1929
HSPA6,4517
FCGR3A,3849
FCGR3B,200
FCGR2B,705
FCRLA,97
FCRLB,81
DUSP12,2715
ATF6,5886
OLFML2B,2981
NOS1AP,445
SPATA46,96
C1ORF226,646
SH2D1B,47
UHMK1,10878
UAP1,9868
DDR2,1526
CCDC190,32
RGS4,1071
RGS5,2731
NUF2,2131
PBX1,15942
LMX1A,33
RXRG,68
LRRC52,111
MGST3,15021
ALDH9A1,8097
TMCO1,14134
UCK2,5396
FAM78B,261
POGK,9350
TADA1,1373
ILDR2,110
MAEL,81
GPA33,62
DUSP27,47
POU2F1,1426
CD247,222
CREG1,8291
RCSD1,925
MPZL1,3823
ADCY10,144
MPC2,7755
DCAF6,6970
GPR161,1393
TIPRL,8719
SFT2D2,3408
TBX19,602
XCL2,84
XCL1,155
DPT,536
ATP1B1,11607
NME7,2152
BLZF1,4279
CCDC181,81
SLC19A2,3354
F5,159
SELP,141
C1ORF112,2224
SELL,691
SELE,182
METTL18,1495
SCYL3,2682
KIFAP3,4641
METTL11B,48
GORAB,2261
PRRX1,6647
MROH9,78
FMO3,126
FMO2,355
FMO1,542
FMO4,751
PRRC2C,8843
MYOCOS,61
MYOC,38
VAMP4,2217
EEF1AKNMT,5472
DNM3,427
PIGC,1669
C1ORF105,49
SUCO,6283
FASLG,263
TNFSF18,124
TNFSF4,495
PRDX6,3495
SLC9C2,43
ANKRD45,154
TEX50,46
KLHL20,2253
CENPL,2036
DARS2,2770
ZBTB37,2136
SERPINC1,97
RC3H1,6855
RABGAP1L,12807
TNN,199
KIAA0040,3360
TNR,58
COP1,2856
PAPPA2,59
ASTN1,69
BRINP2,260
SEC16B,529
RASAL2,3334
CLEC20A,69
TEX35,80
RALGPS2,6014
ANGPTL1,109
FAM20B,5009
TOR3A,2916
ABL2,4018
SOAT1,2250
AXDND1,208
NPHS2,48
TDRD5,1116
FAM163A,42
TOR1AIP2,4109
TOR1AIP1,3246
CEP350,5656
QSOX1,5827
LHX4,60
ACBD6,6499
XPR1,2652
KIAA1614,321
STX6,5901
IER5,5375
CACNA1E,51
ZNF648,133
GLUL,41606
TEDDM1,82
RGSL1,52
RNASEL,825
RGS16,1676
RGS8,45
NPL,2003
DHX9,6838
SHCBP1L,61
LAMC1,4554
LAMC2,1020
NMNAT2,180
SMG7,1495
NCF2,1657
ARPC5,5428
RGL1,1975
APOBEC4,102
COLGALT2,222
TSEN15,2024
C1ORF21,18715
EDEM3,8404
NIBAN1,1004
RNF2,1304
TRMT1L,3414
SWT1,1326
IVNS1ABP,6586
HMCN1,1744
PRG4,57
TPR,9756
ODR4,4793
PDC,49
PTGS2,366
PLA2G4A,536
BRINP3,54
RGS18,118
RGS21,40
RGS1,4137
RGS13,171
RGS2,2140
UCHL5,3721
RO60,7936
GLRX2,3827
CDC73,10956
B3GALT2,83
KCNT2,144
CFH,1490
CFHR3,96
CFHR4,109
CFHR2,65
CFHR5,50
F13B,110
ASPM,2114
ZBTB41,5619
CRB1,76
DENND1B,4367
C1ORF53,947
LHX9,87
NEK7,7278
ATP6V1G3,71
PTPRC,516
NR5A2,291
ZNF281,2931
KIF14,1627
DDX59,3332
CAMSAP2,6426
GPR25,82
INAVA,2138
KIF21B,677
CACNA1S,109
ASCL5,75
TMEM9,7202
IGFN1,90
PKP1,686
TNNT2,302
LAD1,4825
TNNI1,37
PHLDA3,3396
CSRP1,33877
NAV1,2613
IPO9,6057
SHISA4,1432
LMOD1,852
TIMM17A,6873
RNPEP,8474
ELF3,18794
GPR37L1,174
ARL8A,7077
PTPN7,623
LGR6,117
UBE2T,3845
PPP1R12B,5641
SYT2,7
KDM5B,11679
RABIF,3333
KLHL12,4958
ADIPOR1,10938
CYB5R1,5310
TMEM183A,11285
PPFIA4,1175
MYOG,79
ADORA1,1400
MYBPH,60
CHI3L1,3404
CHIT1,152
BTG2,10938
FMOD,1012
PRELP,2875
OPTC,65
ATP2B4,7258
LAX1,213
SNRPE,5358
SOX13,2559
ETNK2,3168
REN,66
KISS1,243
GOLT1A,352
PLEKHA6,4321
PPP1R15B,8058
PIK3C2B,2923
MDM4,18103
LRRN2,1282
NFASC,1084
CNTN2,37
TMEM81,445
RBBP5,2624
DSTYK,2142
TMCC2,269
NUAK2,1031
KLHDC8A,126
LEMD1,579
BLACAT1,313
CDK18,1978
MFSD4A,164
ELK4,5250
SLC45A3,312
NUCKS1,21044
RAB29,2496
SLC41A1,1676
PM20D1,52
SLC26A9,106
RAB7B,854
CTSE,84
RHEX,173
AVPR1B,79
IKBKE,1008
RASSF5,1170
EIF2D,4547
DYRK3,866
MAPKAPK2,11757
IL10,142
IL19,57
IL20,341
IL24,137
FCMR,695
PIGR,729
FCAMR,58
C1ORF116,1314
PFKFB2,1638
YOD1,1367
C4BPB,194
C4BPA,115
CD55,6892
CR2,41
CR1,204
CR1L,91
CD46,14389
CD34,1390
PLXNA2,1226
CAMK1G,136
LAMB3,3163
G0S2,717
HSD11B1,90
TRAF3IP3,923
C1ORF74,894
IRF6,6480
UTP25,3113
SYT14,91
SERTAD4,4355
HHAT,2212
KCNH1,415
RCOR3,4936
TRAF5,4910
RD3,69
SLC30A1,7232
NEK2,1349
LPGAT1,8153
INTS7,5591
DTL,1929
PPP2R5A,4749
PACC1,1272
NENF,11129
ATF3,10176
FAM71A,57
BATF3,561
NSL1,4018
TATDN3,2000
SPATA45,67
FLVCR1,3215
VASH2,1717
ANGEL2,2098
PROX1,230
SMYD2,6398
PTPN14,3120
CENPF,4248
KCNK2,550
KCTD3,16853
USH2A,75
ESRRG,511
GPATCH2,7005
SPATA17,1053
RRP15,5151
TGFB2,862
LYPLAL1,6235
SLC30A10,63
EPRS,15331
BPNT1,5459
IARS2,11028
RAB3GAP2,6804
MARK1,1335
C1ORF115,1725
MARC2,1679
MARC1,1782
HLX,706
DUSP10,5861
HHIPL2,244
TAF1A,2106
MIA3,7292
AIDA,3534
BROX,8989
FAM177B,122
DISP1,800
TLR5,1180
SUSD4,2390
CCDC185,84
CAPN8,3450
CAPN2,15527
TP53BP2,6849
FBXO28,6332
DEGS1,7736
NVL,4688
CNIH4,3145
WDR26,20247
CNIH3,422
DNAH14,6180
LBR,4174
ENAH,22958
SRP9,17035
EPHX1,9347
TMEM63A,10702
LEFTY1,178
PYCR2,6625
LEFTY2,105
SDE2,4745
H3F3A,53303
ACBD3,13210
MIXL1,105
LIN9,1584
PARP1,4712
STUM,115
ITPKB,4825
PSEN2,2079
COQ8A,1992
CDC42BPA,5592
ZNF678,1372
SNAP47,4742
JMJD4,3568
PRSS38,60
WNT9A,1011
WNT3A,87
ARF1,12313
C1ORF35,3404
GUK1,18949
GJC2,398
IBA57,1285
OBSCN,3305
TRIM11,4767
TRIM17,2439
HIST3H3,48
HIST3H2A,2681
HIST3H2BB,1513
RNF187,15437
RHOU,1999
RAB4A,8528
CCSAP,1897
ACTA1,164
NUP133,5440
ABCB10,1850
TAF5L,1466
URB2,1531
GALNT2,7146
PGBD5,146
COG2,3904
AGT,463
CAPN9,498
C1ORF198,12724
TTC13,2983
ARV1,3544
FAM89A,415
TRIM67,49
AL109810.2,52
C1ORF131,2259
GNPAT,4303
EXOC8,2523
SPRTN,1600
EGLN1,7920
TSNAX,6884
DISC1,831
SIPA1L2,3514
MAP10,842
NTPCR,2256
PCNX2,3095
MAP3K21,1087
KCNK1,4301
SLC35F3,97
COA6,4185
TARBP1,6046
IRF2BP2,9235
TOMM20,13806
RBM34,145
ARID4B,8323
GGPS1,5090
TBCE,2785
TBCE,2009
B3GALNT2,2341
GNG4,1402
LYST,3863
NID1,4199
GPR137B,3356
ERO1B,2053
EDARADD,1080
LGALS8,5872
HEATR1,4583
ACTN2,48
MTR,4918
MT1HL1,26
RYR2,150
ZP4,96
CHRM3,317
FMN2,80
GREM2,93
RGS7,129
FH,9881
KMO,1641
OPN3,3711
CHML,3241
WDR64,8
EXO1,2392
BECN2,121
MAP1LC3C,64
PLD5,67
CEP170,2953
SDCCAG8,5173
AKT3,3117
ZBTB18,7882
C1ORF100,35
ADSS,9960
CATSPERE,160
DESI2,4915
AL451007.3,63
COX20,3383
HNRNPU,19786
EFCAB2,2160
KIF26B,1338
SMYD3,3370
TFB2M,1274
CNST,3718
SCCPDH,7783
AHCTF1,921
ZNF695,1128
ZNF670,875
ZNF669,690
ZNF124,1190
ZNF496,2794
NLRP3,204
OR2B11,72
GCSAML,74
OR2C3,77
GCSAML-AS1,24
OR2G2,73
OR2G3,54
OR13G1,66
OR6F1,72
OR14A2,46
OR14K1,123
OR1C1,70
OR14A16,40
OR11L1,52
TRIM58,195
OR2T8,124
OR2AJ1,97
OR2AK2,21
OR2L5,62
OR2L2,35
OR2L3,100
OR2L13,91
OR2M5,20
OR2M2,36
OR2M3,63
OR2M4,83
OR2T33,40
OR2T12,98
OR2M7,10
OR14C36,48
OR2T4,92
OR2T6,90
OR2T1,61
OR2T2,73
OR2G6,92
OR2T34,55
OR2T10,35
OR2T11,85
OR2T27,7
OR14I1,65
LYPD8,52
SH3BP5L,5243
ZNF672,2696
ZNF692,4325
PGBD2,1626
FAM110C,1109
SH3YL1,4593
ACP1,1986
ALKAL2,73
TMEM18,3187
SNTG2,95
PXDN,8710
EIPR1,2916
TRAPPC12,3456
ADI1,9944
RNASEH1,4139
COLEC11,163
ALLC,19
DCDC2C,21
CMPK2,4954
RSAD2,4683
RNF144A,1344
ID2,5718
KIDINS220,6742
MBOAT2,4900
ASAP2,4641
ITGB1BP1,4116
CPSF3,3020
IAH1,6140
ADAM17,4965
YWHAQ,11589
TAF1B,822
GRHL1,4462
KLF11,2163
CYS1,463
RRM2,2640
HPCAL1,3863
ODC1,1397
NOL10,3102
ATP6V1C2,580
PDIA6,8672
KCNF1,950
C2ORF50,134
SLC66A3,1976
ROCK2,4866
E2F6,1907
GREB1,12160
NTSR2,44
LPIN1,1530
TRIB2,8799
LRATD1,1476
NBAS,4441
DDX1,6442
MYCNOS,98
MYCN,332
FAM49A,849
RAD51AP2,138
VSNL1,842
SMC6,3583
GEN1,2124
MSGN1,26
KCNS3,1542
RDH14,2539
NT5C1B,40
OSR1,441
TTC32,938
WDR35,2525
MATN3,887
LAPTM4A,10890
SDC1,6630
PUM2,9081
RHOB,42651
HS1BP3,580
GDF7,47
LDAH,1193
APOB,44
TDRD15,87
KLHL29,143
ATAD2B,2758
UBXN2A,2207
MFSD2B,61
WDCP,655
FKBP1B,319
SF3B6,4537
FAM228B,984
TP53I3,1678
PFN4,241
FAM228A,87
ITSN2,3395
NCOA1,2870
PTRHD1,2561
CENPO,1455
ADCY3,2377
DNAJC27,915
EFR3B,423
POMC,49
DNMT3A,7234
DTNB,4269
ASXL2,2553
KIF3C,1580
RAB10,15675
GAREM2,587
HADHA,10325
HADHB,4692
ADGRF3,65
SELENOI,2520
DRC1,98
OTOF,164
FAM166C,211
CIB4,41
KCNK3,169
SLC35F6,5763
CENPA,1315
DPYSL5,118
MAPRE3,1514
TMEM214,3594
AGBL5,2925
OST4,3517
EMILIN1,3230
KHK,384
CGREF1,1135
ABHD1,140
PREB,4372
PRR30,38
TCF23,37
SLC5A6,6153
ATRAID,7490
CAD,2531
SLC30A3,80
DNAJC5G,61
TRIM54,74
UCN,582
MPV17,11766
GTF3C2,4408
EIF2B4,2524
SNX17,8049
ZNF513,1754
PPM1G,5121
NRBP1,9719
KRTCAP3,2346
IFT172,2987
FNDC4,437
GCKR,36
C2ORF16,55
ZNF512,3632
CCDC121,522
GPN1,3762
SUPT7L,2543
SLC4A1AP,3207
RBKS,539
BABAM2,2709
FOSL2,5863
PLB1,169
PPP1CB,13607
SPDYA,2
TRMT61B,2612
WDR43,5417
TOGARAM2,121
PCARE,33
CLIP4,1858
ALK,40
YPEL5,7710
LBH,2410
LCLAT1,2178
CAPN13,4037
GALNT14,381
CAPN14,28
EHD3,1070
XDH,997
SRD5A2,127
DPY30,7058
SPAST,3207
SLC30A6,2867
NLRC4,198
YIPF4,5487
BIRC6,5210
TTC27,2553
LTBP1,2743
RASGRP3,775
FAM98A,3025
CRIM1,3189
FEZ2,3506
VIT,279
STRN,4886
HEATR5B,3595
GPATCH11,561
EIF2AK2,15531
SULT6B1,77
CEBPZOS,3415
CEBPZ,4264
NDUFAF7,1734
PRKD3,2925
QPCT,509
CDC42EP3,1799
RMDN2,517
CYP1B1,5273
ATL2,4336
HNRNPLL,4235
GALM,1047
SRSF7,4863
GEMIN6,2279
DHX57,2038
MORN2,2712
ARHGEF33,259
SOS1,2791
CDKL4,41
MAP4K3,2347
TMEM178A,270
THUMPD2,1005
SLC8A1,1434
C2ORF91,59
PKDCC,589
EML4,6746
COX7A2L,12649
KCNG3,197
MTA3,5572
OXER1,127
HAAO,265
ZFP36L2,12798
THADA,4426
PLEKHH2,540
C1GALT1C1L,86
DYNC2LI1,2315
ABCG5,87
ABCG8,36
LRPPRC,11953
PPM1B,5621
SLC3A1,81
PREPL,3623
CAMKMT,2432
SIX3,50
SIX2,219
SRBD1,1408
PRKCE,1028
EPAS1,5632
TMEM247,59
ATP6V1E2,476
RHOQ,3923
PIGF,2431
CRIPT,4265
SOCS5,4073
MCFD2,4798
TTC7A,2114
CALM2,11715
EPCAM,14802
MSH2,4397
KCNK12,116
MSH6,5609
FBXO11,3162
FOXN2,1914
PPP1R21,3019
STON1,1070
LHCGR,51
FSHR,31
NRXN1,262
ASB3,2110
CHAC2,503
ERLEC1,5256
PSME4,8704
ACYP2,4858
TSPYL6,41
C2ORF73,162
SPTBN1,3995
EML6,138
RTN4,12234
CLHC1,1009
MTIF2,5578
CCDC88A,2957
CFAP36,3932
PPP4R3B,11124
EFEMP1,3082
CCDC85A,136
VRK2,4535
FANCL,2928
BCL11A,2153
PAPOLG,1327
REL,5048
PUS10,820
PEX13,6725
KIAA1841,1995
C2ORF74,1421
USP34,10791
XPO1,1980
FAM161A,603
CCT4,3565
COMMD1,4565
B3GNT2,4475
TMEM17,289
EHBP1,3689
OTX1,288
WDPCP,1086
MDH1,1999
UGP2,2240
VPS54,4728
PELI1,1906
LGALSL,1925
AFTPH,7084
SERTAD2,4736
SLC1A4,3527
CEP68,2030
RAB1A,5037
ACTR2,2760
SPRED2,1828
MEIS1,1054
ETAA1,2345
WDR92,1204
PNO1,2595
PPP3R1,6422
CNRIP1,455
PLEK,881
FBXO48,517
PROKR1,60
ARHGAP25,771
BMP10,50
GKN2,53
GKN1,46
ANTXR1,9010
GFPT1,8660
NFU1,2511
AAK1,3497
ANXA4,7848
GMCL1,1629
SNRNP27,2563
MXD1,1472
ASPRV1,305
PCBP1,5982
C2ORF42,1012
TIA1,8327
PCYOX1,3775
SNRPG,5659
FAM136A,4870
TGFA,221
ADD2,909
FIGLA,78
CLEC4F,239
CD207,232
VAX2,611
ATP6V1B1,111
ANKRD53,123
TEX261,3091
NAGK,6053
MCEE,1795
MPHOSPH10,3381
PAIP2B,572
ZNF638,5582
DYSF,1575
CYP26B1,231
EXOC6B,3387
SPR,3798
EMX1,114
SFXN5,1564
RAB11FIP5,2650
NOTO,41
SMYD5,1234
PRADC1,1225
FBXO41,895
EGR4,57
ALMS1,2927
NAT8,41
TPRKB,3766
DUSP11,3465
C2ORF78,57
STAMBP,4594
ACTG2,1316
DGUOK,6581
TET3,1898
BOLA3,645
MOB1A,2984
MTHFD2,8380
SLC4A5,257
DCTN1,8468
C2ORF81,340
WDR54,745
RTKN,5218
INO80B,4659
WBP1,10478
MOGS,5938
CCDC142,155
TTC31,1489
LBX2,228
PCGF1,2807
TLX2,81
DQX1,445
AUP1,6461
HTRA2,2086
LOXL3,471
DOK1,567
M1AP,152
SEMA4F,758
HK2,6466
POLE4,2813
TACR1,183
EVA1A,787
GCFC2,2025
LRRTM4,267
REG3G,18
REG1B,52
REG3A,40
CTNNA2,56
LRRTM1,27
SUCLG1,5488
DNAH6,181
TRABD2A,82
TMSB10,74894
KCMF1,7017
TCF7L1,2557
TGOLN2,8853
RETSAT,4119
ELMOD3,2306
CAPG,17410
SH2D6,52
MAT2A,20468
GGCX,2773
VAMP8,18228
VAMP5,1887
RNF181,6374
TMEM150A,1611
USP39,2814
C2ORF68,4791
SFTPB,69
GNLY,500
ATOH8,99
ST3GAL5,657
POLR1A,4283
IMMT,8871
REEP1,591
KDM3A,5866
CHMP3,9536
RNF103,5730
RMND5A,7532
CD8A,558
PLGLB2,1071
KRCC1,4337
SMYD1,84
FABP1,45
THNSL2,3283
FOXI3,297
TEX37,55
EIF2AK3,2049
RPIA,2560
IGKC,183854
AL845331.2,68
MAL,100
ZNF514,1289
ZNF2,421
AC092835.1,1343
PROM2,8061
KCNIP3,147
FAHD2A,1343
TRIM43,128
GPAT2,402
ADRA2B,94
ASTL,142
DUSP2,2050
STARD7,4164
TMEM127,2599
CIAO1,6211
SNRNP200,10877
ITPRIPL1,269
NCAPH,1028
NEURL3,276
ARID5A,2398
KANSL3,6717
FER1L5,91
LMAN2L,2133
CNNM4,3066
CNNM3,2584
ANKRD39,667
SEMA4C,4611
FAM178B,145
FAHD2B,1659
ANKRD36,475
COX5B,4137
ACTR1B,5572
C2ORF92,1195
ZAP70,667
TMEM131,3951
VWA3B,82
CNGA3,100
INPP4A,1681
COA5,1527
UNC50,4518
MGAT4A,6674
KIAA1211L,1560
TSGA10,700
C2ORF15,973
LIPT1,965
MITD1,3849
LYG1,302
TXNDC9,1160
EIF5B,7676
REV1,5046
AFF3,5175
LONRF2,1596
CHST10,871
NMS,1
PDCL3,4840
NPAS2,1355
TBC1D8,3069
CNOT11,8811
RNF149,11313
CREG2,83
RFX8,532
MAP4K4,6769
IL1R2,111
IL1R1,2996
IL1RL2,364
IL1RL1,144
IL18R1,162
IL18RAP,133
SLC9A4,51
SLC9A2,523
MFSD9,1019
TMEM182,966
POU3F3,190
GPR45,75
TGFBRAP1,3262
C2ORF49,3909
FHL2,10110
NCK2,3555
ECRG4,170
UXS1,2881
RGPD3,31
CD8B2,80
ST6GAL2,513
RGPD4,27
SLC5A7,94
SULT1C3,64
SULT1C2,236
SULT1C4,295
GCC2,2953
CCDC138,1219
EDAR,60
SH3RF3,313
SEPTIN10,1818
SOWAHC,1512
MALL,319
NPHP1,1249
MTLN,3643
BUB1,1711
ACOXL,143
BCL2L11,3510
ANAPC1,827
MERTK,1352
TMEM87B,4930
FBLN7,545
ZC3H8,1727
ZC3H6,1289
TTL,3311
POLR1B,2517
CHCHD5,3872
SLC20A1,6926
NT5DC4,33
CKAP2L,1349
IL1A,92
IL1B,425
IL37,68
IL36G,30
IL36A,34
IL36B,25
IL36RN,54
IL1F10,55
IL1RN,2021
PSD4,3117
PAX8,122
SLC35F5,6641
ACTR3,6415
DPP10,69
DDX18,3398
CCDC93,1713
INSIG2,2692
EN1,1118
MARCO,129
C1QL2,46
STEAP3,2007
C2ORF76,1169
DBI,7674
TMEM37,400
SCTR,45
CFAP221,160
TMEM177,883
PTPN4,1947
EPB41L5,4082
TMEM185B,3420
RALB,1643
INHBB,861
GLI2,211
TFCP2L1,2289
CLASP1,2428
NIFK,1716
TSN,5101
CNTNAP5,29
GYPC,1889
TEX51,44
BIN1,1456
CYP27C1,289
ERCC3,3076
MAP3K2,4713
PROC,158
IWS1,4559
MYO7B,83
LIMS2,1896
GPR17,41
WDR33,5728
SFT2D3,866
POLR2D,1685
AMMECR1L,1303
SAP130,1903
UGGT1,4145
HS6ST1,5927
RAB6C,69
SMPD4,5995
TUBA3E,95
CCDC115,1967
IMP4,4996
PTPN18,1574
GPR148,84
AMER3,37
ARHGEF4,612
FAM168B,4057
PLEKHB2,7229
TUBA3D,10
ANKRD30BL,106
GPR39,591
LYPD1,277
NCKAP5,1080
MGAT5,3051
TMEM163,54
ACMSD,104
CCNT2,3745
MAP3K19,93
RAB3GAP1,5134
ZRANB3,332
R3HDM1,1763
UBXN4,12640
LCT,115
MCM6,4735
DARS,6091
CXCR4,7196
THSD7B,113
HNMT,686
SPOPL,2506
NXPH2,37
LRP1B,305
KYNU,2722
ARHGAP15,783
GTDC1,1407
ZEB2,2578
ACVR2A,1026
ORC4,2479
MBD5,1721
EPC2,3348
KIF5C,369
LYPD6B,2251
LYPD6,581
MMADHC,2929
RND3,1958
RBM43,976
NMI,4632
TNFAIP6,1247
RIF1,3324
NEB,132
ARL5A,1825
CACNB4,694
STAM2,3467
FMNL2,3913
PRPF40A,11680
ARL6IP6,1122
RPRM,51
GALNT13,352
KCNJ3,337
NR4A2,1886
GPD2,5386
GALNT5,496
ERMN,181
CYTIP,1005
ACVR1C,98
ACVR1,2086
UPP2,45
CCDC148,358
PKP4,2733
TANC1,4015
WDSUB1,1858
BAZ2B,3580
MARCH7,11060
CD302,538
LY75,718
PLA2R1,1245
ITGB6,5758
RBMS1,2635
TANK,2494
PSMD14,2842
TBR1,11
SLC4A10,66
DPP4,327
GCG,41
FAP,2864
IFIH1,6749
GCA,1856
KCNH7,50
FIGN,197
GRB14,1631
COBLL1,2499
SLC38A11,272
SCN3A,36
SCN2A,70
CSRNP3,121
GALNT3,2117
TTC21B,1563
SCN1A,266
SCN9A,103
SCN7A,90
XIRP2,9
B3GALT1,38
STK39,4487
CERS6,7042
NOSTRIN,1713
SPC25,1437
G6PC2,41
ABCB11,59
DHRS9,146
LRP2,928
BBS5,1253
KLHL41,157
FASTKD1,1064
PPIG,5933
CCDC173,128
PHOSPHO2,2604
KLHL23,991
METTL5,4721
UBR3,3286
MYO3B,215
SP5,168
ERICH2,465
GAD1,137
GORASP2,5076
TLK1,6786
METTL8,1048
DCAF17,2041
CYBRD1,3114
DYNC1I2,8565
SLC25A12,2541
HAT1,5092
METAP1D,700
DLX1,216
DLX2,301
ITGA6,5146
PDK1,4891
RAPGEF4,542
MAP3K20,3948
CDCA7,983
SP3,6786
SP9,44
CIR1,3224
SCRN3,1921
GPR155,710
WIPF1,3746
CHRNA1,159
CHN1,1063
ATF2,7275
ATP5MC3,2685
LNPK,3973
EVX2,23
HOXD13,23
HOXD12,42
HOXD11,76
HOXD10,144
HOXD9,268
HOXD8,2248
HOXD3,201
HOXD4,788
HOXD1,90
MTX2,3301
HNRNPA3,21248
NFE2L2,7432
AGPS,2963
TTC30B,331
TTC30A,852
PDE11A,175
RBM45,1745
OSBPL6,880
PRKRA,5155
PJVK,370
FKBP7,876
PLEKHA3,1966
TTN,106
CCDC141,206
SESTD1,5713
ZNF385B,339
CWC22,2042
UBE2E3,5861
ITGA4,999
CERKL,80
NEUROD1,37
ITPRID2,5170
PPP1R1C,86
PDE1A,268
DNAJC10,3778
FRZB,1120
NCKAP1,11021
DUSP19,311
NUP35,534
ZNF804A,88
FSIP2,76
ZC3H15,9320
ITGAV,7965
FAM171B,545
ZSWIM2,45
CALCRL,1109
TFPI,2397
GULP1,651
DIRC1,51
COL3A1,234589
COL5A2,11979
WDR75,3447
SLC40A1,6989
ASNSD1,3302
ANKAR,600
OSGEPL1,982
ORMDL1,4806
PMS1,2309
C2ORF88,157
MSTN,93
HIBCH,1585
INPP1,740
MFSD6,2993
NEMP2,976
NAB1,4755
GLS,3686
STAT1,17558
STAT4,390
MYO1B,6249
NABP1,3290
CAVIN2,171
TMEFF2,33
SLC39A10,4034
DNAH7,693
STK17B,3786
HECW2,1883
CCDC150,530
GTF3C3,3706
C2ORF66,166
PGAP1,635
ANKRD44,1533
SF3B1,4065
COQ10B,2909
HSPD1,14921
HSPE1,14625
MOB4,5431
RFTN2,248
MARS2,346
BOLL,29
PLCL1,523
SATB2,404
FTCDNL1,728
C2ORF69,1687
TYW5,1776
MAIP1,2401
SPATS2L,6539
KCTD18,973
SGO2,594
AOX1,427
BZW1,5778
CLK1,7337
PPIL3,2319
NIF3L1,1714
ORC2,3495
FAM126B,2063
NDUFB3,2261
CFLAR,7912
CASP10,503
CASP8,2460
FLACC1,176
TRAK2,2848
STRADB,654
C2CD6,121
TMEM237,2974
MPP4,62
ALS2,3699
CDK15,161
FZD7,2539
KIAA2012,52
NOP58,8018
BMPR2,8667
FAM117B,1111
ICA1L,500
WDR12,2187
CARF,1104
NBEAL1,2032
CYP20A1,3808
ABI2,6364
RAPH1,6915
CD28,522
CTLA4,174
ICOS,255
PARD3B,1528
NRP2,2044
INO80D,1681
NDUFS1,5552
EEF1B2,10404
GPR1,151
ZDBF2,240
ADAM23,162
FAM237A,36
DYTN,20
MDH1B,500
FASTKD2,3871
CPO,183
KLF7,1529
CREB1,3535
METTL21A,1303
CCNYL1,3440
FZD5,622
PLEKHM3,782
CRYGD,36
CRYGC,41
CRYGB,71
CRYGA,34
C2ORF80,43
IDH1,4253
PIKFYVE,3786
PTH2R,293
MAP2,653
UNC80,41
RPE,2017
KANSL1L,1046
ACADL,83
MYL1,32
LANCL1,3674
CPS1,184
ERBB4,2487
IKZF2,2295
SPAG16,7352
VWC2L,89
BARD1,1303
ABCA12,3797
ATIC,6485
FN1,142546
MREG,2799
PECR,1029
TMEM169,131
XRCC5,2159
MARCH4,36
SMARCAL1,1664
IGFBP2,14700
IGFBP5,47798
TNP1,20
TNS1,2361
RUFY4,248
CXCR2,38
CXCR1,75
ARPC2,6467
GPBAR1,85
AAMP,12894
PNKD,4725
TMBIM1,4421
CATIP,42
SLC11A1,1365
CTDSP1,6715
VIL1,133
USP37,2956
CNOT9,6069
PLCD4,303
ZNF142,2373
BCS1L,2788
RNF25,2119
STK36,1696
TTLL4,1661
CYP27A1,1668
PRKAG3,30
WNT6,753
WNT10A,274
CDK5R2,54
FEV,23
CRYBA2,58
IHH,50
NHEJ1,822
SLC23A3,414
CNPPD1,3409
RETREG2,4025
ZFAND2B,3041
ABCB6,2764
ATG9A,1670
ANKZF1,3865
GLB1L,684
STK16,2412
TUBA4A,2971
TUBA4B,17
DNAJB2,6542
PTPRN,132
RESP18,32
DNPEP,5147
DES,89
SPEG,1495
SPEGNB,94
GMPPA,3347
ASIC4,73
CHPF,6974
TMEM198,420
OBSL1,7117
INHA,332
STK11IP,1273
SLC4A3,2133
EPHA4,669
PAX3,66
CCDC140,33
SGPP2,851
FARSB,5251
MOGAT1,389
ACSL3,8465
KCNE4,3817
SCG2,153
AP1S3,2462
WDFY1,5769
SERPINE2,999
FAM124B,160
CUL3,7466
CCDC195,34
DOCK10,1579
NYAP2,104
IRS1,957
RHBDD1,1767
COL4A4,130
COL4A3,51
MFF,5329
TM4SF20,47
AGFG1,6183
C2ORF83,66
SCYGR4,50
SLC19A3,101
SCYGR8,36
CCL20,241
DAW1,57
SPHKAP,92
PID1,476
DNER,87
TRIP12,15889
FBXO36,606
SLC16A14,616
SP110,5170
SP140,402
SP140L,1371
SP100,8964
CAB39,6834
ITM2C,4265
GPR55,67
SPATA3,45
C2ORF72,483
PSMD1,7060
HTR2B,113
ARMC9,2094
B3GNT7,208
NCL,9409
NMUR1,67
TEX44,39
PDE6D,1696
COPS7B,3507
NPPC,119
DIS3L2,3501
ALPP,42
ALPG,54
ALPI,36
ECEL1,211
PRSS56,25
CHRND,44
CHRNG,59
TIGD1,222
EIF4E2,8622
EFHD1,19321
GIGYF2,3540
KCNJ13,80
SNORC,377
NGEF,135
NEU2,38
INPP5D,727
ATG16L1,2163
SAG,101
DGKD,2622
USP40,2898
UGT1A8,25
UGT1A10,17
UGT1A9,50
UGT1A5,19
UGT1A4,15
UGT1A3,22
UGT1A1,51
MROH2A,60
HJURP,1723
TRPM8,31
SPP2,38
ARL4C,3304
SH3BP4,5532
AGAP1,5361
GBX2,38
ASB18,63
IQCA1,512
ACKR3,1291
COPS8,2881
COL6A3,43567
MLPH,27856
PRLH,43
RAB17,3056
LRRFIP1,3951
RBM44,134
RAMP1,3656
UBE2F,1674
SCLY,579
ESPNL,85
KLHL30,77
ERFE,92
ILKAP,2769
HES6,1289
PER2,2179
TRAF3IP1,2504
ASB1,1887
TWIST2,290
HDAC4,1200
NDUFA10,7669
OR6B2,47
OR6B3,37
COPS9,5069
OTOS,47
GPC1,6585
ANKMY1,1765
DUSP28,519
RNPEPL1,3288
GPR35,491
AQP12A,20
KIF1A,1769
AGXT,25
MAB21L4,360
CROCC2,88
SNED1,1546
MTERF4,2830
PASK,1190
PPP1R7,6962
HDLBP,16254
SEPTIN2,4707
FARP2,2379
STK25,6720
BOK,2383
THAP4,2933
ATG4B,4291
DTYMK,2751
ING5,2943
D2HGDH,2875
NEU4,145
PDCD1,158
RTP5,58
FAM240C,87
CHL1,221
CNTN6,17
CNTN4,180
IL5RA,54
TRNT1,3955
CRBN,3998
SUMF1,3497
LRRN1,3857
SETMAR,2192
ITPR1,3137
BHLHE40,36218
ARL8B,4772
EDEM1,9420
GRM7,58
LMCD1,3728
SSUH2,158
OXTR,698
RAD18,3148
SRGAP3,575
THUMPD3,4075
SETD5,19232
LHFPL4,20
MTMR14,2202
CPNE9,45
BRPF1,2210
OGG1,3735
CAMK1,1015
TADA3,7502
ARPC4,8618
TTLL3,4754
RPUSD3,2181
CIDEC,76
JAGN1,2032
IL17RC,5287
CRELD1,4733
EMC3,4193
FANCD2,682
FANCD2OS,89
BRK1,1617
VHL,6469
IRAK2,437
TATDN2,3868
GHRL,261
SEC13,13672
ATP2B2,1251
SLC6A11,664
SLC6A1,294
HRH1,792
ATG7,2991
VGLL4,7065
TAMM41,2433
SYN2,84
TIMP4,101
PPARG,690
TSEN2,1971
MKRN2OS,363
MKRN2,3577
RAF1,8901
TMEM40,476
CAND2,499
IQSEC1,6598
NUP210,4087
HDAC11,2071
FBLN2,3879
WNT7A,41
CHCHD4,1218
TMEM43,4516
XPC,3363
LSM3,850
SLC6A6,5321
GRIP2,259
CCDC174,3017
C3ORF20,90
FGD5,954
NR2C2,3081
RBSN,540
CAPN7,4809
SH3BP5,8139
METTL6,2092
EAF1,3561
COLQ,395
HACL1,755
BTD,1413
ANKRD28,6572
GALNT15,270
DPH3,2445
OXNAD1,2806
RFTN1,1765
DAZL,53
PLCL2,581
TBC1D5,4940
SATB1,1543
KCNH8,70
EFHB,86
RAB5A,6130
PP2D1,37
KAT2B,1238
SGO1,561
ZNF385D,202
UBE2E2,2286
UBE2E1,3266
NKIRAS1,1890
NR1D2,3784
THRB,1395
RARB,505
TOP2B,4320
NGLY1,2968
OXSM,1446
LRRC3B,63
NEK10,1691
SLC4A7,4898
EOMES,172
CMC1,1886
AZI2,4441
ZCWPW2,301
RBMS3,1047
TGFBR2,3878
GADL1,50
STT3B,13007
OSBPL10,1757
ZNF860,331
GPD1L,3707
CMTM8,1384
CMTM7,909
CMTM6,4462
DYNC1LI1,2525
CNOT10,3312
TRIM71,60
CCR4,206
GLB1,3079
TMPPE,449
CRTAP,10028
SUSD5,191
FBXL2,1219
UBP1,7760
CLASP2,3859
PDCD6IP,6255
ARPP21,77
STAC,145
DCLK3,81
TRANK1,1666
EPM2AIP1,3145
MLH1,3260
LRRFIP2,5767
ITGA9,1490
CTDSPL,2608
VILL,444
PLCD1,849
DLEC1,96
ACAA1,8197
MYD88,5312
OXSR1,3923
SLC22A13,124
SLC22A14,105
XYLB,1194
ACVR2B,1143
EXOG,125
SCN5A,34
SCN10A,41
SCN11A,76
WDR48,2350
GORASP1,3431
TTC21A,1059
CSRNP1,1995
XIRP1,238
CX3CR1,150
CCR8,163
SLC25A38,2339
MOBP,84
MYRIP,212
EIF1B,5228
ENTPD3,213
ZNF619,688
ZNF620,529
ZNF621,3091
CTNNB1,4181
ULK4,2090
TRAK1,3661
CCK,60
LYZL4,61
VIPR1,770
SEC22C,2541
SS18L2,1669
NKTR,3719
ZBTB47,1197
KLHL40,10
HHATL,66
CCDC13,134
HIGD1A,2205
ACKR2,319
KRBOX1,201
CYP8B1,54
ZNF662,174
GASK1A,1253
POMGNT2,684
SNRK,2496
ANO10,2850
ABHD5,2184
TOPAZ1,55
TCAIM,2019
ZNF445,1183
ZNF852,229
ZKSCAN7,716
ZNF660,229
ZNF197,1283
ZNF35,492
ZNF502,428
ZNF501,353
KIAA1143,2639
KIF15,820
TMEM42,559
TGM4,11
ZDHHC3,3002
EXOSC7,2367
CLEC3B,137
CDCP1,3345
TMEM158,2515
LARS2,2098
LIMD1,3306
SACM1L,3794
SLC6A20,66
LZTFL1,1708
CCR9,46
FYCO1,1256
CXCR6,179
XCR1,85
CCR3,89
CCR1,610
CCR2,235
CCR5,408
CCRL2,295
LTF,7777
RTP3,35
LRRC2,44
FAM240A,65
ALS2CL,746
TMIE,52
PRSS45P,176
MYL3,80
PTH1R,116
CCDC12,3693
NBEAL2,4032
KIF9,1481
KLHL18,1399
PTPN23,5007
SCAP,2617
ELP6,1658
CSPG5,156
SMARCC1,7690
DHX30,4043
MAP4,14161
CDC25A,781
CAMP,232
ZNF589,1481
NME6,1383
SPINK8,339
FBXW12,29
PLXNB1,5620
CCDC51,722
TMA7,2276
ATRIP,990
SHISA5,4769
PFKFB4,975
UCN2,64
COL7A1,1767
UQCRC1,9972
TMEM89,41
SLC26A6,1228
CELSR3,307
NCKIPSD,1522
IP6K2,4819
PRKAR2A,2047
SLC25A20,748
ARIH2OS,258
ARIH2,4733
P4HTM,3729
WDR6,3705
DALRD3,2139
NDUFAF3,4123
IMPDH2,5189
QRICH1,4526
QARS,7268
USP19,2667
LAMB2,9441
CCDC71,1322
KLHDC8B,1436
C3ORF84,27
CCDC36,197
C3ORF62,217
USP4,4025
RHOA,17357
TCTA,2432
AMT,1292
NICN1,1683
DAG1,4112
BSN,269
APEH,4542
MST1,1068
GMPPB,2871
IP6K1,2847
CDHR4,100
INKA1,214
UBA7,2642
TRAIP,442
CAMKV,35
MST1R,1154
MON1A,391
RBM6,6338
RBM5,4035
SEMA3F,5704
GNAT1,47
SLC38A3,225
GNAI2,5499
SEMA3B,2522
LSMEM2,23
IFRD2,2386
HYAL3,310
NAA80,782
HYAL1,137
HYAL2,2426
TUSC2,2430
RASSF1,2028
ZMYND10,632
NPRL2,1384
CYB561D2,2137
TMEM115,2471
CACNA2D2,439
C3ORF18,344
HEMK1,2235
CISH,3102
MAPKAPK3,2293
DOCK3,263
MANF,8755
RBM15B,4896
DCAF1,1187
RAD54L2,2025
TEX264,2514
GRM2,96
IQCF6,21
IQCF2,48
IQCF5,32
IQCF1,35
RRP9,1515
PARP3,1786
GPR62,34
PCBP4,1796
ABHD14B,3001
ABHD14A,834
ACY1,2107
DUSP7,1535
POC1A,1214
ALAS1,2287
TLR9,69
TWF2,5013
PPM1M,968
WDR82,7157
GLYCTK,1506
DNAH1,599
BAP1,2850
SEMA3G,224
TNNC1,101
NISCH,4902
STAB1,2459
NT5DC2,3846
SMIM4,388
PBRM1,6422
GNL3,11160
GLT8D1,1972
SPCS1,10170
NEK4,2436
ITIH1,43
ITIH3,21
MUSTN1,242
STIMATE,2000
SFMBT1,1082
RFT1,1536
PRKCD,6051
TKT,7185
DCP1A,2736
CACNA1D,1194
CHDH,1578
IL17RB,968
ACTR8,1333
SELENOK,6477
CACNA2D3,75
WNT5A,970
ERC2,101
CCDC66,1723
TASOR,4508
ARHGEF3,1371
SPATA12,39
IL17RD,1368
HESX1,253
APPL1,5214
ASB14,71
DNAH12,123
PDE12,1518
ARF4,3675
DENND6A,2782
SLMAP,4555
FLNB,10592
DNASE1L3,51
ABHD6,386
RPP14,262
PXK,1420
PDHB,4390
KCTD6,725
ACOX2,152
FAM107A,245
FAM3D,303
C3ORF67,695
FHIT,383
PTPRG,1708
C3ORF14,2435
FEZF2,26
CADPS,214
SYNPR,51
SNTN,47
C3ORF49,47
THOC7,5004
ATXN7,2458
PSMD6,4583
PRICKLE2,1550
ADAMTS9,2937
MAGI1,1228
SLC25A26,1467
LRIG1,6938
KBTBD8,174
SUCLG2,1704
TAFA1,27
TAFA4,64
EOGT,2580
TMF1,3902
UBA3,6551
ARL6IP5,7558
FRMD4B,882
MITF,885
MDFIC2,38
FOXP1,9557
EIF4E3,3624
GPR27,873
PROK2,51
RYBP,5683
SHQ1,956
GXYLT2,4132
PPP4R2,2842
EBLN2,1124
PDZRN3,2161
CNTN3,425
FRG2C,114
ZNF717,1818
ROBO2,168
ROBO1,3332
GBE1,2493
CADM2,511
VGLL3,1350
CHMP2B,5080
POU1F1,61
HTR1F,144
CGGBP1,6388
ZNF654,1579
C3ORF38,2490
CSNKA2IP,33
EPHA3,144
PROS1,274
ARL13B,977
STX19,302
DHFR2,641
NSUN3,1368
EPHA6,127
ARL6,1105
CRYBG3,609
RIOX2,3352
GABRR3,42
OR5AC2,54
OR5H14,25
OR5H15,20
OR5H6,19
OR5H2,42
OR5K4,41
OR5K3,46
OR5K1,17
OR5K2,49
CLDND1,3029
GPR15,78
CPOX,1488
ST3GAL6,535
DCBLD2,2068
COL8A1,2866
CMSS1,3312
FILIP1L,2136
TBC1D23,3372
NIT2,5767
TOMM70,6121
LNP1,299
TMEM45A,5620
ADGRG7,429
TFG,5893
ABI3BP,445
IMPG2,169
SENP7,1606
TRMT10C,3489
ZBTB11,2287
CEP97,1939
NXPE3,1450
NFKBIZ,8846
ZPLD1,34
ALCAM,8142
CBLB,2623
CCDC54,53
BBX,3646
CD47,12886
IFT57,3806
HHLA2,69
MYH15,42
CIP2A,1218
DZIP3,1521
RETNLB,38
TRAT1,170
GUCA1C,28
MORC1,60
C3ORF85,28
DPPA2,58
DPPA4,19
NECTIN3,504
CD96,667
ZBED2,86
PLCXD2,129
PHLDB2,2852
ABHD10,2132
TAGLN3,52
TMPRSS7,32
C3ORF52,2920
GCSAM,110
SLC9C1,48
CD200,487
BTLA,45
ATG3,3138
SLC35A5,1484
CCDC80,5211
CD200R1L,35
CD200R1,186
GTPBP8,920
NEPRO,2763
BOC,2183
CFAP44,2260
SPICE1,2472
SIDT1,3038
USF3,1868
NAA50,2300
ATP6V1A,6821
GRAMD1C,967
ZDHHC23,745
CCDC191,1278
QTRT2,1931
DRD3,71
ZNF80,65
TIGIT,526
ZBTB20,2301
GAP43,71
LSAMP,150
IGSF11,98
TEX55,57
UPK1B,48
B4GALT4,1251
ARHGAP31,1692
TMEM39A,3691
POGLUT1,1407
TIMMDC1,7613
CD80,490
ADPRH,624
PLA1A,962
POPDC2,472
COX17,3548
MAATS1,277
NR1I2,79
GSK3B,7502
GPR156,132
LRRC58,3316
FSTL1,8066
NDUFB4,4082
HGD,1720
RABL3,2324
GTF2E1,2255
STXBP5L,50
POLQ,1036
ARGFX,37
FBXO40,48
HCLS1,3343
GOLGB1,7438
IQCB1,2450
EAF2,801
SLC15A2,536
ILDR1,600
CD86,525
CASR,61
CSTA,3447
FAM162A,9019
WDR5B,1187
KPNA1,6492
PARP9,7541
DTX3L,8940
PARP15,328
PARP14,12492
HSPBAP1,846
SLC49A4,1717
SEMA5B,65
PDIA5,3520
SEC22A,1151
ADCY5,687
HACD2,3862
MYLK,7635
CCDC14,8315
KALRN,2204
UMPS,2048
ITGB5,9393
MUC13,172
HEG1,1414
SLC12A8,1686
ZNF148,3749
SNX4,5445
OSBPL11,2053
ALG1L,360
ROPN1B,512
SLC41A3,1260
ALDH1L1,217
KLF15,171
CFAP100,42
ZXDC,2533
UROC1,17
CHST13,60
C3ORF22,60
TXNRD3,1878
CHCHD6,1924
PLXNA1,2228
C3ORF56,58
PRR20G,27
TPRA1,3059
MCM2,4416
PODXL2,2236
ABTB1,2221
MGLL,2656
KBTBD12,170
SEC61A1,11694
RUVBL1,5886
EEFSEC,2309
DNAJB8,65
GATA2,2747
RPN1,5193
RAB7A,9403
ACAD9,4349
KIAA1257,548
EFCC1,592
GP9,77
ISY1,4120
CNBP,9923
COPG1,16107
HMCES,5078
H1FX,24705
EFCAB12,275
MBD4,3589
IFT122,4229
RHO,76
H1FOO,30
PLXND1,9275
TMCC1,1092
TRH,58
COL6A5,53
COL6A6,158
PIK3R4,2910
ATP2C1,14086
ASTE1,837
NEK11,941
NUDT16,2827
CPNE4,63
ACPP,408
DNAJC13,4127
ACAD11,2832
ACKR4,247
UBA5,5035
NPHP3,1994
TMEM108,844
BFSP2,126
CDV3,4553
TOPBP1,2274
TF,701
SRPRB,7447
RAB6B,832
SLCO2A1,501
RYK,2675
AMOTL2,4629
ANAPC13,3917
CEP63,2809
EPHB1,232
KY,163
PPP2R3A,2481
MSL2,4846
PCCB,2579
STAG1,6258
SLC35G2,361
NCK1,4632
IL20RB,314
SOX14,39
CLDN18,44
DZIP1L,758
A4GNT,56
DBR1,2678
ARMC8,3432
NME9,40
MRAS,1879
ESYT3,192
CEP70,2488
FAIM,2540
PIK3CB,3640
FOXL2,62
FOXL2NB,32
PRR23A,48
PRR23B,56
PRR23C,39
COPB2,13439
RBP2,53
RBP1,3086
NMNAT3,1631
CLSTN2,2748
TRIM42,48
SLC25A36,4590
SPSB4,210
PXYLP1,715
ZBTB38,3716
RASA2,3667
RNF7,14475
GRK7,55
ATP1B3,3553
TFDP2,3675
GK5,3421
XRN1,4745
ATR,2624
PLS1,669
TRPC1,564
PCOLCE2,232
PAQR9,54
U2SURP,7668
CHST2,335
SLC9A9,313
DIPK2A,2710
PLOD2,4036
PLSCR4,1101
PLSCR2,275
PLSCR1,7458
PLSCR5,55
ZIC4,26
ZIC1,83
AGTR1,202
CPB1,4053
CPA3,392
GYG1,1720
HLTF,4680
HPS3,3728
CP,4581
TM4SF18,462
TM4SF1,12101
TM4SF4,87
WWTR1,3608
COMMD2,3026
ANKUB1,40
RNF13,4190
PFN2,17957
TSC22D2,6327
SERP1,15452
EIF2A,5923
SELENOT,5883
ERICH6,87
SIAH2,5862
MINDY4B,66
CLRN1,80
MED12L,473
GPR171,220
P2RY14,193
GPR87,283
P2RY13,221
P2RY12,112
AADACL2,94
AADAC,40
SUCNR1,217
MBNL1,7042
P2RY1,175
RAP2B,7307
ARHGEF26,3551
DHX36,7199
GPR149,54
MME,1168
STRIT1,54
PLCH1,932
C3ORF33,557
SLC33A1,4166
GMPS,6608
KCNAB1,681
SSR3,7288
TIPARP,2201
LEKR1,184
CCNL1,6503
VEPH1,683
PTX3,286
SLC66A1L,170
SHOX2,570
RSRC1,3031
MLF1,3470
GFM1,4701
LXN,2543
RARRES1,5572
MFSD1,6993
IQCJ,761
IL12A,43
C3ORF80,251
IFT80,3077
SMC4,5892
TRIM59,1571
KPNA4,8656
ARL14,93
PPM1L,779
B3GALNT1,1514
NMD3,5270
SPTSSB,2357
OTOL1,48
SI,39
SLITRK3,64
BCHE,112
ZBBX,84
SERPINI2,110
WDR49,136
PDCD10,6601
SERPINI1,820
GOLIM4,3977
MECOM,711
TERC,204
ACTRT3,438
MYNN,3759
LRRC34,396
LRRIQ4,113
LRRC31,318
SAMD7,44
SEC62,7020
GPR160,3047
PHC3,4603
PRKCI,3175
SKIL,6415
CLDN11,236
SLC7A14,67
EIF5A2,494
SLC2A2,67
TNIK,2281
PLD1,1242
TMEM212,74
FNDC3B,9716
GHSR,37
TNFSF10,8337
NCEH1,1250
ECT2,5224
SPATA16,57
NLGN1,60
NAALADL2,4070
TBL1XR1,16294
KCNMB2,226
ZMAT3,3857
PIK3CA,7637
KCNMB3,3263
ZNF639,8900
MFN1,11553
GNB4,26466
ACTL6A,13233
NDUFB5,19191
USP13,1533
PEX5L,61
TTC14,3880
CCDC39,179
FXR1,3854
SOX2,367
ATP11B,6355
DCUN1D1,5546
MCCC1,7254
LAMP3,1621
MCF2L2,1657
B3GNT5,2718
KLHL6,799
KLHL24,3831
YEATS2,3732
MAP6D1,333
PARL,3846
ABCC5,8003
HTR3D,57
HTR3C,24
HTR3E,46
EIF2B5,4668
DVL3,9133
AP2M1,6424
ABCF3,4660
VWA5B2,352
ALG3,4634
EEF1AKMT4,1239
CAMK2N2,264
ECE2,44
PSMD2,3183
EIF4G1,10277
FAM131A,1549
CLCN2,1302
POLR2H,10090
THPO,555
CHRD,2898
EPHB3,9070
MAGEF1,3506
VPS8,3226
C3ORF70,252
EHHADH,1031
MAP3K13,3520
TMEM41A,1712
LIPH,2349
SENP2,5324
IGF2BP2,435
TRA2B,7454
ETV5,1447
DGKG,141
CRYGS,164
TBCCD1,1159
DNAJB11,8447
AHSG,64
FETUB,54
HRG,44
KNG1,55
EIF4A2,9459
RFC4,3253
ADIPOQ,90
ST6GAL1,4738
RTP1,67
MASP1,71
RTP4,995
SST,33
RTP2,101
BCL6,3090
AC072022.2,195
LPP,7331
TPRG1,1777
TP63,336
P3H2,601
CLDN1,4581
CLDN16,144
TMEM207,42
IL1RAP,942
GMNC,45
OSTN,36
UTS2B,51
CCDC50,6053
PYDC2,15
FGF12,481
MB21D2,1302
PLAAT1,438
ATP13A5,234
ATP13A4,750
OPA1,5651
HES1,7943
CPN2,96
LRRC15,1652
GP5,17
ATP13A3,5873
TMEM44,781
LSG1,2767
FAM43A,698
XXYLT1,1139
ACAP2,5294
APOD,3990
MUC20,2008
MUC4,44
TNK2,14090
TFRC,21235
ZDHHC19,3
SLC51A,240
PCYT1A,12131
TCTEX1D2,4712
TM4SF19,462
UBXN7,8046
RNF168,7405
SMCO1,138
WDR53,4487
FBXO45,4453
NRROS,370
PIGX,8164
CEP19,967
PAK2,5455
SENP5,4876
NCBP2,19961
NCBP2AS2,2325
PIGZ,913
MELTF,2041
DLG1,7775
BDH1,2349
RUBCN,1673
FYTTD1,6873
LRCH3,4494
IQCG,1615
LMLN,1069
ZNF595,1709
ZNF718,685
ZNF732,82
ZNF141,1397
PIGG,2023
TMEM271,45
PDE6B,1379
ATP5ME,6354
MYL5,1034
SLC49A3,1331
PCGF3,4878
CPLX1,394
GAK,8334
TMEM175,2981
DGKQ,1330
SLC26A1,213
IDUA,2742
FGFRL1,798
RNF212,261
SPON2,5179
MAEA,2901
UVSSA,3008
NKX1-1,15
FAM53A,497
SLBP,5682
TACC3,3035
TMEM129,3160
FGFR3,1132
LETM1,1295
NSD2,1910
NELFA,3530
C4ORF48,2818
NAT8L,484
POLN,295
HAUS3,2159
MXD4,4847
ZFYVE28,1384
CFAP99,158
RNF4,4703
FAM193A,2538
TNIP2,2287
SH3BP2,1989
ADD1,4830
MFSD10,4211
NOP14,3380
GRK4,1092
HTT,5536
MSANTD1,199
RGS12,2141
HGFAC,236
DOK7,648
LRPAP1,6751
ADRA2C,320
OTOP1,15
TMEM128,1387
LYAR,2041
ZBTB49,396
NSG1,116
MSX1,380
CYTL1,56
STK32B,502
EVC2,472
EVC,2095
CRMP1,42
C4ORF50,40
WFS1,3786
PPP2R2C,2017
MAN2B2,2334
MRFAP1,1241
AC093323.1,1129
S100P,5530
MRFAP1L1,4101
BLOC1S4,1177
KIAA0232,3247
TBC1D14,4068
CCDC96,269
TADA2B,2988
GRPEL1,3117
SORCS2,221
PSAPL1,42
AFAP1,3725
ABLIM2,358
SH3TC1,1531
HTRA3,2957
ACOX3,4063
TRMT44,997
GPR78,19
CPZ,8
HMX1,21
FAM90A26,46
USP17L10,3
USP17L15,365
SLC2A9,590
DRD5,162
WDR1,1639
ZNF518B,1507
CLNK,158
HS3ST1,529
RAB28,2230
NKX3-2,174
BOD1L1,3435
CPEB2,4745
C1QTNF7,68
CC2D2A,955
FBXL5,6624
FAM200B,1812
BST1,433
CD38,538
FGFBP1,39
FGFBP2,42
PROM1,4664
TAPT1,2049
LDB2,770
QDPR,5397
CLRN2,37
LAP3,6724
MED28,4811
DCAF16,7034
NCAPG,1745
LCORL,1150
SLIT2,359
PACRGL,1993
ADGRA3,1814
PPARGC1A,281
DHX15,12561
SOD3,573
CCDC149,1773
LGI2,232
SEPSECS,1209
PI4K2B,3630
ZCCHC4,846
ANAPC4,2789
SLC34A2,684
SEL1L3,1863
SMIM20,1443
RBPJ,2325
CCKAR,28
TBC1D19,1461
STIM2,1646
PCDH7,1684
ARAP2,894
DTHD1,128
NWD2,70
C4ORF19,892
RELL1,4357
PGM2,2483
TBC1D1,1375
PTTG2,165
KLF3,3073
TLR10,136
TLR1,647
TLR6,493
FAM114A1,5884
TMEM156,223
KLHL5,3910
WDR19,1460
RFC1,2436
KLB,53
LIAS,1051
UGDH,13738
SMIM14,9338
UBE2K,3099
PDS5A,1672
N4BP2,1782
RHOH,1582
CHRNA9,100
RBM47,6626
NSUN7,1059
APBB2,3828
UCHL1,3323
LIMCH1,3174
PHOX2B,39
TMEM33,4491
DCAF4L1,85
SLC30A9,6279
BEND4,51
SHISA3,30
ATP8A1,648
GRXCR1,33
KCTD8,40
YIPF7,61
GUF1,3172
GNPDA2,1130
GABRG1,42
GABRA2,32
COX7B2,57
GABRA4,32
GABRB1,25
COMMD8,1178
ATP10D,684
CORIN,276
NFXL1,2953
NIPAL1,163
CNGA1,64
TXK,96
TEC,283
SLAIN2,3386
SLC10A4,76
ZAR1,17
FRYL,2805
OCIAD1,5006
OCIAD2,5285
CWH43,98
DCUN1D4,2891
LRRC66,121
SGCB,3338
SPATA18,555
USP46,1055
ERVMER34-1,179
RASL11B,90
SCFD2,1225
FIP1L1,3325
LNX1,1412
CHIC2,2810
GSX2,50
PDGFRA,1351
KIT,583
KDR,815
SRD5A3,2767
TMEM165,5040
CLOCK,2500
PDCL2,25
NMU,245
EXOC1L,33
EXOC1,2131
CEP135,1642
KIAA1211,698
AASDH,1291
PPAT,1724
PAICS,800
SRP72,4486
ARL9,173
THEGL,26
HOPX,616
SPINK2,63
REST,4496
NOA1,2453
POLR2B,5470
IGFBP7,17679
ADGRL3,159
TECRL,32
EPHA5,50
CENPC,1599
STAP1,195
UBA6,5771
GNRHR,41
TMPRSS11D,39
TMPRSS11A,32
TMPRSS11F,25
TMPRSS11B,71
YTHDC1,7864
TMPRSS11E,183
UGT2B17,17
UGT2B10,19
UGT2A3,12
UGT2B7,27
UGT2B11,81
UGT2B28,29
UGT2B4,120
UGT2A1,63
UGT2A2,27
SULT1B1,54
SULT1E1,92
CSN1S1,14
CSN2,38
STATH,38
HTN3,26
HTN1,21
PRR27,331
ODAM,153
FDCSP,8083
CSN3,170
CABS1,34
SMR3A,8
SMR3B,31
OPRPN,99
MUC7,68
AMTN,66
AMBN,31
ENAM,29
JCHAIN,3119
UTP3,2354
RUFY3,3766
GRSF1,8430
MOB1B,1655
DCK,2230
SLC4A4,68
GC,29
NPFFR2,55
ADAMTS3,203
COX18,1584
ANKRD17,7921
ALB,5016
AFP,94
AFM,66
RASSF6,439
CXCL8,823
CXCL6,45
PF4V1,17
CXCL1,94
PF4,41
PPBP,32
CXCL5,67
CXCL3,131
CXCL2,408
MTHFD2L,747
EPGN,253
EREG,159
AREG,4701
BTC,402
PARM1,767
RCHY1,2905
THAP6,1322
ODAPH,81
CDKL2,108
G3BP2,7972
USO1,5790
PPEF2,33
NAAA,994
SDAD1,1122
CXCL9,1779
ART3,171
CXCL10,9988
CXCL11,1897
NUP54,3635
SCARB2,9483
FAM47E,602
STBD1,1312
CCDC158,258
SHROOM3,5511
SOWAHB,279
SEPTIN11,5674
CCNI,41700
CCNG2,5148
CXCL13,2500
CNOT6L,2775
FRAS1,180
ANXA3,1801
BMP2K,3416
PAQR3,1196
NAA11,89
GK2,44
ANTXR2,1481
PRDM8,152
FGF5,44
CFAP299,13
BMP3,43
PRKG2,122
RASGEF1B,1296
HNRNPD,11073
HNRNPDL,9596
ENOPH1,4071
TMEM150C,1023
SCD5,377
SEC31A,14165
THAP9,619
LIN54,1648
COPS4,3641
PLAC8,161
COQ2,1435
HPSE,524
HELQ,1129
ABRAXAS1,1094
GPAT3,470
NKX6-1,1131
CDS1,1702
WDFY3,3310
ARHGAP24,919
MAPK10,1651
PTPN13,2146
SLC10A6,217
C4ORF36,169
AFF1,5088
KLHL8,1350
HSD17B13,62
HSD17B11,1285
NUDT9,2817
SPARCL1,3594
DSPP,61
DMP1,61
IBSP,291
MEPE,84
SPP1,30031
PKD2,2944
ABCG2,154
PPM1K,1050
HERC6,2509
HERC5,1827
PYURF,7286
HERC3,2253
NAP1L5,371
FAM13A,1884
TIGD2,966
GPRIN3,939
SNCA,352
MMRN1,112
CCSER1,988
GRID2,85
ATOH1,29
SMARCAD1,2465
HPGDS,255
PDLIM5,2584
BMPR1B,2616
UNC5C,220
PDHA2,34
STPG2,363
RAP1GDS1,4505
TSPAN5,1172
EIF4E,6958
ADH5,3344
ADH4,25
ADH6,24
ADH1A,23
ADH1B,48
ADH1C,78
ADH7,25
C4ORF17,33
TRMT10A,1266
MTTP,75
C4ORF54,40
DAPP1,1930
LAMTOR3,4294
DNAJB14,2410
H2AFZ,5551
DDIT4L,133
EMCN,341
PPP3CA,4390
BANK1,464
SLC39A8,2954
NFKB1,3399
MANBA,2070
UBE2D3,12284
CISD2,3286
SLC9B1,167
SLC9B2,610
BDH2,2067
CENPE,1749
TACR3,47
CXXC4,543
TET2,1400
PPA2,2850
ARHGEF38,3138
INTS12,2214
GSTCD,2385
NPNT,5458
TBCK,3277
AIMP1,5286
GIMD1,28
DKK2,256
PAPSS1,8024
SGMS2,986
CYP2U1,650
HADH,4156
LEF1,846
OSTC,1945
ETNPPL,50
COL25A1,121
SEC24B,1639
MCUB,1476
CASP6,2935
PLA2G12A,5601
CFI,794
GAR1,1875
RRH,233
LRIT3,272
EGF,562
ELOVL6,603
ENPEP,1007
PITX2,119
FAM241A,3583
AP1AR,4541
TIFA,1659
ALPK1,1836
NEUROG2,32
ZGRF1,1338
LARP7,5258
ANK2,341
CAMK2D,1930
ARSJ,633
UGT8,1042
NDST4,24
TRAM1L1,323
NDST3,51
PRSS12,194
METTL14,1800
SEC24D,6203
SYNPO2,5175
MYOZ2,44
USP53,3646
C4ORF3,12494
FABP2,32
PDE5A,1766
MAD2L1,1526
PRDM5,430
NDNF,100
TNIP3,122
QRFPR,111
ANXA5,17529
TMEM155,19
EXOSC9,2912
CCNA2,1986
BBS7,845
TRPC3,70
KIAA1109,4567
ADAD1,60
IL2,44
IL21,41
BBS12,554
FGF2,294
SPATA5,1483
SPRY1,2668
ANKRD50,5099
FAT4,424
INTU,2532
SLC25A31,49
HSPA4L,1034
PLK4,779
MFSD8,1706
ABHD18,1429
LARP1B,2855
PGRMC2,9666
JADE1,1597
SCLT1,2098
C4ORF33,1145
PCDH10,566
PABPC4L,603
PCDH18,1262
SLC7A11,1000
NOCT,1935
ELF2,2837
MGARP,84
NDUFC1,5310
NAA15,5463
RAB33B,1873
SETD7,3004
MGST2,2281
MAML3,701
CLGN,542
MGAT4D,22
ELMOD2,3521
UCP1,62
TBC1D9,10991
RNF150,927
ZNF330,3200
IL15,372
INPP4B,5291
USP38,3113
GAB1,1187
SMARCA5,12187
FREM3,51
GYPE,33
GYPA,38
HHIP,75
ANAPC10,492
ABCE1,1767
OTUD4,2352
SMAD1,2572
MMAA,1399
C4ORF51,71
ZNF827,1754
LSM6,2818
REELD1,56
SLC10A7,1907
POU4F2,15
TTC29,110
EDNRA,1722
TMEM184C,1461
PRMT9,1549
ARHGAP10,1223
NR3C2,372
IQCM,92
DCLK2,2164
LRBA,6909
MAB21L2,27
SH3D19,1484
PRSS48,49
FAM160A1,2463
GATB,1006
FBXW7,7901
TMEM154,369
TIGD4,161
ARFIP1,3396
FHDC1,1816
TRIM2,940
MND1,851
TMEM131L,1482
TLR2,1365
RNF175,106
SFRP2,10900
DCHS2,116
PLRG1,4579
FGB,330
FGA,53
FGG,128
LRAT,210
RBM46,57
NPY2R,40
MAP9,725
GUCY1A1,1713
GUCY1B1,978
ASIC5,66
TDO2,721
CTSO,1579
PDGFC,1950
GLRB,240
GRIA2,71
GASK1B,3675
TMEM144,1174
RXFP1,109
C4ORF46,232
ETFDH,1306
PPID,3939
FNIP2,1373
C4ORF45,31
RAPGEF2,2938
FSTL5,83
NAF1,762
NPY1R,710
NPY5R,112
TKTL2,58
TMA16,1827
MARCH1,672
SMIM31,89
APELA,194
TRIM61,102
FAM218A,269
TRIM60,42
TRIM75P,38
TMEM192,1070
KLHL2,1585
GK3P,77
MSMO1,2360
CPE,5169
TLL1,619
SPOCK3,29
ANXA10,42
DDX60,4366
DDX60L,5191
PALLD,9485
CBR4,2582
SH3RF1,3835
NEK1,1094
CLCN3,3798
HPF1,853
MFAP3L,1385
AADAT,804
GALNTL6,140
GALNT7,3284
HMGB2,6319
SAP30,3421
HAND2,227
FBXO8,1587
CEP44,1554
HPGD,972
GLRA3,1125
ADAM29,42
GPM6A,41
WDR17,178
SPATA4,88
ASB5,34
SPCS3,2885
VEGFC,1353
NEIL3,414
AGA,3024
TENM3,488
DCTD,4986
WWC2,2128
CLDN22,91
CLDN24,24
CDKN2AIP,1261
ING2,2085
RWDD4,1405
TRAPPC11,2422
STOX2,146
ENPP6,14
IRF2,2978
CASP3,2276
PRIMPOL,550
CENPU,2638
ACSL1,2477
HELT,31
SLC25A4,2145
CFAP97,2932
SNX25,1934
LRP2BP,289
ANKRD37,1484
UFSP2,2474
C4ORF47,576
CCDC110,344
PDLIM3,1101
SORBS2,869
TLR3,589
FAM149A,235
CYP4V2,1415
KLKB1,138
F11,65
MTNR1A,21
FAT1,5727
ZFP42,55
TRIML2,320
TRIML1,51
FRG1,1245
FRG2,24
PLEKHG4B,1551
LRRC14B,77
CCDC127,1241
SDHA,3557
PDCD6,9594
AHRR,473
EXOC3,5164
SLC9A3,39
CEP72,1563
TPPP,286
ZDHHC11B,37
BRD9,3371
TRIP13,2507
NKD2,1808
SLC12A7,6281
SLC6A19,41
SLC6A18,38
TERT,37
CLPTM1L,6452
SLC6A3,74
LPCAT1,5934
NDUFS6,11309
IRX4,588
IRX2,3029
IRX1,2144
ADAMTS16,692
MED10,3685
UBE2QL1,367
NSUN2,6417
SRD5A1,1739
TENT4A,5280
ADCY2,560
C5ORF49,644
MTRR,2881
FASTKD3,1123
SEMA5A,1407
TAS2R1,43
ATPSCKMT,1658
CMBL,4082
MARCH6,6361
ROPN1L,259
ANKRD33B,232
DAP,9132
CTNND2,521
DNAH5,266
TRIO,7231
OTULINL,696
OTULIN,3683
ANKH,3328
FBXL7,409
MARCH11,89
ZNF622,3779
RETREG1,853
MYO10,5479
BASP1,3149
LINC02218,52
AC106774.4,24
TAF11L4,28
TAF11L6,159
TAF11L8,207
TAF11L11,16
TAF11L12,9
TAF11L13,15
TAF11L14,61
H3.Y,30
CDH18,56
CDH12,64
PRDM9,45
CDH10,55
CDH9,44
CDH6,226
DROSHA,4410
C5ORF22,3032
PDZD2,1105
GOLPH3,9934
MTMR12,5527
ZFR,6427
SUB1,1948
NPR3,839
TARS,2097
ADAMTS12,2329
RXFP3,43
SLC45A2,67
AMACR,1795
C1QTNF3,1535
RAI14,3217
TTC23L,183
RAD1,1705
BRIX1,4024
DNAJC21,6658
AGXT2,40
PRLR,13163
SPEF2,1315
IL7R,936
CAPSL,192
UGT3A1,48
UGT3A2,75
LMBRD2,2318
SKP2,2078
NADK2,2751
RANBP3L,211
SLC1A3,1022
NIPBL,5383
CPLANE1,2997
NUP155,3538
WDR70,2068
GDNF,125
EGFLAM,790
LIFR,1274
OSMR,4284
RICTOR,2000
FYB1,1592
C9,55
DAB2,3381
TTC33,925
PTGER4,569
PRKAA1,2649
CARD6,546
C7,184
MROH2B,43
C6,28
PLCXD3,52
OXCT1,1620
C5ORF51,2011
FBXO4,1367
GHR,755
CCDC152,57
SELENOP,15303
ANXA2R,653
ZNF131,2766
NIM1K,38
HMGCS1,3875
CCL28,1123
TMEM267,1541
C5ORF34,453
PAIP1,3904
NNT,2437
FGF10,1608
HCN1,77
EMB,715
PARP8,1339
ISL1,75
PELO,2756
ITGA1,1793
ITGA2,1514
MOCS2,5111
FST,432
NDUFS4,4843
ARL15,1164
HSPB3,51
SNX18,926
ESM1,752
GZMK,387
GZMA,507
CDC20B,1456
GPX8,3148
MCIDAS,224
CCNO,1113
DHX29,2236
MTREX,3509
PLPP1,1979
SLC38A9,1134
DDX4,62
IL31RA,50
ANKRD55,110
C5ORF67,13
MAP3K1,7173
SETD9,354
MIER3,1501
GPBP1,7234
ACTBL2,44
PLK2,6123
GAPT,159
RAB3C,22
PDE4D,2471
DEPDC1B,821
ELOVL7,522
ERCC8,1375
NDUFAF2,1249
SMIM15,6496
ZSWIM6,1571
KIF2A,3404
DIMT1,2444
IPO11,1937
HTR1A,33
RNF180,614
RGS7BP,111
SHISAL2B,45
SREK1IP1,749
CWC27,2317
ADAMTS6,388
CENPK,542
PPWD1,3040
TRIM23,1343
SHLD3,530
TRAPPC13,2679
SGTB,599
NLN,1802
ERBIN,8140
MAST4,3335
CD180,376
PIK3R1,5750
SLC30A5,2022
CCNB1,3422
CENPH,1180
CDK7,1686
CCDC125,3823
AK6,1780
TAF9,1180
RAD17,1036
MARVELD2,1214
OCLN,3028
BDP1,4570
MCCC2,12991
CARTPT,1337
MAP1B,3460
PTCD2,910
ZNF366,224
TNPO1,1903
FCHO2,1731
TMEM171,87
TMEM174,45
FOXD1,128
BTF3,811
ANKRA2,2640
UTP15,948
ARHGEF28,819
ENC1,5351
HEXB,5458
GFM2,2668
NSA2,3610
FAM169A,418
GCNT4,164
ANKRD31,205
HMGCR,2006
CERT1,3219
POLK,2873
ANKDD1B,111
POC5,609
SV2C,21
IQGAP2,2324
F2RL2,431
F2R,677
F2RL1,398
S100Z,89
CRHBP,68
AGGF1,3347
ZBED3,771
PDE8B,304
WDR41,2937
OTP,22
AP3B1,3833
SCAMP1,1766
LHFPL2,3616
ARSB,996
DMGDH,136
BHMT2,501
BHMT,34
JMY,1632
HOMER1,1841
TENT2,5092
CMYA5,1984
MTX3,1574
THBS4,890
SERINC5,3559
SPZ1,32
ZFYVE16,3987
FAM151B,665
ANKRD34B,95
DHFR,3115
MSH3,1775
RASGRF2,424
CKMT2,98
ZCCHC9,2255
ACOT12,52
SSBP2,3132
ATG10,1425
ATP6AP1L,550
TMEM167A,4684
XRCC4,799
VCAN,18825
HAPLN1,174
EDIL3,1029
COX7C,8549
RASA1,4434
CCNH,991
TMEM161B,1166
MEF2C,960
CETN3,1060
MBLAC2,381
POLR3G,306
LYSMD3,1677
ADGRV1,705
ARRDC3,8859
NR2F1,1841
FAM172A,2813
POU5F2,869
KIAA0825,812
SLF1,978
MCTP1,794
FAM81B,129
TTC37,4434
ARSK,131
GPR150,50
RFESD,35
SPATA9,58
RHOBTB3,5435
GLRX,4611
ELL2,6115
PCSK1,88
CAST,10642
ERAP1,1998
ERAP2,424
LNPEP,3444
LIX1,39
RIOK2,2151
RGMB,2600
CHD1,3144
FAM174A,2380
ST8SIA4,1100
SLCO4C1,67
SLCO6A1,32
PAM,7059
GIN1,614
PPIP5K2,3240
C5ORF30,1740
NUDT12,1362
EFNA5,1480
FBXL17,3039
FER,3714
PJA2,8691
MAN2A1,1858
TMEM232,320
SLC25A46,1839
TSLP,95
WDR36,2198
CAMK4,215
STARD4,576
NREP,5713
EPB41L4A,1441
APC,2069
SRP19,6288
REEP5,10201
DCP2,3279
MCC,936
TSSK1B,116
YTHDC2,4087
KCNN2,152
TRIM36,728
PGGT1B,1843
CCDC112,858
FEM1C,1980
TICAM2,612
TMED7,7354
CDO1,113
ATG12,2982
LVRN,66
ARL14EPL,48
COMMD10,1338
SEMA6A,795
DTWD2,1048
DMXL1,2330
TNFAIP8,983
HSD17B4,9455
FAM170A,53
PRR16,348
FTMT,63
SRFBP1,2739
LOX,4015
ZNF474,124
AC010255.3,30
SNCAIP,156
SNX2,4834
SNX24,2282
PPIC,3405
PRDM6,314
CEP120,1623
CSNK1G3,3095
ZNF608,951
GRAMD2B,3270
ALDH7A1,1614
PHAX,2763
TEX43,49
LMNB1,5099
MARCH3,785
MEGF10,377
PRRC1,5486
CTXN3,41
CCDC192,55
SLC12A2,7181
FBN2,153
SLC27A6,130
ISOC1,4078
ADAMTS19,447
MINAR2,54
CHSY3,281
HINT1,4307
LYRM7,712
CDC42SE2,3126
RAPGEF6,2690
FNIP1,5067
MEIKIN,56
ACSL6,79
IL3,37
CSF2,30
P4HA2,3209
PDLIM4,3824
SLC22A4,295
SLC22A5,1473
IRF1,4023
IL5,69
RAD50,3592
IL13,19
IL4,26
KIF3A,2116
CCNI2,158
SEPTIN8,5214
SOWAHA,102
SHROOM1,1335
GDF9,108
UQCRQ,5018
LEAP2,159
AFF4,10972
HSPA4,2071
FSTL4,130
C5ORF15,2577
VDAC1,4286
TCF7,670
PPP2CA,2274
CDKL3,318
UBE2B,7526
CDKN2AIPNL,2059
JADE2,1106
SAR1B,4884
SEC24A,2888
CAMLG,2500
DDX46,5732
C5ORF24,4915
TXNDC15,4815
CATSPER3,264
PITX1,2208
H2AFY,5528
TIFAB,71
NEUROG1,31
CXCL14,5519
SLC25A48,229
IL9,13
LECT2,30
TGFBI,7593
SMAD5,3332
SMIM32,31
TRPC7,37
SPOCK1,1594
KLHL3,477
HNRNPA0,17927
MYOT,22
PKD2L2,62
FAM13B,2771
WNT8A,28
NME5,783
BRD8,3836
KIF20A,1698
CDC23,1272
GFRA3,164
CDC25C,661
FAM53C,2966
KDM3B,4981
REEP2,359
EGR1,18315
ETF1,1935
HSPA9,7073
CTNNA1,17148
LRRTM2,91
SIL1,3812
PAIP2,1289
SLC23A1,116
MZB1,1222
PROB1,91
SPATA24,423
DNAJC18,580
ECSCR,493
SMIM33,94
TMEM173,2806
UBE2D2,5457
CXXC5,9083
PSD2,77
NRG2,82
PURA,2910
IGIP,1364
CYSTM1,3287
PFDN1,1999
HBEGF,459
SLC4A9,17
ANKHD1,7987
SRA1,6126
EIF4EBP3,918
APBB3,2590
SLC35A4,4145
CD14,2205
NDUFA2,11984
TMCO6,632
IK,3677
WDR55,2489
DND1,167
HARS,3214
HARS2,1810
ZMAT2,6284
PCDHA1,49
PCDHA2,62
PCDHA3,83
PCDHA4,184
PCDHA5,100
PCDHA6,68
PCDHA7,61
PCDHA8,29
PCDHA9,104
PCDHA10,286
PCDHA11,75
PCDHA12,156
PCDHA13,95
PCDHAC1,141
PCDHB1,65
PCDHB2,415
PCDHB3,518
PCDHB4,392
PCDHB5,202
PCDHB6,250
PCDHB7,207
PCDHB8,188
PCDHB16,795
PCDHB9,196
PCDHB10,400
PCDHB11,162
PCDHB12,292
PCDHB13,379
PCDHB14,702
PCDHB15,168
TAF7,7308
SLC25A2,36
PCDHGA1,222
PCDHGA2,282
PCDHGA3,210
PCDHGB2,399
PCDHGA5,874
PCDHGA6,570
PCDHGA7,551
PCDHGA8,554
PCDHGA9,316
PCDHGB6,542
PCDHGA10,911
PCDHGB7,880
PCDHGA11,223
PCDHGA12,728
PCDHGC3,635
PCDHGC5,164
DIAPH1,3118
HDAC3,4228
RELL2,682
FCHSD1,784
ARAP3,504
PCDH1,6131
DELE1,2349
PCDH12,463
RNF14,2298
GNPDA1,2403
NDFIP1,10543
SPRY4,2297
FGF1,509
ARHGAP26,1452
NR3C1,3329
HMHB1,20
YIPF5,3601
KCTD16,92
PRELID2,1456
GRXCR2,35
SH3RF2,833
PLAC8L1,284
LARS,4828
RBM27,4168
POU4F3,59
TCERG1,6230
GPR151,60
PPP2R2B,85
STK32A,33
DPYSL3,4099
JAKMIP2,77
SPINK1,180
SCGB3A2,46
C5ORF46,1650
SPINK5,165
SPINK14,20
SPINK6,33
MARCOL,30
SPINK13,35
SPINK7,42
SPINK9,16
FBXO38,1878
HTR4,111
ADRB2,299
SH3TC2,175
ABLIM3,1192
AFAP1L1,714
GRPEL2,879
PCYOX1L,515
IL17B,65
CSNK1A1,4986
ARHGEF37,1992
PPARGC1B,683
PDE6A,36
SLC26A2,1597
TIGD6,690
HMGXB3,3536
CSF1R,1971
PDGFRB,5547
CDX1,66
SLC6A7,25
CAMK2A,83
ARSI,378
TCOF1,2884
CD74,59363
NDST1,4828
SYNPO,1855
MYOZ3,223
RBM22,1809
DCTN4,7394
SMIM3,727
IRGM,56
ZNF300,775
GPX3,1127
TNIP1,6141
ANXA6,14968
CCDC69,437
GM2A,1981
SLC36A3,39
SLC36A2,33
SLC36A1,1447
FAT2,597
SPARC,102051
ATOX1,8996
GLRA1,54
NMUR2,26
GRIA1,60
FAM114A2,2076
MFAP3,411
GALNT10,7426
SAP30L,2939
HAND1,18
LARP1,3854
FAXDC2,706
CNOT8,7096
GEMIN5,1245
KIF4B,60
SGCD,568
TIMD4,88
HAVCR1,19
HAVCR2,1170
MED7,1001
ITK,425
FAM71B,31
CYFIP2,1431
FNDC9,38
ADAM19,1709
NIPAL4,89
SOX30,57
C5ORF52,10
THG1L,1014
LSM11,683
CLINT1,7448
EBF1,853
RNF145,1030
UBLCP1,2730
IL12B,51
ADRA1B,227
TTC1,5228
PWWP2A,1940
FABP6,88
CCNJL,365
C1QTNF2,102
ZBED8,923
SLU7,4577
PTTG1,1621
ATP10B,52
GABRB2,209
GABRA6,30
GABRA1,27
GABRG2,44
CCNG1,4345
NUDCD2,4955
HMMR,1952
MAT2B,5538
TENM2,86
WWC1,4009
RARS,6299
FBLL1,415
PANK3,6306
SLIT3,951
SPDL1,285
DOCK2,1103
INSYN2B,129
FOXI1,1175
C5ORF58,57
LCP2,1823
KCNIP1,57
KCNMB1,500
GABRP,3670
RANBP17,1569
TLX3,39
FGF18,154
SMIM23,25
FBXW11,2513
STK10,2020
EFCAB9,55
UBTD2,4412
SH3PXD2B,3893
NEURL1B,1237
DUSP1,7530
ERGIC1,6908
ATP6V0E1,9205
CREBRF,2895
BNIP1,1607
NKX2-5,183
STC2,9842
BOD1,2548
CPEB4,4930
C5ORF47,24
NSG2,53
MSX2,772
DRD1,79
SFXN1,4021
HRH2,145
CPLX2,33
SIMC1,1148
KIAA1191,3042
ARL10,673
NOP16,6317
HIGD2A,7385
CLTB,5332
FAF2,3419
RNF44,5664
CDHR2,45
GPRIN1,871
SNCB,50
EIF4E1B,93
TSPAN17,2838
UNC5A,368
HK3,501
UIMC1,1687
ZNF346,2212
FGFR4,1440
NSD1,5007
RAB24,1528
MXD3,1566
LMAN2,13055
RGS14,857
SLC34A1,32
PFN3,42
F12,142
GRK6,1796
PRR7,1609
DBN1,3425
PDLIM7,7576
DOK3,534
DDX41,708
FAM193B,5947
TMED9,13143
B4GALT7,3318
PROP1,42
N4BP3,3948
RMND5B,5339
NHP2,16968
GMCL2,31
PHYKPL,3068
COL23A1,195
CLK4,3351
AC113348.1,57
ZNF354A,2126
ZNF354B,1255
ZFP2,174
ZNF454,789
GRM6,34
ZNF879,632
ZNF354C,1142
ADAMTS2,3401
RUFY1,6952
C5ORF60,47
CBY3,79
CANX,4470
MAML1,4021
LTC4S,195
MGAT4B,9996
SQSTM1,50464
MRNIP,4432
TBC1D9B,17227
RNF130,4699
RASGEF1C,130
MAPK9,5134
GFPT2,1319
CNOT6,5560
SCGB3A1,703
FLT4,378
OR2Y1,40
MGAT1,7848
ZFP62,5286
BTNL8,101
BTNL3,49
OR2V1,72
OR2V2,43
TRIM7,203
TRIM41,3951
RACK1,15444
TRIM52,1538
DUSP22,3605
IRF4,262
EXOC2,5342
HUS1B,489
FOXQ1,429
FOXF2,176
FOXC1,4115
GMDS,6294
MYLK4,70
WRNIP1,6329
SERPINB1,5277
SERPINB9,1747
SERPINB6,9087
NQO2,2566
RIPK1,2581
BPHL,2822
TUBB2A,1490
TUBB2B,957
PSMG4,2036
SLC22A23,2649
PXDC1,1952
FAM50B,1289
PRPF4B,8996
FAM217A,62
C6ORF201,28
ECI2,4992
CDYL,3757
RPP40,1380
PPP1R3G,137
LYRM4,1633
FARS2,781
NRN1,3662
F13A1,1369
LY86,400
RREB1,3326
SSR1,4748
CAGE1,60
RIOK1,2998
DSP,50262
SNRNP48,2317
BMP6,144
TXNDC5,12498
BLOC1S5,2325
EEF1E1,1394
SLC35B3,3522
TFAP2A,8485
GCNT2,3291
C6ORF52,527
PAK1IP1,3878
TMEM14C,8038
TMEM14B,2484
MAK,131
GCM2,38
SYCP2L,179
ELOVL2,631
SMIM13,1327
ERVFRD-1,81
NEDD9,2956
TMEM170B,418
ADTRP,909
EDN1,1772
PHACTR1,571
TBC1D7,3433
GFOD1,1074
SIRT5,2265
NOL7,4148
RANBP9,12662
MCUR1,5366
RNF182,192
CD83,827
JARID2,2928
DTNBP1,3146
MYLIP,6216
GMPR,1580
ATXN1,3596
STMND1,3480
RBM24,495
CAP2,4854
FAM8A1,2306
NUP153,6219
KIF13A,6067
NHLRC1,1101
TPMT,1426
KDM1B,5281
DEK,11251
RNF144B,3685
ID4,1547
MBOAT1,5803
E2F3,3265
CDKAL1,3219
SOX4,26697
PRL,60
HDGFL1,44
NRSN1,73
DCDC2,1528
KAAG1,51
MRS2,5736
GPLD1,173
ALDH5A1,1581
KIAA0319,291
TDP2,5472
ACOT13,3842
C6ORF62,10440
GMNN,3281
ARMH2,90
RIPOR2,325
CARMIL1,2246
SCGN,51
HIST1H2AA,46
HIST1H2BA,33
SLC17A4,93
SLC17A1,87
SLC17A3,38
SLC17A2,44
TRIM38,8806
HIST1H1A,3175
HIST1H4B,105
HIST1H2BB,629
HIST1H1C,20741
HFE,797
HIST1H4C,4816
HIST1H2AC,3198
HIST1H1E,7011
HIST1H4E,36
HIST1H2BG,3102
HIST1H2AE,1534
HIST1H3E,425
HIST1H1D,10690
HIST1H4G,24
HIST1H2BH,3021
HIST1H3G,545
BTN3A2,4300
BTN2A2,1329
BTN3A1,2609
BTN3A3,2231
BTN2A1,1233
BTN1A1,80
HMGN4,6885
ABT1,1314
ZNF322,2408
HIST1H2AG,843
HIST1H4I,60
PRSS16,621
POM121L2,54
ZNF391,400
ZNF184,1638
HIST1H2AI,80
HIST1H3H,1208
HIST1H4J,557
HIST1H2BN,287
HIST1H2AK,303
HIST1H1B,23764
OR2B2,67
OR2B6,133
ZNF165,2054
ZSCAN16,1382
ZKSCAN8,2882
ZSCAN9,1530
ZKSCAN4,712
NKAPL,130
ZSCAN26,1543
PGBD1,740
ZSCAN31,1418
ZKSCAN3,1189
ZSCAN12,444
ZSCAN23,307
GPX6,39
GPX5,61
ZBED9,165
TRIM27,8308
ZNF311,317
OR2W1,44
OR2B3,52
OR2J3,22
OR2J2,76
OR14J1,58
OR5V1,71
OR12D3,51
OR12D2,49
OR11A1,69
OR10C1,21
OR2H1,36
MAS1L,107
OR2I1P,71
UBD,913
GABBR1,5942
OR2H2,43
MOG,45
ZFP57,179
ZNRD1,1840
PPP1R11,5536
RNF39,280
TRIM31,39
TRIM40,39
TRIM10,34
TRIM15,36
TRIM26,5360
TRIM39,1369
RPP21,4225
GNL1,4000
PRR3,1305
ABCF1,6101
PPP1R10,7692
ATAT1,2469
C6ORF136,735
DHX16,3204
PPP1R18,4257
NRM,716
MDC1,2758
TUBB,11689
FLOT1,13050
IER3,9443
DDR1,16953
GTF2H4,3194
VARS2,2012
SFTA2,116
MUCL3,62
MUC21,67
MUC22,21
C6ORF15,146
PSORS1C1,433
CDSN,871
PSORS1C2,82
CCHCR1,2327
TCF19,2114
MICA,2902
MICB,247
MCCD1,45
DDX39B,8154
ATP6V1G2,293
NFKBIL1,3567
LTA,146
TNF,536
LTB,812
LST1,733
NCR3,51
AIF1,1729
PRRC2A,5081
BAG6,16549
APOM,179
C6ORF47,1482
GPANK1,2022
CSNK2B,6874
LY6G5B,1747
LY6G5C,153
ABHD16A,4229
LY6G6F,34
LY6G6E,106
LY6G6D,107
MPIG6B,166
LY6G6C,225
DDAH2,13375
CLIC1,9623
MSH5,2242
SAPCD1,735
VWA7,132
VARS,7669
LSM2,3371
HSPA1L,245
HSPA1A,10811
HSPA1B,16029
SNHG32,4935
NEU1,2886
SLC44A4,5868
EHMT2,6827
C2,3094
ZBTB12,835
CFB,28584
NELFE,1669
SKIV2L,1226
DXO,935
STK19,1905
C4B,420
CYP21A2,2196
TNXB,960
ATF6B,9837
FKBPL,784
PRRT1,444
PPT2,1164
EGFL8,765
AGPAT1,5866
RNF5,5376
AGER,1450
PBX2,8315
GPSM3,1447
TSBP1,35
BTNL2,74
TAP2,6849
PSMB8,12963
PSMB9,6803
TAP1,20558
BRD2,20732
COL11A2,227
RXRB,2693
SLC39A7,7225
HSD17B8,2246
RING1,5027
VPS52,6653
B3GALT4,861
WDR46,6035
PFDN6,7155
RGL2,12870
TAPBP,36957
ZBTB22,2607
DAXX,7197
KIFC1,4881
PHF1,5601
CUTA,12029
SYNGAP1,3947
ZBTB9,1407
BAK1,3884
ITPR3,5401
UQCC2,6587
IP6K3,37
LEMD2,7350
MLN,43
GRM4,225
HMGA1,2589
SMIM29,4150
NUDT3,8454
PACSIN1,308
SPDEF,8924
ILRUN,5838
SNRPC,11380
UHRF1BP1,2355
TAF11,6663
ANKS1A,4400
TCP11,22
SCUBE3,2601
ZNF76,3790
DEF6,1908
PPARD,3040
FANCE,830
TEAD3,2753
TULP1,54
FKBP5,4380
ARMC12,120
CLPSL2,752
CLPSL1,2013
CLPS,98
SRPK1,11053
SLC26A8,78
MAPK14,4301
MAPK13,8995
BRPF3,5418
PNPLA1,44
BNIP5,64
ETV7,210
PXT1,60
KCTD20,6790
STK38,4424
SRSF3,9935
CDKN1A,4127
RAB44,81
CPNE5,430
PPIL1,3894
C6ORF89,3220
PI16,188
MTCH1,17345
FGD2,951
PIM1,2169
TMEM217,214
TBC1D22B,2507
RNF8,2235
CMTR1,6348
CCDC167,4796
MDGA1,371
ZFAND3,11896
BTBD9,3306
GLO1,4674
DNAH8,68
GLP1R,265
SAYSD1,2317
KCNK5,1192
KCNK17,131
KCNK16,55
KIF6,128
DAAM2,648
MOCS1,517
LRFN2,57
UNC5CL,460
OARD1,3427
TSPO2,73
APOBEC2,67
NFYA,4294
TREML1,140
TREM2,948
TREML2,27
TREML4,43
TREM1,534
NCR2,63
FOXP4,12763
MDFI,4182
TFEB,902
PGC,61
FRS3,906
TOMM6,4224
USP49,564
MED20,1737
BYSL,1993
CCND3,4436
TAF8,2394
C6ORF132,4352
GUCA1B,400
TRERF1,2115
UBR2,5092
PRPH2,72
TBCC,3770
BICRAL,2444
C6ORF226,945
PTCRA,116
CNPY3,5797
GNMT,399
PEX6,2168
PPP2R5D,4852
MEA1,7420
KLHDC3,7414
RRP36,6935
CUL7,1601
KLC4,1706
PTK7,8183
SRF,4694
CUL9,955
DNPH1,4378
TTBK1,86
SLC22A7,38
CRIP3,144
ZNF318,2122
DLK2,107
TJAP1,1442
LRRC73,457
POLR1C,1931
YIPF3,7995
XPO5,6716
POLH,4118
GTPBP2,7690
MAD2L1BP,2374
RSPH9,183
VEGFA,37347
C6ORF223,135
TMEM63B,4197
CAPN11,64
MYMX,108
SLC29A1,5330
HSP90AB1,31217
SLC35B2,4489
NFKBIE,1271
TMEM151B,47
TCTE1,47
AARS2,2194
SPATS1,83
CDC5L,6894
SUPT3H,841
RUNX2,2102
CLIC5,202
ENPP4,1433
ENPP5,1191
RCAN2,581
CYP39A1,337
SLC25A27,864
TDRD6,115
PLA2G7,936
ANKRD66,31
MEP1A,60
ADGRF5,1241
ADGRF1,343
TNFRSF21,4128
CD2AP,8433
ADGRF2,61
ADGRF4,138
OPN5,38
PTCHD4,75
MMUT,2731
CENPQ,797
GLYATL3,110
C6ORF141,3969
RHAG,71
CRISP2,62
CRISP3,903
PGK2,71
CRISP1,24
DEFB133,41
DEFB114,37
DEFB113,31
DEFB110,34
DEFB112,54
TFAP2D,119
TFAP2B,1581
PKHD1,56
IL17A,15
IL17F,39
MCM3,5358
PAQR8,342
EFHC1,1958
TRAM2,1800
TMEM14A,6756
GSTA2,59
GSTA1,365
GSTA5,59
GSTA3,206
GSTA4,2706
ICK,1731
FBXO9,8502
GCM1,103
ELOVL5,14115
GCLC,4287
KLHL31,143
LRRC1,3290
MLIP,40
TINAG,61
FAM83B,1020
HCRTR2,120
GFRAL,25
HMGCLL1,501
BMP5,371
COL21A1,232
DST,4919
BEND6,395
KIAA1586,919
ZNF451,1479
BAG2,1605
RAB23,2664
PRIM2,1714
KHDRBS2,40
FKBP1C,9
LGSN,28
AL135905.2,110
PHF3,5710
EYS,64
ADGRB3,65
LMBRD1,3864
COL19A1,72
COL9A1,101
FAM135A,326
SDHAF4,1888
SMAP1,3012
B3GAT2,40
OGFRL1,7761
RIMS1,132
KCNQ5,133
KHDC1,145
DPPA5,40
KHDC3L,33
OOEP,56
DDX43,82
CGAS,1249
MTO1,2798
SLC17A5,1601
CD109,2754
COL12A1,11015
COX7A2,6892
TMEM30A,1026
FILIP1,355
SENP6,10379
MYO6,18940
IMPG1,53
MEI4,59
IRAK1BP1,563
PHIP,5085
HMGN3,6986
LCA5,672
SH3BGRL2,1160
ELOVL4,175
TTK,1654
BCKDHB,3550
TENT5A,3130
IBTK,5471
TPBG,3916
UBE3D,265
DOP1A,989
PGM3,4384
RWDD2A,1231
ME1,2294
PRSS35,44
SNAP91,37
RIPPLY2,24
CYB5R4,2470
MRAP2,91
CEP162,1236
TBX18,353
NT5E,1034
SNX14,6361
SYNCRIP,398
HTR1E,48
CGA,2520
ZNF292,5118
GJB7,94
SMIM8,1133
C6ORF163,650
CFAP206,302
SLC35A1,3175
RARS2,4151
ORC3,1963
AKIRIN2,5803
SPACA1,32
CNR1,86
RNGTT,2824
PNRC1,11952
SRSF12,239
PM20D2,1052
GABRR1,37
GABRR2,175
UBE2J1,5322
RRAGD,911
ANKRD6,892
LYRM2,226
MDN1,1946
CASP8AP2,2093
GJA10,44
BACH2,314
MAP3K7,4833
EPHA7,216
MANEA,1195
FUT9,182
UFL1,1853
FHL5,73
GPR63,203
NDUFAF4,1345
KLHL32,51
MMS22L,859
POU3F2,43
FBXL4,3306
FAXC,1459
COQ3,453
PNISR,8051
USP45,2071
CCNC,6206
PRDM13,23
MCHR2,30
SIM1,66
ASCC3,3515
GRIK2,274
HACE1,1981
LIN28B,73
BVES,279
POPDC3,80
PREP,2957
PRDM1,1389
ATG5,3461
CRYBG1,7597
RTN4IP1,467
QRSL1,1379
CD24,79599
MTRES1,832
BEND3,657
PDSS2,1884
SOBP,553
SCML4,148
SEC63,6361
OSTM1,2465
NR2E1,36
SNX3,8654
AFG1L,814
FOXO3,8754
ARMC2,1015
SESN1,3667
CD164,10243
PPIL6,790
SMPD2,2481
MICAL1,3477
ZBTB24,1502
AK9,1846
FIG4,5312
GPR6,64
WASF1,1050
CDC40,1387
METTL24,45
DDO,328
SLC22A16,72
CDK19,1510
AMD1,3846
GTF3C6,3968
RPF2,3962
SLC16A10,186
MFSD4B,1229
REV3L,1377
TRAF3IP2,2057
FYN,1107
CCN6,445
TUBE1,1896
FAM229B,1425
LAMA4,3414
RFPL4B,349
MARCKS,12857
HDAC2,3753
HS3ST5,50
FRK,2416
NT5DC1,2503
COL10A1,8166
TSPYL4,2740
DSE,2571
TSPYL1,6390
CALHM6,857
TRAPPC3L,62
CALHM5,350
CALHM4,110
RWDD1,3949
RSPH4A,138
ZUP1,1724
KPNA5,1178
FAM162B,106
GPRC6A,31
RFX6,40
VGLL2,38
ROS1,87
DCBLD1,1824
GOPC,4744
NUS1,6187
SLC35F1,102
CEP85L,970
PLN,151
MCM9,1821
ASF1A,2722
FAM184A,524
MAN1A1,2794
TBC1D32,1196
GJA1,6899
HSF2,1024
SERINC1,9425
PKIB,4346
FABP7,730
SMPDL3A,711
CLVS2,24
TRDN,31
NKAIN2,31
RNF217,1678
TPD52L1,6408
HDDC2,3845
HEY2,795
NCOA7,8189
HINT3,2651
TRMT11,1830
CENPW,3475
RSPO3,605
RNF146,2514
ECHDC1,2284
KIAA0408,201
SOGA3,281
C6ORF58,40
THEMIS,337
PTPRK,8388
LAMA2,526
ARHGAP18,2842
TMEM244,56
L3MBTL3,837
SAMD3,509
TMEM200A,844
SMLR1,39
EPB41L2,4810
AKAP7,1044
ARG1,31
MED23,4121
ENPP3,330
OR2A4,26
ENPP1,7135
CCN2,20352
MOXD1,517
STX7,2609
TAAR9,42
TAAR8,38
TAAR6,34
TAAR5,56
TAAR2,72
TAAR1,53
VNN1,70
VNN3,55
VNN2,142
SLC18B1,778
EYA4,88
TCF21,27
TBPL1,1575
SLC2A12,293
SGK1,3750
ALDH8A1,192
HBS1L,14582
MYB,6781
AHI1,2012
PDE7B,204
MTFR2,416
MAP7,4801
MAP3K5,1480
PEX7,625
SLC35D3,99
IL20RA,829
IL22RA2,85
IFNGR1,5679
OLIG3,45
TNFAIP3,3744
PERP,7646
ARFGEF3,2232
PBOV1,49
SMIM28,46
HEBP2,8573
NHSL1,1475
CCDC28A,1770
ECT2L,143
REPS1,4009
ABRACL,9150
HECA,3756
TXLNB,712
CITED2,10367
NMBR,73
GJE1,65
VTA1,3268
ADGRG6,1508
HIVEP2,2601
AIG1,2826
ADAT2,1341
PEX3,1768
FUCA2,3864
PHACTR2,2285
LTV1,2807
ZC2HC1B,63
PLAGL1,1758
SF3B5,7891
STX11,683
UTRN,3950
EPM2A,401
FBXO30,1853
SHPRH,2915
GRM1,65
RAB32,2001
ADGB,57
STXBP5,1800
SAMD5,226
SASH1,801
UST,270
TAB2,7812
SUMO4,180
ZC3H12D,312
PPIL4,2236
GINM1,3644
KATNA1,1756
LATS1,5681
NUP43,2380
PCMT1,5404
LRP11,3787
RAET1E,73
RAET1G,14
ULBP2,59
ULBP1,88
RAET1L,38
ULBP3,65
PPP1R14C,451
IYD,564
PLEKHG1,1005
MTHFD1L,2755
AKAP12,1101
ZBTB2,2156
RMND1,6965
ARMT1,5215
CCDC170,1071
ESR1,7927
SYNE1,684
MYCT1,248
VIP,109
FBXO5,1540
MTRF1L,510
RGS17,139
OPRM1,36
IPCEF1,273
CNKSR3,951
SCAF8,4419
TIAM2,282
TFB1M,1164
CLDN20,32
NOX3,37
ARID1B,3485
TMEM242,1167
ZDHHC14,1191
SNX9,3027
SYNJ2,1629
SERAC1,978
GTF2H5,6686
TULP4,4564
TMEM181,4547
DYNLT1,11598
SYTL3,520
EZR,20461
RSPH3,2032
TAGAP,753
FNDC1,1546
SOD2,8352
ACAT2,1817
TCP1,3428
PNLDC1,108
MAS1,15
IGF2R,5403
SLC22A1,78
SLC22A2,53
SLC22A3,80
PLG,20
MAP3K4,3132
AGPAT4,538
PRKN,475
PACRG,128
QKI,7607
C6ORF118,39
PDE10A,409
TBXT,34
PRR18,100
SFT2D1,2245
MPC1,2721
RAMACL,9
RNASET2,2901
FGFR1OP,2125
CCR6,236
TCP10L2,23
GPR31,79
UNC93A,28
TTLL2,55
AFDN,8399
KIF25,45
FRMD1,42
DACT2,90
SMOC2,3884
THBS2,12601
WDR27,1910
C6ORF120,3155
PHF10,6019
TCTE3,436
ERMARD,3156
DLL1,621
FAM120B,2396
PSMB1,12196
TBP,1990
FAM20C,3961
AC187653.1,23
PDGFA,1705
PRKAR1B,1820
DNAAF5,3745
SUN1,4977
ADAP1,532
COX19,2252
CYP2W1,38
C7ORF50,10883
GPR146,165
GPER1,557
ZFAND2A,3418
UNCX,18
MICALL2,5222
INTS1,4812
MAFK,3645
TMEM184A,1860
PSMG3,7524
ELFN1,191
MAD1L1,1124
MRM2,2040
NUDT1,2026
SNX8,3693
EIF3B,14632
CHST12,1396
GRIFIN,15
LFNG,2366
BRAT1,3571
IQCE,3818
TTYH3,6740
AMZ1,711
GNA12,1429
CARD11,488
SDK1,1030
FOXK1,4044
AP5Z1,3073
RADIL,259
PAPOLB,94
MMD2,27
RBAK,1705
WIPI2,5864
SLC29A4,695
TNRC18,3817
FBXL18,1528
ACTB,90733
FSCN1,3344
RNF216,2173
CCZ1,301
PMS2,1976
AIMP2,3668
EIF2AK1,10607
ANKRD61,75
USP42,1250
CYTH3,2458
RAC1,10000
DAGLB,1512
KDELR2,7005
GRID2IP,4
ZDHHC4,3617
C7ORF26,3113
ZNF853,315
ZNF316,5745
ZNF12,2381
RSPH10B2,49
C1GALT1,819
COL28A1,330
MIOS,3646
RPA3,738
UMAD1,2346
GLCCI1,1732
ICA1,5478
NXPH1,302
NDUFA4,21955
PHF14,6289
THSD7A,216
TMEM106B,8000
VWDE,331
AC013470.2,48
SCIN,1192
ARL4A,1602
ETV1,591
DGKB,78
AGMO,90
MEOX2,207
CRPPA,827
SOSTDC1,1387
LRRC72,43
ANKMY2,1222
BZW2,6246
TSPAN13,16163
AGR2,26309
AGR3,11516
AHR,6912
SNX13,3405
PRPS1L1,40
HDAC9,895
TWIST1,1259
FERD3L,35
TWISTNB,1706
TMEM196,68
MACC1,2865
ITGB8,4784
ABCB5,107
SP8,25
SP4,1113
DNAH11,201
CDCA7L,1999
RAPGEF5,1880
STEAP1B,24
IL6,279
TOMM7,13412
FAM126A,1450
KLHL7,1586
NUP42,2442
GPNMB,9141
MALSU1,4227
IGF2BP3,317
TRA2A,8619
CCDC126,1250
FAM221A,1470
STK31,204
NPY,58
MPP6,773
GSDME,399
OSBPL3,1023
CYCS,1349
C7ORF31,308
NPVF,67
NFE2L3,964
HNRNPA2B1,37745
CBX3,14350
SNX10,3697
SKAP2,709
HOXA1,67
HOXA2,62
HOXA3,147
HOXA4,118
HOXA5,248
HOXA6,88
HOXA7,90
HOXA9,204
HOXA10,290
HOXA11,77
HOXA13,78
EVX1,45
HIBADH,4304
TAX1BP1,7033
JAZF1,1052
CREB5,759
TRIL,873
CPVL,1400
AC004593.3,63
PRR15,1135
WIPF3,295
SCRN1,3599
FKBP14,2231
PLEKHA8,2148
MTURN,2278
ZNRF2,6706
NOD1,1088
GGCT,10343
GARS,4505
CRHR2,23
INMT,133
MINDY4,692
AQP1,3229
ADCYAP1R1,84
NEUROD6,59
ITPRID1,113
PPP1R17,47
PDE1C,494
LSM5,4179
AVL9,5812
KBTBD2,4983
FKBP9,3084
NT5C3A,1102
RP9,1128
BBS9,2191
BMPER,94
NPSR1,43
DPY19L1,1799
HERPUD2,4058
SEPTIN7,2509
EEPD1,1048
KIAA0895,2225
ANLN,2930
AOAH,584
ELMO1,669
GPR141,463
EPDR1,510
NME8,110
SFRP4,4060
STARD3NL,3785
TRGC2,127
TRGJP2,33
TRGC1,140
TRGJP1,15
AMPH,358
VPS41,4430
POU6F2,72
YAE1,2100
RALA,3939
CDK13,4909
MPLKIP,2509
SUGCT,693
INHBA,9697
GLI3,10288
C7ORF25,2662
PSMA2,4409
HECW1,146
STK17A,1581
COA1,2400
BLVRA,5390
URGCP,2729
UBE2D4,2321
SPDYE1,56
DBNL,9577
PGAM2,217
POLM,2932
AEBP1,25395
POLD2,6878
MYL7,48
GCK,50
YKT6,10465
CAMK2B,313
NUDCD3,5857
NPC1L1,52
DDX56,4790
TMED4,10384
OGDH,3962
ZMIZ2,11036
PPIA,4695
PURB,6489
MYO1G,1006
CCM2,3521
NACAD,109
TBRG4,4675
RAMP3,579
ADCY1,1198
CCDC201,54
IGFBP1,72
IGFBP3,7590
TNS3,4310
PKD1L1,205
HUS1,4297
SUN3,52
C7ORF57,42
UPP1,1504
ABCA13,68
CDC14C,29
VWC2,36
ZPBP,71
SPATA48,15
IKZF1,1563
FIGNL1,1513
DDC,26
GRB10,3197
COBL,1630
POM121L12,28
VSTM2A,952
SEC61G,6128
EGFR,1105
LANCL2,2659
VOPP1,3042
SEPTIN14,63
ZNF713,1546
NIPSNAP2,8845
PSPH,2743
CCT6A,12444
SUMF2,9327
PHKG1,225
CHCHD2,23844
NUPR2,331
ZNF479,8
ZNF716,26
AC115220.1,23
ZNF727,542
ZNF735,10
ZNF679,26
ZNF736,934
ZNF680,3824
ZNF107,1767
ZNF138,1469
ZNF273,238
ZNF117,4225
ZNF92,1879
VKORC1L1,3098
GUSB,4166
ASL,2621
CRCP,4526
TPST1,1946
KCTD7,1627
RABGEF1,2181
TMEM248,7636
SBDS,587
TYW1,584
AUTS2,5461
GALNT17,112
CALN1,34
TYW1B,118
POM121,799
NSUN5,1321
TRIM50,28
FKBP6,65
FZD9,95
BAZ1B,11101
BCL7B,3248
TBL2,3331
MLXIPL,177
VPS37D,330
DNAJC30,1403
BUD23,5964
STX1A,1251
ABHD11,6159
CLDN3,5698
CLDN4,20299
METTL27,885
TMEM270,50
ELN,1593
LIMK1,4668
EIF4H,12799
LAT2,734
RFC2,2956
CLIP2,1177
GTF2IRD1,3916
GTF2I,5680
CASTOR2,928
RCC1L,3710
POM121C,401
SPDYE5,6
HIP1,2019
CCL26,60
CCL24,60
RHBDD2,4148
POR,4633
TMEM120A,2126
STYXL1,1710
MDH2,3713
HSPB1,71755
YWHAG,7119
SSC4D,171
ZP3,386
DTX2,1002
UPK3B,145
CCDC146,544
FGL2,1952
GSAP,1488
PTPN12,9875
RSBN1L,3475
TMEM60,1492
PHTF2,2721
MAGI2,179
GNAI1,753
CD36,4565
GNAT3,185
SEMA3C,8126
HGF,181
CACNA2D1,580
PCLO,1461
SEMA3E,475
SEMA3A,89
SEMA3D,147
GRM3,39
KIAA1324L,1074
DMTF1,5980
TMEM243,489
CROT,1175
ABCB4,114
ABCB1,212
RUNDC3B,131
SLC25A40,1998
DBF4,1811
ADAM22,480
SRI,5397
STEAP4,815
ZNF804B,49
TEX47,63
STEAP1,842
STEAP2,1218
CFAP69,831
FAM237B,52
GTPBP10,2099
CLDN12,2693
CDK14,3372
FZD1,2753
MTERF1,873
AKAP9,8062
CYP51A1,3712
LRRD1,239
KRIT1,4857
ANKIB1,3574
GATAD1,2477
PEX1,2142
RBM48,452
FAM133B,1211
CDK6,1938
SAMD9,4721
SAMD9L,3903
HEPACAM2,232
VPS50,1922
CALCR,44
GNGT1,102
TFPI2,871
GNG11,859
BET1,2826
COL1A2,175032
CASD1,4781
SGCE,1830
PEG10,5725
PPP1R9A,1955
PON1,60
PON3,380
PON2,8847
ASB4,42
PDK4,1183
DYNC1I1,235
SLC25A13,2506
SEM1,4738
DLX6,76
DLX5,433
SDHAF3,1180
TAC1,72
OCM2,75
LMTK2,2153
TECPR1,2165
BRI3,22746
BAIAP2L1,6003
NPTX2,159
TMEM130,99
TRRAP,5864
SMURF1,3332
KPNA7,112
ARPC1A,4486
ARPC1B,10248
BUD31,10631
PTCD1,1564
CPSF4,2321
ATP5MF,6399
ZNF789,905
ZNF394,3319
ZKSCAN5,1160
FAM200A,924
ZNF655,5036
TMEM225B,104
ZSCAN25,1499
CYP3A5,81
CYP3A7,6
CYP3A4,33
CYP3A43,52
OR2AE1,103
TRIM4,4151
GJC3,230
AZGP1,30852
ZKSCAN1,6611
ZSCAN21,1419
ZNF3,1648
COPS6,5695
MCM7,8114
AP4M1,2035
TAF6,2945
CNPY4,931
LAMTOR4,11338
GAL3ST4,860
GPC2,2451
STAG3,145
CASTOR3,594
PILRB,16277
PILRA,504
ZCWPW1,540
MEPCE,5006
PPP1R35,3535
C7ORF61,205
TSC22D4,4643
NYAP1,71
AGFG2,656
SAP25,1255
LRCH4,7477
FBXO24,186
PCOLCE,4705
MOSPD3,3355
TFR2,190
ACTL6B,38
GNB2,14857
GIGYF1,7382
POP7,3153
EPO,720
ZAN,30
EPHB4,8729
SLC12A9,2508
TRIP6,6449
SRRT,5983
UFSP1,157
ACHE,154
MUC3A,133
MUC12,135
MUC17,51
TRIM56,4127
SERPINE1,4742
AP1S1,5828
VGF,92
NAT16,41
MOGAT3,39
PLOD3,4969
ZNHIT1,6115
CLDN15,552
FIS1,12283
IFT22,4139
COL26A1,137
MYL10,19
CUX1,6603
SH2B2,1088
SPDYE6,119
ORAI2,1276
ALKBH4,1127
LRWD1,1132
RASA4B,72
FAM185A,741
FBXL13,441
LRRC17,568
ARMC10,2650
NAPEPLD,1123
PMPCB,6776
DNAJC2,3046
PSMC2,6902
SLC26A5,120
RELN,69
ORC5,1400
LHFPL3,39
KMT2E,9260
SRPK2,4437
PUS7,3805
RINT1,2272
EFCAB10,178
ATXN7L1,2110
CDHR3,334
SYPL1,2723
NAMPT,1452
CCDC71L,3124
PIK3CG,399
PRKAR2B,4243
HBP1,7754
COG5,4919
DUS4L,1030
BCAP29,2886
SLC26A4,121
CBLL1,3663
SLC26A3,133
DLD,4185
LAMB1,4486
LAMB4,49
NRCAM,1103
PNPLA8,3177
THAP5,1178
DNAJB9,4315
IMMP2L,4709
LRRN3,103
DOCK4,2773
ZNF277,2074
IFRD1,6437
LSMEM1,245
TMEM168,3852
BMT2,1339
GPR85,136
SMIM30,3538
PPP1R3A,40
FOXP2,207
MDFIC,3081
TFEC,854
TES,7928
CAV2,2620
CAV1,2188
MET,1262
CAPZA2,7508
ST7,2103
WNT2,1026
ASZ1,4
CFTR,210
CTTNBP2,944
LSM8,5509
ANKRD7,109
KCND2,324
TSPAN12,561
ING3,1404
CPED1,1058
WNT16,55
FAM3C,6851
PTPRZ1,85
AASS,976
FEZF1,36
CADPS2,3244
RNF133,39
RNF148,93
TAS2R16,48
SLC13A1,7
IQUB,156
NDUFA5,4181
ASB15,71
LMOD2,37
WASL,8508
HYAL4,1283
SPAM1,166
TMEM229A,81
SSU72P8,52
GPR37,366
C7ORF77,80
POT1,2738
GRM8,80
ZNF800,3775
GCC1,1728
ARF5,7037
FSCN3,66
PAX4,7
SND1,6958
LRRC4,256
LEP,89
RBM28,3056
PRRT4,76
HILPDA,5374
FAM71F2,354
FAM71F1,104
CALU,17589
OPN1SW,43
CCDC136,318
FLNC,321
KCP,232
ATP6V1F,5128
ATP6V1FNB,219
IRF5,388
TNPO3,5151
AC011005.1,64
TSPAN33,1540
SMO,1563
AHCYL2,2162
STRIP2,470
SMKR1,450
NRF1,1944
UBE2H,5581
ZC3HC1,1592
KLHDC10,4925
TMEM209,2990
SSMEM1,58
CPA2,33
CPA4,383
CPA5,31
CPA1,61
CEP41,1027
MEST,1346
COPG2,3216
TSGA13,31
KLF14,55
MKLN1,4269
PODXL,4849
PLXNA4,350
CHCHD3,4777
EXOC4,6160
LRGUK,786
SLC35B4,839
AKR1B1,3755
AKR1B10,70
AKR1B15,40
BPGM,3449
CALD1,24866
AGBL3,165
CYREN,4875
TMEM140,1728
WDR91,1417
STRA8,81
CNOT4,3105
NUP205,5275
STMP1,6723
SLC13A4,38
FAM180A,286
MTPN,2968
CHRM2,33
PTN,836
DGKI,321
CREB3L2,4559
AKR1D1,28
TRIM24,3467
SVOPL,194
ATP6V0A4,825
TMEM213,210
KIAA1549,1458
ZC3HAV1L,1007
ZC3HAV1,4831
TTC26,1153
UBN2,2953
FMC1,2105
LUC7L2,14907
KLRG2,712
CLEC2L,150
HIPK2,5681
TBXAS1,219
PARP12,3499
KDM7A,3624
SLC37A3,2242
RAB19,141
DENND2A,234
ADCK2,3190
NDUFB2,6431
BRAF,2210
TMEM178B,720
AGK,1458
DENND11,5481
WEE2,56
SSBP1,3919
TAS2R4,586
PRSS37,29
MGAM,127
OR9A4,55
CLEC5A,607
TAS2R38,46
MGAM2,95
PRSS58,34
PRSS1,47
TRBC1,1097
TRBC2,1765
EPHB6,545
TRPV6,1246
TRPV5,30
LLCFC1,39
KEL,135
OR6V1,61
PIP,9007
TAS2R39,60
TAS2R40,73
GSTK1,10634
CASP2,6287
CLCN1,97
FAM131B,193
ZYX,15621
EPHA1,1785
TCAF1,3809
OR2F2,65
OR2F1,76
OR6B1,65
OR2A5,55
OR2A25,23
OR2A12,81
OR2A2,59
OR2A14,66
ARHGEF35,1562
ARHGEF5,2834
NOBOX,14
TPK1,314
CNTNAP2,699
C7ORF33,40
CUL1,5099
EZH2,5968
PDIA4,3694
ZNF786,1217
ZNF425,184
ZNF398,2316
ZNF282,3946
ZNF212,1367
ZNF783,3876
ZNF777,881
KRBA1,1117
ZNF467,2775
SSPO,414
ZNF862,2261
ATP6V0E2,1272
ZBED6CL,1323
LRRC61,1460
RARRES2,1135
REPIN1,5107
ZNF775,456
AC073111.4,1116
GIMAP8,533
GIMAP7,869
GIMAP4,1943
GIMAP6,587
GIMAP2,1032
GIMAP1,364
GIMAP5,523
TMEM176B,6594
TMEM176A,4867
AOC1,99
KCNH2,144
NOS3,127
ATG9B,172
ABCB8,4264
ASIC3,783
CDK5,1402
SLC4A2,5562
FASTK,5095
TMUB1,5289
AGAP3,2900
GBX1,44
ASB10,37
IQCA1L,30
AC021097.2,136
ABCF2,3862
CHPF2,3682
SMARCD3,2637
NUB1,4914
WDR86,522
CRYGN,200
RHEB,3501
PRKAG2,2496
GALNTL5,43
GALNT11,5903
KMT2C,14879
XRCC2,1397
ACTR3B,1425
DPP6,71
PAXIP1,2857
HTR5A,44
INSIG1,2528
EN2,58
RBM33,11170
SHH,52
RNF32,210
LMBR1,4216
NOM1,1831
MNX1,357
UBE3C,7609
DNAJB6,2378
PTPRN2,198
NCAPG2,3338
ESYT2,11282
WDR60,3925
VIPR2,148
OR4F21,100
ZNF596,244
FBXO25,2647
TDRP,4312
ERICH1,2682
DLGAP2,32
CLN8,1774
ARHGEF10,2937
KBTBD11,182
MYOM2,22
CSMD1,71
MCPH1,2553
AGPAT5,2114
XKR5,23
DEFB1,243
DEFA6,24
DEFA4,44
DEFA3,19
DEFA5,34
USP17L1,81
ZNF705G,65
AC134684.8,7
DEFB4A,42
USP17L3,104
PRAG1,3545
CLDN23,752
MFHAS1,1727
ERI1,2358
PPP1R3B,3485
TNKS,4025
MSRA,2048
PRSS51,33
PRSS55,18
RP1L1,55
C8ORF74,38
SOX7,209
PINX1,690
XKR6,1194
MTMR9,1458
SLC35G5,124
FAM167A,311
BLK,92
GATA4,78
NEIL2,2177
FDFT1,8049
CTSB,44354
DEFB136,42
DEFB135,13
DEFB134,40
USP17L7,56
USP17L2,165
LONRF1,2092
TRMT9B,304
DLC1,2699
C8ORF48,293
SGCZ,35
TUSC3,11157
MSR1,2957
FGF20,24
MICU3,402
ZDHHC2,669
CNOT7,1355
VPS37A,3761
MTMR7,325
SLC7A2,4474
PDGFRL,1514
MTUS1,3532
FGL1,69
PCM1,9607
ASAH1,8751
NAT1,3802
NAT2,123
PSD3,3827
SH2D4A,1169
CSGALNACT1,643
INTS10,4129
LPL,1518
SLC18A1,28
ATP6V1B2,5779
LZTS1,418
GFRA2,51
DOK2,459
XPO7,3030
NPM2,78
FGF17,36
DMTN,1335
FAM160B2,5046
NUDT18,288
HR,567
REEP4,1059
LGI3,32
SFTPC,85
BMP1,3526
PHYHIP,41
POLR3D,2546
PIWIL2,151
SLC39A14,1298
PPP3CC,1725
SORBS3,5011
PDLIM2,3129
C8ORF58,703
CCAR2,2969
BIN3,1441
EGR3,2087
PEBP4,50
RHOBTB2,881
TNFRSF10B,2592
TNFRSF10C,123
TNFRSF10D,295
TNFRSF10A,1079
CHMP7,2756
R3HCC1,2378
LOXL2,6260
ENTPD4,3477
SLC25A37,6096
NKX3-1,711
NKX2-6,34
STC1,2688
ADAM28,1004
ADAMDEC1,677
ADAM7,46
NEFM,45
NEFL,14
DOCK5,3053
GNRH1,363
KCTD9,2046
CDCA2,1386
EBF2,133
PPP2R2A,4915
BNIP3L,9959
PNMA2,181
DPYSL2,4253
ADRA1A,47
STMN4,37
TRIM35,1290
PTK2B,2245
CHRNA2,55
EPHX2,1959
CLU,25844
SCARA3,1791
ESCO2,531
PBK,1376
SCARA5,85
NUGGC,101
ELP3,2792
PNOC,84
FBXO16,333
FZD3,1434
EXTL3,1177
INTS9,1322
HMBOX1,2730
KIF13B,2845
DUSP4,7123
SARAF,4608
LEPROTL1,4437
MBOAT4,60
DCTN6,3557
RBPMS,6846
GTF2E2,3520
SMIM18,66
GSR,6121
UBXN8,528
PPP2CB,1572
TEX15,33
PURG,98
WRN,1574
NRG1,1403
FUT10,647
TTI2,1303
MAK16,3011
RNF122,517
DUSP26,49
UNC5D,40
KCNU1,80
ZNF703,19695
ERLIN2,5310
PLPBP,6984
ADGRA2,1475
BRF2,2718
RAB11FIP1,15547
GOT1L1,134
ADRB3,65
EIF4EBP1,11186
ASH2L,7373
STAR,108
LSM1,9123
BAG4,1821
DDHD2,5901
PLPP5,9353
NSD3,4007
LETM2,1087
FGFR1,11230
TACC1,7238
PLEKHA2,2279
HTRA4,210
TM2D2,5374
ADAM9,6005
ADAM32,585
ADAM18,36
ADAM2,115
IDO1,738
IDO2,89
TCIM,9975
ZMAT4,316
SFRP1,8087
GOLGA7,6498
GINS4,1615
GPAT4,5731
NKX6-3,62
ANK1,122
KAT6A,8106
AP3M2,1809
PLAT,1801
IKBKB,16613
POLB,4447
DKK4,94
VDAC3,7083
SLC20A2,3979
SMIM19,5939
CHRNB3,91
CHRNA6,150
THAP1,1651
RNF170,2013
HOOK3,5470
FNTA,8313
HGSNAT,6879
SPIDR,2791
CEBPD,11536
PRKDC,11350
MCM4,9394
UBE2V2,79
EFCAB1,79
SNAI2,2817
PPDPFL,61
SNTG1,130
PXDNL,540
PCMTD1,15557
ST18,32
ALKAL1,33
RB1CC1,8159
NPBWR1,106
OPRK1,108
ATP6V1H,5349
RGS20,115
SOX17,188
XKR4,56
TMEM68,5268
TGS1,3388
LYN,1589
MOS,60
PLAG1,167
CHCHD7,2613
SDR16C5,1972
PENK,85
IMPAD1,14342
FAM110B,3826
UBXN2B,4013
CYP7A1,52
SDCBP,3875
NSMAF,2838
TOX,242
CA8,1039
RAB2A,12157
CHD7,6388
CLVS1,45
ASPH,23673
NKAIN3,47
GGH,3797
TTPA,180
YTHDF3,4103
BHLHE22,139
CYP7B1,1214
ARMC1,3772
MTFR1,5334
PDE7A,6494
DNAJC5B,113
TRIM55,36
CRH,79
RRS1,5812
ADHFE1,623
VXN,271
MYBL1,1834
VCPIP1,5947
SGK3,5604
MCMDC2,660
TCF24,81
PPP1R42,167
COPS5,7119
CSPP1,3301
ARFGEF1,6929
CPA6,173
PREX2,519
C8ORF34,198
SULF1,5599
SLCO5A1,75
PRDM14,46
NCOA2,3398
TRAM1,13654
LACTB2,2958
XKR9,242
EYA1,159
MSC,592
TRPA1,213
KCNB2,68
TERF1,2272
SBSPON,1139
C8ORF89,82
RDH10,4061
STAU2,12920
UBE2W,3993
ELOC,8489
TMEM70,2240
LY96,1596
JPH1,1116
GDAP1,4628
PI15,12019
CRISPLD1,1426
HNF4G,337
ZFHX4,582
PEX2,9444
PKIA,423
ZC2HC1A,2709
IL7,336
STMN2,133
HEY1,532
TPD52,27841
ZBTB10,4585
ZNF704,4200
PAG1,854
FABP5,1423
PMP2,67
FABP9,19
FABP4,405
FABP12,20
IMPA1,1794
SLC10A5,301
ZFAND1,5989
CHMP4C,3768
SNX16,1651
RALYL,82
LRRCC1,1526
E2F5,1474
RBIS,1796
CA13,551
CA1,106
CA3,258
CA2,8089
ATP6V0D2,243
PSKH2,45
SLC7A13,129
WWP1,5960
RMDN1,2292
CPNE3,10700
CNGB3,61
CNBD1,98
DCAF4L2,38
MMP16,589
RIPK2,4893
OSGIN2,3568
NBN,7254
DECR1,6479
CALB1,47
TMEM64,2151
C8ORF88,181
PIP4P2,1265
OTUD6B,2232
LRRC69,628
SLC26A7,101
RUNX1T1,478
TRIQK,4404
RBM12B,2098
TMEM67,1693
PDP1,2694
CDH17,67
GEM,2841
RAD54B,1633
VIRMA,7703
ESRP1,13304
DPY19L4,1941
INTS8,8224
CCNE2,2371
NDUFAF6,5083
TP53INP1,4396
PLEKHF2,14692
C8ORF37,713
GDF6,119
UQCRB,9613
MTERF3,3467
PTDSS1,3215
SDC2,2458
CPQ,2805
TSPYL5,3252
MTDH,16047
LAPTM4B,17274
MATN2,632
ERICH5,93
RIDA,1577
POP1,907
NIPAL2,1379
STK3,4859
KCNS2,82
OSR2,1351
VPS13B,12894
COX6C,59109
RGS22,599
FBXO43,391
POLR2K,7930
SPAG1,837
RNF19A,6945
ANKRD46,1238
SNX31,44
YWHAZ,21860
ZNF706,6174
GRHL2,10154
NCALD,2054
RRM2B,1027
UBR5,11173
ODF1,83
KLF10,5451
AZIN1,11425
ATP6V1C1,6141
BAALC,148
FZD6,3188
CTHRC1,17065
SLC25A32,4240
DCAF13,3234
RIMS2,142
DPYS,57
DCSTAMP,113
LRP12,699
ZFPM2,325
OXR1,2538
ABRA,58
ANGPT1,328
RSPO2,67
EIF3E,1134
EMC2,5924
TMEM74,78
TRHR,72
NUDCD1,3048
ENY2,12792
EBAG9,5207
SYBU,1937
KCNV1,37
CSMD3,242
TRPS1,72464
EIF3H,8219
UTP23,5876
RAD21,5506
AARD,1985
SLC30A8,3987
MED30,2401
EXT1,6790
SAMD12,3222
TNFRSF11B,836
COLEC10,142
MAL2,15231
CCN3,313
ENPP2,334
TAF2,6333
DSCC1,1245
DEPTOR,1918
COL14A1,1967
MTBP,926
SNTB1,1409
HAS2,551
ZHX2,3245
DERL1,10366
TBC1D31,1070
FAM83A,302
C8ORF76,4145
ZHX1,6248
ATAD2,2586
WDYHV1,1693
FBXO32,10723
KLHL38,284
ANXA13,93
FAM91A1,7197
FER1L6,66
TMEM65,4209
TRMT12,1538
RNF139,3428
TATDN1,1301
NDUFB9,20979
MTSS1,4625
ZNF572,482
SQLE,4171
WASHC5,4811
NSMCE2,3417
TRIB1,8410
LRATD2,7076
POU5F1B,203
MYC,10117
GSDMC,1037
FAM49B,3984
ASAP1,6177
ADCY8,122
EFR3A,7982
OC90,82
HHLA1,64
KCNQ3,246
LRRC6,1052
TMEM71,469
PHF20L1,8021
TG,175
SLA,1888
CCN4,1059
NDRG1,9701
ST3GAL1,3600
ZFAT,880
KHDRBS3,2817
FAM135B,91
COL22A1,411
TRAPPC9,8779
CHRAC1,2865
AGO2,6339
PTK2,4406
DENND3,1148
SLC45A4,884
GPR20,79
PTP4A3,4502
AC138647.1,38
TSNARE1,2154
ADGRB1,465
ARC,426
JRK,2699
PSCA,650
LY6K,1028
THEM6,4132
SLURP1,100
LYPD2,74
SLURP2,269
LYNX1,385
LY6D,251
GML,49
CYP11B1,65
CYP11B2,38
LY6E,45942
LY6L,37
LY6H,54
GPIHBP1,72
ZFP41,1402
GLI4,2405
ZNF696,1517
TOP1MT,3519
RHPN1,12921
MAFA,167
ZC3H3,4557
GSDMD,7676
MROH6,1548
NAPRT,4717
TIGD5,3358
PYCR3,1971
TSTA3,12127
ZNF623,5740
ZNF707,2899
CCDC166,164
MAPK15,1995
FAM83H,11788
IQANK1,3580
SCRIB,7163
PUF60,13482
NRBP2,4737
EPPK1,13002
PLEC,14516
PARP10,7699
GRINA,35998
SPATC1,118
OPLAH,3452
EXOSC4,5568
GPAA1,7859
CYC1,14322
SHARPIN,8414
MAF1,14204
WDR97,477
HGH1,2963
MROH1,11777
BOP1,3349
SCX,1832
HSF1,13658
DGAT1,4947
SCRT1,53
TMEM249,214
SLC52A2,5504
FBXL6,6637
ADCK5,2436
CPSF1,2423
SLC39A4,873
VPS28,7170
TONSL,1595
CYHR1,5526
KIFC2,7300
FOXH1,101
PPP1R16A,8493
GPT,709
MFSD3,3552
RECQL4,3650
LRRC14,6010
LRRC24,347
C8ORF82,428
ARHGAP39,3203
ZNF251,4113
ZNF34,790
ZNF517,923
ZNF7,4248
COMMD5,4454
ZNF250,1518
ZNF16,1176
C8ORF33,5786
FOXD4,52
DOCK8-AS1,23
DOCK8,1191
KANK1,1559
DMRT1,77
DMRT3,192
DMRT2,100
SMARCA2,6743
VLDLR,1676
KCNV2,38
PUM3,2224
RFX3,1691
GLIS3,800
SLC1A1,887
SPATA6L,488
PLPP6,601
CDC37L1,2805
RCL1,2208
JAK2,2985
INSL6,28
INSL4,42
RLN2,181
RLN1,168
PLGRKT,2921
CD274,554
PDCD1LG2,244
RIC1,3860
ERMP1,4159
KIAA2026,5101
MLANA,62
RANBP6,1014
IL33,275
TPD52L3,51
UHRF2,2807
GLDC,390
KDM4C,3228
DMAC1,3510
PTPRD,541
TYRP1,191
LURAP1L,4670
MPDZ,2363
NFIB,7727
ZDHHC21,1935
CER1,25
FREM1,160
TTC39B,1476
SNAPC3,3957
PSIP1,1342
CCDC171,1055
C9ORF92,17
BNC2,1229
CNTLN,940
SH3GL2,62
ADAMTSL1,639
SAXO1,91
RRAGA,3142
HAUS6,2456
PLIN2,344
DENND4C,4718
SLC24A2,166
MLLT3,1279
FOCAD,1968
HACD4,1663
IFNB1,90
IFNW1,28
IFNA21,18
IFNA4,39
IFNA7,40
IFNA16,47
IFNA14,25
IFNA5,50
KLHL9,438
IFNA6,31
IFNA2,25
IFNA8,39
IFNA1,41
IFNE,58
MTAP,1201
CDKN2A,2587
CDKN2B,2653
DMRTA1,60
ELAVL2,455
IZUMO3,27
TUSC1,3012
CAAP1,2823
PLAA,4293
LRRC19,50
TEK,297
EQTN,49
MOB3B,1193
IFNK,55
C9ORF72,1446
LINGO2,78
ACO1,1209
DDX58,10323
TOPORS,1693
SMIM27,1099
NDUFB6,6732
TAF1L,41
TMEM215,40
APTX,4087
DNAJA1,8247
SMU1,1735
B4GALT1,10883
SPINK4,77
BAG1,9225
CHMP5,4770
NFX1,7306
AQP7,64
AQP3,571
NOL6,1861
ANKRD18B,34
PRSS3,62
UBE2R2,8129
UBAP2,2562
DCAF12,4742
UBAP1,2872
KIF24,537
NUDT2,2848
MYORG,696
C9ORF24,99
FAM219A,2786
DNAI1,194
ENHO,281
CNTFR,68
RPP25L,1675
DCTN3,5304
ARID3C,56
SIGMAR1,2865
GALT,2028
IL11RA,709
CCL27,111
AL162231.1,370
CCL19,682
CCL21,242
FAM205A,55
FAM205C,41
PHF24,31
DNAJB5,569
C9ORF131,43
VCP,4676
FANCG,1310
PIGO,3656
STOML2,3756
FAM214B,629
UNC13B,1407
RUSC2,1821
FAM166B,98
TESK1,3692
CD72,619
SIT1,143
CCDC107,1520
ARHGEF39,574
CA9,1200
TPM2,13011
TLN1,7999
CREB3,5633
GBA2,3603
RGP1,3121
MSMP,67
NPR2,489
SPAG8,220
HINT2,1567
TMEM8B,3041
FAM221B,112
OR13J1,49
HRCT1,736
SPAAR,320
OR2S2,78
RECK,808
GLIPR2,1952
CCIN,117
CLTA,9730
GNE,1207
RNF38,3347
MELK,1640
PAX5,95
ZCCHC7,2938
GRHPR,5884
ZBTB5,2796
POLR1E,2414
FBXO10,594
TOMM5,7850
FRMPD1,87
TRMT10B,1118
EXOSC3,4087
DCAF10,8421
SLC25A51,1418
SHB,6373
ALDH1B1,2933
IGFBPL1,78
ANKRD18A,834
FAM240B,55
CNTNAP3,53
SPATA31A1,84
FOXD4L6,48
CNTNAP3B,13
SPATA31A6,37
SPATA31A5,27
SPATA31A7,31
FOXD4L5,477
ZNF658,418
PGM5,278
TMEM252,48
FAM122A,1026
PRKACG,38
FXN,1127
FAM189A2,885
APBA1,256
PTAR1,5199
C9ORF135,49
MAMDC2,424
SMC5,3208
KLF9,2285
TRPM3,41
CEMIP2,2424
ABHD17B,2328
C9ORF85,1064
C9ORF57,31
GDA,45
ALDH1A1,641
ANXA1,9341
RORB,83
TRPM6,27
C9ORF40,1297
CARNMT1,2114
NMRK1,1757
OSTF1,4946
PCSK5,637
RFK,1078
GCNT1,1548
PRUNE2,483
FOXB2,26
VPS13A,2870
GNA14,306
GNAQ,7842
CEP78,2485
PSAT1,2184
TLE4,919
TLE1,2706
SPATA31D3,28
SPATA31D1,32
RASEF,3269
FRMD3,651
IDNK,655
UBQLN1,3397
GKAP1,1043
KIF27,862
C9ORF64,1484
HNRNPK,7974
RMI1,1507
SLC28A3,213
NTRK2,726
AGTPBP1,2474
NAA35,1463
GOLM1,14336
C9ORF153,62
ISCA1,989
TUT7,9661
GAS1,2059
DAPK1,1471
CTSL,6862
SPATA31E1,46
AL353572.3,42
CDK20,1222
SPIN1,7859
NXNL2,627
S1PR3,1825
SHC3,336
CKS2,1935
SECISBP2,4370
SEMA4D,1334
GADD45G,1607
DIRAS2,61
SYK,1849
AUH,1868
NFIL3,6767
ROR2,1159
SPTLC1,4095
IARS,3018
NOL8,2090
CENPP,2574
OGN,575
OMD,549
ASPN,4596
ECM2,756
IPPK,1937
BICD2,1564
ZNF484,1285
FGD3,7097
SUSD3,4150
CARD19,3052
NINJ1,7629
WNK2,1831
C9ORF129,60
FAM120AOS,3900
FAM120A,11461
PHF2,3653
BARX1,130
PTPDC1,1088
ZNF169,561
MFSD14B,3656
FBP2,40
FBP1,4917
FANCC,1343
PTCH1,385
ERCC6L2,2993
AL160269.1,210
SLC35D2,2004
ZNF367,1032
HABP4,1215
CDC14B,692
PRXL2C,1348
ZNF510,994
ZNF782,1005
CTSV,495
CCDC180,461
TDRD7,2458
TMOD1,161
TSTD2,1944
NCBP1,2742
XPA,2275
FOXE1,19
TRMO,1710
HEMGN,60
ANP32B,1475
NANS,4936
TRIM14,4503
CORO2A,2266
TBC1D2,1220
GABBR2,132
ANKS6,537
GALNT12,285
COL15A1,2589
TGFBR1,5313
ALG2,3669
SEC61B,4951
NR4A3,327
STX17,3336
ERP44,3700
INVS,1963
TEX10,1915
MSANTD3,2841
TMEFF1,877
CAVIN4,303
PLPPR1,67
BAAT,69
ZNF189,2591
ALDOB,25
TMEM246,109
RNF20,2593
GRIN3A,83
PPP3R2,31
CYLC2,59
SMC2,2432
OR13F1,42
OR13C4,44
OR13C3,20
OR13C8,56
OR13C5,28
OR13C2,40
OR13C9,42
OR13D1,36
NIPSNAP3A,1684
NIPSNAP3B,176
ABCA1,3267
SLC44A1,13412
FSD1L,1379
FKTN,1648
TAL2,110
TMEM38B,1823
ZNF462,1707
RAD23B,8600
KLF4,2308
ACTL7B,46
ACTL7A,50
ELP1,3177
CTNNAL1,1734
TMEM245,3742
FRRS1L,47
EPB41L4B,2449
PTPN3,1990
PALM2-AKAP2,2495
C9ORF152,1448
TXNDC8,30
SVEP1,475
MUSK,59
LPAR1,2382
OR2K2,60
ECPAS,8325
ZNF483,864
PTGR1,2658
DNAJC25,2029
GNG10,5150
SHOC1,95
UGCG,14242
SUSD1,972
PTBP3,10800
HSDL2,3535
KIAA1958,1423
INIP,1222
SNX30,1774
SLC46A2,87
ZNF883,379
ZFP37,314
SLC31A2,807
FKBP15,2610
SLC31A1,3343
CDC26,1846
PRPF4,3062
RNF183,414
WDR31,602
BSPRY,5327
HDHD3,4640
ALAD,4639
POLE3,5516
C9ORF43,211
RGS3,3983
ZNF618,2850
AMBP,180
KIF12,6628
COL27A1,3106
ORM1,236
ORM2,138
AKNA,2865
WHRN,3615
ATP6V1G1,8755
TMEM268,3801
TEX53,40
TEX48,42
TNFSF15,301
DEC1,164
TNFSF8,152
TNC,14337
PAPPA,393
ASTN2,1051
TRIM32,1848
TLR4,767
BRINP1,124
CDK5RAP2,3796
MEGF9,3893
FBXW2,9336
B3GNT10,1035
PSMD5,1100
PHF19,2032
TRAF1,1377
C5,532
CNTRL,3968
RAB14,13265
GSN,12810
STOM,8129
DAB2IP,2670
TTLL11,694
NDUFA8,5381
MORN5,129
LHX6,334
RBM18,3485
MRRF,2317
PTGS1,927
OR1J1,62
OR1N1,76
OR1N2,34
OR1L8,77
OR1Q1,35
OR1B1,90
OR1L1,75
OR1L3,50
OR1L4,20
OR1L6,42
OR5C1,62
PDCL,2327
OR1K1,71
RC3H2,3190
ZBTB6,2215
ZBTB26,1029
RABGAP1,4647
STRBP,6520
CRB2,94
DENND1A,3016
LHX2,94
NEK6,10246
PSMB7,1839
ADGRD2,43
NR5A1,42
NR6A1,508
OLFML2A,1884
WDR38,110
ARPC5L,7855
GOLGA1,2871
SCAI,1262
PPP6C,5442
RABEPK,2080
HSPA5,11946
GAPVD1,3156
MAPKAP1,5079
PBX3,1406
MVB12B,1404
LMX1B,3327
ZBTB43,404
ZBTB34,905
RALGPS1,1838
ANGPTL2,3368
GARNL3,515
SLC2A8,1033
ZNF79,233
LRSAM1,1838
NIBAN2,8657
STXBP1,1412
PTRH1,2345
CFAP157,446
TTC16,111
TOR2A,666
SH2D3C,657
CDK9,6953
FPGS,2768
ENG,4993
AK1,2324
ST6GALNAC6,2690
ST6GALNAC4,1536
PIP5KL1,334
DPM2,1744
FAM102A,7472
NAIF1,1001
SLC25A25,2664
PTGES2,5920
LCN2,786
C9ORF16,7161
CIZ1,4148
DNM1,1269
GOLGA2,6139
SWI5,2647
TRUB2,1808
COQ4,5986
SLC27A4,2638
URM1,2635
CERCAM,8603
ODF2,4344
GLE1,3926
SPTAN1,12556
WDR34,5846
SET,7566
PKN3,546
ZDHHC12,1140
ZER1,3245
TBC1D13,1221
ENDOG,1311
SPOUT1,1973
KYAT1,635
LRRC8A,3187
PHYHD1,1314
DOLK,1097
NUP188,3676
SH3GLB2,10546
MIGA2,1706
DOLPP1,931
CRAT,1657
PTPA,10824
IER5L,6563
NTMT1,3234
C9ORF50,43
ASB6,1572
PRRX2,982
PTGES,1872
TOR1B,1783
TOR1A,2414
C9ORF78,5676
USP20,2187
FNBP1,5957
GPR107,6213
NCS1,2719
HMCN2,89
ASS1,4565
FUBP3,6220
EXOSC2,2939
ABL1,5488
QRFP,39
FIBCD1,181
LAMC3,117
AIF1L,4495
NUP214,2767
FAM78A,310
PLPP7,195
PRRC2B,7562
POMT1,1440
UCK1,3051
PRRT1B,59
RAPGEF1,3058
MED27,420
NTNG2,216
SETX,4557
TTF1,1207
CFAP77,55
BARHL1,58
DDX31,3021
GTF3C4,2210
AK8,382
SPACA9,583
TSC1,1657
GFI1B,36
GTF3C5,2298
CEL,432
RALGDS,3027
GBGT1,539
OBP2B,943
ABO,147
SURF6,1178
MED22,3565
SURF1,4453
SURF2,1561
SURF4,7296
STKLD1,238
REXO4,2785
ADAMTS13,1413
CACFD1,1847
SLC2A6,297
MYMK,55
ADAMTSL2,459
FAM163B,27
SARDH,1096
VAV2,2793
BRD3OS,2322
BRD3,4280
WDR5,1224
RXRA,8983
COL5A1,21514
FCN2,125
OLFM1,2589
PPP1R26,3271
C9ORF116,862
LCN1,37
OBP2A,165
PAEP,132
AL354761.1,18
GLT6D1,26
LCN9,18
SOHLH1,44
KCNT1,44
CAMSAP1,2479
UBAC1,5898
NACC2,1603
TMEM250,2707
LHX3,22
QSOX2,732
CCDC187,128
GPSM1,2141
DNLZ,316
CARD9,723
SNAPC4,1886
ENTR1,2835
PMPCA,3267
INPP5E,1835
SEC16A,7130
NOTCH1,3337
EGFL7,3245
AGPAT2,2881
DIPK1B,859
LCN10,109
LCN6,51
LCN8,22
LCN15,20
TMEM141,6845
CCDC183,331
RABL6,11649
AJM1,484
PHPT1,14308
EDF1,6091
TRAF2,3798
FBXW5,6427
C8G,231
LCN12,712
PTGDS,1042
LCNL1,80
PAXX,5700
CLIC3,714
ABCA2,2247
FUT7,157
NPDC1,16022
ENTPD2,1096
SAPCD2,1163
UAP1L1,1811
MAN1B1,2917
DPP7,7424
GRIN1,118
LRRC26,2025
TMEM210,168
ANAPC2,4117
SSNA1,3474
TPRN,2112
TMEM203,1170
NDOR1,1406
BX255925.3,1789
RNF208,1233
CYSRT1,346
RNF224,201
SLC34A3,150
TUBB4B,7424
FAM166A,101
STPG3,30
NELFB,2731
TOR4A,456
NRARP,2048
EXD3,2886
NOXA1,1646
ENTPD8,242
NSMF,4468
PNPLA7,2048
DPH7,3312
ZMYND19,2798
ARRDC1,11549
EHMT1,9622
CACNA1B,80
TUBB8,63
ZMYND11,9376
DIP2C,3911
LARP4B,8172
GTPBP4,10102
IDI2,47
IDI1,4062
WDR37,2752
ADARB2,72
PFKP,5376
PITRM1,4670
KLF6,18799
AKR1E2,1920
AKR1C2,113
AKR1C3,242
AKR1C8P,122
AKR1C4,1
UCN3,54
TUBAL3,131
NET1,15518
CALML5,2888
CALML3,165
ASB13,3215
TASOR2,10058
GDI2,5412
ANKRD16,1913
FBH1,5470
IL15RA,450
IL2RA,193
RBM17,10996
PFKFB3,7869
PRKCQ,253
SFMBT2,3313
ITIH5,341
ITIH2,82
KIN,1502
ATP5F1C,7269
TAF3,676
GATA3,30668
CELF2,1668
USP6NL,3328
ECHDC3,2647
PROSER2,567
UPF2,3864
DHTKD1,4721
SEC61A2,1205
NUDT5,7840
CDC123,8967
CAMK1D,1655
CCDC3,650
OPTN,11493
MCM10,1474
UCMA,43
PHYH,4718
SEPHS1,4618
BEND7,1644
PRPF18,4629
FRMD4A,4364
FAM107B,8446
CDNF,408
HSPA14,2315
HSPA14,4730
SUV39H2,1785
DCLRE1C,1634
MEIG1,114
OLAH,137
ACBD7,712
RPP38,4369
NMT2,1995
FAM171A1,1241
ITGA8,196
MINDY3,2915
PTER,2665
C1QL3,46
RSU1,7830
CUBN,182
TRDMT1,1072
VIM,93627
ST8SIA6,1701
HACD1,636
STAM,3915
TMEM236,128
MRC1,373
SLC39A12,107
CACNB2,150
NSUN6,2576
ARL5B,5640
MALRD1,994
PLXDC2,8353
NEBL,4575
MIR1915HG,195
SKIDA1,261
MLLT10,3456
DNAJC1,9278
COMMD3,7037
BMI1,4636
SPAG6,65
PIP4K2A,1731
ARMC3,147
MSRB2,8304
PTF1A,37
C10ORF67,110
OTUD1,1556
KIAA1217,14152
ARHGAP21,3297
PRTFDC1,1411
ENKUR,138
THNSL1,1214
GPR158,222
MYO3A,69
GAD2,36
APBB1IP,1235
PDSS1,1028
ABI1,5983
ANKRD26,4252
YME1L1,5930
MASTL,3205
ACBD5,4149
RAB18,14432
MKX,1343
ARMC4,142
MPP7,3062
WAC,1389
BAMBI,14630
LYZL1,32
SVIL,4884
JCAD,1976
MTPAP,3932
MAP3K8,3649
LYZL2,60
ZNF438,922
ZEB1,1283
ARHGAP12,5184
KIF5B,18452
EPC1,4939
CCDC7,1891
ITGB1,11703
NRP1,3586
PARD3,4726
CUL2,4798
CREM,6143
CCNY,9125
GJD4,31
FZD8,2166
ANKRD30A,14457
ZNF248,1560
ZNF25,1508
ZNF33A,4630
ZNF37A,264
ZNF33B,1334
BMS1,4927
RET,1364
CSGALNACT2,3363
RASGEF1A,834
FXYD4,40
HNRNPF,21871
ZNF239,2389
ZNF485,678
ZNF32,5221
C10ORF142,39
CXCL12,5360
TMEM72,45
RASSF4,2782
DEPP1,4198
ZNF22,4994
OR13A1,46
ALOX5,2124
MARCH8,1442
ZFAND4,1003
TIMM23,4594
NCOA4,4761
MSMB,761
ANTXRL,188
GPRIN2,1507
PTPN20,414
GDF10,136
GDF2,27
RBP3,37
ZNF488,211
ANXA8,175
FRMPD2,159
MAPK8,3110
ARHGAP22,710
WDFY4,466
LRRC18,66
VSTM4,671
FAM170B,28
TMEM273,253
C10ORF71,42
DRGX,23
ERCC6,2811
CHAT,32
SLC18A3,46
C10ORF53,49
OGDHL,78
PARG,1835
ASAH2,50
SGMS1,2009
A1CF,36
PRKG1,2665
CSTF2T,4959
DKK1,697
MBL2,50
PCDH15,59
ZWINT,5222
IPMK,1427
CISD1,1522
UBE2D1,689
TFAM,2267
BICC1,1542
PHYHIPL,76
FAM13C,251
SLC16A9,259
MRLN,24
CCDC6,12213
ANK3,3200
CDK1,6194
RHOBTB1,2527
TMEM26,435
CABCOCO1,145
ARID5B,6580
RTKN2,1316
ZNF365,384
AC067752.1,62
ADO,2637
EGR2,2933
NRBF2,1915
JMJD1C,5220
REEP3,5591
CTNNA3,190
LRRTM3,73
DNAJC12,2853
SIRT1,2505
HERC4,7103
MYPN,41
ATOH7,66
PBLD,1085
HNRNPH3,13357
RUFY2,3867
DNA2,2435
SLC25A16,6062
TET1,692
CCAR1,1557
STOX1,271
DDX50,3694
DDX21,8252
KIF1BP,1616
SRGN,3898
VPS26A,7213
SUPV3L1,3533
HKDC1,39
HK1,7124
TACR2,93
TSPAN15,8871
NEUROG3,82
FAM241B,1934
COL13A1,407
H2AFY2,5140
AIFM2,1421
TYSND1,2256
SAR1A,1103
PPA1,4670
NPFFR1,87
LRRC20,710
EIF4EBP2,15722
NODAL,43
PALD1,555
PRF1,306
ADAMTS14,548
TBATA,32
SGPL1,3263
PCBD1,11134
UNC5B,2904
SLC29A3,967
CDH23,519
C10ORF105,57
VSIR,763
PSAP,48875
CHST3,1564
SPOCK2,912
ASCC1,4128
ANAPC16,12252
DDIT4,37294
DNAJB12,5453
MICU1,3668
MCU,1353
OIT3,70
PLA2G12B,50
P4HA1,9146
NUDT13,515
ECD,3036
FAM149B1,326
DNAJC9,2184
CFAP70,569
ANXA7,8687
MSS51,602
PPP3CB,6180
USP54,2796
MYOZ1,130
SYNPO2L,1547
SEC24C,4654
FUT11,1215
CHCHD1,5525
ZSWIM8,6976
NDST2,529
CAMK2G,2463
PLAU,4778
C10ORF55,49
VCL,6258
AP3M1,3164
ADK,7387
KAT6B,5246
DUPD1,65
DUSP13,106
SAMD8,2103
VDAC2,7348
COMTD1,2310
ZNF503,768
LRMDA,850
KCNMA1,3254
DLG5,11682
POLR3A,2882
ZMIZ1,5790
PPIF,5182
ZCCHC24,2504
SFTPA1,38
NUTM2E,62
SFTPD,183
TMEM254,3063
PLAC9,126
ANXA11,17816
MAT1A,440
DYDC1,119
DYDC2,162
PRXL2A,8887
TSPAN14,5667
SH2D4B,185
NRG3,64
GHITM,4995
C10ORF99,42
CDHR1,46
LRIT2,20
RGR,69
LRIT1,40
CCSER2,4109
GRID1,104
WAPL,5161
OPN4,31
LDB3,62
BMPR1A,1449
MMRN2,540
SNCG,4929
ADIRF,10937
GLUD1,3965
SHLD2,1863
NUTM2A,43
MINPP1,1006
PAPSS2,3775
ATAD1,3066
KLLN,178
PTEN,3596
RNLS,478
LIPJ,48
LIPF,49
LIPK,22
LIPN,24
LIPM,18
ANKRD22,836
STAMBPL1,509
ACTA2,8233
FAS,1303
CH25H,184
LIPA,4009
IFIT2,3753
IFIT3,9866
IFIT1B,75
IFIT1,9983
IFIT5,3291
SLC16A12,69
PANK1,351
KIF20B,1722
HTR7,127
RPP30,2247
ANKRD1,70
PCGF5,1998
HECTD2,1466
PPP1R3C,1345
TNKS2,3242
FGFBP3,113
BTAF1,3663
CPEB3,857
MARCH5,5793
IDE,1921
KIF11,2404
HHEX,445
EXOC6,2280
CYP26C1,52
CYP26A1,65
MYOF,6682
CEP55,2204
FFAR4,93
RBP4,80
PDE6C,35
FRA10AC1,1960
LGI1,151
SLC35G1,272
PLCE1,1160
NOC3L,2121
TBC1D12,1149
HELLS,6387
CYP2C18,23
CYP2C9,25
CYP2C8,50
ACSM6,50
PDLIM1,1678
SORBS1,1775
ALDH18A1,4947
TCTN3,2076
ENTPD1,1554
CC2D2B,149
CCNJ,475
ZNF518A,3251
BLNK,1434
DNTT,62
OPALIN,29
TM9SF3,9853
PIK3AP1,1594
LCOR,5325
SLIT1,35
ARHGAP19,711
FRAT1,311
FRAT2,1459
RRP12,1842
PGAM1,2713
EXOSC1,1299
ZDHHC16,3245
MMS19,2413
UBTD1,1045
ANKRD2,56
HOGA1,77
C10ORF62,41
MORN4,918
PI4K2A,1098
AVPI1,1052
MARVELD1,1468
ZFYVE27,1303
SFRP5,24
GOLGA7B,270
CRTAC1,62
R3HCC1L,1464
LOXL4,205
PYROXD2,1381
HPS1,1888
HPSE2,136
CNNM1,70
GOT1,1265
NKX2-3,34
SLC25A28,2387
ENTPD7,2194
CUTC,1777
COX15,2002
ABCC2,174
DNMBP,1077
CPN1,54
ERLIN1,1294
CHUK,2070
CWF19L1,1939
BLOC1S2,1733
PKD2L1,78
SCD,18067
WNT8B,54
SEC31B,654
NDUFB8,2671
HIF1AN,2356
PAX2,30
SLF2,2842
SEMA4G,340
TWNK,937
LZTS2,6400
PDZD7,311
SFXN3,2571
KAZALD1,871
TLX1,123
LBX1,41
BTRC,1727
DPCD,3515
POLL,2086
FBXW4,3605
FGF8,37
NPM3,2050
OGA,17337
KCNIP2,555
ARMH3,2280
HPS6,1512
LDB1,8675
PPRC1,2768
NOLC1,1063
ELOVL3,76
PITX3,48
GBF1,3845
NFKB2,3280
PSD,184
FBXL15,1524
CUEDC2,3133
C10ORF95,191
MFSD13A,620
ACTR1A,2691
SUFU,1238
TRIM8,7148
ARL3,2803
SFXN2,1771
WBP1L,3041
CYP17A1,67
BORCS7,2323
AS3MT,1166
CNNM2,791
NT5C2,3081
RPEL1,98
INA,46
PCGF6,811
TAF5,508
ATP5MD,1580
PDCD11,2503
CALHM2,2307
CALHM1,39
CALHM3,52
NEURL1,250
SH3PXD2A,4696
STN1,1790
SLK,7794
COL17A1,525
SFR1,209
CFAP43,558
GSTO1,2673
GSTO2,1410
ITPRIP,892
CFAP58,105
SORCS3,31
SORCS1,95
XPNPEP1,3235
ADD3,3342
MXI1,4660
SMNDC1,3575
DUSP5,2393
SMC3,4147
RBM20,81
PDCD4,18593
BBIP1,789
SHOC2,4556
ADRA2A,634
GPAM,585
TECTB,50
ACSL5,1197
ZDHHC6,3604
VTI1A,2822
TCF7L2,2268
HABP2,94
NRAP,59
CASP7,2293
PLEKHS1,2567
DCLRE1A,1116
NHLRC2,3681
ADRB1,68
CCDC186,2412
TDRD1,114
VWA2,1151
AFAP1L2,787
ABLIM1,2141
FAM160B1,1548
TRUB1,1832
ATRNL1,712
GFRA1,4709
CCDC172,11
PNLIPRP3,32
PNLIP,8
PNLIPRP1,29
C10ORF82,1117
HSPA12A,408
ENO4,61
SHTN1,4627
VAX1,33
KCNK18,38
SLC18A2,100
PDZD8,2853
EMX2,155
RAB11FIP2,1890
FAM204A,1492
PRLHR,25
CACUL1,5068
NANOS1,145
EIF3A,14676
DENND10,2464
SFXN4,1684
PRDX3,2320
GRK5,677
RGS10,3793
TIAL1,6146
BAG3,5089
INPP5F,2075
MCMBP,4717
SEC23IP,2841
PLPP4,1208
WDR11,3303
FGFR2,2811
ATE1,1952
NSMCE4A,2524
TACC2,2857
BTBD16,81
PLEKHA1,2372
ARMS2,55
HTRA1,7933
DMBT1,94
AL603764.2,26
C10ORF120,17
CUZD1,138
FAM24B,540
FAM24A,58
C10ORF88,884
PSTK,441
IKZF5,2118
ACADSB,2443
HMX3,288
HMX2,70
BUB3,4500
GPR26,76
CPXM2,837
CHST15,2001
OAT,2580
NKX1-2,67
LHPP,2129
FAM53B,2391
EEF1AKMT2,3702
ABRAXAS2,1411
ZRANB1,3001
CTBP2,10986
TEX36,31
EDRF1,2621
MMP21,66
UROS,3301
BCCIP,3891
DHX32,2602
FANK1,769
ADAM12,3843
C10ORF90,88
DOCK1,5225
INSYN2A,134
NPS,53
FOXI2,23
CLRN3,45
PTPRE,1103
MKI67,3238
MGMT,3624
EBF3,145
C10ORF143,460
GLRX3,5012
TCERG1L,49
PPP2R2D,2698
JAKMIP3,357
DPYSL4,300
STK32C,1349
LRRC27,827
PWWP2B,3057
INPP5A,1706
NKX6-2,29
CFAP46,348
ADGRA1,19
KNDC1,200
UTF1,23
VENTX,206
ADAM8,2436
TUBGCP2,3356
ZNF511,1222
CALY,35
PRAP1,21
FUOM,919
ECHS1,12406
PAOX,773
MTG1,4480
SPRN,97
SCART1,455
CYP2E1,265
SYCE1,61
BET1L,6745
ODF3,49
RIC8A,3688
SIRT3,1765
PSMD13,7106
NLRP6,74
PGGHG,5889
IFITM5,51
IFITM2,5250
IFITM1,1741
IFITM3,41992
B4GALNT4,4154
PKP3,5226
SIGIRR,3846
ANO9,1591
PTDSS2,1148
RNH1,9187
HRAS,3696
LRRC56,1356
LMNTD2,645
RASSF7,5085
PHRF1,3365
IRF7,6335
CDHR5,84
SCT,264
DRD4,103
DEAF1,3236
EPS8L2,7893
TMEM80,1255
TALDO1,7660
GATD1,6358
CEND1,39
SLC25A22,1968
PANO1,120
PIDD1,1626
PNPLA2,11072
CRACR2B,10320
CD151,16962
POLR2L,11861
TSPAN4,4433
CHID1,8885
AP2A2,3513
MUC6,584
MUC2,41
MUC5AC,46
MUC5B,3117
TOLLIP,2760
BRSK2,93
MOB2,2647
DUSP8,884
KRTAP5-1,23
KRTAP5-2,17
KRTAP5-3,7
KRTAP5-5,36
KRTAP5-6,45
IFITM10,987
CTSD,11022
SYT8,1496
TNNI2,1254
LSP1,5813
PRR33,32
TNNT3,76
AC132217.2,41
INS,45
TH,63
ASCL2,832
C11ORF21,142
TSPAN32,134
CD81,7851
TSSC4,3705
TRPM5,65
KCNQ1,451
CDKN1C,385
SLC22A18AS,253
SLC22A18,1390
PHLDA2,1966
NAP1L4,7796
CARS,634
OSBPL5,2066
MRGPRG,49
MRGPRE,72
ZNF195,1924
ART5,66
ART1,54
CHRNA10,229
NUP98,5034
PGAP2,3979
RHOG,3516
STIM1,2693
RRM1,5789
OR52B4,30
TRIM21,1721
OR52K2,51
OR52K1,34
OR52M1,22
C11ORF40,11
OR52I2,34
OR52I1,34
TRIM68,106
OR51D1,40
OR51E1,148
OR51E2,61
OR51C1P,41
MMP26,37
OR51F1,33
OR52R1,43
OR51F2,62
OR51S1,34
OR51T1,41
OR51A7,33
OR51G2,48
OR51G1,39
OR51A4,64
OR51A2,9
OR51L1,50
OR52J3,51
OR52E2,29
OR52A5,45
OR52A1,46
OR51V1,45
HBB,74
HBD,69
HBG1,16
AC104389.5,282
OR51B5,60
OR51B6,50
OR51Q1,28
OR52D1,42
UBQLN3,145
UBQLNL,227
OR52H1,99
OR52B6,39
TRIM6,822
TRIM34,692
TRIM5,2568
TRIM22,6227
OR56B1,59
OR52N4,80
OR52N5,218
OR52N1,169
OR52N2,27
OR52E8,174
OR52E4,47
OR52E5,57
OR56A3,57
OR56A5,21
OR52L1,23
OR56A4,65
OR56A1,52
OR56B4,38
OR52B2,86
OR52W1,48
C11ORF42,43
FAM160A2,2552
CNGA4,103
CCKBR,119
CAVIN3,1071
SMPD1,1254
APBB1,429
HPX,1198
TRIM3,2732
ARFIP2,5773
TIMM10B,4420
DNHD1,1219
RRP8,1080
ILK,2578
TAF10,11842
TPP1,7729
DCHS1,1196
OR2AG2,38
OR2AG1,43
OR6A2,70
OR10A5,24
OR10A2,36
OR10A4,56
OR2D3,53
ZNF215,130
ZNF214,165
NLRP14,16
RBMXL2,9
SYT9,608
OLFML1,420
PPFIBP2,2099
CYB5R2,1087
OVCH2,113
OR5P2,32
OR10A6,40
OR10A3,57
NLRP10,56
TUB,542
RIC3,259
LMO1,82
STK33,105
TRIM66,1030
ST5,5640
AKIP1,3000
C11ORF16,92
ASCL3,43
TMEM9B,4286
NRIP3,904
SCUBE2,2143
DENND5A,2063
TMEM41B,5308
ZNF143,1058
WEE1,3070
SWAP70,3615
SBF2,2006
ADM,3061
AMPD3,978
RNF141,6367
LYVE1,97
MRVI1,898
CTR9,3256
EIF4G2,7243
ZBED5,1629
GALNT18,476
USP47,4697
DKK3,2311
MICAL2,4210
PARVA,5789
TEAD1,2652
RASSF10,658
ARNTL,746
BTBD10,1654
PTH,36
FAR1,5469
SPON1,1971
RRAS2,1404
COPB1,8518
PSMA1,2147
PDE3B,409
CYP2R1,1674
CALCB,82
CALCA,123
INSC,21
SOX6,323
C11ORF58,10196
PLEKHA7,1906
PIK3C2A,2719
NUCB2,6734
NCR3LG1,417
KCNJ11,600
ABCC8,118
USH1C,75
OTOG,33
MYOD1,30
KCNC1,41
SERGEF,2301
TPH1,328
SAAL1,803
MRGPRX3,53
MRGPRX4,44
SAA4,58
HPS5,2099
GTF2H1,3704
LDHC,152
LDHAL6A,23
TSG101,4236
UEVLD,3767
SPTY2D1OS,1070
SPTY2D1,2523
TMEM86A,1039
IGSF22,64
PTPN5,45
MRGPRX1,43
MRGPRX2,42
ZDHHC13,2813
CSRP3,45
E2F8,414
NAV2,2496
DBX1,30
HTATIP2,4870
PRMT3,2004
SLC6A5,62
NELL1,85
ANO5,179
SLC17A6,44
FANCF,2160
GAS2,212
SVIP,771
CCDC179,8
LUZP2,217
ANO3,67
MUC15,628
SLC5A12,114
FIBIN,659
BBOX1,626
CCDC34,1924
LGR4,1500
LIN7C,5354
BDNF,52
KIF18A,1314
METTL15,3004
KCNA4,61
FSHB,42
ARL14EP,2599
MPPED2,285
DCDC1,235
DNAJC24,1627
IMMP1L,1453
ELP4,2114
PAX6,88
RCN1,4559
WT1,1075
EIF3M,5524
CCDC73,39
PRRG4,2042
QSER1,6243
DEPDC7,306
TCP11L1,1898
CSTF3,9893
HIPK3,11035
KIAA1549L,1074
C11ORF91,169
FBXO3,1932
LMO2,1233
CAPRIN1,6457
NAT10,3632
ABTB2,1508
CAT,4275
ELF5,4870
EHF,7894
APIP,1892
PDHX,3104
CD44,25784
SLC1A2,259
PAMR1,189
FJX1,803
TRIM44,7932
LDLRAD3,3420
COMMD9,2254
PRR5L,740
TRAF6,1476
RAG1,141
RAG2,66
C11ORF74,1330
LRRC4C,466
API5,9201
TTC17,5864
HSD17B12,758
ALKBH3,1317
C11ORF96,2203
ACCSL,44
ACCS,1957
EXT2,2550
ALX4,111
CD82,4433
TSPAN18,537
TP53I11,3677
PRDM11,496
SYT13,1555
CHST1,1429
SLC35C1,1379
CRY2,2729
MAPK8IP1,653
C11ORF94,21
PEX16,1159
LARGE2,574
PHF21A,2490
CREB3L1,1964
DGKZ,2389
MDK,24987
AMBRA1,3759
HARBI1,423
ATG13,3895
ARHGAP1,5516
ZNF408,866
F2,38
CKAP5,7917
LRP4,302
C11ORF49,2389
ARFGAP2,3500
PACSIN3,4681
DDB2,871
ACP2,3171
NR1H3,2683
MADD,2517
MYBPC3,58
SPI1,3450
SLC39A13,2138
PSMC3,5048
RAPSN,130
CELF1,8768
NDUFS3,3586
PTPMT1,531
KBTBD4,1943
FAM180B,50
C1QTNF4,88
MTCH2,3223
AGBL2,268
FNBP4,5397
NUP160,5201
PTPRJ,2392
OR4B1,52
OR4X2,37
OR4X1,42
OR4S1,46
OR4C3,36
OR4C5,58
OR4A47,16
TRIM51GP,39
TRIM49B,38
TRIM64C,57
FOLH1,181
OR4C13,74
OR4C12,30
OR4C46,24
OR4A5,44
TRIM48,27
OR4A16,36
OR4A15,60
OR4C15,58
OR4C16,66
OR4C11,44
OR4P4,43
OR4S2,28
OR4C6,44
OR5D3P,75
OR5D13,24
OR5D14,41
OR5L1,39
OR5D18,35
OR5L2,32
OR5D16,44
TRIM51,33
OR5W2,37
OR5I1,36
OR10AG1,48
OR5F1,55
OR5AS1,47
OR8I2,37
OR8H2,44
OR8H3,29
OR8J3,29
OR8K5,52
OR5J2,88
OR5T2,42
OR5T3,50
OR5T1,48
OR8H1,42
OR8K3,51
OR8K1,34
OR8J1,49
OR8U1,62
OR5R1,54
OR5M9,54
OR5M3,32
OR5M8,41
OR5M11,54
OR5M10,40
OR5M1,35
OR5AP2,56
OR5AR1,30
OR9G1,76
OR9G4,47
OR5AK2,43
LRRC55,83
APLNR,330
TNKS1BP1,11740
SSRP1,9946
P2RX3,37
PRG3,18
PRG2,229
SLC43A3,1602
RTN4RL2,663
SLC43A1,714
TIMM10,4345
SMTNL1,40
UBE2L6,10386
SERPING1,8104
YPEL4,75
ZDHHC5,3329
MED19,1587
TMX2,9105
SELENOH,17039
BTBD18,36
CTNND1,25119
OR9Q1,63
OR6Q1,64
OR9I1,48
OR9Q2,49
OR1S2,48
OR1S1,27
OR10Q1,39
OR10W1,72
OR5B17,16
OR5B3,43
OR5B2,40
OR5B12,32
OR5B21,69
LPXN,1426
ZFP91,6487
GLYAT,31
GLYATL2,391
GLYATL1,1023
GLYATL1B,38
FAM111B,2104
FAM111A,6512
DTX4,1702
MPEG1,1457
OR5AN1,50
OR5A2,65
OR5A1,48
OR4D6,44
OR4D10,44
OR4D11,51
OR4D9,31
OSBP,5079
PATL1,3397
OR10V1,49
STX3,4817
CBLIF,33
TCN1,2334
OOSP3,44
OOSP1,2
OOSP4A,53
OOSP4B,16
OOSP2,17
MS4A3,25
MS4A2,158
MS4A6A,2927
MS4A4A,506
MS4A4E,119
MS4A6E,52
MS4A7,3822
MS4A14,291
MS4A5,31
MS4A1,160
MS4A12,54
MS4A13,21
MS4A8,292
MS4A18,68
MS4A15,487
MS4A10,47
CCDC86,1515
PTGDR2,61
ZP1,12
PRPF19,6296
TMEM109,5462
TMEM132A,5979
SLC15A3,3561
CD6,397
CD5,170
VPS37C,1338
PGA5,70
VWCE,179
DDB1,6242
TKFC,3064
CYB561A3,2358
TMEM138,2461
TMEM216,826
CPSF7,6280
PPP1R32,316
LRRC10B,332
SYT7,3305
DAGLA,537
MYRF,225
TMEM258,1691
FEN1,2407
FADS2,10230
FADS1,1633
FADS3,1156
RAB3IL1,1438
BEST1,370
FTH1,77303
INCENP,2368
SCGB1D1,42
SCGB2A1,1815
SCGB1D2,16098
SCGB2A2,33548
SCGB1D4,48
ASRGL1,946
SCGB1A1,57
AHNAK,23954
EEF1G,21962
TUT1,1090
MTA2,6093
ROM1,385
B3GAT3,2833
GANAB,3255
INTS5,768
LBHD1,709
CSKMT,383
UQCC3,3922
UBXN1,3702
LRRN4CL,66
BSCL2,5408
GNG3,107
HNRNPUL2,10958
TTC9C,1766
ZBTB3,672
POLR2G,5358
TAF6L,1103
TMEM223,1131
TMEM179B,4197
NXF1,4294
STX5,4518
TEX54,76
WDR74,4170
SLC3A2,16946
CHRM1,172
SLC22A6,40
SLC22A8,34
SLC22A24,43
SLC22A10,70
SLC22A25,50
SLC22A9,30
PLAAT5,1024
LGALS12,76
PLAAT4,15039
PLAAT2,1081
PLAAT3,10703
ATL3,4903
RTN3,13353
C11ORF95,2386
SPINDOC,2837
MARK2,6041
RCOR2,357
NAA40,2631
COX8A,9374
OTUB1,6484
MACROD1,5417
FLRT1,55
FERMT3,1423
TRPT1,2164
NUDT22,3438
DNAJC4,3472
VEGFB,7192
PPP1R14B,2067
PLCB3,2782
BAD,3042
GPR137,2021
KCNK4,86
CATSPERZ,64
ESRRA,2313
TRMT112,6928
PRDX5,5854
CCDC88B,1071
SLC22A11,47
SLC22A12,9
NRXN2,162
RASGRP2,645
PYGM,76
SF1,3375
MAP4K2,1697
MEN1,1614
CDC42BPG,4103
EHD1,4646
ATG2A,1540
PPP2R5B,2044
GPHA2,70
MAJIN,115
BATF2,677
ARL2,4553
SNX15,1472
SAC3D1,1533
NAALADL1,93
CDCA5,1105
ZFPL1,994
TMEM262,74
VPS51,1832
TM7SF2,2229
ZNHIT2,1219
SYVN1,3412
SPDYC,953
CAPN1,8793
POLA2,1609
CDC42EP2,1213
DPF2,3503
TIGD3,107
SLC25A45,988
FRMD8,776
SCYL1,5648
LTBP3,9807
ZNRD2,3566
FAM89B,3460
EHBP1L1,9424
KCNK7,66
MAP3K11,4111
PCNX3,3918
SIPA1,1527
RELA,3972
KAT5,3367
RNASEH2C,1934
OVOL1,558
CFL1,28452
SNX32,64
MUS81,2854
EFEMP2,2803
CTSW,211
FIBP,3533
CCDC85B,6425
FOSL1,451
C11ORF68,2134
DRAP1,17568
TSGA10IP,45
SART1,3988
EIF1AD,2447
BANF1,8580
CST6,429
GAL3ST3,36
SF3B2,5184
PACS1,4627
KLC2,2576
RAB1B,6148
CNIH2,1274
YIF1A,4752
TMEM151A,58
CD248,2074
RIN1,15
BRMS1,5507
B4GAT1,424
SLC29A2,877
NPAS4,49
PELI3,1051
DPP3,849
BBS1,2797
ZDHHC24,1079
ACTN3,35
CTSF,2073
CCDC87,127
CCS,4374
RBM14,4761
RBM4B,1280
SPTBN2,2754
C11ORF80,4298
RCE1,1152
PC,880
LRFN4,2706
C11ORF86,45
SYT12,1720
RHOD,3557
KDM2A,12959
GRK2,7184
ANKRD13D,5020
SSH3,3404
RAD9A,1528
POLD4,3052
CLCF1,719
PPP1CA,5466
TBC1D10C,750
CARNS1,147
CORO1B,7173
GPR152,50
CABP4,308
TMEM134,5019
AIP,2667
PITPNM1,1821
CDK2AP2,1283
CABP2,11
GSTP1,18713
NDUFV1,10197
NUDT8,728
TBX10,59
ACY3,72
ALDH3B2,3734
UNC93B1,2440
ALDH3B1,470
NDUFS8,3448
TCIRG1,4924
CHKA,3981
KMT5B,6734
C11ORF24,4359
LRP5,3534
PPP6R3,5544
GAL,874
TESMIN,3190
CPT1A,1425
MRGPRD,72
MRGPRF,224
TPCN2,336
SMIM38,227
MYEOV,1218
CCND1,17366
LTO1,934
FGF19,56
FGF4,44
FGF3,38
ANO1,4612
FADD,3852
CTTN,30797
SHANK2,2771
DHCR7,2817
KRTAP5-7,97
KRTAP5-8,152
KRTAP5-9,194
KRTAP5-10,187
DEFB108B,89
AP002495.1,1187
DEFB131B,7
RNF121,1994
IL18BP,1867
NUMA1,14528
LRTOMT,1848
LAMTOR1,11394
ANAPC15,3248
FOLR3,13
FOLR1,819
FOLR2,353
INPPL1,8120
PHOX2A,29
CLPB,1963
PDE2A,185
ARAP1,9306
STARD10,16465
ATG16L2,2278
FCHSD2,2277
P2RY2,2409
P2RY6,1145
ARHGEF17,3813
RELT,1237
FAM168A,4219
PLEKHB1,2079
RAB6A,6788
COA4,6076
PAAF1,1391
DNAJB13,86
UCP2,6611
UCP3,365
C2CD3,2213
PPME1,3070
P4HA3,423
PGM2L1,2521
KCNE3,621
LIPT2,156
POLD3,2469
CHRDL2,433
RNF169,4169
XRRA1,1906
NEU3,370
OR2AT4,37
SLCO2B1,1546
TPBGL,103
ARRB1,4107
KLHL35,826
GDPD5,773
SERPINH1,19147
MAP6,285
MOGAT2,234
DGAT2,692
UVRAG,1602
WNT11,336
THAP12,1708
GVQW3,1066
EMSY,1882
LRRC32,1217
TSKU,4980
ACER3,1305
B3GNT6,63
CAPN5,570
OMP,56
GDPD4,51
PAK1,2399
CLNS1A,5803
AQP11,478
RSF1,4213
AAMDC,2454
INTS4,5513
KCTD14,794
THRSP,771
NDUFC2,16490
ALG8,3334
KCTD21,895
USP35,1422
GAB2,1825
NARS2,2332
TENM4,625
FAM181B,177
PRCP,3270
DDIAS,583
RAB30,2083
PCF11,4461
ANKRD42,1160
CCDC90B,1647
DLG2,393
TMEM126B,1551
TMEM126A,2240
CREBZF,9513
CCDC89,648
SYTL2,8972
CCDC83,137
PICALM,10613
EED,2581
HIKESHI,7
CCDC81,184
ME3,2282
PRSS23,13899
FZD4,1416
TMEM135,2218
RAB38,984
CTSC,4417
GRM5,26
TYR,63
NOX4,205
TRIM77,5
TRIM64B,183
NAALAD2,87
CHORDC1,726
FAT3,60
MTNR1B,30
SLC36A4,1344
DEUP1,199
SMCO4,1316
CEP295,1906
TAF1D,6128
C11ORF54,3667
MED17,4119
VSTM5,130
HEPHL1,39
PANX1,1702
IZUMO1R,54
GPR83,61
MRE11,1394
ANKRD49,1760
C11ORF97,51
FUT4,887
PIWIL4,272
AMOTL1,1916
CWC15,6151
KDM4D,112
KDM4E,29
KDM4F,35
SRSF8,3538
ENDOD1,1296
SESN3,4494
FAM76B,2382
CEP57,2971
MTMR2,4939
MAML2,1281
CCDC82,2290
JRKL,1722
CNTN5,33
ARHGAP42,510
PGR,7286
TRPC6,423
ANGPTL5,45
CEP126,318
CFAP300,282
YAP1,6795
BIRC3,1172
BIRC2,2004
TMEM123,9301
MMP7,11451
MMP20,93
MMP27,83
MMP8,55
MMP10,253
MMP1,2020
MMP3,1141
MMP12,556
MMP13,4177
DCUN1D5,3345
DYNC2H1,1894
PDGFD,581
DDI1,45
CASP4,3103
CASP5,72
CARD16,102
CARD17,117
CARD18,47
GRIA4,66
MSANTD4,988
KBTBD3,1122
AASDHPPT,3925
GUCY1A2,710
CWF19L2,3188
ALKBH8,342
ELMOD1,55
SLN,57
SLC35F2,1453
RAB39A,232
CUL5,5184
ACAT1,5234
NPAT,1059
ATM,2540
C11ORF65,401
POGLUT3,1281
EXPH5,1653
DDX10,1144
C11ORF87,53
RDX,2059
ZC3H12C,648
FDX1,2059
ARHGAP20,221
C11ORF53,39
COLCA2,122
POU2AF1,305
BTG4,63
C11ORF88,77
LAYN,368
SIK2,2186
PPP2R1B,3694
ALG9,1953
FDXACB1,512
C11ORF1,2880
CRYAB,12879
HSPB2,529
C11ORF52,2336
DIXDC1,2395
DLAT,3413
PIH1D2,453
NKAPD1,2843
TIMM8B,5707
IL18,940
TEX12,62
BCO2,313
PTS,4060
PLET1,52
NCAM1,143
TTC12,1918
ANKK1,125
DRD2,146
TMPRSS5,513
ZW10,2330
CLDN25,52
USP28,2038
HTR3A,20
ZBTB16,960
NNMT,5978
C11ORF71,1755
RBM7,1868
REXO2,12857
NXPE1,37
NXPE4,61
NXPE2,69
CADM1,4868
BUD13,1804
ZPR1,2842
APOA5,48
APOA4,24
APOC3,56
APOA1,99
SIK3,2942
PAFAH1B2,7748
SIDT2,769
TAGLN,39598
PCSK7,3172
RNF214,2445
BACE1,1061
CEP164,1941
DSCAML1,46
FXYD2,73
FXYD6,1546
TMPRSS13,2108
IL10RA,1115
SMIM35,43
TMPRSS4,180
SCN4B,139
SCN2B,49
JAML,694
MPZL3,947
MPZL2,1340
CD3E,465
CD3D,435
CD3G,233
UBE4A,4308
ATP5MG,6954
KMT2A,4490
TTC36,788
TMEM25,2157
IFT46,1902
ARCN1,10251
PHLDB1,5017
TREH,65
DDX6,6902
CXCR5,58
BCL9L,9175
UPK2,71
FOXR1,21
CCDC84,1857
TRAPPC4,3388
SLC37A4,2466
HYOU1,9136
VPS11,2514
HMBS,1882
H2AFX,3744
DPAGT1,2003
C2CD2L,1473
HINFP,1126
ABCG4,22
NLRX1,598
PDZD3,38
CCDC153,257
CBL,2375
MCAM,3234
RNF26,2149
MFRP,68
USP2,279
THY1,6752
NECTIN1,2374
TRIM29,3878
OAF,2753
POU2F3,288
TLCD5,1012
ARHGEF12,6544
GRIK4,120
TBCEL,2228
TECTA,100
SC5D,2158
SORL1,2582
BLID,84
UBASH3B,1061
CRTAM,118
JHY,765
BSX,33
HSPA8,41291
CLMP,2669
GRAMD1B,427
SCN3B,73
ZNF202,784
OR6X1,32
OR6M1,45
TMEM225,34
OR8D4,37
OR4D5,39
OR6T1,36
OR10S1,30
OR10G6,36
OR10G4,11
OR10G8,32
OR10G7,53
VWA5A,1971
OR10D3,39
OR8G1,26
OR8G5,32
OR8D1,36
OR8D2,46
OR8B2,67
OR8B4,41
OR8B8,42
OR8B12,32
OR8A1,30
PANX3,50
TBRG1,2206
SIAE,1466
SPA17,782
NRGN,258
VSIG2,214
ESAM,829
MSANTD2,2208
ROBO3,620
ROBO4,539
HEPACAM,22
HEPN1,30
CCDC15,600
SLC37A2,968
TMEM218,1155
PKNOX2,84
FEZ1,248
EI24,7039
STT3A,11039
CHEK1,2243
ACRV1,24
PATE1,41
PATE2,56
PATE3,33
PATE4,41
HYLS1,1054
PUS3,1711
DDX25,61
VSIG10L2,212
CDON,588
RPUSD4,2173
FAM118B,1287
SRPRA,7975
FOXRED1,1995
TIRAP,1138
DCPS,1486
ST3GAL4,4964
KIRREL3,23
ETS1,3700
FLI1,347
KCNJ1,52
KCNJ5,256
C11ORF45,204
TP53AIP1,153
ARHGAP32,4121
BARX2,2140
TMEM45B,382
NFRKB,2799
PRDM10,864
APLP2,17726
ST14,7354
ZBTB44,5257
ADAMTS8,68
ADAMTS15,2155
SNX19,4191
NTM,769
OPCML,16
SPATA19,35
IGSF9B,720
JAM3,808
NCAPD3,3072
VPS26B,4470
THYN1,2555
ACAD8,1531
GLB1L3,37
GLB1L2,211
B3GAT1,64
IQSEC3,110
SLC6A12,95
SLC6A13,102
KDM5A,5172
CCDC77,684
B4GALNT3,856
NINJ2,553
WNK1,18202
RAD52,1794
ERC1,4005
WNT5B,422
ADIPOR2,5718
CACNA2D4,213
LRTM2,73
DCP1B,1924
CACNA1C,764
ITFG2,3214
TEX52,59
FOXM1,4798
RHNO1,4041
TULP3,2451
TEAD4,2109
TSPAN9,4586
PRMT8,43
CRACR2A,1259
PARP11,1037
CCND2,955
TIGAR,2024
FGF23,41
FGF6,42
C12ORF4,2454
RAD51AP1,1841
DYRK4,1526
AKAP3,155
NDUFA9,6147
GALNT8,211
KCNA1,45
KCNA5,52
NTF3,80
ANO2,162
VWF,1486
CD9,42067
PLEKHG6,2485
TNFRSF1A,9076
SCNN1A,4780
LTBR,6560
CD27,338
TAPBPL,1949
VAMP1,1406
NCAPD2,5162
IFFO1,788
NOP2,4315
CHD4,7752
LPAR5,226
ING4,3078
ZNF384,6371
PIANP,57
COPS7A,5849
MLF2,16488
PTMS,24753
LAG3,985
CD4,2323
GPR162,294
P3H3,985
GNB3,231
CDCA3,2841
USP5,3926
SPSB2,2039
LRRC23,617
ENO2,3741
ATN1,28192
C12ORF57,18371
PTPN6,2427
PHB2,3819
EMG1,6533
LPCAT3,3460
C1S,10653
C1R,8951
C1RL,3479
RBP5,835
CLSTN3,4938
PEX5,1927
ACSM4,61
CD163L1,292
CD163,2961
APOBEC1,70
GDF3,74
DPPA3,65
CLEC4C,60
NANOGNB,16
SLC2A14,156
SLC2A3,817
FOXJ2,2262
C3AR1,758
NECAP1,3688
CLEC4A,408
ZNF705A,70
FAM90A1,237
CLEC6A,71
CLEC4D,56
CLEC4E,126
AICDA,71
MFAP5,2061
RIMKLB,3968
A2ML1,129
PHC1,4038
M6PR,10729
KLRG1,522
A2M,43438
PZP,54
KLRB1,193
CLEC2D,3431
CLECL1,177
CD69,368
KLRF1,95
CLEC2B,2073
KLRF2,48
CLEC2A,91
CLEC12A,186
CLEC1B,32
CLEC12B,98
CLEC9A,83
CLEC1A,234
CLEC7A,1811
OLR1,1153
TMEM52B,80
KLRD1,328
KLRK1,511
KLRC4,189
KLRC3,139
KLRC1,64
MAGOHB,1144
STYK1,633
YBX3,19730
TAS2R7,88
TAS2R8,35
TAS2R9,64
TAS2R14,2111
TAS2R50,22
TAS2R30,416
SMIM10L1,4038
TAS2R42,89
PRB3,63
PRB4,14
PRB1,2
ETV6,8973
LRP6,5548
MANSC1,2305
BORCS5,2199
DUSP16,4590
CREBL2,4440
GPR19,322
CDKN1B,9041
APOLD1,350
GPRC5A,14716
GPRC5D,70
HEBP1,7913
FAM234B,3291
GSG1,55
EMP1,8659
GRIN2B,80
ATF7IP,6364
PLBD1,2397
GUCY2C,57
HIST4H4,662
H2AFJ,12401
WBP11,1843
C12ORF60,432
SMCO3,827
ART4,171
MGP,154540
ERP27,1533
ARHGDIB,9628
PDE6H,52
RERG,5209
PTPRO,409
EPS8,3648
STRAP,10614
DERA,3070
SLC15A5,82
MGST1,19511
LMO3,577
RERGL,104
PIK3C2G,1294
PLCZ1,57
CAPZA3,72
PLEKHA5,4135
AEBP2,6654
PDE3A,276
SLCO1C1,62
SLCO1B3,22
SLCO1B1,43
SLCO1A2,91
IAPP,32
PYROXD1,859
RECQL,2927
GOLT1B,3088
SPX,47
GYS2,42
LDHB,6926
KCNJ8,533
ABCC9,865
CMAS,5897
ST8SIA1,1724
C2CD5,4278
ETNK1,7861
SOX5,576
BCAT1,987
LRMP,238
CASC1,400
KRAS,2988
LMNTD1,87
RASSF8,1822
BHLHE41,3892
SSPN,1172
ITPR2,7232
INTS13,3889
FGFR1OP2,2303
TM7SF3,4944
MED21,4024
C12ORF71,44
STK38L,8771
ARNTL2,2076
SMCO2,304
PPFIBP1,8460
REP15,372
MANSC4,63
KLHL42,1974
PTHLH,1384
CCDC91,4484
FAR2,1086
ERGIC2,6627
OVCH1,60
TMTC1,1357
IPO8,3353
CAPRIN2,2254
TSPAN11,198
DDX11,1345
SINHCAF,834
DENND5B,705
ETFBKMT,597
AMN1,1549
H3F3C,22
RESF1,3989
BICD1,3415
FGD4,1801
DNM1L,7350
YARS2,2585
PKP2,1182
SYT10,42
CPNE8,698
KIF21A,1954
ABCD2,191
C12ORF40,49
SLC2A13,1543
LRRK2,878
MUC19,376
CNTN1,203
PDZRN4,61
GXYLT1,789
YAF2,3621
PPHLN1,5825
ZCRB1,7894
PRICKLE1,1863
ADAMTS20,84
PUS7L,2635
IRAK4,2957
TWF1,2378
TMEM117,282
NELL2,771
DBX2,39
ANO6,2598
ARID2,4116
SCAF11,8453
SLC38A1,12496
SLC38A2,11416
SLC38A4,79
AMIGO2,6995
PCED1B,3414
RPAP3,2979
ENDOU,86
RAPGEF3,576
SLC48A1,1518
HDAC7,7896
VDR,2940
TMEM106C,12471
COL2A1,1512
SENP1,2530
PFKM,1935
ASB8,2700
CCDC184,58
OR10AD1,43
H1FNT,42
ZNF641,1720
ANP32D,21
C12ORF54,34
OR8S1,32
OR5BS1P,63
LALBA,65
KANSL2,3286
CCNT1,3176
TEX49,55
ADCY6,4073
CACNB3,4225
DDX23,6600
RND1,2450
CCDC65,102
FKBP11,2995
ARF3,3717
WNT10B,171
WNT1,26
DDN,77
PRKAG1,3164
KMT2D,6441
RHEBL1,204
DHH,58
LMBR1L,2155
TUBA1B,2693
TUBA1A,699
TUBA1C,7053
PRPH,31
TROAP,1578
C1QL4,121
DNAJC22,1096
SPATS2,2364
KCNH3,98
MCRS1,6540
PRPF40B,1713
FAM186B,91
FMNL3,2300
TMBIM6,3342
NCKAP5L,2186
BCDIN3D,918
FAIM2,59
AQP2,37
AQP5,237
AQP6,108
ASIC1,194
SMARCD1,3012
GPD1,82
COX14,7000
CERS5,2784
LIMA1,6468
FAM186A,58
LARP4,7686
DIP2B,2994
ATF1,1786
TMPRSS12,36
METTL7A,1868
HIGD1C,60
SLC11A2,4050
LETMD1,2795
CSRNP2,3418
TFCP2,3400
POU6F1,620
DAZAP2,9372
SMAGP,2454
BIN2,498
CELA1,101
GALNT6,3532
SLC4A8,1711
SCN8A,829
C12ORF81,51
FIGNL2,94
ANKRD33,48
ACVRL1,599
ACVR1B,2381
GRASP,840
NR4A1,6091
ATG101,3609
SMIM41,79
KRT80,2882
KRT7,22674
KRT86,387
KRT83,75
KRT85,50
KRT84,66
KRT82,50
KRT75,63
KRT6B,2342
KRT6C,57
KRT6A,542
KRT5,7134
KRT71,41
KRT74,57
KRT72,50
KRT73,31
KRT2,32
KRT1,21
KRT77,35
KRT76,44
KRT3,46
KRT4,29
KRT79,45
KRT78,87
KRT8,78556
EIF4B,3839
TNS2,3895
SPRYD3,4628
IGFBP6,553
SOAT2,38
CSAD,7786
ZNF740,2723
ITGB7,480
RARG,2359
AC021072.1,59
MFSD5,1346
ESPL1,1500
PFDN5,5689
C12ORF10,3634
AAAS,4248
SP7,62
SP1,5222
AMHR2,31
PCBP2,2897
MAP3K12,1131
TARBP2,2356
ATF7,3326
ATP5MC2,15905
CALCOCO1,4038
HOXC13,977
HOXC12,723
HOXC11,514
HOXC10,8394
HOXC6,2600
HOXC9,2664
HOXC8,2948
HOXC4,2608
HOXC5,1283
SMUG1,1558
CBX5,3947
NFE2,166
COPZ1,5974
GPR84,216
ZNF385A,3519
ITGA5,4124
GTSF1,318
NCKAP1L,817
PDE1B,281
PPP1R1A,279
LACRT,39
DCD,126
MUCL1,6467
TESPA1,185
NEUROD4,50
OR9K2,43
OR10A7,34
OR6C74,54
OR6C6,48
OR6C1,32
OR6C3,48
OR6C75,24
OR6C65,56
OR6C76,69
OR6C2,25
OR6C70,60
OR6C68,39
OR6C4,48
OR2AP1,43
OR10P1,42
METTL7B,102
ITGA7,452
BLOC1S1,9203
RDH5,174
CD63,12812
GDF11,342
SARNP,1079
ORMDL2,4268
DNAJC14,2541
MMP19,748
PYM1,3327
DGKA,1838
PMEL,127
CDK2,3240
RAB5B,10182
SUOX,2502
IKZF4,534
ERBB3,6354
PA2G4,6326
ESYT1,6053
ZC3H10,1061
MYL6B,3454
MYL6,30307
SMARCC2,4629
RNF41,3300
NABP2,5213
SLC39A5,40
ANKRD52,3722
COQ10A,451
CS,598
CNPY2,8035
PAN2,3195
IL23A,79
STAT2,12173
APOF,165
TIMELESS,1470
MIP,59
SPRYD4,1848
GLS2,186
BAZ2A,3986
ATP5F1B,9510
PTGES3,27
PRIM1,1310
HSD17B6,616
SDR9C7,64
RDH16,366
GPR182,61
ZBTB39,1004
TAC3,55
MYO1A,108
NEMP1,2120
NAB2,3173
STAT6,4734
LRP1,8764
NXPH4,310
SHMT2,1031
NDUFA4L2,878
STAC3,578
R3HDM2,5006
INHBC,18
INHBE,41
GLI1,80
ARHGAP9,657
MARS,1672
DDIT3,4076
MBD6,4448
DCTN2,7635
KIF5A,135
PIP4K2C,3280
DTX3,2000
ARHGEF25,1838
SLC26A10,130
B4GALNT1,427
OS9,10924
AGAP2,301
TSPAN31,2313
CDK4,7760
MARCH9,1580
CYP27B1,34
METTL1,1969
EEF1AKMT3,1079
TSFM,2702
AVIL,855
CTDSP2,7207
ATP23,957
LRIG3,1282
SLC16A7,406
TAFA2,84
USP15,4393
MON2,4766
PPM1H,2536
AVPR1A,337
RXYLT1,1917
SRGAP1,2927
C12ORF66,955
C12ORF56,72
XPOT,4517
TBK1,3613
RASSF3,2638
GNS,9671
TBC1D30,1015
WIF1,105
LEMD3,1253
MSRB3,1407
HMGA2,121
LLPH,1910
TMBIM4,6550
IRAK3,979
HELB,2241
GRIP1,654
CAND1,11999
DYRK2,3325
IFNG,95
IL26,30
IL22,28
MDM1,1134
NUP107,3983
SLC35E3,2418
MDM2,7247
CPM,1269
CPSF6,6574
LYZ,14288
YEATS4,1567
FRS2,5960
CCT2,2557
LRRC10,39
BEST3,199
RAB3IP,4979
MYRFL,297
CNOT2,5690
KCNMB4,463
PTPRB,793
PTPRR,216
TSPAN8,81
LGR5,438
ZFC3H1,6171
THAP2,839
TMEM19,1929
RAB21,7298
TBC1D15,4566
TPH2,79
TRHDE,44
ATXN7L3B,8135
KCNC2,204
CAPS2,324
GLIPR1L1,32
GLIPR1L2,264
GLIPR1,1519
KRR1,3015
PHLDA1,3457
BBS10,744
OSBPL8,8773
ZDHHC17,3741
CSRP2,893
E2F7,642
NAV3,220
SYT1,1770
PAWR,9188
PPP1R12A,4473
OTOGL,101
PTPRQ,136
MYF6,41
MYF5,36
LIN7A,656
ACSS3,1818
PPFIA2,84
CCDC59,2966
METTL25,947
TMTC2,2722
SLC6A15,134
TSPAN19,33
LRRIQ1,157
ALX1,54
RASSF9,258
NTS,66
MGAT4C,50
C12ORF50,36
C12ORF29,1273
CEP290,2203
TMTC3,3562
KITLG,2046
DUSP6,1819
POC1B,1646
GALNT4,1040
ATP2B1,2649
CCER1,48
EPYC,166
KERA,85
LUM,20421
DCN,18242
BTG1,12684
CLLU1OS,64
C12ORF74,146
EEA1,3932
UBE2N,1348
SOCS2,946
CRADD,1752
PLXNC1,2204
CEP83,2515
TMCC3,562
NDUFA12,2039
NR2C1,717
FGD6,3563
VEZT,4450
METAP2,3986
USP44,64
NTN4,8893
SNRPF,2383
CCDC38,41
AMDHD1,107
HAL,100
LTA4H,5425
ELK3,1038
CDK17,2348
CFAP54,331
NEDD1,3471
TMPO,2714
IKBIP,521
APAF1,1818
ANKS1B,4182
FAM71C,30
UHRF1BP1L,2148
ACTR6,1329
DEPDC4,276
SCYL2,4663
SLC17A8,71
NR1H4,75
GAS2L3,1217
ANO4,90
SLC5A8,133
UTP20,1452
ARL1,7020
SPIC,46
MYBPC1,6133
CHPT1,8977
SYCP3,89
GNPTAB,2500
DRAM1,2052
WASHC3,4186
NUP37,2830
PARPBP,793
PMCH,63
IGF1,472
PAH,307
ASCL1,378
C12ORF42,60
STAB2,45
NT5DC3,1688
HSP90B1,3243
C12ORF73,512
TDG,2048
GLT8D2,1848
HCFC2,2202
NFYB,2816
TXNRD1,6971
EID3,804
CHST11,3167
SLC41A2,1309
C12ORF45,1161
ALDH1L2,836
WASHC4,4969
APPL2,3679
C12ORF75,4141
NUAK1,1847
CKAP4,9564
TCP11L2,1281
POLR3B,686
RFX4,32
RIC8B,2869
TMEM263,10905
MTERF2,2554
CRY1,3271
BTBD11,189
PWP1,4907
PRDM4,2549
ASCL4,31
WSCD2,37
CMKLR1,545
FICD,1071
SART3,4240
ISCU,7435
TMEM119,863
SELPLG,702
CORO1C,6963
SSH1,2557
DAO,39
SVOP,40
USP30,1059
ALKBH2,1285
UNG,2196
ACACB,1074
FOXN4,109
MYO1H,17
KCTD10,3127
UBE3B,2771
MMAB,3001
MVK,2294
FAM222A,660
TRPV4,553
GLTP,1453
TCHP,1742
GIT2,2471
ANKRD13A,3227
C12ORF76,530
IFT81,2531
ATP2A2,6254
ANAPC7,6270
ARPC3,5564
GPN3,2547
FAM216A,495
VPS29,1450
RAD9B,185
PPTC7,1754
TCTN1,2427
HVCN1,435
PPP1CC,4226
CCDC63,21
MYL2,62
CUX2,24
PHETA1,848
SH2B3,1149
ATXN2,5725
BRAP,2053
ACAD10,1594
ALDH2,3879
MAPKAPK5,3573
TMEM116,1502
ERP29,1131
NAA25,2389
TRAFD1,2647
HECTD4,5123
PTPN11,1643
RPH3A,33
OAS1,11297
OAS3,11144
OAS2,11947
DTX1,162
RASAL1,343
CFAP73,205
DDX54,3988
RITA1,3458
IQCD,553
TPCN1,2861
SLC8B1,1193
PLBD2,3439
SDS,1059
SDSL,1496
LHX5,22
RBM19,2771
TBX5,240
TBX3,6484
MED13L,7302
C12ORF49,681
RNFT2,1073
HRK,334
FBXW8,3040
TESC,197
FBXO21,2003
NOS1,4
KSR2,191
RFC5,1444
WSB2,5371
VSIG10,789
PEBP1,12672
TAOK3,4550
SUDS3,5178
SRRM4,37
HSPB8,4962
CCDC60,67
PRKAB1,3942
CIT,1154
BICDL1,2829
RAB35,4112
GCN1,6325
PXN,7593
SIRT4,212
PLA2G1B,102
MSI1,863
COX6A1,10257
TRIAP1,1740
GATC,2286
SRSF9,5887
DYNLL1,2577
COQ5,1890
RNF10,7101
POP5,1847
CABP1,125
MLEC,7021
UNC119B,1490
ACADS,994
SPPL3,1403
HNF1A,163
C12ORF43,1326
OASL,2414
P2RX7,413
P2RX4,2421
CAMKK2,4642
ANAPC5,9184
RNF34,601
KDM2B,2457
ORAI1,3249
MORN3,533
TMEM120B,2309
RHOF,592
SETD1B,4443
HPD,50
PSMD9,4702
WDR66,648
BCL7A,1642
MLXIP,1497
LRRC43,102
IL31,57
B3GNT4,96
VPS33A,1935
CLIP1,9858
ZCCHC8,2918
RSRC2,11055
KNTC1,1871
HCAR3,61
HCAR1,997
DENR,3946
CCDC62,109
HIP1R,2270
VPS37B,3442
ABCB9,876
OGFOD2,1976
ARL6IP4,12880
PITPNM2,1192
MPHOSPH9,2017
C12ORF65,781
CDK2AP1,12334
SBNO1,4425
KMT5A,5034
RILPL2,1881
SNRNP35,2022
RILPL1,3202
TMED2,8644
DDX55,2754
EIF2B1,3232
GTF2H3,1235
TCTN2,1067
ATP6V0A2,2570
DNAH10,126
CCDC92,5816
ZNF664,7250
RFLNA,393
NCOR2,10885
SCARB1,3811
UBC,5880
DHX37,1340
BRI3BP,2468
AACS,3603
TMEM132B,38
TMEM132C,37
SLC15A4,1830
GLT1D1,40
TMEM132D,21
FZD10,127
PIWIL1,42
RIMBP2,45
STX2,2466
ADGRD1,111
SFSWAP,3288
MMP17,2046
ULK1,7637
PUS1,3146
EP400,590
DDX51,1257
NOC4L,2354
GALNT9,23
FBRSL1,3162
LRCOL1,33
P2RX2,98
POLE,2352
PXMP2,1976
PGAM5,3364
ANKLE2,5307
GOLGA3,3727
CHFR,2592
ZNF605,1528
ZNF26,1985
ZNF84,2080
ZNF140,1904
ZNF891,1203
ZNF10,772
ZNF268,2670
ANHX,29
TUBA3C,39
TPTE2,24
MPHOSPH8,3924
PSPC1,5456
ZMYM5,1497
ZMYM2,7729
GJA3,44
GJB2,1317
GJB6,77
CRYL1,2861
IFT88,3006
IL17D,64
EEF1AKMT1,1047
XPO4,3179
LATS2,1472
SAP18,8557
SKA3,689
ZDHHC20,5133
MICU2,3342
FGF9,281
SGCG,613
SACS,1001
TNFRSF19,767
MIPEP,1590
SPATA13,2384
C1QTNF9,40
PARP4,2562
ATP12A,15
RNF17,62
CENPJ,1722
PABPC3,18
AMER2,20
MTMR6,1515
NUP58,5071
ATP8A2,733
SHISA2,7360
RNF6,3272
CDK8,1858
WASF3,547
GPR12,80
USP12,2920
RASL11A,332
GTF3A,3085
MTIF3,1701
LNX2,1652
POLR1D,6344
GSX1,32
PDX1,32
CDX2,38
URAD,26
FLT3,126
PAN3,5045
FLT1,1950
POMP,5059
SLC46A3,795
MTUS2,53
SLC7A1,2745
UBL3,3652
KATNAL1,1556
UBE2L5,17
USPL1,2217
ALOX5AP,1303
MEDAG,367
TEX26,41
HSPH1,13148
B3GLCT,819
RXFP2,74
FRY,1651
ZAR1L,36
BRCA2,1203
N4BP2L1,565
N4BP2L2,9270
PDS5B,2171
KL,176
STARD13,1977
RFC3,2152
NBEA,580
MAB21L1,129
DCLK1,1263
SOHLH2,48
CCDC169,224
SPART,2924
CCNA1,53
SERTM1,55
RFXAP,826
SMAD9,243
ALG5,3965
EXOSC8,2217
SUPT20H,4703
CSNK1A1L,36
POSTN,28993
TRPC4,62
UFM1,6684
FREM2,522
STOML3,41
PROSER1,1614
NHLRC3,2662
LHFPL6,1670
COG6,1066
FOXO1,1531
SLC25A15,1241
ELF1,3467
WBP4,2081
KBTBD6,430
KBTBD7,767
MTRF1,1040
NAA16,1605
RGCC,2504
VWA8,3113
DGKH,1885
AKAP11,4342
TNFSF11,64
FAM216B,50
EPSTI1,3651
DNAJC15,3499
ENOX1,368
CCDC122,615
LACC1,712
SMIM2,69
SERP2,105
TSC22D1,4986
NUFIP1,750
GPALPP1,2145
GTF2F2,1712
KCTD4,82
SLC25A30,986
COG3,3003
ERICH6B,27
SPERT,95
SIAH3,58
ZC3H13,2866
CPB2,65
LCP1,8567
LRRC63,121
RUBCNL,352
LRCH1,2178
ESD,4222
HTR2A,36
SUCLA2,781
NUDT15,1402
MED4,6761
ITM2B,10569
RB1,2260
LPAR6,2907
RCBTB2,733
CYSLTR2,126
FNDC3A,3317
MLNR,10
CDADC1,771
CAB39L,1881
SETDB2,1822
PHF11,3610
RCBTB1,2765
ARL11,665
EBPL,1255
KPNA3,4220
SPRYD7,1097
TRIM13,2042
KCNRG,83
DLEU7,14
RNASEH2B,413
C13ORF42,18
FAM124A,467
SERPINE3,67
INTS6,2932
WDFY2,3515
DHRS12,1018
TMEM272,112
CCDC70,46
ATP7B,1371
ALG11,1017
NEK3,1084
THSD1,253
VPS36,4587
CKAP2,2728
SUGT1,4466
CNMD,58
PCDH8,238
OLFM4,1355
PCDH17,432
DIAPH3,1595
TDRD3,2317
PCDH20,76
AL445238.1,133
PCDH9,145
KLHL1,140
DACH1,1988
MZT1,2966
BORA,1899
DIS3,4858
PIBF1,1875
KLF5,2453
KLF12,1828
TBC1D4,2404
COMMD6,6090
UCHL3,4409
LMO7,2099
KCTD12,5531
ACOD1,69
CLN5,1485
FBXL3,7148
MYCBP2,2722
SCEL,45
SLAIN1,174
EDNRB,198
POU4F1,41
OBI1,1883
RBM26,4983
NDFIP2,2449
SPRY2,1004
SLITRK1,93
SLITRK6,3561
SLITRK5,157
GPC5,67
GPC6,651
DCT,31
TGDS,1031
GPR180,2144
SOX21,15
ABCC4,1020
CLDN10,1063
DZIP1,1321
DNAJC3,4474
UGGT2,3150
HS6ST3,411
OXGR1,280
MBNL2,5562
RAP2A,5085
IPO5,3809
FARP1,13057
RNF113B,46
STK24,9662
SLC15A1,185
DOCK9,3705
UBAC2,3097
GPR18,138
GPR183,689
TM9SF2,19135
CLYBL,638
ZIC5,100
ZIC2,106
PCCA,2818
GGACT,728
TMTC4,2935
NALCN,467
ITGBL1,2702
FGF14,36
TPP2,3712
METTL21C,53
CCDC168,53
TEX30,985
POGLUT2,610
BIVM,1850
ERCC5,1944
SLC10A2,70
DAOA,33
EFNB2,3180
ARGLU1,12836
FAM155A,349
LIG4,1637
ABHD13,1436
TNFSF13B,1102
MYO16,63
IRS2,1477
COL4A1,16515
COL4A2,16000
RAB20,2643
NAXD,3477
CARS2,5206
ING1,2242
ANKRD10,13676
ARHGEF7,4793
TEX29,127
SOX1,24
SPACA7,17
TUBGCP3,4287
ATP11A,2108
MCF2L,5944
F7,1741
F10,94
PROZ,78
PCID2,4300
CUL4A,6106
LAMP1,20473
GRTP1,1412
ADPRHL1,561
DCUN1D2,1935
TMCO3,7375
TFDP1,4563
ATP4B,71
GRK1,52
TMEM255B,903
GAS6,3767
RASA3,1678
CFAP97D2,84
CDC16,6194
UPF3A,3060
CHAMP1,1808
POTEM,281
OR4Q3,37
OR4M1,47
OR4K2,89
OR4K5,66
OR4K1,84
OR4K15,88
OR4K14,48
OR4K13,58
OR4L1,70
OR4K17,60
OR4N5,34
OR11G2,84
OR11H6,56
OR11H4,37
TTC5,1589
CCNB1IP1,1776
PARP2,1681
TEP1,1582
KLHL33,69
OSGEP,3026
APEX1,10838
PIP4P1,2437
PNP,3532
RNASE10,70
RNASE9,33
RNASE11,59
RNASE12,60
OR6S1,47
ANG,1141
RNASE4,2815
EDDM3A,55
EDDM3B,65
RNASE6,403
RNASE1,8900
RNASE3,60
RNASE2,71
METTL17,4514
SLC39A2,101
NDRG2,4969
TPPP2,47
RNASE13,87
RNASE7,44
RNASE8,41
ARHGEF40,1550
ZNF219,2134
TMEM253,130
OR5AU1,67
HNRNPC,10678
RPGRIP1,81
SUPT16H,5908
CHD8,4168
RAB2B,3012
TOX4,4802
METTL3,3109
SALL2,786
OR10G3,66
OR10G2,66
OR4E2,42
OR4E1,47
TRDC,130
TRAC,2526
DAD1,1969
ABHD4,1296
OR6J1,56
OXA1L,4285
SLC7A7,1097
MMP14,22718
LRP10,6165
REM2,185
RBM23,5075
PRMT5,863
HAUS4,2155
AJUBA,1790
C14ORF93,787
PSMB5,12196
PSMB11,44
CDH24,1229
ACIN1,5749
C14ORF119,5989
LMLN2,19
CEBPE,70
SLC7A8,3128
RNF212B,53
HOMEZ,1474
PPP1R3E,544
BCL2L2,4567
SLC22A17,1640
EFS,3918
IL25,65
CMTM5,28
MYH7,45
NGDN,2776
ZFHX2,759
AP1G2,6266
JPH4,67
DHRS2,5640
DHRS4,458
CARMIL3,128
CPNE6,40
NRL,274
PCK2,2948
DCAF11,2805
FITM1,85
PSME1,14984
EMC9,2282
PSME2,1805
RNF31,2998
IRF9,5727
REC8,1292
IPO4,495
TM9SF1,4737
TSSK4,192
CHMP4A,4327
MDP1,1137
NEDD8,3926
GMPR2,2153
TINF2,2000
TGM1,222
RABGGTA,1965
DHRS1,2376
NOP9,2483
CIDEB,582
LTB4R2,141
LTB4R,2816
ADCY4,549
RIPK3,412
NFATC4,4436
NYNRIN,1283
CBLN3,343
KHNYN,4343
SDR39U1,3515
CMA1,50
CTSG,119
GZMH,148
GZMB,425
STXBP6,386
NOVA1,309
FOXG1,43
PRKD1,380
G2E3,1510
SCFD1,5789
COCH,1991
STRN3,5716
AP4S1,781
HECTD1,6177
HEATR5A,448
DTD2,1518
GPR33,77
NUBPL,1781
ARHGAP5,2716
AKAP6,207
NPAS3,373
EGLN3,6715
SPTSSA,14282
EAPP,5238
SNX6,7428
CFL2,1851
BAZ1A,3012
SRP54,8842
FAM177A1,3836
PPP2R3C,2079
PRORP,1868
NFKBIA,10196
INSM2,33
RALGAPA1,1127
BRMS1L,1289
MBIP,1753
SFTA3,27
NKX2-1,23
NKX2-8,37
PAX9,533
SLC25A21,90
MIPOL1,2287
FOXA1,14904
TTC6,3079
SSTR1,78
CLEC14A,852
SEC23A,4066
GEMIN2,263
TRAPPC6B,2511
PNN,8740
MIA2,2268
FBXO33,975
LRFN5,104
FSCB,25
C14ORF28,502
KLHL28,1693
TOGARAM1,2333
PRPF39,4086
FKBP3,1761
FANCM,886
MIS18BP1,2685
MDGA2,96
LRR1,1434
MGAT2,3363
DNAAF2,984
POLE2,1016
KLHDC1,545
KLHDC2,8035
NEMF,5142
ARF6,9203
VCPKMT,2185
SOS2,3153
L2HGDH,1266
DMAC2L,2107
CDKL1,322
MAP4K5,5023
ATL1,745
SAV1,3823
NIN,2979
PYGL,4317
ABHD12B,185
TRIM9,680
TMX1,3105
FRMD6,5258
GNG2,707
RTRAF,6131
NID2,2387
PTGDR,213
PTGER2,304
TXNDC16,1102
GPR137C,507
ERO1A,8294
PSMC6,1450
STYX,3721
GNPNAT1,2904
FERMT2,3017
DDHD1,2245
BMP4,578
CDKN3,1225
CNIH1,2164
GMFB,659
CGRRF1,1442
SAMD4A,1115
GCH1,591
WDHD1,1133
SOCS4,3456
MAPK1IP1L,5187
LGALS3,10249
DLGAP5,1503
FBXO34,2158
ATG14,2028
TBPL2,36
KTN1,9145
PELI2,640
TMEM260,1560
OTX2,60
EXOC5,5637
AP5M1,3733
NAA30,2415
CCDC198,19
SLC35F4,25
ARMH4,308
ACTR10,4328
PSMA3,3376
ARID4A,2410
TOMM20L,13
TIMM9,2285
KIAA0586,1904
DACT1,1327
DAAM1,3962
GPR135,427
L3HYPDH,2084
JKAMP,896
CCDC175,58
RTN1,708
LRRC9,54
PCNX4,1963
DHRS7,4077
PPM1A,4386
C14ORF39,83
SIX6,16
SIX1,2141
SIX4,2025
MNAT1,3429
TRMT5,1278
SLC38A6,1149
PRKCH,899
TMEM30B,848
HIF1A,1401
SNAPC1,980
SYT16,47
KCNH5,42
RHOJ,630
GPHB5,13
PPP2R5E,4340
WDR89,1545
SGPP1,1390
SYNE2,12740
MTHFD1,3499
ZBTB25,2434
AKAP5,793
ZBTB1,5745
HSPA2,2383
PPP1R36,110
PLEKHG3,3529
SPTB,254
CHURC1,6594
GPX2,265
RAB15,3562
FNTB,2224
MAX,5646
FUT8,6623
CCDC196,34
GPHN,1501
FAM71D,40
MPP5,1745
ATP6V1D,3583
EIF2S1,7487
PLEK2,307
TMEM229B,919
PLEKHH1,794
PIGH,1501
ARG2,531
VTI1B,5115
RDH11,3899
RDH12,33
ZFYVE26,1810
RAD51B,2311
ZFP36L1,23767
ACTN1,22217
DCAF5,4149
EXD2,2053
GALNT16,513
ERH,3431
SLC39A9,3271
PLEKHD1,188
CCDC177,36
SUSD6,4505
SRSF5,6815
SLC10A1,36
SMOC1,543
SLC8A3,53
COX16,7198
SYNJ2BP,1905
ADAM21,47
ADAM20,378
MED6,3358
TTC9,2931
MAP3K9,788
PCNX1,2512
SIPA1L1,1551
RGS6,247
DPF3,213
DCAF4,1644
ZFYVE1,1608
RBM25,7248
PSEN1,3633
PAPLN,1326
NUMB,4521
HEATR4,95
RIOX1,1266
ACOT1,19
ACOT4,991
ACOT6,101
DNAL1,861
PNMA1,2056
ELMSAN1,4385
PTGR2,1236
ZNF410,6872
FAM161B,384
COQ6,1204
ENTPD5,1299
BBOF1,1776
ALDH6A1,2301
LIN52,757
VSX2,24
ABCD4,881
VRTN,35
SYNDIG1L,37
NPC2,10465
ISCA2,615
LTBP2,5085
AREL1,1860
FCF1,1896
PROX2,43
DLST,2337
PGF,625
EIF2B2,1917
MLH3,1450
ACYP1,470
ZC2HC1C,334
NEK9,2557
TMED10,2177
FOS,22197
JDP2,3401
BATF,1308
FLVCR2,203
TTLL5,5792
ERG28,2273
IFT43,3053
TGFB3,2723
GPATCH2L,7701
ESRRB,75
VASH1,2833
ANGEL1,2661
LRRC74A,28
IRF2BPL,5623
CIPC,1678
TMEM63C,1118
ZDHHC22,39
NGB,62
POMT2,744
GSTZ1,2103
TMED8,1573
SAMD15,212
NOXRED1,132
VIPAS39,939
AHSA1,12997
ISM2,36
SPTLC2,3811
ALKBH1,898
SLIRP,2769
SNW1,1278
NRXN3,329
DIO2,1680
CEP128,1220
TSHR,87
GTF2A1,4462
STON2,1233
SEL1L,6270
FLRT2,449
GALC,1953
GPR65,600
KCNK10,37
SPATA7,689
PTPN21,592
ZC3H14,1807
EML5,135
TTC8,3503
FOXN3,1699
EFCAB11,860
TDP1,2049
KCNK13,181
PSMC1,3928
NRDE2,561
CALM1,1080
TTC7B,1240
DGLUCY,1923
GPR68,705
CCDC88C,2473
PPP4R3A,3050
CATSPERB,1111
TC2N,13029
FBLN5,1916
TRIP11,2511
ATXN3,2195
NDUFB1,3153
CPSF2,2812
SLC24A4,40
RIN3,2060
LGMN,7746
GOLGA5,4431
CHGA,12
ITPK1,4238
MOAP1,1869
TMEM251,1985
GON7,1391
UBR7,2122
BTBD7,3522
UNC79,64
COX8C,24
PRIMA1,289
FAM181A,39
ASB2,50
OTUB2,243
DDX24,6485
IFI27L1,1363
IFI27,55209
IFI27L2,1015
PPP4R4,173
SERPINA10,51
SERPINA6,109
SERPINA1,3689
SERPINA11,414
SERPINA9,48
SERPINA12,65
SERPINA4,53
SERPINA5,1541
SERPINA3,10700
GSC,278
DICER1,3902
CLMN,2095
SYNE3,858
GLRX5,5099
TCL1B,40
TCL1A,85
TUNAR,27
C14ORF132,618
BDKRB2,569
BDKRB1,155
ATG2B,2308
GSKIP,1763
AK7,146
PAPOLA,3112
VRK1,3551
C14ORF177,33
BCL11B,639
SETD3,4339
CCNK,5803
CCDC85C,1881
HHIPL1,503
CYP46A1,115
EML1,477
EVL,40941
DEGS2,5891
YY1,2566
SLC25A29,7056
SLC25A47,51
WARS,4034
WDR25,1238
BEGAIN,104
DLK1,341
RTL1,59
DIO3,53
PPP2R5C,2443
DYNC1H1,2281
HSP90AA1,41184
WDR20,2547
MOK,1544
ZNF839,1334
CINP,1089
TECPR2,1019
ANKRD9,1836
RCOR1,3991
TRAF3,1804
AMN,78
CDC42BPB,3454
LBHD2,45
EXOC3L4,102
TNFAIP2,6124
EIF5,9723
MARK3,3901
CKB,2297
TRMT61A,1496
BAG5,3941
KLC1,5032
COA8,3246
XRCC3,669
ZFYVE21,4198
PPP1R13B,2000
ATP5MPL,1438
TDRD9,145
RD3L,49
ASPG,38
KIF26A,240
TMEM179,214
C14ORF180,17
INF2,12924
ADSSL1,657
SIVA1,7095
AKT1,25123
ZBTB42,2520
CEP170B,4147
PLD4,312
AHNAK2,1544
CLBA1,1241
CDCA4,1371
GPR132,413
JAG2,2333
NUDT14,2146
BRF1,4202
BTBD6,2350
PACS2,2686
TEX22,93
MTA1,10997
CRIP2,13020
CRIP1,48584
TEDC1,2207
TMEM121,1146
IGHA2,68
IGHE,105
IGHA1,3935
IGHG1,34559
IGHG3,5058
IGHD,48
IGHM,6215
FAM30A,186
GOLGA6L6,3
AC135068.1,26
NIPA1,836
NIPA2,3131
CYFIP1,7838
TUBGCP5,1491
GOLGA6L2,30
MKRN3,256
MAGEL2,61
NDN,161
NPAP1,12
SNRPN,1620
UBE3A,4898
ATP10A,1209
GABRB3,162
GABRA5,35
GABRG3,40
OCA2,296
HERC2,3776
GOLGA8M,31
GOLGA6L7,5
APBA2,583
FAM189A1,65
NSMCE3,2409
TJP1,3877
CHRFAM7A,37
GOLGA8R,9
AC091057.6,746
ARHGAP11B,289
FAN1,1764
MTMR10,1873
TRPM1,28
KLF13,1459
OTUD7A,165
CHRNA7,37
GOLGA8O,285
ARHGAP11A,1420
SCG5,314
GREM1,3708
FMN1,2024
RYR3,134
AVEN,1940
CHRM5,39
EMC7,6490
PGBD4,365
KATNBL1,663
EMC4,11327
SLC12A6,839
NOP10,2601
NUTM1,34
LPCAT4,889
GOLGA8B,2048
GJD2,56
ACTC1,35
AQR,3181
ZNF770,759
NANOGP8,85
DPH6,2609
C15ORF41,1062
MEIS2,504
TMCO5A,2
SPRED1,2703
FAM98B,3535
RASGRP1,1562
LINC02694,170
THBS1,18896
FSIP1,3756
GPR176,524
EIF2AK4,2551
BMF,1594
BUB1B,882
PAK6,551
PLCB2,864
ANKRD63,47
INAFM2,597
CCDC9B,1624
PHGR1,548
DISP2,103
KNSTRN,1745
IVD,3941
BAHD1,2411
CHST14,1634
CCDC32,1653
RPUSD2,685
KNL1,1269
RAD51,1100
RMDN3,5009
GCHFR,3101
C15ORF62,122
ZFYVE19,2028
PPP1R14D,125
SPINT1,10447
RHOV,2550
VPS18,1152
DLL4,405
CHAC1,1308
INO80,2360
EXD1,59
CHP1,6151
OIP5,576
NUSAP1,2673
NDUFAF1,962
RTF1,4028
ITPKA,122
LTK,96
RPAP1,1603
TYRO3,394
MGA,2582
MAPKBP1,1049
PLA2G4B,1724
SPTBN5,355
EHD4,4236
PLA2G4E,35
PLA2G4D,26
PLA2G4F,368
VPS39,4072
TMEM87A,2382
GANC,1027
CAPN3,755
ZNF106,4015
SNAP23,3837
LRRC57,1967
HAUS2,2265
STARD9,328
CDAN1,1134
TTBK2,1185
TMEM62,2588
CCNDBP1,2736
EPB42,35
TGM5,147
TGM7,32
LCMT2,956
ADAL,1124
ZSCAN29,2128
TUBGCP4,1282
TP53BP1,2441
MAP1A,490
PPIP5K1,910
STRC,123
CATSPER2,499
PDIA3,13034
ELL3,1090
SERF2,24077
SERINC4,29
MFAP1,3222
WDR76,1655
FRMD5,160
CASC4,3004
CTDSPL2,2236
EIF3J,4998
SPG11,4375
PATL2,364
B2M,61083
TRIM69,172
TERB2,22
SORD,4746
DUOX2,69
DUOXA2,56
DUOXA1,72
SHF,523
SLC28A2,47
GATM,1468
SPATA5L1,732
C15ORF48,2086
SLC30A4,791
BLOC1S6,1184
SQOR,5227
SEMA6D,179
MYEF2,6418
CTXN2,63
SLC12A1,39
DUT,4498
FBN1,6530
CEP152,704
SHC4,494
EID1,9626
SECISBP2L,2695
COPS2,7593
GALK2,3025
FAM227B,360
FGF7,793
DTWD1,680
ATP8B4,354
SLC27A2,474
HDC,142
GABPB1,2574
USP8,2609
USP50,113
TRPM7,3442
SPPL2A,4973
AP4E1,1397
TNFAIP8L3,192
CYP19A1,44
GLDN,125
DMXL2,2716
SCG3,33
LYSMD2,799
TMOD2,804
TMOD3,6103
LEO1,5425
MAPK6,3383
BCL2L10,84
GNB5,1191
MYO5C,3005
MYO5A,1605
ARPP19,9317
FAM214A,8218
ONECUT1,45
WDR72,159
UNC13C,22
RSL24D1,447
RAB27A,2620
PIGBOS1,260
PIGB,720
CCPG1,4787
C15ORF65,381
DNAAF4,939
PYGO1,361
PRTG,346
NEDD4,971
RFX7,1331
TEX9,1823
MNS1,527
ZNF280D,2242
TCF12,4183
CGNL1,991
MYZAP,123
ALDH1A2,82
AQP9,358
LIPC,52
ADAM10,3594
MINDY2,1828
RNF111,2374
SLTM,8385
CCNB2,1645
MYO1E,3259
LDHAL6B,24
FAM81A,199
GCNT3,127
GTF2A2,3603
BNIP2,5954
FOXB1,24
ANXA2,52935
ICE2,2256
RORA,1204
VPS13C,6269
C2CD4A,859
C2CD4B,173
TLN2,1300
TPM1,34490
LACTB,2294
RAB8B,2379
APH1B,841
CA12,13503
USP3,4173
FBXL22,122
HERC1,1006
DAPK2,1924
CIAO2A,5592
SNX1,11421
SNX22,794
PPIB,11779
CSNK1G1,2453
PCLAF,2188
TRIP4,2557
ZNF609,4354
OAZ2,8449
RBPMS2,178
PIF1,523
PLEKHO2,2103
ANKDD1A,220
SPG21,9383
MTFMT,445
SLC51B,50
RASL12,453
KBTBD13,40
UBAP1L,447
PDCD7,2040
CLPX,2866
CILP,1848
PARP16,1124
IGDCC3,204
IGDCC4,225
DPP8,3307
HACD3,6473
INTS14,2095
DENND4A,3021
RAB11A,4021
MEGF11,29
DIS3L,3136
TIPIN,381
MAP2K1,2729
SNAPC5,2151
ZWILCH,1441
SMAD6,865
SMAD3,4288
AAGAB,6218
IQCH,818
C15ORF61,1509
MAP2K5,1407
SKOR1,88
PIAS1,1239
CALML4,1227
CLN6,2957
FEM1B,3441
ITGA11,3132
CORO2B,110
ANP32A,2769
SPESP1,312
NOX5,161
GLCE,1906
PAQR5,495
KIF23,3468
TLE3,2487
UACA,5356
LARP6,95
LRRC49,475
THAP10,337
THSD4,4399
CT62,109
NR2E3,289
MYO9A,2233
SENP8,489
GRAMD2A,492
PKM,17100
PARP6,2813
CELF6,307
HEXA,4400
TMEM202,54
ARIH1,8553
HIGD2B,27
BBS4,1406
ADPGK,3422
NEO1,1483
HCN4,50
REC114,48
NPTN,9024
CD276,9235
INSYN1,257
TBC1D21,6
LOXL1,5059
STOML1,692
PML,5616
ISLR2,67
ISLR,7923
STRA6,432
CCDC33,31
CYP11A1,67
SEMA7A,755
UBL7,3722
ARID3B,979
CLK3,1970
EDC3,3104
CYP1A1,33
CYP1A2,26
CSK,4889
LMAN1L,47
CPLX3,76
ULK3,706
SCAMP2,5572
MPI,1669
FAM219B,2498
RPP25,597
SCAMP5,716
PPCDC,1965
C15ORF39,3471
COMMD4,4754
NEIL1,1841
SIN3A,4256
PTPN9,2789
SNUPN,2446
IMP3,2520
SNX33,2288
CSPG4,3498
ODF3L1,147
UBE2Q2,4568
FBXO22,4451
NRG4,37
TMEM266,116
ETFA,6143
ISL2,25
SCAPER,1105
RCN2,2459
PSTPIP1,802
TSPAN3,9110
PEAK1,5080
HMG20A,2916
LINGO1,1470
TBC1D2B,4143
SH2D7,40
CIB2,643
IDH3A,2717
ACSBG1,55
DNAJA4,11911
WDR61,4421
CRABP1,17253
IREB2,3735
HYKK,686
PSMA4,5731
CHRNA5,176
CHRNA3,73
CHRNB4,76
ADAMTS7,989
MORF4L1,5580
CTSH,4258
RASGRF1,221
ANKRD34C,42
TMED3,7823
MINAR1,407
MTHFS,2864
AC015871.1,747
BCL2A1,878
FAH,6430
CTXND1,31
ARNT2,1999
ABHD17C,4265
CEMIP,1106
MESD,4245
TLNRD1,3534
CFAP161,77
IL16,804
STARD5,536
TMC3,69
MEX3B,1485
EFL1,2278
SAXO2,671
CPEB1,110
AP3B2,359
FSD2,33
WHAMM,2178
HOMER2,1775
RAMAC,1188
C15ORF40,1961
BTBD1,6804
TM6SF1,567
HDGFL3,4760
BNC1,55
SH3GL3,137
ADAMTSL3,558
ZSCAN2,2176
WDR73,2408
NMB,590
SEC11A,10922
ZNF592,3967
ALPK3,908
SLC28A1,85
PDE8A,2451
AKAP13,5777
KLHL25,2122
AGBL1,31
NTRK3,1349
DET1,273
AEN,3311
ISG20,4492
ACAN,453
HAPLN3,7993
MFGE8,12249
ABHD2,3783
RLBP1,93
FANCI,2795
POLG,2627
RHCG,53
TICRR,1072
KIF7,988
PLIN1,225
PEX11A,2401
WDR93,330
MESP1,468
MESP2,150
ANPEP,1614
AP3S2,3285
ARPIN,3738
ZNF710,886
IDH2,16673
SEMA4B,3796
CIB1,5679
GDPGP1,494
TTLL13P,78
NGRN,5060
ZNF774,414
IQGAP1,7287
CRTC3,2376
BLM,666
FURIN,2535
FES,470
MAN2A2,2800
HDDC3,2232
UNC45A,3315
RCCD1,2299
PRC1,2228
VPS33B,663
SV2B,42
SLCO3A1,614
ST8SIA2,74
FAM174B,5979
CHD2,13732
RGMA,1561
MCTP2,443
NR2F2,4873
SPATA8,47
ARRDC4,968
FAM169B,57
IGF1R,4926
PGPEP1L,113
SYNM,7891
TTC23,1540
LRRC28,935
MEF2A,5513
LYSMD4,930
ADAMTS17,475
CERS3,92
LINS1,2507
ASB7,1957
ALDH1A3,1267
LRRK1,1004
CHSY1,8049
SELENOS,5463
SNRPA1,3115
PCSK6,5699
TM2D3,4305
TARSL2,1356
OR4F6,51
OR4F15,52
OR4F4,36
POLR3K,2940
SNRNP25,4865
RHBDF1,1888
MPG,3015
NPRL3,1742
HBZ,27
HBM,33
HBA2,203
HBQ1,62
LUC7L,12246
FAM234A,4194
RGS11,2534
ARHGDIG,378
PDIA2,167
AXIN1,3855
TMEM8A,4223
NME4,15044
RAB11FIP3,4481
CAPN15,2009
PRR35,73
PIGQ,4996
NHLRC4,253
RAB40C,1814
WFIKKN1,424
METTL26,12133
MCRIP2,1253
WDR90,5389
RHOT2,9763
RHBDL1,625
STUB1,9568
JMJD8,4458
WDR24,1615
FBXL16,817
METRN,14485
ANTKMT,4679
CCDC78,965
HAGHL,3955
CIAO3,3820
MSLN,3813
MSLNL,219
RPUSD1,2779
CHTF18,2870
GNG13,80
LMF1,1613
SOX8,540
SSTR5,53
C1QTNF8,73
CACNA1H,2149
TPSG1,3536
TPSD1,57
UBE2I,19897
BAIAP3,1138
TSR3,4657
GNPTG,7385
C16ORF91,1602
AL032819.3,144
CCDC154,474
CLCN7,4555
PTX4,58
TELO2,5951
IFT140,2696
TMEM204,1262
CRAMP1,3296
JPT2,14168
MAPK8IP3,4661
NME3,15838
EME2,2930
SPSB3,5662
NUBP2,4027
IGFALS,331
HAGH,6200
FAHD1,1521
MEIOB,77
HS3ST6,57
MSRB1,2129
NDUFB10,7274
RNF151,73
TBL3,3375
NOXO1,325
GFER,2167
SYNGR3,380
ZNF598,2690
NPW,225
SLC9A3R2,11336
NTHL1,1844
TSC2,4197
PKD1,3208
RAB26,1331
TRAF7,3711
CASKIN1,387
MLST8,3831
BRICD5,499
PGP,4418
E4F1,2892
DNASE1L2,411
ECI1,5247
RNPS1,9394
ABCA3,2296
CCNF,2136
TEDC2,1079
NTN3,75
TBC1D24,2503
ATP6V0C,4432
AMDHD2,3750
CEMP1,165
PDPK1,1658
KCTD5,4601
PRSS27,500
SRRM2,5857
PRSS33,69
PRSS41,63
PRSS21,125
ZG16B,4935
PRSS22,2079
FLYWCH2,4942
KREMEN2,436
PKMYT1,1603
PAQR4,2432
CLDN9,223
CLDN6,165
TNFRSF12A,10002
HCFC1R1,6823
THOC6,3046
BICDL2,3951
MMP25,256
IL32,12764
ZSCAN10,71
ZNF205,2762
ZNF213,1582
ZNF200,1571
MEFV,124
ZNF263,5330
TIGD7,961
ZNF75A,4257
OR2C1,105
AC025283.2,9
ZSCAN32,1833
ZNF174,1371
ZNF597,493
NAA60,5738
C16ORF90,49
CLUAP1,2462
NLRC3,292
SLX4,909
DNASE1,1687
TRAP1,9757
CREBBP,8530
ADCY9,1471
SRL,95
TFAP4,706
GLIS2,1642
PAM16,6396
CORO7,2534
VASN,1862
DNAJA3,4937
NMRAL1,6948
HMOX2,3848
CDIP1,706
C16ORF96,45
UBALD1,633
MGRN1,4218
NUDT16L1,3738
ANKS3,1774
C16ORF71,278
ZNF500,1377
SEPTIN12,50
SMIM22,5105
ROGDI,3058
GLYR1,3457
UBN1,4605
PPL,1986
SEC14L5,54
NAGPA,1362
ALG1,1527
C16ORF89,338
EEF2KMT,898
RBFOX1,80
TMEM114,45
METTL22,1839
ABAT,2516
TMEM186,1657
PMM2,4847
CARHSP1,7039
LITAFD,50
USP7,5086
C16ORF72,8442
GRIN2A,189
ATF7IP2,531
EMP2,7155
TEKT5,71
NUBP1,1956
TVP23A,58
CIITA,3948
DEXI,2516
CLEC16A,3286
RMI2,1192
SOCS1,947
TNP2,36
PRM3,40
PRM2,53
PRM1,41
AC099489.1,110
LITAF,12155
SNN,1254
TXNDC11,5896
ZC3H7A,2446
RSL1D1,3025
GSPT1,2996
NPIPB2,53
TNFRSF17,133
SNX29,1665
CPPED1,1790
SHISA9,1036
ERCC4,975
MRTFB,5066
PARN,4280
BFAR,3426
PLA2G10,104
NOMO1,3021
NTAN1,2750
MPV17L,2163
BMERB1,2000
MARF1,3228
NDE1,6852
MYH11,544
FOPNL,6269
ABCC1,6153
XYLT1,650
ARL6IP1,5306
SMG1,4064
TMC7,310
COQ7,2781
ITPRIPL2,7823
SYT17,1257
CLEC19A,67
TMC5,2250
GDE1,5092
CCP110,2570
VPS35L,7118
KNOP1,3996
IQCK,2259
GPRC5B,2231
GPR139,51
GP2,956
UMOD,56
PDILT,47
ACSM5,119
ACSM2A,28
ACSM2B,28
ACSM3,201
ACSM1,172
THUMPD1,4321
ERI2,2507
REXO5,553
DCUN1D3,1605
LYRM1,2441
DNAH3,29
TMEM159,3560
ZP2,5
ANKS4B,54
CRYM,126
METTL9,9353
IGSF6,431
OTOA,49
UQCRC2,2737
PDZD9,27
MOSMO,937
VWA3A,179
EEF2K,3827
POLR3E,5347
CDR2,3282
HS3ST2,198
USP31,1567
SCNN1G,555
SCNN1B,1268
COG7,4844
GGA2,9632
EARS2,2913
UBFD1,1955
NDUFAB1,10238
PALB2,1906
DCTN5,1137
PLK1,3547
ERN2,29
CHP2,25
PRKCB,250
CACNG3,33
RBBP6,3655
TNRC6A,4137
SLC5A11,106
ARHGAP17,4138
LCMT1,3917
AQP8,53
ZKSCAN2,611
HS3ST4,33
KDM8,324
NSMCE1,5733
IL4R,1026
IL21R,304
GTF3C1,6296
KIAA0556,2188
GSG1L,53
XPO6,3253
SBK1,3235
CLN3,5537
APOBR,2145
IL27,116
NUPR1,32949
SGF29,1671
SULT1A2,234
SULT1A1,475
ATXN2L,2705
TUFM,12985
SH2B1,5406
ATP2A1,190
RABEP2,4656
CD19,74
NFATC2IP,4699
SPNS1,5086
LAT,1423
SPN,342
QPRT,2211
C16ORF54,162
ZG16,69
KIF22,5263
MAZ,2396
PRRT2,1692
PAGR1,5378
MVP,2059
CDIPT,4805
SEZ6L2,1940
ASPHD1,354
KCTD13,4825
TMEM219,14548
TAOK2,4372
HIRIP3,2284
INO80E,6281
DOC2A,634
C16ORF92,62
TLCD3B,281
PPP4C,12189
TBX6,375
YPEL3,6176
GDPD3,1304
MAPK3,5472
CORO1A,2688
CD2BP2,4890
TBC1D10B,4780
MYLPF,31
ZNF48,1197
SEPTIN1,948
ZNF771,1057
DCTPP1,7376
SEPHS2,7332
ITGAL,999
ZNF768,4887
ZNF747,750
ZNF764,773
ZNF688,668
ZNF785,1632
ZNF689,2068
PRR14,6984
FBRS,5717
SRCAP,6203
TMEM265,1058
PHKG2,4161
CCDC189,1197
RNF40,6333
ZNF629,1274
BCL7C,6773
CTF1,295
FBXL19,3862
ORAI3,982
SETD1A,1367
HSD3B7,1900
STX1B,198
STX4,6638
ZNF668,1352
ZNF646,1128
PRSS53,819
VKORC1,6346
BCKDK,4451
KAT8,2841
PRSS8,7027
PRSS36,306
FUS,9771
PYCARD,3077
TRIM72,120
PYDC1,594
ITGAM,859
ITGAX,3109
ITGAD,125
COX6A2,65
ZNF843,87
ARMC5,701
TGFB1I1,2003
SLC5A2,66
C16ORF58,6166
AHSP,63
ZNF720,199
ZNF267,1887
SHCBP1,1666
ORC6,1088
MYLK3,50
C16ORF87,1347
GPT2,2333
DNAJA2,8353
NETO2,1980
ITFG1,5609
PHKB,6557
ABCC12,315
ABCC11,1674
LONP2,10775
SIAH1,2734
N4BP1,4089
CBLN1,95
C16ORF78,15
ZNF423,561
CNEP1R1,1856
HEATR3,2856
TENT4B,3593
ADCY7,977
BRD7,6548
NKD1,523
SNX20,494
NOD2,886
CYLD,3794
SALL1,100
TOX3,1467
AC007906.2,193
CHD9,4641
RBL2,7212
AKTIP,2332
RPGRIP1L,2288
FTO,1790
IRX3,14778
IRX5,8955
IRX6,140
MMP2,16598
LPCAT2,1598
CAPNS2,91
SLC6A2,102
CES1,289
CES5A,54
GNAO1,382
AMFR,7265
NUDT21,9394
OGFOD1,3545
BBS2,2824
MT4,20
MT3,96
MT2A,10053
MT1E,1409
MT1M,372
MT1A,322
MT1B,29
MT1F,1559
MT1G,737
MT1H,422
MT1X,2273
NUP93,3092
SLC12A3,54
HERPUD1,13387
CETP,46
NLRC5,5597
CPNE2,986
FAM192A,1992
RSPRY1,4891
ARL2BP,6927
PLLP,145
CCL22,311
CX3CL1,1653
CCL17,131
CIAPIN1,1769
COQ9,5086
POLR2C,2871
DOK4,1275
CCDC102A,1057
ADGRG5,188
ADGRG1,9830
ADGRG3,73
DRC7,72
KATNB1,791
KIFC3,1398
TEPP,6
ZNF319,479
USB1,3094
MMP15,890
CFAP20,2925
CSNK2A2,4133
CCDC113,852
PRSS54,24
GINS3,868
NDRG4,383
SETD6,1555
CNOT1,2803
SLC38A7,3110
GOT2,6383
CDH8,136
CDH11,8688
CDH5,986
BEAN1,134
TK2,1960
CKLF,5300
CMTM1,97
CMTM2,61
CMTM3,6791
CMTM4,3247
DYNC1LI2,13188
TERB1,88
NAE1,4950
CA7,45
PDP2,1086
CDH16,45
RRAD,301
CIAO2B,3015
CES2,1933
CES3,192
CES4A,769
CBFB,6288
C16ORF70,2470
B3GNT9,893
TRADD,2844
FBXL8,2637
HSF4,3937
NOL3,2239
KIAA0895L,2652
EXOC3L1,266
E2F4,4469
ELMO3,2444
LRRC29,311
TMEM208,4300
FHOD1,2672
SLC9A5,248
PLEKHG4,1765
KCTD19,22
LRRC36,109
TPPP3,2280
ZDHHC1,832
HSD11B2,1041
ATP6V0D1,5102
AGRP,68
RIPOR1,2988
CTCF,2721
CARMIL2,463
ACD,1812
PARD6A,593
ENKD1,2024
C16ORF86,317
GFOD2,2489
RANBP10,2075
TSNAXIP1,224
CENPT,3953
THAP11,2131
NUTF2,9240
EDC4,3577
NRN1L,200
PSKH1,3731
CTRL,239
PSMB10,4911
LCAT,914
SLC12A4,3603
DPEP3,46
DPEP2,172
DUS2,556
DPEP2NB,47
DDX28,840
NFATC3,3220
ESRP2,3838
PLA2G15,1974
SLC7A6,2314
SLC7A6OS,1525
PRMT7,2331
SMPD3,313
ZFP90,1814
CDH3,3547
CDH1,12602
TANGO6,774
HAS3,251
DERPC,408
CHTF8,890
UTP4,1996
SNTB2,2952
VPS4A,4318
COG8,1539
PDF,46
NIP7,2447
TMED6,221
TERF2,2626
CYB5B,7103
NFAT5,4642
NQO1,8549
NOB1,2338
WWP2,2860
CLEC18A,80
PDPR,3889
CLEC18C,50
EXOSC6,2816
AARS,2245
DDX19B,1045
DDX19A,1951
ST3GAL2,1334
FCSK,1395
COG4,4817
SF3B3,8159
IL34,461
MTSS2,9875
VAC14,2467
HYDIN,352
CMTR2,2899
CALB2,4106
TLE7,21
ZNF23,731
ZNF19,769
CHST4,149
TAT,643
MARVELD3,2065
PHLPP2,1559
AP1G1,5992
ATXN1L,2984
ZNF821,1115
PKD1L3,37
DHODH,784
TXNL4B,1250
HP,89
HPR,39
DHX38,2465
PMFBP1,143
ZFHX3,2566
PSMD7,5857
NPIPB15,644
GLG1,2521
RFWD3,2102
MLKL,1286
FA2H,311
WDR59,1653
ZNRF1,3831
LDHD,474
ZFP1,1303
CTRB2,37
CTRB1,50
BCAR1,8075
CFDP1,10109
TMEM170A,1652
CHST6,202
CHST5,80
TMEM231,409
GABARAPL2,3015
ADAT1,3672
KARS,3642
TERF2IP,3694
AC025287.4,47
DUXB,38
CPHXL,21
CNTNAP4,28
MON1B,2725
SYCE1L,39
ADAMTS18,151
NUDT7,601
VAT1L,86
CLEC3A,9700
WWOX,5880
MAF,5289
DYNLRB2,408
CDYL2,2486
CMC2,2045
CENPN,2720
ATMIN,2470
C16ORF46,740
BCO1,118
GAN,1145
CMIP,3745
PLCG2,912
SDR42E1,881
HSD17B2,217
MPHOSPH6,1715
CDH13,994
HSBP1,5347
MLYCD,1227
OSGIN1,495
NECAB2,43
SLC38A8,20
MBTPS1,9318
HSDL1,2480
DNAAF1,670
TAF1C,2882
ADAD2,54
KCNG4,41
WFDC1,128
ATP2C2,2771
MEAK7,2292
COTL1,3079
KLHL36,2838
USP10,4744
CRISPLD2,3006
ZDHHC7,3441
KIAA0513,1612
FAM92B,95
GSE1,9106
GINS2,2272
C16ORF74,2036
EMC8,2779
COX4I1,4181
IRF8,1948
FOXF1,70
MTHFSD,1716
FOXC2,206
FOXL1,155
C16ORF95,609
FBXO31,1419
MAP1LC3B,3669
ZCCHC14,2652
JPH3,105
KLHDC4,4763
SLC7A5,5630
CA5A,39
BANP,988
ZNF469,1620
ZC3H18,3492
IL17C,47
CYBA,7661
MVD,2664
SNAI3,135
RNF166,1009
CTU2,1309
PIEZO1,4627
CDT1,3084
APRT,9630
GALNS,4263
TRAPPC2L,3107
PABPN1L,74
CBFA2T3,723
ACSF3,2429
CDH15,22
SLC22A31,112
ZNF778,928
ANKRD11,9060
SPG7,7293
CPNE7,2527
DPEP1,55
CHMP1A,6783
SPATA33,2388
SPATA2L,1244
VPS9D1,1690
ZNF276,2224
FANCA,2315
SPIRE2,1879
TCF25,12020
MC1R,898
DEF8,311
CENPBD1,1277
DBNDD1,2464
GAS8,4093
PRDM7,32
SCGB1C2,39
DOC2B,224
RPH3AL,551
C17ORF97,743
RFLNB,1479
VPS53,2851
TLCD3A,594
GEMIN4,1451
GLOD4,997
MRM3,497
NXN,1868
TIMM22,2165
ABR,3458
BHLHA9,21
TRARG1,39
YWHAE,16064
CRK,5388
MYO1C,6022
INPP5K,1647
PITPNA,6619
SLC43A2,1842
SCARF1,841
RILP,614
PRPF8,2539
TLCD2,608
WDR81,2106
SERPINF2,234
SERPINF1,5605
SMYD4,1527
RPA1,3992
RTN4RL1,1188
DPH1,1204
HIC1,712
SMG6,1702
SRR,970
TSR1,3022
SGSM2,3532
METTL16,2184
PAFAH1B1,9632
CLUH,4811
RAP1GAP2,1277
OR1D5,29
OR1D2,31
OR1G1,24
OR1A2,19
OR1A1,19
OR3A2,78
OR3A1,83
AC087498.1,56
OR1E1,47
OR3A3,60
SPATA22,80
ASPA,68
TRPV3,139
TRPV1,1356
SHPK,2454
CTNS,1002
TAX1BP3,12332
EMC6,1273
P2RX5,216
HASPIN,473
NCBP3,4137
CAMKK1,988
P2RX1,115
ATP2A3,3010
ZZEF1,2346
CYB5D2,1126
ANKFY1,5034
UBE2G1,3906
SPNS3,62
SPNS2,632
MYBBP1A,4090
GGT6,962
SMTNL2,57
ALOX15,80
PELP1,4565
ARRB2,3384
MED11,759
CXCL16,3884
ZMYND15,253
TM4SF5,43
VMO1,243
GLTPD2,27
PSMB6,3079
AC233723.1,227
PLD2,1534
MINK1,7430
CHRNE,43
C17ORF107,329
SLC25A11,4555
RNF167,6040
PFN1,46932
ENO3,408
SPAG7,3958
CAMTA2,2919
INCA1,143
KIF1C,4306
SLC52A1,47
ZFP3,1611
ZNF232,581
USP6,34
ZNF594,608
SCIMP,257
RABEP1,7942
NUP88,2491
RPAIN,4500
C1QBP,3296
DHX33,1980
DERL2,3467
MIS12,1892
NLRP1,1021
WSCD1,65
AIPL1,16
PIMREG,558
PITPNM3,497
KIAA0753,2003
TXNDC17,7420
MED31,352
C17ORF100,173
SLC13A5,50
XAF1,5508
FBXO39,114
TEKT1,54
ALOX12,50
RNASEK,4052
C17ORF49,3991
BCL6B,280
SLC16A13,276
SLC16A11,129
CLEC10A,202
ASGR2,76
ASGR1,154
DLG4,1536
ACADVL,14900
DVL2,2030
PHF23,2629
GABARAP,9797
CTDNEP1,2046
ELP5,2548
CLDN7,12251
SLC2A4,47
YBX2,87
GPS2,2791
NEURL4,1616
ACAP1,743
KCTD11,1064
TMEM95,114
TNK1,1334
PLSCR3,2629
TMEM256,2797
NLGN2,2945
SPEM1,62
SPEM2,49
SPEM3,20
TMEM102,1058
FGF11,1460
CHRNB1,963
ZBTB4,3959
POLR2A,7602
TNFSF12,1792
TNFSF13,4026
SENP3,3216
EIF4A1,27249
CD68,7028
MPDU1,3031
SOX15,407
FXR2,3634
SHBG,72
SAT2,3886
ATP1B2,71
TP53,6253
WRAP53,972
EFNB3,152
KDM6B,3240
TMEM88,185
NAA38,7814
CYB5D1,237
CHD3,8921
RNF227,603
KCNAB3,291
TRAPPC1,2500
CNTROB,3003
ALOX15B,483
ALOX12B,27
ALOXE3,103
HES7,52
PER1,1632
VAMP2,3450
TMEM107,1673
BORCS6,802
AURKB,1209
CTC1,553
PFAS,2000
SLC25A35,934
RANGRF,1983
ARHGEF15,363
ODF4,51
KRBA2,1192
NDEL1,2958
MYH10,4011
CCDC42,26
SPDYE4,31
MFSD6L,164
PIK3R6,179
PIK3R5,770
NTN1,577
STX8,1507
CFAP52,60
USP43,496
DHRS7C,30
GSG1L2,32
GLP2R,28
RCVRN,24
GAS7,1488
MYH13,4
MYH8,15
MYH4,22
MYH1,36
MYH2,27
MYH3,122
SCO1,1018
ADPRM,389
TMEM220,257
TMEM238L,112
PIRT,49
SHISA6,87
DNAH9,70
ZNF18,572
MAP2K4,2545
MYOCD,13
ARHGAP44,847
ELAC2,3426
COX10,1403
CDRT15,31
HS3ST3B1,370
PMP22,5618
TEKT3,61
CDRT4,995
TVP23C,41
CDRT1,89
TRIM16,1638
ZNF286A,263
ADORA2B,364
ZSWIM7,1477
TTC19,3599
NCOR1,6724
PIGL,1656
CENPV,1017
UBB,11226
TRPV2,427
LRRC75A,41
ZNF287,648
ZNF624,409
TNFRSF13B,112
MPRIP,6821
PLD6,649
FLCN,3108
COPS3,3466
NT5M,454
MED9,1416
RASD1,2250
PEMT,1601
RAI1,2746
SREBF1,10041
TOM1L2,2969
DRC3,455
ATPAF2,413
GID4,1642
DRG2,1708
MYO15A,59
ALKBH5,6516
LLGL1,2749
FLII,7517
MIEF2,874
TOP3A,1588
SMCR8,2051
SHMT1,1702
LGALS9C,10
TBC1D28,14
TRIM16L,101
FBXW10,69
PRPSAP2,1370
SLC5A10,33
FAM83G,525
EPN2,2943
B9D1,1877
MAPK7,2368
MFAP4,891
RNF112,124
SLC47A1,164
ALDH3A2,3484
SLC47A2,62
ALDH3A1,37
ULK2,2078
AKAP10,2272
SPECC1,3115
CDRT15L2,39
USP22,8533
DHRS7B,915
TMEM11,3374
NATD1,359
MAP2K3,4082
LINC02693,306
KCNJ18,45
WSB1,10893
KSR1,1252
LGALS9,3973
NOS2,47
LYRM9,735
NLK,4332
TMEM97,3338
IFT20,3383
TNFAIP1,3193
POLDIP2,8416
TMEM199,1897
SEBOX,49
SARM1,1073
VTN,42
SLC46A1,735
SLC13A2,119
FOXN1,41
UNC119,1833
PIGS,2778
ALDOC,1020
SPAG5,1962
KIAA0100,9474
SDF2,3170
SUPT6H,6108
PROCA1,338
RAB34,4302
TLCD1,552
NEK8,663
TRAF4,9937
FAM222B,1285
ERAL1,3002
FLOT2,5001
DHRS13,796
PHF12,4245
PIPOX,93
SEZ6,37
MYO18A,3641
TIAF1,505
CRYBA1,22
NUFIP2,10475
TAOK1,10320
ABHD15,1092
TP53I13,1731
GIT1,4541
ANKRD13B,2416
CORO6,587
SSH2,980
SLC6A4,192
BLMH,2232
TMIGD1,55
CPD,1539
GOSR1,3331
CRLF3,1821
ATAD5,1131
TEFM,1381
ADAP2,1874
RNF135,1536
NF1,3556
OMG,68
EVI2B,1025
EVI2A,832
RAB11FIP4,2579
COPRS,3918
UTP6,2482
SUZ12,4324
LRRC37B,684
RHOT1,3837
RHBDL3,80
C17ORF75,1926
ZNF207,1068
PSMD11,2829
CDK5R1,477
MYO1D,3128
TMEM98,1303
SPACA3,39
ASIC2,43
CCL2,1728
CCL7,382
CCL11,199
CCL8,2245
CCL13,71
CCL1,62
TMEM132E,649
CCT6B,562
ZNF830,2443
LIG3,3153
RFFL,3009
RAD51D,1684
FNDC8,61
NLE1,1291
UNC45B,367
SLC35G3,9
SLFN5,3189
SLFN11,1411
SLFN12,407
SLFN13,97
SLFN12L,140
SLFN14,63
PEX12,466
AP2B1,2438
TAF15,1967
RASL10B,214
GAS2L2,87
MMP28,210
C17ORF50,47
HEATR9,78
CCL5,2391
RDM1,183
LYZL6,17
CCL16,28
CCL14,178
CCL15,75
CCL23,50
CCL18,129
CCL3,487
CCL4,482
TBC1D3B,130
CCL3L1,80
CCL4L2,344
MYO19,3954
PIGW,1198
GGNBP2,5227
DHRS11,1242
MRM1,957
LHX1,103
AATF,5502
ACACA,4324
C17ORF78,59
TADA2A,1661
DUSP14,2865
SYNRG,3677
DDX52,1937
HNF1B,26
TBC1D3E,84
GPR179,32
SOCS7,1725
ARHGAP23,1067
SRCIN1,1842
EPOP,535
MLLT6,12814
CISD3,3502
PCGF2,5918
PSMB3,1512
PIP4K2B,5957
CWC25,2714
C17ORF98,17
LASP1,17944
LINC00672,342
FBXO47,101
PLXDC1,1965
ARL5C,35
CACNB1,2459
STAC2,5882
FBXL20,2016
MED1,6340
CDK12,6319
NEUROD2,104
PPP1R1B,2659
STARD3,7626
TCAP,343
PNMT,611
PGAP3,6183
ERBB2,15437
MIEN1,6286
GRB7,3658
IKZF3,766
ZPBP2,89
GSDMB,3079
ORMDL3,5386
LRRC3C,65
GSDMA,132
PSMD3,14242
CSF3,34
MED24,4974
THRA,1718
NR1D1,1583
MSL1,9105
CASC3,10044
RAPGEFL1,3210
WIPF2,4182
CDC6,2241
RARA,14362
GJD3,147
TOP2A,6898
IGFBP4,10715
TNS4,1719
CCR7,201
SMARCE1,5657
KRT222,122
KRT24,42
KRT25,51
KRT26,51
KRT27,31
KRT28,45
KRT10,1786
TMEM99,1664
KRT12,50
KRT20,43
KRT23,3556
KRT39,45
KRT40,56
KRTAP3-3,42
KRTAP3-2,50
KRTAP3-1,48
KRTAP1-5,61
KRTAP1-4,13
KRTAP1-3,32
KRTAP1-1,64
KRTAP2-3,59
KRTAP2-4,40
KRTAP4-16,37
KRTAP4-11,35
KRTAP4-12,33
KRTAP4-6,33
KRTAP4-5,80
KRTAP4-4,38
KRTAP4-3,34
KRTAP4-2,34
KRTAP4-1,19
KRTAP9-3,44
KRTAP9-8,8
KRTAP9-9,41
KRTAP9-6,11
KRTAP9-7,30
KRTAP29-1,43
KRTAP16-1,58
KRTAP17-1,46
KRT33A,50
KRT33B,42
KRT34,42
KRT31,76
KRT37,154
KRT38,35
KRT32,60
KRT35,39
KRT36,42
KRT13,84
KRT15,13518
KRT19,36657
KRT9,39
KRT14,6806
KRT16,3930
KRT17,3089
EIF1,12322
GAST,38
HAP1,34
JUP,14265
P3H4,1715
FKBP10,6489
NT5C3B,3711
KLHL10,53
KLHL11,914
ACLY,4136
TTC25,169
CNP,5249
DNAJC7,6149
NKIRAS2,3397
ZNF385C,199
C17ORF113,415
DHX58,2333
KAT2A,1988
HSPB9,71
RAB5C,15588
KCNH4,47
GHDC,1205
STAT5B,3920
STAT5A,1088
STAT3,10960
CAVIN1,5997
ATP6V0A1,1586
NAGLU,1963
HSD17B1,678
COASY,2674
MLX,4078
PSMC3IP,1319
RETREG3,3309
TUBG1,2843
TUBG2,1920
PLEKHH3,4987
CCR10,164
CNTNAP1,422
EZH1,2001
RAMP2,1610
VPS25,4588
WNK4,1587
COA3,6037
CNTD1,105
BECN1,4672
PSME3,928
AOC2,340
AOC3,128
G6PC,49
AARSD1,2483
PTGES3L,493
RUNDC1,1869
IFI35,5746
VAT1,9141
RND2,278
BRCA1,1086
NBR1,5242
TMEM106A,1858
CCDC200,19
ARL4D,608
DHX8,2988
ETV4,736
MEOX1,108
SOST,43
DUSP3,4118
CFAP97D1,60
MPP3,1087
CD300LG,41
MPP2,341
PPY,31
PYY,66
NAGS,325
TMEM101,4043
LSM12,1939
G6PC3,2522
HDAC5,2573
C17ORF53,333
ASB16,361
TMUB2,4915
ATXN7L3,1922
UBTF,4172
SLC4A1,37
RUNDC3A,62
SLC25A39,11791
GRN,13283
FAM171A2,568
ITGA2B,224
GPATCH8,3109
FZD2,766
MEIOC,59
CCDC43,2301
DBF4B,1275
ADAM11,57
GJC1,1284
HIGD1B,357
EFTUD2,4363
GFAP,27
KIF18B,927
C1QL1,100
DCAKD,4234
NMT1,4595
PLCD3,610
ACBD4,1228
HEXIM1,4580
HEXIM2,713
FMNL1,2023
SPATA32,53
MAP3K14,942
ARHGAP27,1931
PLEKHM1,404
CRHR1,138
SPPL2C,46
MAPT,3624
STH,76
KANSL1,6006
LRRC37A2,89
NSF,4496
WNT3,664
WNT9B,30
GOSR2,6327
RPRML,38
CDC27,2201
MYL4,45
ITGB3,882
EFCAB13,690
NPEPPS,6621
KPNB1,4522
TBKBP1,1042
TBX21,106
OSBPL7,826
LRRC46,540
SCRN2,2265
SP6,285
SP2,1472
PNPO,4556
PRR15L,3015
CDK5RAP3,9769
COPZ2,1838
NFE2L1,7058
SNX11,1117
SKAP1,1101
HOXB1,44
HOXB2,1516
HOXB3,1587
HOXB4,915
HOXB5,223
HOXB6,424
HOXB7,507
HOXB8,67
HOXB9,139
PRAC1,32
PRAC2,22
HOXB13,132
TTLL6,67
CALCOCO2,9468
ATP5MC1,2856
UBE2Z,7854
SNF8,6191
GIP,29
IGF2BP1,71
B4GALNT2,116
GNGT2,295
ABI3,783
PHOSPHO1,57
ZNF652,4946
PHB,3677
NGFR,330
NXPH3,315
SPOP,3389
SLC35B1,4040
FAM117A,676
KAT7,4585
TAC4,61
DLX4,211
DLX3,287
ITGA3,2079
PDK2,2126
SAMD14,248
PPP1R9B,6281
SGCA,54
COL1A1,200188
TMEM92,143
XYLT2,1523
EME1,628
LRRC59,4113
ACSF2,2977
CHAD,328
RSAD1,2842
MYCBPAP,294
EPN3,1609
SPATA20,3716
CACNA1G,100
ABCC3,1326
ANKRD40,2363
LUC7L3,11327
ANKRD40CL,94
WFIKKN2,60
TOB1,18244
SPAG9,5306
NME1,6576
NME2,18338
MBTD1,3167
UTP18,3779
CA10,18
KIF2B,43
TOM1L1,7628
COX11,3290
STXBP4,1434
HLF,314
MMD,1470
SMIM36,45
TMEM100,175
PCTP,2473
ANKFN1,213
NOG,168
C17ORF67,138
DGKE,917
TRIM25,6864
COIL,2024
SCPEP1,4675
AKAP1,6460
MSI2,8651
CCDC182,43
CUEDC1,5001
VEZF1,7963
SRSF1,3450
DYNLL2,13378
OR4D1,38
OR4D2,44
EPX,66
MKS1,864
LPO,59
MPO,57
TSPOAP1,3402
SUPT4H1,2249
RNF43,2100
HSF5,71
MTMR4,3511
SEPTIN4,1120
TEX14,244
AC011195.2,55
RAD51C,2109
PPM1E,123
TRIM37,2244
SKA2,49
PRR11,1105
SMG8,791
GDPD1,344
YPEL2,1242
DHX40,4211
CLTC,1611
PTRH2,3554
VMP1,22593
TUBD1,2212
RNFT1,1766
HEATR6,1317
CA4,21
USP32,9134
C17ORF64,51
APPBP2,2996
PPM1D,1642
BCAS3,2343
TBX2,557
TBX4,70
BRIP1,1052
INTS2,1764
MED13,3449
EFCAB3,31
METTL2A,2962
TLK2,2550
MRC2,6408
MARCH10,110
TANC2,5100
CYB561,5706
ACE,1048
KCNH6,25
DCAF7,8678
TACO1,2387
MAP3K3,2434
STRADA,1812
LIMD2,1988
CCDC47,12074
DDX42,6584
FTSJ3,2275
PSMC5,8250
SMARCD2,4251
CSH2,44
GH2,46
CSHL1,98
GH1,17
CD79B,224
SCN4A,72
PRR29,276
ICAM2,477
ERN1,2612
TEX2,5479
PECAM1,3715
MILR1,651
POLG2,1983
DDX5,25870
CEP95,2344
SMURF2,3977
LRRC37A3,594
GNA13,4930
AXIN2,477
CEP112,323
APOH,56
PRKCA,718
CACNG5,50
CACNG4,3619
CACNG1,177
HELZ,4163
PSMD12,5966
PITPNC1,1912
NOL11,921
BPTF,6198
C17ORF58,1798
KPNA2,3476
AMZ2,2504
ARSG,1571
SLC16A6,916
WIPI1,3453
PRKAR1A,15500
FAM20A,1498
ABCA8,198
ABCA9,169
ABCA6,388
ABCA10,201
ABCA5,1916
MAP2K6,684
KCNJ16,138
KCNJ2,336
SOX9,3716
SLC39A11,3642
SSTR2,472
COG1,3230
FAM104A,308
C17ORF80,1251
CPSF4L,158
CDC42EP4,2790
SDK2,415
TTYH2,345
DNAI2,41
KIF19,70
BTBD17,11
GPR142,46
GPRC5C,2303
CD300A,1251
CD300LB,83
CD300C,84
CD300LD,20
CD300E,140
RAB37,141
CD300LF,276
SLC9A3R1,25465
NAT9,3339
TMEM104,999
GRIN2C,92
FDXR,1568
FADS6,95
USH1G,49
OTOP2,31
OTOP3,23
HID1,5530
CDR2L,3058
KCTD2,2107
ATP5PD,9736
SLC16A5,1066
ARMC7,832
NT5C,1568
JPT1,3237
SUMO2,6033
NUP85,4273
GGA3,2980
MIF4GD,1721
SLC25A19,861
GRB2,10483
TMEM94,2431
CASKIN2,1614
TSEN54,1379
LLGL2,5662
MYO15B,2896
RECQL5,2946
SMIM5,221
SMIM6,117
SAP30BP,3471
ITGB4,4436
GALK1,1367
H3F3B,3278
UNK,3911
UNC13D,2091
WBP2,2211
TRIM47,3609
TRIM65,1296
FBF1,2978
ACOX1,4785
TEN1,1910
CDK3,1020
EVPL,2635
SRP68,4412
ZACN,55
GALR2,81
EXOC7,6874
FOXJ1,423
RNF157,213
UBALD2,2942
QRICH2,513
PRPSAP1,4796
SPHK1,3970
UBE2O,3658
AANAT,51
RHBDF2,1878
CYGB,798
PRCD,106
ST6GALNAC2,399
ST6GALNAC1,85
MXRA7,8796
JMJD6,2984
METTL23,3684
SRSF2,14379
MFSD11,1752
MGAT5B,222
SEC14L1,3288
SEPTIN9,12416
TNRC6C,1817
TMC6,2519
TMC8,869
C17ORF99,51
SYNGR2,22427
TK1,4761
BIRC5,1700
TMEM235,50
SOCS3,5993
PGS1,3382
DNAH17,89
CYTH1,6438
USP36,4565
TIMP2,9634
CEP295NL,516
LGALS3BP,29631
CANT1,7002
C1QTNF1,1496
ENGASE,2018
RBFOX3,35
ENPP7,38
CBX2,3546
CBX8,2273
CBX4,8640
TBC1D16,5819
CCDC40,1889
GAA,7627
EIF4A3,13066
CARD14,1977
SGSH,5421
SLC26A11,2053
RNF213,19221
ENDOV,2948
NPTX1,120
RPTOR,4565
CHMP6,3104
BAIAP2,3394
AATK,473
PVALEF,41
CEP131,1828
TEPSIN,1769
NDUFAF8,13245
SLC38A10,10413
BAHCC1,2173
ACTG1,31184
FAAP100,2695
NPLOC4,14210
TSPAN10,500
PDE6G,83
OXLD1,4096
CCDC137,3376
ARL16,4747
HGS,9626
SLC25A10,2380
GCGR,45
MCRIP1,7107
PPP1R27,114
P4HB,9078
ARHGDIA,7702
ALYREF,2754
ANAPC11,11331
NPB,115
PCYT2,3715
SIRT7,3839
MAFG,2196
PYCR1,8272
MYADML2,81
NOTUM,42
ASPSCR1,3254
CENPX,6052
LRRC45,1588
RAC3,2647
DCXR,5311
RFNG,3871
GPS1,8421
DUS1L,10172
FASN,59422
CCDC57,1719
SLC16A3,4402
CSNK1D,15950
CD7,309
SECTM1,1207
TEX19,85
OGFOD3,2324
HEXD,4327
CYBC1,8900
NARF,4723
FOXK2,2036
WDR45B,7810
RAB40B,1679
FN3KRP,4142
FN3K,2451
TBCD,6517
ZNF750,423
B3GNTL1,1147
METRNL,5164
USP14,7106
THOC1,1652
COLEC12,2336
CETN1,48
CLUL1,713
TYMS,4802
ENOSF1,4613
YES1,6682
ADCYAP1,92
METTL4,1568
NDC80,1917
SMCHD1,4302
EMILIN2,799
LPIN2,2768
MYOM1,205
MYL12A,1695
MYL12B,21
TGIF1,8202
DLGAP1,892
AKAIN1,27
ZBTB14,1838
EPB41L3,1341
TMEM200C,1386
L3MBTL4,1639
ARHGAP28,412
LAMA1,363
LRRC30,39
PTPRM,1867
RAB12,4914
MTCL1,829
NDUFV2,10610
ANKRD12,2941
TWSG1,3230
RALBP1,5351
PPP4R1,5928
RAB31,3073
TXNDC2,45
VAPA,6356
APCDD1,1770
NAPG,2518
PIEZO2,505
GNAL,138
CHMP1B,6240
MPPE1,2470
IMPA2,5771
ANKRD62,80
CIDEA,36
TUBB6,2553
AFG3L2,5429
PRELID3A,2281
SPIRE1,4310
PSMG2,4702
CEP76,544
PTPN2,2113
SEH1L,5439
CEP192,2771
LDLRAD4,4764
FAM210A,2054
RNMT,2502
MC5R,50
MC2R,35
ZNF519,1966
ANKRD30B,170
ROCK1,5690
GREB1L,1033
ESCO1,2048
SNRPD1,1581
ABHD3,2860
MIB1,3576
GATA6,490
CTAGE1,47
RBBP8,1519
CABLES1,1512
TMEM241,899
RIOK3,4411
RMC1,1302
NPC1,3155
ANKRD29,137
LAMA3,463
TTC39C,2911
CABYR,551
OSBPL1A,1699
IMPACT,4735
HRH4,86
ZNF521,3184
SS18,6730
PSMA8,47
TAF4B,522
KCTD1,2329
AQP4,99
CHST9,195
CDH2,1561
DSC3,556
DSC2,8086
DSC1,48
DSG1,79
DSG4,65
DSG3,302
DSG2,5038
TTR,59
B4GALT6,386
SLC25A52,39
TRAPPC8,3270
RNF125,481
RNF138,3076
GAREM1,465
MEP1B,80
KLHL14,50
CCDC178,45
ASXL3,57
NOL4,405
DTNA,3742
MAPRE2,2864
ZNF397,2994
ZSCAN30,3222
ZNF24,7277
ZNF396,277
INO80C,1687
GALNT1,8436
C18ORF21,1229
RPRD1A,7348
SLC39A6,24386
ELP2,8010
MOCOS,1213
FHOD3,668
TPGS2,6625
KIAA1328,1529
CELF4,21
PIK3C3,2119
RIT2,25
SYT4,55
SETBP1,2619
SLC14A2,45
SLC14A1,108
SIGLEC15,262
EPG5,1926
PSTPIP2,1397
ATP5F1A,4814
HAUS1,1097
C18ORF25,2022
RNF165,821
LOXHD1,82
ST8SIA5,59
PIAS2,3616
KATNAL2,812
ELOA3,73
ELOA2,48
HDHD2,3817
IER3IP1,2528
SKOR2,29
SMAD2,9255
ZBTB7C,1221
CTIF,4341
SMAD7,3124
DYM,5638
C18ORF32,3246
LIPG,837
ACAA2,2645
MYO5B,2578
CFAP53,216
MBD1,1725
CXXC1,3830
SKA1,304
MAPK4,326
MRO,129
ME2,2292
ELAC1,705
SMAD4,4372
MEX3C,2994
DCC,40
MBD2,13577
POLI,3250
STARD6,26
C18ORF54,760
DYNAP,61
RAB27B,2836
CCDC68,311
TCF4,2213
TXNL1,9458
WDR7,402
BOD1L2,24
ST8SIA3,33
ONECUT2,78
FECH,2045
NARS,7419
ATP8B1,4280
NEDD4L,5035
ALPK2,199
MALT1,1502
ZNF532,6032
SEC11C,6691
GRP,403
RAX,29
CPLX4,22
LMAN1,8861
CCBE1,78
PMAIP1,2732
MC4R,55
CDH20,47
RNF152,2115
PIGN,2511
RELCH,3797
TNFRSF11A,1022
ZCCHC2,3110
PHLPP1,992
BCL2,5270
KDSR,4629
VPS4B,4622
SERPINB5,729
SERPINB12,54
SERPINB13,36
SERPINB4,37
SERPINB11,36
SERPINB3,28
SERPINB7,125
SERPINB2,57
SERPINB10,61
HMSD,25
SERPINB8,891
CDH7,47
CDH19,695
DSEL,328
TMX3,723
CCDC102B,1049
DOK6,211
CD226,218
RTTN,630
SOCS6,5318
CBLN2,56
NETO1,285
FBXO15,340
TIMM21,1686
CYB5A,16040
C18ORF63,61
DIPK1C,112
CNDP2,14159
CNDP1,111
ZNF407,2344
ZADH2,1835
TSHZ1,1296
SMIM21,53
ZNF516,2153
ZNF236,2273
MBP,1010
GALR1,60
SALL3,31
ATP9B,3098
NFATC1,2527
CTDP1,2271
KCNG2,65
SLC66A2,2201
HSBP1L1,1683
TXNL4A,12115
AC090360.1,143
RBFA,2669
ADNP2,2243
PARD6G,1039
PLPP2,4954
MIER2,1486
THEG,117
C2CD4C,149
SHC2,978
ODF3L2,26
MADCAM1,144
TPGS1,2297
CDC34,3664
GZMM,129
BSG,8058
HCN2,91
POLRMT,932
FGF22,76
RNF126,3019
FSTL3,1576
PRSS57,37
PALM,864
MISP,3238
PTBP1,4381
PLPPR3,930
AZU1,155
PRTN3,52
ELANE,39
CFD,1147
MED16,2404
R3HDM4,4227
KISS1R,188
ARID3A,1258
WDR18,2148
GRIN3B,61
TMEM259,7480
CNN2,17170
ABCA7,1022
ARHGAP45,1100
POLR2E,4801
GPX4,33828
SBNO2,8699
STK11,3556
CBARP,121
ATP5F1D,4533
MIDN,11172
CIRBP,28383
FAM174C,3829
EFNA2,83
PWWP3A,3834
NDUFS7,3700
GAMT,2104
DAZAP1,5169
APC2,37
C19ORF25,2480
PCSK4,419
REEP6,2184
ADAMTSL5,182
PLK5,67
MEX3D,4248
MBD3,3183
UQCR11,6751
TCF3,4395
ONECUT3,13
ATP8B3,387
REXO1,2741
KLF16,2139
SCAMP4,5651
ADAT3,42
CSNK1G2,4967
BTBD2,5965
MKNK2,6474
MOB3A,3242
IZUMO4,263
AP3D1,6740
DOT1L,3899
PLEKHJ1,3561
SF3A2,5446
AMH,1571
JSRP1,142
OAZ1,53731
PEAK3,34
LINGO3,50
LSM7,5164
SPPL2B,4048
TMPRSS9,98
TIMM13,9739
LMNB2,5351
GADD45B,2394
GNG7,619
DIRAS1,351
SLC39A3,2414
SGTA,3043
THOP1,2997
ZNF554,833
ZNF555,570
ZNF556,105
ZNF57,411
ZNF77,540
TLE6,572
TLE2,1907
TLE5,9271
GNA11,3354
GNA15,662
S1PR4,101
NCLN,3755
CELF5,14
NFIC,6855
SMIM24,74
AC005551.1,29
DOHH,2082
FZR1,4947
MFSD12,1362
C19ORF71,114
HMG20B,10997
GIPC3,92
TBXA2R,309
CACTIN,1975
PIP5K1C,2521
TJP3,3511
RAX2,28
MATK,314
ZFR2,27
ATCAY,8
NMRK2,34
DAPK3,5910
EEF2,42726
PIAS4,2324
ZBTB7A,6450
MAP2K2,8314
CREB3L3,14
SIRT6,1780
ANKRD24,172
EBI3,100
YJU2,2044
SHD,42
TMIGD2,22
FSD1,111
STAP2,2331
MPND,1615
SH3GL1,5741
CHAF1A,2050
UBXN6,7394
HDGFL2,3811
PLIN4,676
PLIN5,1816
LRG1,1643
SEMA6B,1277
TNFAIP8L1,1624
MYDGF,8107
DPP9,4108
FEM1A,2347
TICAM1,1836
PLIN3,3968
ARRDC5,174
UHRF1,3329
KDM4B,8473
PTPRS,4995
ZNRF4,30
TINCR,401
SAFB2,6043
SAFB,7561
MICOS13,1587
LONP1,5113
CATSPERD,40
PRR22,461
DUS3L,2265
NRTN,316
FUT6,45
FUT3,158
FUT5,49
NDUFA11,3209
VMAC,1883
CAPS,7054
RANBP3,4823
RFX2,456
ACSBG2,35
MLLT1,5216
ACER1,36
CLPP,3276
ALKBH7,3146
PSPN,72
GTF2F1,4933
KHSRP,4682
SLC25A41,62
SLC25A23,2542
CRB3,1983
DENND1C,419
TNFSF9,129
CD70,187
TNFSF14,194
C3,10979
GPR108,2866
TRIP10,3092
SH2D3A,1272
VAV1,540
ADGRE1,44
MBD3L2B,7
ZNF557,1676
INSR,2945
AC119396.1,73
ARHGEF18,1913
PEX11G,632
TEX45,213
ZNF358,5444
MCOLN1,1103
PNPLA6,2279
CAMSAP3,3193
XAB2,3488
PET100,4992
PCP2,2045
STXBP2,7988
RETN,32
MCEMP1,67
TRAPPC5,9166
FCER2,26
CLEC4G,43
CD209,252
CLEC4M,26
EVI5L,1203
PRR36,2484
LRRC8E,528
MAP2K7,4160
TGFBR3L,80
SNAPC2,1382
CTXN1,7710
TIMM44,4121
ELAVL1,8890
CCL25,32
FBN3,459
CERS4,4245
CD320,2856
NDUFA7,3569
KANK3,401
ANGPTL4,1566
RAB11B,10723
MARCH2,2302
HNRNPM,3279
PRAM1,205
ZNF414,1797
MYO1F,1007
ADAMTS10,1027
ACTL9,23
OR2Z1,69
ZNF558,877
MBD3L1,39
MUC16,177
OR1M1,47
OR7G2,54
OR7G1,54
OR7G3,69
ZNF317,2244
OR7D2,65
OR7D4,41
OR7E24,34
ZNF699,421
ZNF559,1635
ZNF177,604
ZNF266,2289
ZNF560,214
ZNF426,2332
ZNF121,4451
ZNF561,3404
ZNF562,4514
FBXL12,2444
UBL5,4047
PIN1,3330
OLFM2,698
COL5A3,1435
RDH8,46
SHFL,3653
ANGPTL6,175
PPAN,3798
P2RY11,2021
EIF3G,3561
DNMT1,5790
S1PR2,789
ICAM1,3340
ICAM4,62
ICAM5,183
ZGLP1,648
FDX2,2426
RAVER1,4228
ICAM3,763
TYK2,4179
CDC37,12683
PDE4A,938
KEAP1,5319
S1PR5,115
ATG4D,1699
KRI1,2793
CDKN2D,948
AP1M2,1063
SLC44A2,13334
ILF3,15405
QTRT1,4262
DNM2,9716
TMED1,1854
C19ORF38,125
CARM1,3895
YIPF2,2942
TIMM29,1094
SMARCA4,8720
LDLR,3763
SPC24,1476
KANK2,1885
DOCK6,2328
ANGPTL8,10
TSPAN16,49
RAB3D,3217
TMEM205,2816
CCDC159,2119
PLPPR2,1829
SWSAP1,816
RGL3,1743
CCDC151,179
PRKCSH,2086
ELAVL3,39
ZNF653,846
ECSIT,2891
CNN1,1076
ELOF1,4241
ZNF627,2099
ACP5,2308
ZNF823,1387
ZNF441,1074
ZNF491,196
ZNF440,1000
ZNF439,942
ZNF69,790
ZNF700,1282
ZNF763,170
ZNF433,797
ZNF878,99
ZNF844,492
ZNF20,328
ZNF625,1069
ZNF136,908
ZNF44,2299
ZNF563,580
ZNF442,223
ZNF799,810
ZNF709,769
ZNF564,797
ZNF490,1453
ZNF791,1454
MAN2B1,3091
WDR83,1059
WDR83OS,13684
DHPS,3646
GNG14,74
FBXW9,1730
TNPO2,6375
TRIR,17312
GET3,6306
BEST2,91
HOOK2,4911
JUNB,21054
PRDX2,29708
THSD8,80
RNASEH2A,685
RTBDN,106
MAST1,316
DNASE2,4155
KLF1,56
GCDH,1506
SYCE2,52
FARSA,5846
CALR,14052
RAD23A,7104
GADD45GIP1,8708
DAND5,158
NFIX,10262
LYL1,288
TRMT1,2387
NACC1,11528
STX10,4442
IER2,20845
CCDC130,3550
MRI1,3897
C19ORF53,5535
ZSWIM4,1296
NANOS3,136
C19ORF57,644
CC2D1A,4332
PODNL1,1059
DCAF15,3057
RFX1,2435
RLN3,36
IL27RA,614
PALM3,573
C19ORF67,60
SAMD1,5806
PRKACA,14690
ASF1B,2217
ADGRL1,2501
ADGRE5,1487
DDX39A,6012
PKN1,4951
PTGER1,89
GIPC1,12115
DNAJB1,12276
TECR,3509
NDUFB7,10756
CLEC17A,18
ADGRE3,87
ZNF333,1792
ADGRE2,299
OR7C1,79
OR7A5,71
OR7A10,36
OR7A17,42
OR7C2,29
SLC1A6,88
CCDC105,29
CASP14,13107
OR1I1,47
SYDE1,846
ILVBL,5377
NOTCH3,10519
EPHX3,25
BRD4,13282
AKAP8,3371
AKAP8L,7146
WIZ,6719
RASAL3,637
PGLYRP2,274
CYP4F22,380
CYP4F8,787
CYP4F3,121
CYP4F12,237
OR10H2,31
OR10H3,55
OR10H5,67
OR10H1,33
CYP4F2,46
CYP4F11,625
OR10H4,28
TPM4,23313
RAB8A,8708
HSH2D,1319
CIB3,128
FAM32A,5931
AP1M1,3494
KLF2,3387
EPS15L1,6024
CALR3,54
C19ORF44,1038
CHERP,5536
SLC35E1,3057
MED26,1449
SMIM7,5083
TMEM38A,819
NWD1,159
SIN3B,8035
F2RL3,171
CPAMD8,871
HAUS8,778
MYO9B,5322
USE1,2045
OCEL1,1230
NR2F6,7624
USHBP1,82
BABAM1,6100
ANKLE1,128
ABHD8,1370
DDA1,3257
ANO8,3407
GTPBP3,2146
PLVAP,2514
CCDC194,1496
BST2,49359
MVB12A,3256
TMEM221,83
NXNL1,52
SLC27A1,1323
PGLS,5681
NIBAN3,156
COLGALT1,10628
UNC13A,79
MAP1S,3428
FCHO1,334
B3GNT3,315
INSL3,86
JAK3,874
SLC5A5,36
CCDC124,7959
KCNN1,52
ARRDC2,1214
IL12RB1,209
MAST3,946
PIK3R2,8023
IFI30,11378
MPV17L2,903
RAB3A,839
PDE4C,141
AC008397.1,65
IQCN,537
JUND,23503
LSM4,12164
PGPEP1,2792
GDF15,4210
LRRC25,546
SSBP4,1276
ISYNA1,3415
ELL,2566
FKBP8,3913
KXD1,8449
UBA52,36942
CRLF1,134
TMEM59L,112
KLHL26,757
CRTC1,2082
COMP,6192
UPF1,5577
COPE,7324
DDX49,4352
HOMER3,5192
SUGP2,8301
ARMC6,2971
SLC25A42,627
TMEM161A,2839
MEF2B,926
BORCS8,3213
RFXANK,6182
NR2C2AP,2565
NCAN,71
HAPLN4,80
TM6SF2,137
SUGP1,1180
MAU2,1554
GATAD2A,8570
TSSK6,325
NDUFA13,7463
YJEFN3,1201
CILP2,393
PBX4,303
LPAR2,1439
GMIP,1498
ATP13A1,4303
ZNF101,1659
ZNF14,699
ZNF253,943
ZNF682,1757
ZNF90,354
ZNF486,1507
ZNF626,2782
ZNF66,530
ZNF85,828
ZNF430,245
ZNF714,1292
ZNF431,436
ZNF708,1480
ZNF738,1163
ZNF493,3009
ZNF429,63
ZNF100,155
ZNF43,744
ZNF257,249
ZNF676,596
ZNF729,39
ZNF98,725
ZNF492,789
ZNF99,19
ZNF723,41
ZNF728,89
ZNF730,877
ZNF724,843
ZNF675,975
ZNF681,1050
ZNF254,2263
UQCRFS1,1394
VSTM2B,59
POP4,2246
PLEKHF1,1392
C19ORF12,1738
CCNE1,699
URI1,9752
ZNF536,39
TSHZ3,1086
ZNF507,3373
DPY19L3,2342
PDCD5,4046
ANKRD27,3101
RGS9BP,117
NUDT19,2238
TDRD12,444
SLC7A9,143
CEP89,3082
FAAP24,517
RHPN2,3538
GPATCH1,689
WDR88,63
LRP3,3717
SLC7A10,111
CEBPA,578
CEBPG,4873
PEPD,2962
CHST8,205
KCTD15,2927
LSM14A,3396
KIAA0355,2852
GPI,5150
PDCD2L,873
UBA2,5648
WTIP,2181
SCGB2B2,27
ZNF302,712
ZNF181,784
ZNF599,1573
ZNF30,891
ZNF792,293
GRAMD1A,4912
SCN1B,694
HPN,1654
FXYD3,21081
LGI4,159
FXYD1,120
FXYD7,72
FXYD5,6309
FAM187B,73
LSR,10519
USF2,9186
HAMP,274
CD22,281
FFAR1,41
FFAR3,17
FFAR2,134
KRTDAP,34
DMKN,2079
SBSN,92
GAPDHS,32
TMEM147,4970
ATP4A,14
PMIS2,32
HAUS5,2217
RBM42,4589
ETV2,65
COX6B1,3925
UPK1A,159
ZBTB32,103
KMT2B,4535
IGFLR1,932
U2AF1L4,1979
PSENEN,5870
LIN37,1081
HSPB6,145
PROSER3,1949
ARHGAP33,1070
PRODH2,33
NPHS1,47
KIRREL2,46
APLP1,365
NFKBID,709
HCST,338
TYROBP,4594
LRFN3,1104
SDHAF1,1288
SYNE4,2432
ALKBH6,2080
CLIP3,362
THAP8,667
WDR62,864
OVOL3,36
POLR2I,7725
TBCB,8076
CAPNS1,7301
COX7A1,1195
ZNF565,591
ZNF146,6595
ZFP14,679
ZFP82,873
ZNF566,882
ZNF260,1889
ZNF529,767
ZNF382,480
ZNF461,282
ZNF567,1104
ZNF850,687
ZNF790,483
ZNF345,1403
ZNF829,379
ZNF568,2147
ZNF420,409
ZNF585A,786
ZNF585B,943
ZNF383,837
ZNF875,472
ZNF527,746
ZNF569,702
ZNF570,738
ZNF793,940
ZNF540,247
ZNF571,554
ZFP30,1806
ZNF781,118
ZNF607,540
ZNF573,945
WDR87,46
SIPA1L3,5166
DPF1,102
SPINT2,36564
PPP1R14A,277
YIF1B,3473
C19ORF33,5207
KCNK6,1746
CATSPERG,1202
GGN,103
SPRED3,366
FAM98C,1552
RASGRP4,140
RYR1,168
MAP4K1,555
ACTN4,18188
CAPN12,288
LGALS7,10
LGALS4,154
ECH1,10936
HNRNPL,13335
RINL,211
SIRT2,3518
NFKBIB,1219
CCER2,209
SARS2,870
FBXO17,544
FBXO27,673
ACP7,92
PAK4,6871
NCCRP1,702
SYCN,25
IFNL2,26
IFNL1,52
LRFN1,666
GMFG,576
SAMD4B,6838
PAF1,3865
MED29,3007
ZFP36,9911
PLEKHG2,1242
SUPT5H,6398
TIMM50,4229
DLL3,77
SELENOV,37
EID2B,316
EID2,632
LGALS13,51
LGALS16,32
LGALS14,33
CLC,55
LEUTX,59
DYRK1B,1468
FBL,5356
FCGBP,706
PSMC4,6681
ZNF546,423
ZNF780B,201
ZNF780A,718
MAP3K10,1447
TTC9B,41
CNTD2,296
AKT2,4714
C19ORF47,1898
PLD3,7442
HIPK4,61
PRX,229
SERTAD1,1959
SERTAD3,3001
BLVRB,5782
SPTBN4,172
SHKBP1,2495
LTBP4,2033
NUMBL,1560
COQ8B,2568
ITPKC,4410
C19ORF54,1147
SNRPA,3308
MIA,6122
RAB4B,2893
EGLN2,7201
CYP2A6,36
CYP2A7,32
CYP2B6,43
CYP2A13,21
CYP2F1,47
CYP2S1,102
AXL,2766
HNRNPUL1,10730
TGFB1,1497
CCDC97,3153
TMEM91,904
B9D2,734
EXOSC5,1216
BCKDHA,3189
B3GNT8,327
DMAC2,2197
ERICH4,31
CEACAM21,137
CEACAM4,39
CEACAM7,77
CEACAM5,789
CEACAM6,3300
CEACAM3,24
LYPD4,58
DMRTC2,32
CD79A,394
ARHGEF1,5683
ERFL,147
RABAC1,7951
ATP1A3,65
GRIK5,152
ZNF574,1414
POU2F2,229
DEDD2,2051
ZNF526,1127
GSK3A,3962
ERF,7206
CIC,5423
PAFAH1B3,7812
PRR19,153
TMEM145,164
MEGF8,1161
CNFN,1108
LIPE,166
CXCL17,2101
CEACAM1,1006
CEACAM8,43
PSG3,24
PSG6,39
PSG7,39
PSG11,6
PSG2,24
PSG5,26
PSG4,14
PSG9,17
CD177,102
TEX101,36
LYPD3,982
PHLDB3,962
ETHE1,2574
ZNF575,184
XRCC1,2914
PINLYP,189
IRGQ,3563
ZNF576,1999
SRRM5,117
ZNF428,5133
CADM4,3241
PLAUR,4440
IRGC,38
SMG9,1591
KCNN4,2413
LYPD5,277
ZNF283,1679
ZNF404,266
ZNF45,422
ZNF221,281
ZNF155,412
ZNF230,142
ZNF222,193
ZNF223,671
ZNF284,500
ZNF224,830
ZNF225,329
ZNF234,1032
ZNF226,483
ZNF227,709
ZNF235,504
ZNF233,50
ZNF112,240
ZNF285,610
ZNF229,778
ZNF180,796
CEACAM20,42
IGSF23,18
PVR,1457
CEACAM19,395
CEACAM16,60
BCL3,8744
CBLC,2273
BCAM,12419
NECTIN2,10718
TOMM40,3977
APOE,34326
APOC1,2837
APOC4,46
APOC2,601
CLPTM1,5209
RELB,1932
CLASRP,4068
ZNF296,836
GEMIN7,2898
MARK4,903
PPP1R37,5117
NKPD1,135
TRAPPC6A,2952
BLOC1S3,1607
EXOC3L2,390
CKM,25
KLC3,508
ERCC2,1526
PPP1R13L,4596
CD3EAP,990
ERCC1,5071
FOSB,3368
RTN2,943
PPM1N,21
VASP,12889
OPA3,1079
GPR4,309
EML2,2961
GIPR,295
SNRPD2,4121
QPCTL,1164
FBXO46,4620
BHMG1,35
SIX5,2460
DMPK,2930
DMWD,4378
RSPH6A,38
SYMPK,6932
FOXA3,54
IRF2BP1,2132
MYPOP,1120
NANOS2,40
NOVA2,334
CCDC61,972
PGLYRP1,29
IGFL4,57
IGFL3,58
IGFL2,329
IGFL1,24
HIF3A,145
PPP5C,3051
CCDC8,1097
PNMA8C,33
PNMA8A,400
PPP5D1,69
PNMA8B,183
CALM3,7248
PTGIR,413
GNG8,61
DACT3,340
PRKD2,3960
STRN4,4257
FKRP,1226
SLC1A5,5555
AP2S1,2735
ARHGAP35,11100
NPAS1,135
TMEM160,1371
ZC3H4,5055
SAE1,2064
BBC3,2539
CCDC9,5872
INAFM1,1830
C5AR1,1038
C5AR2,1460
DHX34,2183
MEIS3,1084
SLC8A2,78
KPTN,1675
NAPA,10928
ZNF541,106
BICRA,2598
EHD2,4196
NOP53,2961
SELENOW,23854
TPRX1,36
CRX,57
SULT2A1,39
BSPH1,81
ELSPBP1,53
CABP5,53
PLA2G4C,701
LIG1,4039
ZSWIM9,1352
ZNF114,58
CCDC114,160
EMP3,3158
TMEM143,791
SYNGR4,83
KDELR1,3529
GRIN2D,110
GRWD1,2406
KCNJ14,600
CYTH2,12818
LMTK3,1489
SULT2B1,1425
FAM83E,1628
SPACA4,64
SPHK2,1081
DBP,1952
CA11,171
MAMSTR,566
RASIP1,394
IZUMO1,35
FUT1,317
FGF21,46
BCAT2,2326
HSD17B14,1141
PLEKHA4,2036
PPP1R15A,3276
TULP2,60
NUCB1,13236
DHDH,188
BAX,7032
FTL,25601
GYS1,1935
RUVBL2,4571
LHB,13
AC008687.4,72
NTF4,88
KCNA7,67
SNRNP70,7347
LIN7B,989
C19ORF73,345
PPFIA3,478
HRC,122
TRPM4,6644
SLC6A16,561
CD37,1554
TEAD2,7456
DKKL1,105
CCDC155,37
PTH2,53
GFY,65
SLC17A7,11
PIH1D1,3777
ALDH16A1,2111
FLT3LG,484
FCGRT,12894
RCN3,5602
NOSIP,3517
PRRG2,763
PRR12,2955
RRAS,3436
SCAF1,7265
IRF3,7073
BCL2L12,1567
PRMT1,6510
ADM5,917
CPT1C,92
TSKS,39
AP2A1,10197
FUZ,1701
MED25,5543
PTOV1,9868
AKT1S1,8306
TBC1D17,3690
IL4I1,1245
NUP62,5152
ATF5,3417
SIGLEC11,63
VRK3,3759
ZNF473,1179
IZUMO2,25
MYH14,6320
KCNC3,1564
NR1H2,2820
NAPSA,71
POLD1,2468
SPIB,139
MYBPC2,34
FAM71E1,386
EMC10,9903
JOSD2,2378
ASPDH,50
LRRC4B,46
SYT3,100
C19ORF81,106
SHANK1,56
CLEC11A,1511
GPR32,75
AC010325.1,7
ACP4,23
C19ORF48,4280
KLK1,90
KLK15,32
KLK3,95
KLK2,88
KLK4,436
KLK5,1842
KLK6,1544
KLK7,688
KLK8,674
KLK9,33
KLK10,563
KLK11,251
KLK12,154
KLK13,147
KLK14,25
CTU1,529
SIGLEC9,423
SIGLEC7,152
CD33,279
SIGLECL1,46
IGLON5,107
VSIG10L,168
ETFB,5243
CLDND2,222
NKG7,746
LIM2,30
C19ORF84,52
SIGLEC10,236
SIGLEC8,185
SIGLEC12,108
SIGLEC6,83
ZNF175,1215
SIGLEC5,197
SIGLEC14,72
SPACA6,1124
HAS1,94
FPR1,543
FPR2,138
FPR3,2328
ZNF577,1188
ZNF649,1988
ZNF613,956
ZNF350,2251
ZNF614,763
ZNF432,1150
ZNF841,1616
ZNF836,710
PPP2R1A,1132
ZNF766,1858
ZNF480,981
ZNF610,523
ZNF880,1562
ZNF534,27
ZNF578,124
ZNF808,1057
ZNF83,4024
ZNF600,934
ZNF888,754
ZNF816,466
ERVV-1,144
ERVV-2,169
ZNF160,3328
ZNF415,924
ZNF347,736
ZNF665,456
ZNF677,1328
VN1R2,64
VN1R4,67
ZNF765,796
ZNF813,487
ZNF331,1782
DPRX,43
NLRP12,154
MYADM,8914
PRKCG,57
CACNG7,54
CACNG8,95
CACNG6,237
VSTM1,57
TARM1,50
OSCAR,329
NDUFA3,11079
TFPT,3522
PRPF31,4507
CNOT3,3493
LENG1,921
TMC4,4416
MBOAT7,8673
TSEN34,4917
LILRA6,98
LILRB5,267
LILRB2,648
LILRA5,154
LILRA4,93
LAIR1,1221
TTYH1,692
LENG8,21971
LENG9,440
CDC42EP5,645
LAIR2,84
LILRA2,171
LILRA1,95
LILRB1,481
LILRB4,346
KIR3DL3,13
KIR2DL4,25
FCAR,166
NCR1,53
NLRP7,29
NLRP2,1720
GP6,145
RDH13,2999
EPS8L1,3622
PPP1R12C,3983
TNNT1,4264
TNNI3,284
DNAAF3,442
SYT5,107
PTPRH,111
TMEM86B,634
PPP6R1,5890
HSPBP1,1673
BRSK1,2324
TMEM150B,121
KMT5C,1875
COX6B2,546
FAM71E2,217
IL11,272
TMEM190,80
TMEM238,8178
SHISA7,19
ISOC2,4269
C19ORF85,47
ZNF628,758
NAT14,5301
SSC5D,742
SBK2,11
SBK3,52
ZNF579,1550
FIZ1,570
ZNF524,1489
ZNF784,1003
ZNF580,3971
ZNF581,1306
CCDC106,1671
U2AF2,2663
EPN1,9158
NLRP9,42
RFPL4A,57
RFPL4AL1,19
NLRP11,61
NLRP4,52
NLRP13,43
NLRP8,43
NLRP5,87
ZNF787,1323
ZNF444,4726
GALP,10
ZSCAN5B,35
ZSCAN5C,29
ZSCAN5A,341
EDDM13,47
ZNF582,315
ZNF583,877
ZNF667,803
ZNF471,1037
ZFP28,1156
ZNF470,1118
ZNF71,1170
SMIM17,327
ZNF835,260
ZIM2,289
PEG3,4813
USP29,29
ZIM3,34
DUXA,62
ZNF264,6053
AURKC,196
ZNF805,839
ZNF460,5631
ZNF543,987
ZNF304,1501
ZNF547,224
ZNF548,1211
ZNF17,916
VN1R1,315
ZNF772,693
ZNF419,305
ZNF773,159
ZNF549,952
ZNF550,1741
ZNF416,541
ZIK1,743
ZNF530,289
ZNF134,1028
ZNF211,702
ZSCAN4,126
ZNF154,263
ZNF671,544
ZNF776,1038
ZNF586,1274
ZNF552,8791
ZNF587B,3809
ZNF587,1822
ZNF256,927
C19ORF18,325
ZNF606,3135
ZSCAN1,124
ZNF135,512
ZSCAN18,3695
ZNF329,1590
ZNF274,2520
ZNF544,5304
ZNF8,1243
ERVK3-1,289
ZSCAN22,501
ZNF497,440
ZNF837,325
ZNF584,604
ZNF132,348
ZNF324B,66
ZNF324,611
ZNF446,1002
SLC27A5,889
ZBTB45,1395
TRIM28,2270
CHMP2A,6028
UBE2M,1863
MZF1,465
DEFB125,54
DEFB126,67
DEFB127,37
DEFB128,21
DEFB129,34
DEFB132,63
C20ORF96,2927
ZCCHC3,3034
SOX12,3812
NRSN2,2025
TRIB3,5237
RBCK1,5223
TBC1D20,4468
CSNK2A1,2076
TCF15,185
SRXN1,3784
SCRT2,32
SLC52A3,1080
FAM110A,3525
ANGPT4,45
RSPO4,306
PSMF1,10658
TMEM74B,609
C20ORF202,52
RAD21L1,223
SNPH,775
SDCBP2,733
NSFL1C,4566
SIRPB2,247
SIRPD,50
SIRPB1,142
SIRPG,125
SIRPA,923
PDYN,33
STK35,3633
TGM3,93
TGM6,37
SNRPB,12327
ZNF343,1607
TMC2,72
NOP56,9011
IDH3B,7571
EBF4,1298
CPXM1,1051
C20ORF141,89
TMEM239,56
PCED1A,4891
VPS16,920
PTPRA,5967
GNRH2,126
OXT,73
AVP,31
UBOX5,1689
FASTKD5,1786
LZTS3,1371
DDRGK1,7161
ITPA,8113
SLC4A11,1518
C20ORF194,1520
ATRN,4749
GFRA4,67
ADAM33,386
SIGLEC1,810
HSPA12B,468
C20ORF27,662
SPEF1,185
CENPB,4134
CDC25B,4024
AP5S1,2210
MAVS,6569
PANK2,458
RNF24,2893
SMOX,1772
ADRA1D,100
PRNP,4130
PRND,162
RASSF2,1189
SLC23A2,2918
TMEM230,4336
PCNA,3728
CDS2,3160
GPCPD1,4378
SHLD1,970
CHGB,497
TRMT6,1882
MCM8,1878
CRLS1,6190
LRRN4,97
FERMT1,402
BMP2,240
HAO1,28
TMX4,3421
PLCB1,1807
PLCB4,3283
LAMP5,723
PAK5,38
ANKEF1,2234
SNAP25,237
MKKS,2489
SLX4IP,2114
JAG1,2639
BTBD3,3897
SPTLC3,980
ISM1,1056
TASP1,2062
ESF1,3548
NDUFAF5,2124
SEL1L2,67
MACROD2,261
FLRT3,808
KIF16B,7998
SNRPB2,3450
OTOR,126
PCSK2,44
BFSP1,461
DSTN,20471
RRBP1,19150
BANF2,51
SNX5,3230
OVOL2,3116
MGME1,4334
PET117,2144
KAT14,1144
ZNF133,2126
DZANK1,1030
POLR3F,1680
RBBP9,2281
SEC23B,4787
SMIM26,5814
DTD1,2743
SCP2D1,77
SLC24A3,1898
RIN2,9421
NAA20,3943
CRNKL1,3226
CFAP61,372
INSM1,421
RALGAPA2,1602
KIZ,1723
XRN2,10435
NKX2-4,14
NKX2-2,72
PAX1,65
FOXA2,23
SSTR4,47
THBD,1179
CD93,1586
NXT1,3059
GZF1,2052
NAPB,1423
CSTL1,55
CST11,59
CST8,49
CST9L,49
CST9,78
CST3,18278
CST4,84
CST2,65
CST5,195
GGTLC1,15
SYNDIG1,653
CST7,505
APMAP,10751
ACSS1,1705
VSX1,34
ENTPD6,6417
PYGB,6803
ABHD12,4451
GINS1,2586
NINL,2804
NANP,817
ZNF337,3709
DEFB115,38
DEFB116,57
DEFB118,29
DEFB119,70
DEFB121,42
DEFB123,46
DEFB124,40
REM1,59
HM13,10853
ID1,2285
COX4I2,146
BCL2L1,7163
TPX2,5281
MYLK2,134
FOXS1,163
DUSP15,607
TTLL9,294
PDRG1,2250
XKR7,46
CCM2L,332
HCK,973
TM9SF4,4726
PLAGL2,1078
POFUT1,2017
KIF3B,4358
ASXL1,8662
NOL4L,4733
COMMD7,3169
DNMT3B,780
MAPRE1,5979
EFCAB8,133
SUN5,60
BPIFB2,377
BPIFB6,9
BPIFB3,1
BPIFB4,38
BPIFA2,95
BPIFA3,37
BPIFA1,82
BPIFB1,1440
CDK5RAP1,2208
SNTA1,990
CBFA2T2,3666
NECAB3,2802
C20ORF144,24
ACTL10,315
E2F1,2544
PXMP4,1263
ZNF341,524
CHMP4B,10678
RALY,2597
EIF2S2,83
ASIP,54
AHCY,7540
ITCH,7854
DYNLRB1,10850
MAP1LC3A,4495
PIGU,1248
NCOA6,3994
TP53INP2,1924
GGT7,1753
ACSS2,2809
GSS,5433
MYH7B,95
TRPC4AP,10432
EDEM2,2978
PROCR,555
MMP24OS,10129
MMP24,263
EIF6,12855
FAM83C,63
UQCC1,4459
GDF5OS,58
GDF5,97
CEP250,4504
C20ORF173,43
ERGIC3,21802
SPAG4,810
CPNE1,12865
RBM12,1726
NFS1,2815
ROMO1,10714
RBM39,12093
PHF20,3990
SCAND1,4103
EPB41L1,3436
AAR2,1457
DLGAP4,11269
MYL9,21309
TGIF2,2297
RAB5IF,9564
SLA2,229
NDRG3,6607
DSN1,2873
SOGA1,8363
TLDC2,82
SAMHD1,9423
RBL1,1794
RPN2,7205
GHRH,44
MANBAL,4321
SRC,4400
BLCAP,4537
NNAT,66
CTNNBL1,3528
VSTM2L,410
TTI1,2756
RPRD1B,2615
TGM2,1875
KIAA1755,1284
BPI,102
LBP,73
RALGAPB,5517
ADIG,111
ARHGAP40,411
SLC32A1,47
ACTR5,1193
PPP1R16B,328
FAM83D,1440
DHX35,1477
MAFB,5588
TOP1,9076
PLCG1,6064
ZHX3,2255
LPIN3,2936
EMILIN3,117
CHD6,5070
PTPRT,1295
L3MBTL1,1057
SGK2,259
IFT52,2773
MYBL2,8219
GTSF1L,80
TOX2,115
JPH2,203
OSER1,6230
GDAP1L1,49
FITM2,1195
R3HDML,61
HNF4A,25
TTPAL,1965
SERINC3,9269
PKIG,3317
ADA,1482
CCN5,424
KCNK15,1482
RIMS4,1443
YWHAB,8499
PABPC1L,13944
TOMM34,4614
STK4,5905
KCNS1,137
WFDC5,43
WFDC12,65
PI3,308
SEMG1,65
SEMG2,41
SLPI,3910
RBPJL,42
SDC4,15400
SYS1,3348
TP53TG5,72
DBNDD2,3138
PIGT,9108
WFDC2,7080
SPINT3,43
WFDC6,119
EPPIN,76
WFDC8,49
WFDC9,84
WFDC10A,44
WFDC11,57
WFDC10B,109
WFDC13,38
SPINT4,65
WFDC3,300
DNTTIP1,4348
UBE2C,3433
TNNC2,157
SNX21,4177
ACOT8,1766
ZSWIM3,639
ZSWIM1,2147
NEURL2,413
CTSA,7619
PLTP,2402
PCIF1,3874
ZNF335,2821
MMP9,2732
SLC12A5,60
NCOA5,2431
CD40,1037
CDH22,61
SLC35C2,3115
ELMO2,3937
ZNF334,616
OCSTAMP,74
SLC13A3,555
TP53RK,5132
SLC2A10,4475
EYA2,2400
ZMYND8,10823
NCOA3,6054
SULF2,7735
PREX1,8291
ARFGEF2,10577
CSE1L,5295
STAU1,20265
DDX27,7165
ZNFX1,7726
KCNB1,137
PTGIS,899
B4GALT5,7422
SLC9A8,2217
SPATA2,1076
RNF114,9848
SNAI1,199
UBE2V1,10858
TMEM189,5877
CEBPB,18102
PTPN1,10059
RIPOR3,562
PARD6B,7135
BCAS4,4182
ADNP,6948
DPM1,11910
MOCS3,1730
KCNG1,543
NFATC2,1692
ATP9A,8492
SALL4,512
ZFP64,2060
TSHZ2,1801
ZNF217,6944
CYP24A1,126
PFDN4,466
DOK5,283
CBLN4,92
MC3R,57
FAM210B,4673
AURKA,1326
CSTF1,2811
CASS4,273
RTF2,10403
GCNT7,50
FAM209B,32
TFAP2C,5618
BMP7,1303
SPO11,100
RAE1,4742
RBM38,3304
CTCFL,41
PCK1,53
ZBP1,1555
PMEPA1,5424
C20ORF85,31
ANKRD60,26
RAB22A,4267
VAPB,5436
APCDD1L,220
STX16,14908
NPEPL1,6895
NELFCD,14918
CTSZ,24021
TUBB1,107
ATP5F1E,12378
PRELID3B,7443
ZNF831,153
EDN3,48
PHACTR3,71
SYCP2,3904
FAM217B,2222
PPP1R3D,1176
CDH26,305
CDH4,56
TAF4,4193
LSM14B,5253
PSMA7,10021
SS18L1,5195
MTG2,2406
HRH3,62
OSBPL2,6159
ADRM1,12348
LAMA5,18958
CABLES2,1928
RBBP8NL,1017
GATA5,172
SLCO4A1,548
NTSR1,46
MRGBP,3732
OGFR,7079
COL9A3,2248
TCFL5,2143
DIDO1,8023
GID8,11922
SLC17A9,1058
BHLHE23,50
YTHDF1,971
BIRC7,134
NKAIN4,119
ARFGAP1,6809
COL20A1,98
CHRNA4,48
KCNQ2,28
EEF1A2,4330
PPDPF,25725
PTK6,2095
SRMS,1404
FNDC11,116
HELZ2,4563
GMEB2,1176
STMN3,1339
RTEL1,3228
TNFRSF6B,751
ARFRP1,6356
ZGPAT,5863
LIME1,2316
SLC2A4RG,11831
ZBTB46,1479
ABHD16B,80
TPD52L2,13847
DNAJC5,9318
UCKL1,5766
ZNF512B,4430
SAMD10,1139
PRPF6,11165
C20ORF204,716
SOX18,1404
TCEA2,2916
RGS19,1962
OPRL1,209
LKAAEAR1,113
MYT1,287
NPBWR2,72
PCMTD2,5205
FP565260.1,214
TPTE,108
LIPI,69
RBM11,794
HSPA13,3519
SAMSN1,792
NRIP1,8019
USP25,7369
CXADR,1470
BTG3,1820
C21ORF91,2094
CHODL,473
TMPRSS15,63
NCAM2,699
JAM2,518
ATP5PF,4374
GABPA,3015
APP,37942
CYYR1,1263
ADAMTS1,5458
ADAMTS5,401
N6AMT1,1492
LTN1,2268
RWDD2B,1510
USP16,5331
CCT8,6865
MAP3K7CL,448
BACH1,6560
GRIK1,37
CLDN17,53
CLDN8,309
KRTAP24-1,37
KRTAP25-1,59
KRTAP26-1,37
KRTAP27-1,69
KRTAP23-1,20
KRTAP13-2,48
KRTAP13-1,50
KRTAP13-3,56
KRTAP13-4,58
KRTAP15-1,45
KRTAP19-1,19
KRTAP19-2,13
KRTAP19-3,24
KRTAP19-4,20
KRTAP19-5,57
KRTAP19-6,34
KRTAP19-7,52
KRTAP22-2,62
KRTAP6-3,63
KRTAP6-2,26
KRTAP22-1,83
KRTAP6-1,57
KRTAP20-1,13
KRTAP20-4,42
KRTAP20-2,31
KRTAP20-3,74
KRTAP21-2,40
KRTAP21-1,19
KRTAP8-1,48
KRTAP7-1,40
KRTAP11-1,49
KRTAP19-8,55
TIAM1,1402
SOD1,11111
SCAF4,4609
HUNK,565
MIS18A,2505
MRAP,37
URB1,3647
EVA1C,939
TCP10L,349
CFAP298,15261
SYNJ1,1176
PAXBP1,5757
OLIG2,48
OLIG1,45
IFNAR2,2870
IL10RB,2257
IFNAR1,6444
IFNGR2,10548
TMEM50B,4020
DNAJC28,551
GART,4984
SON,8483
DONSON,1499
CRYZL1,772
ITSN1,2146
ATP5PO,231
SLC5A3,3976
KCNE2,117
RCAN1,3041
CLIC6,2912
RUNX1,13556
SETD4,2672
CBR1,1383
CBR3,1402
DOP1B,2161
MORC3,5117
CHAF1B,1547
CLDN14,69
SIM2,1090
HLCS,2183
RIPPLY3,290
PIGP,2216
TTC3,20937
VPS26C,2809
DYRK1A,6478
KCNJ6,88
KCNJ15,166
ERG,478
ETS2,4879
PSMG1,2359
BRWD1,4476
HMGN1,16080
GET1,4044
LCA5L,745
SH3BGR,368
B3GALT5,1406
IGSF5,103
PCP4,432
DSCAM,246
BACE2,5107
FAM3B,1540
MX2,2958
MX1,34057
TMPRSS2,565
RIPK4,1060
PRDM15,1213
C2CD2,978
ZBTB21,2564
UMODL1,88
ABCG1,3749
TFF3,28549
TFF2,134
TFF1,9007
TMPRSS3,3282
UBASH3A,146
RSPH1,971
SLC37A1,3480
PDE9A,809
WDR4,2630
NDUFV3,5074
PKNOX1,1888
HSF2BP,995
RRP1B,3444
PDXK,14549
CSTB,7317
RRP1,4657
AGPAT3,6111
TRAPPC10,3733
DNMT3L,64
AIRE,39
CFAP410,1637
TRPM2,1543
LRRC3,457
TSPEAR,76
KRTAP10-1,49
KRTAP10-2,97
KRTAP10-3,58
KRTAP10-5,20
KRTAP10-7,44
KRTAP10-8,28
KRTAP10-10,26
KRTAP10-11,49
KRTAP12-4,50
KRTAP12-3,17
KRTAP12-2,57
KRTAP12-1,16
UBE2G2,8717
SUMO3,16193
PTTG1IP,19521
ITGB2,2784
FAM207A,2817
ADARB1,1815
POFUT2,4742
COL18A1,9170
SLC19A1,3004
PCBP3,202
COL6A1,23275
COL6A2,37335
FTCD,111
SPATC1L,2374
LSS,3537
MCM3AP,4533
YBEY,1522
C21ORF58,1839
PCNT,4202
DIP2A,3337
S100B,1258
PRMT2,10544
CCT8L2,55
XKR3,39
GAB4,31
IL17RA,1069
TMEM121B,86
HDHD5,3374
ADA2,1452
CECR2,349
SLC25A18,12
ATP6V1E1,4579
BCL2L13,8147
BID,2971
MICAL3,3087
PEX26,1958
USP18,2814
DGCR2,3577
ESS2,1478
TSSK2,69
GSC2,20
SLC25A1,6144
CLTCL1,152
HIRA,1999
C22ORF39,917
UFD1,2611
CDC45,1370
CLDN5,579
SEPTIN5,5704
GP1BB,1980
TBX1,2349
GNB1L,730
RTL10,3379
TXNRD2,2535
COMT,10295
ARVCF,3270
TANGO2,1899
DGCR8,2659
TRMT2A,2188
ZDHHC8,2805
CCDC188,97
RTN4R,458
USP41,4
ZNF74,851
SCARF2,1726
KLHL22,3257
MED15,6308
PI4KA,5753
SERPIND1,62
SNAP29,5488
CRKL,5164
AIFM3,441
LZTR1,1802
THAP7,1861
P2RX6,20
SLC7A4,70
LRRC74B,59
GGT2,90
AP000552.4,4
RIMBP3B,6
HIC2,653
UBE2L3,3887
YDJC,1857
CCDC116,32
SDF2L1,6779
PPIL2,2352
YPEL1,594
MAPK1,6724
PPM1F,3041
TOP3B,1519
VPREB1,16
ZNF280B,299
ZNF280A,113
PRAME,734
IGLC1,564
IGLC7,32
RSPH14,66
GNAZ,887
RAB36,456
BCR,2983
IGLL1,13
DRICH1,132
RGL4,57
ZNF70,1096
VPREB3,66
C22ORF15,79
CHCHD10,1914
MMP11,28421
SMARCB1,7806
DERL3,912
SLC2A11,1503
MIF,25032
GSTT2B,192
DDTL,854
DDT,10973
GSTT4,46
CABIN1,4110
SUSD2,937
GGT5,1417
SPECC1L,4855
ADORA2A,1168
UPB1,63
GUCD1,7237
SNRPD3,129
GGT1,44
LRRC75B,3456
PIWIL3,44
SGSM1,155
TMEM211,60
KIAA1671,4292
CRYBB3,223
CRYBB2,9
LRP5L,197
GRK3,2534
MYO18B,45
SEZ6L,82
ASPHD2,207
HPS4,2364
SRRD,2380
TFIP11,2688
TPST2,2030
CRYBB1,90
CRYBA4,60
MN1,502
PITPNB,7710
TTC28,1116
CHEK2,2323
HSCB,1223
CCDC117,2267
XBP1,141294
ZNRF3,980
C22ORF31,62
KREMEN1,1311
EMID1,1023
RHBDD3,1758
EWSR1,9436
GAS2L1,1304
RASL10A,229
AP1B1,7927
RFPL1,51
NEFH,217
THOC5,2489
NIPSNAP1,4220
NF2,4297
CABP7,75
ZMAT5,2652
UQCR10,9567
ASCC2,3421
MTMR3,3668
HORMAD2,46
LIF,660
OSM,546
CASTOR1,1005
TBC1D10A,2555
SF3A1,3211
CCDC157,640
RNF215,1561
SEC14L2,2464
MTFP1,1440
SEC14L3,25
SEC14L4,308
SEC14L6,54
GAL3ST1,129
PES1,4632
TCN2,988
SLC35E4,318
DUSP18,710
OSBP2,700
MORC2,4844
SMTN,4670
SELENOM,15840
INPP5J,1410
PLA2G3,78
RNF185,3748
LIMK2,5292
PIK3IP1,1190
PATZ1,5800
EIF4ENIF1,2052
SFI1,2795
PISD,3242
PRR14L,5304
DEPDC5,2060
YWHAH,2832
SLC5A1,897
C22ORF42,32
RFPL2,31
SLC5A4,209
RFPL3,10
RTCB,7046
BPIFC,101
FBXO7,7042
SYN3,60
TIMP3,19621
LARGE1,1755
ISX,32
HMGXB4,3765
TOM1,2756
HMOX1,3894
MCM5,3952
RASD2,1658
MB,3683
APOL6,7548
APOL5,27
RBFOX2,5290
APOL3,1362
APOL4,964
APOL2,6763
APOL1,3727
MYH9,12496
TXN2,4505
FOXRED2,1771
EIF3D,4336
CACNG2,43
IFT27,2316
PVALB,3032
NCF4,527
CSF2RB,592
TEX33,34
TST,1401
MPST,4360
KCTD17,1708
TMPRSS6,359
IL2RB,540
C1QTNF6,1907
SSTR3,68
RAC2,1350
CYTH4,1133
ELFN2,157
MFNG,405
CARD10,1330
CDC42EP1,4969
LGALS2,201
GGA1,4465
SH3BP1,1990
PDXP,972
LGALS1,55393
NOL12,3041
TRIOBP,5184
H1F0,24850
GCAT,1338
GALR3,38
ANKRD54,3035
EIF3L,5187
MICALL1,969
C22ORF23,53
POLR2F,4043
SOX10,2675
PICK1,3275
SLC16A8,58
BAIAP2L2,135
PLA2G6,1914
MAFF,1834
TMEM184B,8825
CSNK1E,7179
KCNJ4,42
KDELR3,2286
DDX17,18191
DMC1,420
FAM227A,1530
CBY1,1849
TOMM22,3893
JOSD1,4816
GTPBP1,5303
SUN2,4012
DNAL4,2841
NPTXR,850
CBX6,2025
APOBEC3A,293
APOBEC3B,468
APOBEC3C,1363
APOBEC3D,522
APOBEC3F,908
APOBEC3G,800
APOBEC3H,89
CBX7,809
PDGFB,3913
SYNGR1,2331
TAB1,2748
MGAT3,223
MIEF1,1609
ATF4,12289
CACNA1I,587
ENTHD1,93
GRAP2,889
Z82206.1,141
FAM83F,4801
TNRC6B,3977
ADSL,3815
SGSM3,6484
MRTFA,5221
MCHR1,105
SLC25A17,2097
ST13,4543
XPNPEP3,503
RBX1,8275
EP300,12138
L3MBTL2,2922
CHADL,178
RANGAP1,10606
ZC3H7B,5111
TEF,1025
TOB2,2434
PHF5A,4143
ACO2,4265
POLR3H,4856
CSDC2,69
PMM1,4046
DESI1,2832
XRCC6,5923
SNU13,9927
MEI1,29
CCDC134,1749
SREBF2,6793
SHISA8,84
TNFRSF13C,337
CENPM,4019
SEPTIN3,1754
WBP2NL,360
NAGA,1787
PHETA2,1046
SMDT1,6413
NDUFA6,1630
CYP2D6,92
TCF20,4056
NFAM1,363
RRP7A,3534
SERHL2,442
POLDIP3,6448
CYB5R3,8336
ATP5MGL,204
A4GALT,1631
ARFGAP3,5280
PACSIN2,4990
TTLL1,1321
BIK,2260
MCAT,2145
TSPO,16516
TTLL12,6505
SCUBE1,101
MPPED1,556
EFCAB6,708
SULT4A1,305
PNPLA5,41
PNPLA3,784
SAMM50,2672
PARVB,1854
PARVG,1043
SHISAL1,182
RTL6,2032
PRR5,1306
ARHGAP8,8631
PHF21B,41
NUP50,3823
KIAA0930,4117
UPK3A,92
FAM118A,1781
SMC1B,577
RIBC2,883
FBLN1,9449
ATXN10,6898
WNT7B,1387
PPARA,1508
CDPF1,1062
PKDREJ,96
TTC38,750
GTSE1,1781
TRMU,3165
CELSR1,10371
GRAMD4,3826
CERK,1595
TBC1D22A,2759
TAFA5,432
BRD1,6967
ZBED4,3408
ALG12,2767
CRELD2,9083
PIM3,8730
IL17REL,104
TTLL8,53
MLC1,35
MOV10L1,96
PANX2,686
TRABD,9581
SELENOO,3700
TUBGCP6,4748
HDAC10,2137
MAPK12,1082
MAPK11,715
PLXNB2,21957
DENND6B,945
PPP6R2,4911
SBF1,3725
ADM2,893
MIOX,57
LMF2,4554
NCAPH2,3628
SCO2,5113
TYMP,17172
ODF3B,6105
KLHDC7B,1564
SYCE3,300
CPT1B,2230
CHKB,7812
MAPK8IP2,1836
ARSA,3779
SHANK3,1015
PLCXD1,1911
GTPBP6,4009
PPP2R3B,2554
SHOX,12
CRLF2,44
CSF2RA,946
IL3RA,411
SLC25A6,8120
ASMTL,2895
P2RY8,126
AKAP17A,4966
ASMT,37
DHRSX,2113
ZBED1,4679
CD99,8120
XG,304
GYG2,742
ARSD,2680
ARSE,174
ARSH,97
ARSF,47
MXRA5,3935
PRKX,541
NLGN4X,499
PUDP,368
STS,882
PNPLA4,2612
VCX2,6
ANOS1,1218
FAM9A,14
FAM9B,8
TBL1X,2472
GPR143,372
SHROOM2,776
CLDN34,68
WWC3,4011
CLCN4,274
MID1,1095
HCCS,2973
ARHGAP6,295
AMELX,55
FRMPD4,55
PRPS2,4479
TLR7,599
TLR8,110
TMSB4X,234649
FAM9C,44
ATXN3L,49
EGFL6,723
TCEANC,541
RAB9A,2661
OFD1,4498
GPM6B,411
GEMIN8,1082
GLRA2,59
FANCB,1026
MOSPD2,2116
ASB9,355
ASB11,16
PIGA,884
VEGFD,105
PIR,3271
BMX,60
ACE2,73
CLTRN,303
CA5B,1266
ZRSR2,961
AP1S2,2099
GRPR,3854
MAGEB17,398
CTPS2,5635
S100G,96
SYAP1,13848
TXLNG,2381
RBBP7,7425
REPS2,4499
NHS,591
SCML1,1211
RAI2,748
BEND2,34
SCML2,401
CDKL5,1802
RS1,45
PPEF1,190
PHKA2,2262
ADGRG2,34
PDHA1,7901
MAP3K15,80
SH3KBP1,1606
BCLAF3,3057
MAP7D2,297
EIF1AX,662
CNKSR2,184
KLHL34,141
SMPX,84
MBTPS2,971
YY2,175
SMS,14577
PHEX,222
CBLL2,42
DDX53,41
PTCHD1,356
PRDX4,5858
ACOT9,3592
SAT1,23339
APOO,639
CXORF58,43
KLHL15,1117
EIF2S3,1169
ZFX,2122
PDK3,3115
PCYT1B,57
POLA1,2392
ARX,175
MAGEB18,40
MAGEB6B,39
MAGEB6,47
MAGEB5,29
PPP4R3C,47
DCAF8L2,71
MAGEB10,54
DCAF8L1,54
IL1RAPL1,44
MAGEB2,36
MAGEB3,27
MAGEB4,194
MAGEB1,70
NR0B1,45
CXORF21,402
TAB3,2497
FTHL17,34
DMD,658
FAM47A,54
TMEM47,419
FAM47B,28
MAGEB16,52
CFAP47,534
FAM47C,29
PRRG1,816
LANCL3,90
XK,147
CYBB,2342
DYNLT3,2166
HYPM,85
AL121578.2,88
SYTL5,501
SRPX,832
RPGR,1157
OTC,35
TSPAN7,222
MID1IP1,3180
BCOR,3110
ATP6AP2,7261
MPC1L,47
CXORF38,2526
MED14,3485
USP9X,14447
DDX3X,4246
NYX,31
CASK,11043
GPR34,930
PPP1R2C,47
MAOA,394
MAOB,14169
NDP,559
EFHC2,270
FUNDC1,1477
DUSP21,50
KDM6A,3854
DIPK2B,421
KRBOX4,1482
ZNF674,309
CHST7,237
SLC9A7,2236
RP2,1839
JADE3,3104
RGN,247
NDUFB11,5825
RBM10,3897
UBA1,7347
CDK16,14957
USP11,1965
ZNF157,4
ZNF41,1073
ARAF,3868
SYN1,113
TIMP1,19691
CFP,160
ELK1,3245
UXT,6214
ZNF182,1164
ZNF630,1180
SSX5,35
SSX3,78
SLC38A5,614
FTSJ1,2435
PORCN,892
EBP,3402
TBC1D25,454
RBM3,12721
WDR13,4730
WAS,693
SUV39H1,1114
GLOD5,82
GATA1,20
HDAC6,4013
ERAS,65
PCSK1N,862
PQBP1,4108
TIMM17B,3441
SLC35A2,654
PIM2,1650
OTUD5,5062
KCND1,166
GRIPAP1,5174
TFE3,4365
CCDC120,1887
PRAF2,1541
WDR45,1904
GPKOW,2094
MAGIX,574
PLP2,3867
PRICKLE3,1577
SYP,128
CACNA1F,124
CCDC22,580
FOXP3,250
PPP1R3F,504
GAGE10,29
GAGE1,13
PAGE1,20
PAGE4,36
USP27X,340
CLCN5,1020
AKAP4,45
CCNB3,97
DGKK,30
SHROOM4,213
BMP15,51
NUDT10,69
EZHIP,50
NUDT11,61
CENPVL3,41
GSPT2,604
MAGED1,7401
XAGE2,124
SSX7,18
SPANXN5,17
XAGE5,19
XAGE3,89
GPR173,638
TSPYL2,3333
KANTR,280
KDM5C,13199
IQSEC2,2678
SMC1A,9440
RIBC1,651
HSD17B10,5109
HUWE1,5675
PHF8,3090
FAM120C,2030
WNK3,186
TSR2,5121
FGD1,2013
GNL3L,3819
ITIH6,241
MAGED2,37182
TRO,656
PFKFB1,254
APEX2,2324
ALAS2,49
FAM104B,2457
PAGE3,42
MAGEH1,3542
USP51,426
FOXR2,62
RRAGB,1584
KLF8,1031
UBQLN2,5113
NBDY,676
SPIN3,2017
SPIN2B,160
FAAH2,1159
ZXDB,458
NLRP2B,38
ZXDA,242
SPIN4,1926
ARHGEF9,1736
AMER1,1300
ASB12,77
MTMR8,138
ZC4H2,426
ZC3H12B,63
LAS1L,2401
MSN,11404
VSIG4,632
HEPH,1100
EDA2R,249
AR,4372
OPHN1,1128
YIPF6,3234
STARD8,500
EFNB1,1962
PJA1,3200
FAM155B,119
EDA,315
AWAT2,28
OTUD6A,29
IGBP1,1859
DGAT2L6,41
AWAT1,57
ARR3,10
RAB41,40
PDZD11,3030
KIF4A,1102
GDPD2,324
DLG3,3385
TEX11,80
SLC7A3,22
SNX12,5684
FOXO4,1405
CXORF65,147
IL2RG,1263
MED12,2611
NLGN3,132
GJB1,170
ZMYM3,2791
NONO,5191
ITGB1BP2,512
TAF1,2050
OGT,14520
GCNA,332
CXCR3,214
BX276092.9,78
NHSL2,655
RTL5,226
ERCC6L,532
CITED1,113
HDAC8,2507
PHKA1,2129
PABPC1L2A,20
NAP1L2,174
CDX4,42
CHIC1,950
ZCCHC13,36
SLC16A2,842
RLIM,2113
NEXMIF,288
ABCB7,3354
UPRT,1006
ZDHHC15,152
MAGEE2,47
PBDC1,2221
MAGEE1,402
FGF16,75
ATRX,8476
MAGT1,4423
COX7B,2903
ATP7A,1274
PGK1,3281
TAF9B,1098
CYSLTR1,237
RTL3,57
LPAR4,85
P2RY10,456
GPR174,300
ITM2A,869
TBX22,72
TENT5D,57
BRWD3,2261
HMGN5,1076
SH3BGRL,17277
POU3F4,29
CYLC1,47
HDX,428
APOOL,2187
ZNF711,1351
POF1B,490
CHM,1422
DACH2,58
KLHL4,66
CPXCR1,40
TGIF2LX,10
PABPC5,219
PCDH11X,54
NAP1L3,187
FAM133A,104
DIAPH2,1603
RPA4,231
PCDH19,289
TNMD,55
TSPAN6,2709
SRPX2,1826
SYTL4,1132
CSTF2,927
NOX1,61
XKRX,136
ARL13A,31
TRMT2B,1835
TMEM35A,52
CENPI,1461
DRP2,86
TAF7L,220
TIMM8A,1477
BTK,464
GLA,1664
HNRNPH2,3873
ARMCX4,652
ARMCX1,2405
ARMCX6,2331
ARMCX3,5276
ARMCX2,2940
NXF5,27
ZMAT1,1798
TCEAL2,64
TCEAL6,140
BEX5,541
TCP11X1,15
TMSB15A,850
ARMCX5,1759
GPRASP1,602
GPRASP2,682
BEX1,208
NXF3,47
BEX4,6723
TCEAL8,8528
TCEAL5,2
BEX2,189
TCEAL7,111
TCEAL9,5133
BEX3,18043
RAB40A,81
TCEAL4,8486
TCEAL3,3943
TCEAL1,4823
MORF4L2,7658
GLRA4,79
TMEM31,78
PLP1,182
RAB9B,369
TMSB15B,1262
H2BFWT,19
H2BFM,15
TMSB15B,239
SLC25A53,250
ZCCHC18,151
FAM199X,6071
ESX1,31
IL1RAPL2,112
TEX13A,51
NRK,1567
SERPINA7,52
PWWP3B,853
RADX,292
RNF128,782
TBC1D8B,1247
MORC4,1369
RIPPLY1,86
CLDN2,148
RBM41,2439
NUP62CL,295
PIH1D3,58
FRMPD3,266
PRPS1,2596
TSC22D3,11348
NCBP2L,146
MID2,2144
TEX13B,44
VSIG1,55
PSMD10,7820
ATG4A,1516
COL4A6,394
COL4A5,4425
IRS4,1316
GUCY2F,45
NXT2,2200
KCNE5,34
ACSL4,1465
TMEM164,1905
AMMECR1,1366
RTL9,48
CHRDL1,127
PAK3,107
CAPN6,423
DCX,314
SERTM2,50
ALG13,4563
TRPC5,66
TRPC5OS,50
RTL4,41
LHFPL1,90
AMOT,1629
HTR2C,41
IL13RA2,68
LRCH2,275
RBMXL3,39
LUZP4,34
PLS3,6065
AGTR2,37
SLC6A14,1777
CT83,800
KLHL13,348
WDR44,1791
DOCK11,802
IL13RA1,7254
ZCCHC12,49
LONRF3,377
AL772284.2,39
KIAA1210,80
PGRMC1,11931
SLC25A43,1620
SLC25A5,150
CXORF56,3095
UBE2A,6665
NKRF,1559
SEPTIN6,2074
SOWAHD,105
UPF3B,1145
RNF113A,1694
NDUFA1,11568
AKAP14,70
NKAP,1401
RHOXF2B,11
RHOXF1,52
ZBTB33,3670
TMEM255A,71
ATP1B4,71
LAMP2,13240
CUL4B,6378
MCTS1,3477
C1GALT1C1,2102
CT47B1,34
GRIA3,199
THOC2,5239
XIAP,2473
STAG2,7265
SH2D1A,334
TEX13D,41
TENM1,114
TEX13C,29
DCAF12L2,51
DCAF12L1,17
PRR32,52
ACTRT1,48
SMARCA1,1583
OCRL,3142
APLN,264
XPNPEP2,26
SASH3,620
ZDHHC9,3524
UTP14A,539
BCORL1,807
ELF4,1901
AIFM1,4529
RAB33A,120
ZNF280C,812
SLC25A14,820
GPR119,67
RBMX2,1110
ENOX2,1608
ARHGAP36,77
IGSF1,143
OR13H1,36
STK26,1779
FRMD7,50
RAP2C,4719
MBNL3,787
HS6ST2,238
USP26,73
TFDP3,43
GPC4,1368
GPC3,2444
CCDC160,427
PHF6,3022
HPRT1,4210
PLAC1,239
FAM122B,5069
FAM122C,637
MOSPD1,1213
SMIM10,233
RTL8B,876
RTL8C,3076
RTL8A,838
SMIM10L2B,205
CT55,48
ZNF75D,981
ETDC,25
ZNF449,760
SMIM10L2A,233
INTS6L,1027
SAGE1,14
MMGT1,1134
SLC9A6,611
FHL1,420
MAP7D3,318
ADGRG4,53
BRS3,72
HTATSF1,5488
VGLL1,1973
CD40LG,98
ARHGEF6,2525
RBMX,4465
GPR101,51
ZIC3,32
FGF13,513
F9,64
MCF2,68
ATP11C,1928
CXORF66,49
SOX3,33
CDR1,23
SPANXB1,44
LDOC1,3372
SPANXD,30
MAGEC3,88
MAGEC1,66
MAGEC2,129
SPANXN4,9
SPANXN3,24
SLITRK4,173
SPANXN2,45
SPANXN1,11
SLITRK2,68
FMR1,3762
FMR1NB,43
AFF2,225
IDS,6009
CXORF40A,1897
HSFX3,98
MAGEA9B,23
TMEM185A,4952
MAGEA11,93
MAGEA8,54
HSFX4,20
MAMLD1,696
MTM1,1573
MTMR1,2760
CD99L2,1775
HMGB3,1407
VMA21,5113
PASD1,27
PRRG3,111
FATE1,45
CNGA2,77
MAGEA4,953
GABRE,3057
MAGEA10,72
GABRA3,57
GABRQ,77
CSAG1,32
MAGEA12,105
MAGEA6,85
CETN2,5245
NSDHL,2533
ZNF185,1784
PNMA5,51
PNMA3,157
PNMA6A,79
MAGEA1,28
AC236972.4,6
PNMA6F,29
ZNF275,1673
PNMA6E,25
ZFP92,116
TREX2,13
BGN,20946
ATP2B3,59
CCNQ,2476
DUSP9,311
PNCK,775
SLC6A8,5350
BCAP31,7849
ABCD1,2704
SRPK3,507
IDH3G,5188
SSR4,7315
PDZD4,218
L1CAM,469
AVPR2,53
ARHGAP4,2676
NAA10,5175
RENBP,695
HCFC1,7241
TMEM187,1011
IRAK1,6650
MECP2,3270
OPN1LW,11
TKTL1,31
FLNA,14827
EMD,10208
DNASE1L1,1938
TAZ,1772
ATP6AP1,9614
GDI1,6903
FAM50A,5351
PLXNA3,6825
LAGE3,4822
UBL4A,852
SLC10A3,2081
FAM3A,2202
G6PD,6981
IKBKG,4240
CTAG2,12
GAB3,452
DKC1,6875
MPP1,1861
SMIM9,51
F8,407
F8A1,283
FUNDC2,842
CMC4,3390
MTCP1,310
BRCC3,2671
VBP1,3911
RAB39B,327
CLIC2,677
TMLHE,2221
SPRY3,191
VAMP7,3318
IL9R,107
TGIF2LY,1
PCDH11Y,1
PRKY,2
USP9Y,1
DDX3Y,1
TMSB4Y,1
KDM5D,2
MT-ND1,46255
MT-ND2,50219
MT-CO2,138266
MT-ATP6,152023
MT-CO3,250443
MT-ND3,30813
MT-ND4L,193029
MT-ND4,137606
MT-ND5,13768
MT-ND6,43731
MT-CYB,147124
