gene,count
SAMD11,1090
NOC2L,2154
KLHL17,951
PLEKHN1,1501
PERM1,164
HES4,5904
ISG15,55958
AGRN,20548
RNF223,347
C1ORF159,1224
TTLL10,124
TNFRSF18,1546
TNFRSF4,517
SDF4,9273
B3GALT6,1428
C1QTNF12,209
UBE2J2,4727
SCNN1D,738
ACAP3,5830
PUSL1,1610
INTS11,8816
CPTP,2462
TAS1R3,224
DVL1,4517
MXRA8,8716
AURKAIP1,10125
CCNL2,26029
ANKRD65,411
TMEM88B,23
VWA1,11024
ATAD3C,1001
ATAD3B,3038
ATAD3A,1707
TMEM240,694
SSU72,5227
FNDC10,610
MIB2,2206
MMP23B,467
CDK11B,1867
CDK11A,431
NADK,3848
GNB1,15511
CALML6,198
TMEM52,320
CFAP74,72
GABRD,345
PRKCZ,1881
FAAP20,3333
SKI,6595
RER1,9420
PEX10,1515
PLCH2,568
PANK4,2287
HES5,117
TNFRSF14,3828
PRXL2B,1976
MMEL1,39
ACTRT2,34
PRDM16,96
ARHGEF16,2087
MEGF6,3711
TPRG1L,2733
WRAP73,1683
TP73,330
CCDC27,38
SMIM1,767
LRRC47,4329
CEP104,1889
DFFB,742
C1ORF174,2740
AJAP1,92
NPHP4,740
KCNAB2,1217
CHD5,50
RNF207,574
ICMT,3893
GPR153,770
ACOT7,2502
HES2,414
ESPN,186
TNFRSF25,2309
PLEKHG5,1750
NOL9,2956
TAS1R1,27
ZBTB48,1291
KLHL21,3259
PHF13,2079
THAP3,794
DNAJC11,3022
CAMTA1,4216
VAMP3,4757
PER3,1594
UTS2,157
TNFRSF9,298
ERRFI1,6737
SLC45A1,116
RERE,11273
ENO1,18181
CA6,103
SLC2A7,56
SLC2A5,626
GPR157,1728
H6PD,1821
SPSB1,4047
SLC25A33,1369
TMEM201,1226
PIK3CD,1023
CLSTN1,8210
CTNNBIP1,5451
LZIC,3838
NMNAT1,864
RBP7,389
UBE4B,3634
KIF1B,7511
PGD,5591
CENPS,1832
CORT,79
DFFA,2498
PEX14,1010
CASZ1,5566
C1ORF127,85
MASP2,55
SRM,7986
EXOSC10,4310
MTOR,3034
ANGPTL7,34
UBIAD1,1384
DISP3,147
FBXO2,1468
FBXO44,3171
FBXO6,1465
MAD2L2,4857
DRAXIN,270
AGTRAP,4559
C1ORF167,43
MTHFR,2096
CLCN6,1414
NPPA,51
NPPB,32
KIAA2013,5582
PLOD1,7715
MFN2,4450
MIIP,2603
TNFRSF8,106
TNFRSF1B,1014
VPS13D,2989
DHRS3,1787
AADACL4,41
AADACL3,27
C1ORF158,69
PRAMEF12,22
PRAMEF1,57
PRAMEF11,148
PRAMEF2,44
PRAMEF4,8
PRAMEF10,66
PRAMEF6,17
PRAMEF27,112
HNRNPCL2,44
PRAMEF13,16
PRAMEF18,58
PRAMEF8,39
PRAMEF33,14
PRAMEF15,52
PRAMEF14,132
PRAMEF19,59
PRAMEF20,59
LRRC38,47
PDPN,1766
PRDM2,4625
KAZN,2058
TMEM51,1310
FHAD1,502
EFHD2,7487
CTRC,50
CELA2A,15
CELA2B,51
CASP9,1492
DNAJC16,1678
AGMAT,171
DDI2,2741
PLEKHM2,4534
SLC25A34,171
TMEM82,48
FBLIM1,4063
UQCRHL,239
SPEN,5721
ZBTB17,2466
SRARP,2296
HSPB7,167
CLCNKA,155
CLCNKB,16
FAM131C,92
EPHA2,982
ARHGEF19,3570
CPLANE2,518
FBXO42,3720
SZRD1,6107
SPATA21,91
NECAP2,4107
NBPF1,349
CROCC,1921
MFAP2,4941
ATP13A2,1650
SDHB,8742
PADI2,6848
PADI1,50
PADI3,53
PADI4,44
PADI6,41
RCC2,7957
ARHGEF10L,3577
ACTL8,142
IGSF21,521
KLHDC7A,400
PAX7,140
TAS1R2,29
ALDH4A1,1249
IFFO2,2804
UBR4,6493
EMC1,1916
MRTO4,1936
AKR7A2,2975
SLC66A1,754
CAPZB,10708
MICOS10,16652
NBL1,14649
HTR6,46
TMCO4,1511
RNF186,54
OTUD3,2258
PLA2G2E,40
PLA2G2A,108
PLA2G5,122
PLA2G2D,143
PLA2G2F,45
PLA2G2C,99
UBXN10,747
VWA5B1,59
CAMK2N1,8065
MUL1,1559
FAM43B,67
CDA,131
PINK1,3347
DDOST,2355
KIF17,102
SH2D5,40
HP1BP3,3128
EIF4G3,4502
ECE1,8546
NBPF3,414
ALPL,314
RAP1GAP,1529
USP48,6510
HSPG2,5022
CELA3B,46
CELA3A,62
WNT4,1297
ZBTB40,1383
EPHA8,81
C1QA,6311
C1QC,9348
C1QB,5792
EPHB2,692
LACTBL1,17
TEX46,79
KDM1A,8318
LUZP1,3789
HTR1D,169
HNRNPR,4823
ZNF436,4213
TCEA3,8735
ASAP3,2163
E2F2,435
ID3,4567
ELOA,4516
PITHD1,4911
GALE,4450
HMGCL,2883
FUCA1,2610
CNR2,66
PNRC2,8107
SRSF10,2438
MYOM3,67
IL22RA1,86
IFNLR1,280
GRHL3,530
STPG1,506
NIPAL3,1064
RCAN3,2950
NCMAP,173
SRRM1,8464
CLIC4,19914
RUNX3,769
SYF2,4311
RSRP1,15439
RHD,39
TMEM50A,11646
RHCE,216
MACO1,3925
LDLRAP1,2489
MAN1C1,493
SELENON,6954
MTFR1L,3501
AUNIP,604
PAQR7,970
STMN1,1071
PAFAH2,1140
EXTL1,264
SLC30A2,367
TRIM63,71
PDIK1L,1947
FAM110D,144
C1ORF232,37
AL391650.1,67
ZNF593,3692
CNKSR1,2751
CATSPER4,73
CEP85,2162
SH3BGRL3,17194
UBXN11,2516
CD52,1753
CRYBG2,286
ZNF683,360
LIN28A,137
DHDDS,2383
ARID1A,6358
PIGV,1079
ZDHHC18,2263
SFN,4661
GPN2,743
GPATCH3,1255
NUDC,9788
NR0B2,62
KDF1,1195
TRNP1,667
TENT5B,749
SLC9A1,2452
WDTC1,4386
TMEM222,837
SYTL1,3571
MAP3K6,1777
FCN3,189
CD164L2,265
GPR3,163
WASF2,6126
AHDC1,3580
FGR,467
IFI6,141258
FAM76A,1973
STX12,4479
PPP1R8,5879
THEMIS2,2002
RPA2,1264
SMPDL3B,849
XKR8,688
EYA3,4442
PTAFR,659
DNAJC8,4702
ATP5IF1,7958
SESN2,1876
MED18,1615
PHACTR4,3511
RCC1,3123
TRNAU1AP,1980
TAF12,3276
RAB42,722
GMEB1,1987
YTHDF2,5714
OPRD1,241
EPB41,2048
TMEM200B,387
SRSF4,7831
MECR,1914
PTPRU,2473
MATN1,76
LAPTM5,6383
SDC3,6101
PUM1,8467
NKAIN1,1033
SNRNP40,5062
ZCCHC17,4274
FABP3,922
SERINC2,9372
TINAGL1,2982
HCRTR1,32
PEF1,3820
COL16A1,5153
ADGRB2,3282
SPOCD1,781
KHDRBS1,3831
TMEM39B,1112
KPNA6,4891
TXLNA,5892
CCDC28B,394
IQCC,515
DCDC2B,58
TMEM234,2570
EIF3I,1771
FAM167B,482
LCK,365
HDAC1,6230
MARCKSL1,30241
TSSK3,99
FAM229A,183
BSDC1,9355
ZBTB8B,78
ZBTB8A,1364
RBBP4,699
SYNC,990
KIAA1522,13369
YARS,2251
S100PBP,4367
FNDC5,91
HPCA,76
TMEM54,4786
RNF19B,4016
AZIN2,1463
TRIM62,619
ZNF362,3932
A3GALT2,57
PHC2,8212
ZSCAN20,656
CSMD2,548
HMGB4,56
C1ORF94,17
SMIM12,3087
GJB5,117
GJB4,47
GJB3,136
GJA4,605
DLGAP3,81
TMEM35B,2043
ZMYM6,1735
ZMYM1,1799
SFPQ,6137
ZMYM4,7329
KIAA0319L,4633
NCDN,2124
TFAP2E,186
PSMB2,7634
C1ORF216,1241
CLSPN,1723
AGO4,2517
AGO1,5078
AGO3,2479
TEKT2,226
ADPRHL2,4114
COL8A2,1703
TRAPPC3,10367
MAP7D1,7528
THRAP3,6654
SH3D21,2967
EVA1B,4254
STK40,4329
LSM10,3503
OSCP1,802
CSF3R,1294
GRIK3,1392
ZC3H12A,3593
MEAF6,10780
SNIP1,2030
DNALI1,3092
GNL2,8670
RSPO1,109
C1ORF109,2015
CDCA8,1900
EPHA10,497
MANEAL,1034
YRDC,2055
C1ORF122,8250
MTF1,2147
INPP5B,2914
SF3A3,3012
FHL3,2689
UTP11,3191
POU3F1,99
RRAGC,3330
MYCBP,3229
GJA9,170
RHBDL2,1439
AKIRIN1,5346
NDUFS5,5149
MACF1,13167
BMP8A,852
PABPC4,3220
HEYL,542
NT5C1A,39
HPCAL4,54
PPIE,4891
BMP8B,578
OXCT2,157
TRIT1,2366
MYCL,565
MFSD2A,645
CAP1,2369
PPT1,14551
RLF,3899
TMCO2,71
ZMPSTE24,6186
COL9A2,1769
SMAP2,3902
ZFP69B,976
ZFP69,597
EXO5,1605
ZNF684,685
RIMS3,886
NFYC,3068
KCNQ4,366
CITED4,21264
CTPS1,3850
SLFNL1,141
SCMH1,3076
FOXO6,1494
EDN2,1411
HIVEP3,1847
GUCA2B,24
GUCA2A,60
FOXJ3,3599
RIMKLA,411
ZMYND12,446
PPCS,2762
CCDC30,1403
PPIH,1042
YBX1,24858
CLDN19,51
P3H1,1855
TMEM269,107
SVBP,4006
ERMAP,1478
ZNF691,1361
SLC2A1,15357
FAM183A,194
EBNA1BP2,8770
CFAP57,172
TMEM125,2848
C1ORF210,1695
TIE1,416
MPL,94
CDC20,2736
ELOVL1,7188
MED8,6871
SZT2,1323
HYI,3421
PTPRF,27618
KDM4A,4233
ST3GAL3,2374
ARTN,571
IPO13,2600
DPH2,3493
ATP6V0B,11617
B4GALT2,4923
CCDC24,3236
SLC6A9,1610
KLF17,47
KLF18,46
DMAP1,3328
ERI3,7471
RNF220,3617
TMEM53,702
ARMH1,335
KIF2C,2374
BEST4,114
PLK3,2304
TCTEX1D4,132
BTBD19,951
PTCH2,124
EIF2B3,2896
HECTD3,2820
UROD,3977
ZSWIM5,434
HPDL,236
MUTYH,226
TOE1,1324
TESK2,1589
CCDC163,379
MMACHC,733
PRDX1,9004
AKR1A1,8020
NASP,122
CCDC17,238
GPBP1L1,13888
TMEM69,2408
IPP,2362
MAST2,3592
PIK3R3,10480
TSPAN1,2953
P3R3URF,53
POMGNT1,5312
LURAP1,242
RAD54L,1035
LRRC41,6875
UQCRH,4263
NSUN4,2645
FAAH,2517
DMBX1,191
TMEM275,55
KNCN,49
MKNK1,1710
MOB3C,1291
ATPAF1,3743
TEX38,89
EFCAB14,9261
CYP4B1,1781
CYP4A11,37
CYP4X1,1791
CYP4Z1,988
CYP4A22,10
PDZK1IP1,3654
TAL1,89
STIL,1843
CMPK1,12207
FOXE3,54
FOXD2,207
TRABD2B,186
SLC5A9,83
SPATA6,1740
AGBL4,358
BEND5,388
ELAVL4,59
DMRTA2,49
FAF1,5447
CDKN2C,1630
C1ORF185,79
RNF11,9890
TTC39A,11892
EPS15,5661
OSBPL9,8125
NRDC,12349
RAB3B,152
TXNDC12,5912
KTI12,853
BTF3L4,11347
ZFYVE9,2884
CC2D1B,2165
ORC1,891
PRPF38A,5931
TUT4,4561
GPX7,1834
SHISAL2A,90
COA7,1175
ZYG11B,3635
ZYG11A,984
ECHDC2,5392
SCP2,12330
PODN,2512
SLC1A7,58
CPT2,2804
CZIB,3408
MAGOH,3731
LRP8,2296
DMRTB1,32
GLIS1,113
NDC1,4337
YIPF1,1364
DIO1,481
HSPB11,3822
LRRC42,4195
LDLRAD1,91
TMEM59,7962
TCEANC2,719
CDCP2,84
CYB5RL,1077
SSBP3,2244
ACOT11,1081
FAM151A,45
MROH7,281
TTC4,1382
PARS2,662
TTC22,1267
LEXM,84
DHCR24,20398
TMEM61,254
BSND,83
PCSK9,77
USP24,5276
PLPP3,5384
PRKAA2,458
FYB2,307
C8A,47
C8B,63
DAB1,127
OMA1,1951
TACSTD2,32030
MYSM1,3243
JUN,21496
FGGY,717
HOOK1,4392
CYP2J2,712
C1ORF87,50
NFIA,4312
TM2D1,4381
PATJ,23239
L1TD1,96
KANK4,896
USP1,10615
DOCK7,3635
ANGPTL3,100
ATG4C,1673
FOXD3,142
ALG6,2745
ITGB3BP,2057
EFCAB7,1107
PGM1,7504
ROR1,774
UBE2U,4
CACHD1,1339
RAVER2,2926
JAK1,6153
AK4,5587
DNAJC6,486
LEPROT,3157
LEPR,731
PDE4B,4251
SGIP1,816
TCTEX1D1,124
INSL5,48
WDR78,603
MIER1,7333
SLC35D1,1665
C1ORF141,49
IL23R,94
IL12RB2,787
SERBP1,9820
GADD45A,4091
GNG12,6857
DIRAS3,143
WLS,2478
RPE65,65
DEPDC1,1547
LRRC7,35
LRRC40,4247
SRSF11,4693
ANKRD13C,2668
HHLA3,1084
CTH,656
PTGER3,2948
ZRANB2,9023
NEGR1,459
LRRIQ3,178
FPGT,2328
TNNI3K,90
LRRC53,71
ERICH3,112
CRYZ,3744
TYW3,2851
LHX8,88
SLC44A5,464
ACADM,6582
RABGGTB,10033
MSH4,112
ASB17,49
ST6GALNAC3,267
ST6GALNAC5,1287
PIGK,2022
AK5,360
AC118549.1,4336
USP33,5890
MIGA1,3174
NEXN,870
FUBP1,12935
DNAJB4,3855
GIPC2,96
PTGFR,307
IFI44L,17869
IFI44,17860
ADGRL4,1589
ADGRL2,2705
TTLL7,938
PRKACB,2137
SAMD13,283
DNASE2B,140
RPF1,2443
GNG5,971
SPATA1,237
CTBS,3733
SSX2IP,1885
LPAR3,326
MCOLN2,550
WDR63,107
MCOLN3,483
SYDE2,2040
C1ORF52,3112
BCL10,4414
DDAH1,6294
CCN1,17155
ZNHIT6,5808
COL24A1,367
ODF2L,138
CLCA2,576
CLCA1,44
CLCA4,112
SH3GLB1,8849
SELENOF,9174
HS2ST1,3125
LMO4,6512
PKN2,4168
GTF2B,3338
KYAT3,1280
RBMXL1,1058
GBP3,2881
GBP1,7858
GBP2,4100
GBP7,60
GBP4,1482
GBP5,2598
GBP6,81
LRRC8B,1812
LRRC8C,851
LRRC8D,2417
ZNF326,3752
BARHL2,34
ZNF644,11510
HFM1,60
CDC7,1286
TGFBR3,580
BRDT,63
EPHX4,260
BTBD8,1007
C1ORF146,20
GLMN,1651
RPAP2,1571
GFI1,192
EVI5,2467
DIPK1A,648
MTF2,4244
TMED5,3220
CCDC18,956
DR1,5862
FNBP1L,8586
BCAR3,2238
DNTTIP2,5545
GCLM,3152
ABCA4,453
ARHGAP29,6264
ABCD3,5960
F3,1996
SLC44A3,1117
CNN3,32979
ALG14,1335
TLCD4,335
RWDD3,1720
PTBP2,1451
DPYD,3036
SNX7,1306
PLPPR5,77
PLPPR4,147
PALMD,814
FRRS1,1420
AGL,5939
SLC35A3,4182
MFSD14A,4047
SASS6,1022
TRMT13,2098
LRRC39,219
DBT,1452
RTCA,3812
CDC14A,1443
GPR88,69
VCAM1,2095
EXTL2,1186
SLC30A7,3497
DPH5,1856
S1PR1,707
OLFM3,53
COL11A1,12345
RNPC3,3435
AMY2A,57
PRMT6,1080
NTNG1,71
VAV3,8100
SLC25A24,7113
FAM102B,4475
HENMT1,2209
PRPF38B,6009
FNDC7,71
STXBP3,3025
GPSM2,4828
CLCC1,6451
WDR47,1596
TAF13,5374
TMEM167B,3858
C1ORF194,87
KIAA1324,12733
SARS,2576
CELSR2,967
PSRC1,1075
MYBPHL,26
SORT1,6426
PSMA5,1723
SYPL2,72
ATXN7L2,365
CYB561D1,685
AMIGO1,313
GPR61,84
GNAI3,11202
GNAT2,76
AMPD2,3752
GSTM1,12
GSTM3,11166
EPS8L3,61
CSF1,2438
AHCYL1,8212
STRIP1,2534
ALX3,272
UBL4B,57
SLC6A17,138
KCNC4,2231
RBM15,5984
SLC16A4,1070
LAMTOR5,3020
PROK1,64
KCNA10,57
KCNA2,69
KCNA3,195
CD53,2059
LRIF1,3657
DRAM2,4926
CEPT1,3545
DENND2D,2926
CHI3L2,1912
CHIA,61
PIFO,765
OVGP1,253
WDR77,4196
ATP5PB,4487
C1ORF162,1269
TMIGD3,220
ADORA3,407
RAP1A,7672
INKA2,366
DDX20,1170
KCND3,172
CTTNBP2NL,2215
WNT2B,232
ST7L,1816
CAPZA1,2196
MOV10,5683
RHOC,24836
PPM1J,1858
TAFA3,140
SLC16A1,5081
LRIG2,3220
MAGI3,3411
PHTF1,2693
RSBN1,2060
PTPN22,573
BCL2L15,34
AP4B1,2850
DCLRE1B,392
HIPK1,4229
OLFML3,2574
SYT6,72
TRIM33,5598
BCAS2,2829
DENND2C,217
AMPD1,95
NRAS,8084
CSDE1,16417
SIKE1,5138
SYCP1,73
TSHB,55
TSPAN2,698
NGF,134
VANGL1,2884
CASQ2,41
NHLH2,42
SLC22A15,1048
MAB21L3,67
ATP1A1,4651
CD58,1890
IGSF3,2535
CD2,1254
PTGFRN,4982
CD101,405
TTF2,2260
TRIM45,2464
VTCN1,11779
MAN1A2,3113
TENT5C,1469
GDAP2,3849
WDR3,3083
SPAG17,337
TBX15,292
WARS2,1871
HAO2,71
HSD3B2,40
HSD3B1,30
ZNF697,1355
PHGDH,11203
HMGCS2,612
REG4,45
ADAM30,68
NOTCH2,4920
SEC22B,9334
PPIAL4A,27
FCGR1B,265
NBPF20,909
PDZK1,507
CD160,55
RNF115,8558
POLR3C,3377
NUDT17,587
PIAS3,4294
ANKRD35,428
ITGA10,768
PEX11B,3435
RBM8A,1651
LIX1L,4304
ANKRD34A,340
POLR3GL,3003
TXNIP,15270
HJV,202
PRKAB2,1913
FMO5,852
BCL9,1989
ACP6,2332
GJA5,466
GJA8,78
GPR89B,986
NBPF11,514
PPIAL4G,394
NBPF19,111
FCGR1A,226
HIST2H2BE,5186
BOLA1,1439
SV2A,177
SF3B4,12473
MTMR11,1852
OTUD7B,5737
VPS45,8424
PLEKHO1,6718
ANP32E,6278
CA14,29
APH1A,11058
C1ORF54,1520
CIART,1163
PRPF3,11797
RPRD2,4694
TARS2,2016
ECM1,8239
ADAMTSL4,690
MCL1,51684
ENSA,10978
GOLPH3L,5547
HORMAD1,1043
CTSS,5424
CTSK,13924
ARNT,4107
CTXND2,128
SETDB1,6261
CERS2,14470
ANXA9,2223
MINDY1,3341
PRUNE1,1945
BNIPL,4420
C1ORF56,1325
CDC42SE1,13231
MLLT11,2093
GABPB2,2731
SEMA6C,763
TNFAIP8L2,233
SCNM1,4381
LYSMD1,958
TMOD4,4
VPS72,8387
PIP5K1A,6618
PSMD4,6538
ZNF687,2664
PI4KB,6488
RFX5,5501
SELENBP1,16356
PSMB4,11358
POGZ,10927
CGN,7827
TUFT1,10487
SNX27,5866
CELF3,381
RIIAD1,445
OAZ3,900
TDRKH,2096
LINGO4,150
RORC,2002
C2CD4D,550
THEM5,79
THEM4,1100
S100A10,42720
S100A11,13133
TCHHL1,59
TCHH,97
RPTN,47
HRNR,151
FLG,140
FLG2,44
CRNN,57
LCE5A,50
CRCT1,40
LCE3E,61
LCE3D,89
LCE3C,22
LCE3B,4
LCE3A,39
LCE2D,37
LCE2C,35
LCE2B,68
LCE2A,41
LCE4A,65
C1ORF68,66
KPRP,69
LCE1D,16
LCE1C,63
LCE1B,69
LCE1A,70
LCE6A,62
AL162596.1,32
SMCP,45
IVL,246
SPRR5,49
SPRR4,43
SPRR3,60
SPRR1B,129
SPRR2D,35
SPRR2A,14
SPRR2B,27
SPRR2E,33
SPRR2F,137
SPRR2G,65
LELP1,37
PRR9,76
LOR,66
PGLYRP3,113
PGLYRP4,79
S100A9,27223
S100A12,79
S100A8,7154
S100A7A,32
S100A7L2,28
S100A6,36124
S100A5,117
S100A4,5941
S100A3,187
S100A2,1094
S100A16,38643
S100A14,18236
S100A13,27912
S100A1,19575
CHTOP,12466
SNAPIN,3313
ILF2,11684
NPR1,532
INTS3,4943
SLC27A3,1962
GATAD2B,6682
DENND4B,3390
CRTC2,7327
SLC39A1,2759
CREB3L4,5941
JTB,8283
RAB13,18625
NUP210L,100
C1ORF189,162
C1ORF43,9261
UBAP2L,13887
HAX1,5081
AQP10,41
ATP8B2,1830
IL6R,591
SHE,322
TDRD10,139
UBE2Q1,7158
CHRNB2,139
ADAR,38929
KCNN3,167
PMVK,7334
PBXIP1,3905
PYGO2,3462
SHC1,9817
CKS1B,5891
FLAD1,5896
LENEP,59
ZBTB7B,10912
DCST2,410
DCST1,63
ADAM15,14978
EFNA4,2594
EFNA3,2323
EFNA1,10878
SLC50A1,6251
DPM3,2112
KRTCAP2,8240
TRIM46,604
MUC1,45620
THBS3,4034
MTX1,2528
GBA,5459
FAM189B,2543
SCAMP3,5223
CLK2,3149
HCN3,721
PKLR,67
FDPS,3840
RUSC1,8489
ASH1L,10147
MSTO1,5936
YY1AP1,5881
DAP3,17522
GON4L,6388
SYT11,543
RIT1,3575
KHDC4,10465
RXFP4,98
ARHGEF2,9608
SSR2,23020
UBQLN4,2685
LAMTOR2,7832
RAB25,9719
MEX3A,5237
LMNA,48591
SEMA4A,1702
SLC25A44,3973
PMF1,4856
BGLAP,1184
PAQR6,1554
SMG5,10503
TMEM79,2484
GLMP,3484
VHLL,116
CCT3,10240
TSACC,167
RHBG,143
C1ORF61,121
MEF2D,6669
IQGAP3,3231
TTC24,18
NAXE,8395
GPATCH4,5012
HAPLN2,48
BCAN,193
NES,7751
CRABP2,71170
ISG20L2,4043
RRNAD1,2650
HDGF,18403
PRCC,6561
SH2D2A,530
NTRK1,131
INSRR,58
PEAR1,405
LRRC71,61
ARHGEF11,3373
ETV3L,58
ETV3,3137
FCRL5,245
FCRL4,45
FCRL3,93
FCRL2,178
FCRL1,111
CD5L,51
KIRREL1,2431
CD1D,151
CD1A,109
CD1C,209
CD1B,66
CD1E,100
OR10T2,64
OR10K2,65
OR10K1,61
OR10R2,99
OR6Y1,72
OR6P1,75
OR10X1,81
OR10Z1,110
SPTA1,84
OR6K2,85
OR6K3,54
OR6N1,70
OR6K6,94
OR6N2,73
MNDA,895
PYHIN1,270
IFI16,6946
AIM2,315
CADM3,110
ACKR1,239
FCER1A,176
OR10J1,57
OR10J5,85
APCS,74
CRP,88
DUSP23,7099
FCRL6,159
SLAMF8,750
AL590560.2,12
VSIG8,255
CFAP45,798
TAGLN2,10665
IGSF9,2675
SLAMF9,127
KCNJ10,118
PIGM,1761
KCNJ9,82
IGSF8,4457
ATP1A2,82
ATP1A4,339
CASQ1,288
PEA15,18163
DCAF8,18058
PEX19,6203
COPA,20936
NCSTN,5803
NHLH1,132
VANGL2,3090
SLAMF6,361
CD84,823
SLAMF1,335
CD48,810
SLAMF7,483
LY9,245
CD244,41
ITLN1,89
ITLN2,124
F11R,10650
TSTD1,11457
USF1,6468
ARHGAP30,2133
NECTIN4,5660
KLHDC9,1942
PFDN2,17010
NIT1,3643
DEDD,8812
UFC1,14682
USP21,3785
PPOX,1842
B4GALT3,3781
ADAMTS4,2820
NDUFS2,13878
FCER1G,3445
APOA2,112
TOMM40L,1792
NR1I3,96
PCP4L1,119
MPZ,701
CFAP126,193
FCGR2A,2266
HSPA6,5148
FCGR3A,4721
FCGR3B,236
FCGR2B,868
FCRLA,110
FCRLB,89
DUSP12,3014
ATF6,6508
OLFML2B,3576
NOS1AP,468
SPATA46,105
C1ORF226,686
SH2D1B,52
UHMK1,12035
UAP1,10996
DDR2,1880
CCDC190,39
RGS4,1324
RGS5,3115
NUF2,2299
PBX1,17439
LMX1A,38
RXRG,79
LRRC52,115
MGST3,16724
ALDH9A1,9104
TMCO1,15745
UCK2,5995
FAM78B,291
POGK,10394
TADA1,1525
ILDR2,130
MAEL,95
GPA33,65
DUSP27,52
POU2F1,1598
CD247,257
CREG1,9532
RCSD1,1065
MPZL1,4229
ADCY10,154
MPC2,8732
DCAF6,7793
GPR161,1573
TIPRL,9779
SFT2D2,3756
TBX19,667
XCL2,95
XCL1,169
DPT,684
ATP1B1,12792
NME7,2407
BLZF1,4776
CCDC181,85
SLC19A2,3587
F5,174
SELP,160
C1ORF112,2441
SELL,798
SELE,213
METTL18,1641
SCYL3,2902
KIFAP3,5298
METTL11B,61
GORAB,2504
PRRX1,8267
MROH9,89
FMO3,151
FMO2,420
FMO1,679
FMO4,822
PRRC2C,9767
MYOCOS,72
MYOC,41
VAMP4,2514
EEF1AKNMT,6061
DNM3,473
PIGC,1869
C1ORF105,51
SUCO,6923
FASLG,276
TNFSF18,144
TNFSF4,607
PRDX6,3942
SLC9C2,50
ANKRD45,170
TEX50,49
KLHL20,2529
CENPL,2269
DARS2,3065
ZBTB37,2376
SERPINC1,108
RC3H1,7612
RABGAP1L,14300
TNN,231
KIAA0040,3703
TNR,66
COP1,3164
PAPPA2,68
ASTN1,82
BRINP2,281
SEC16B,594
RASAL2,3794
CLEC20A,79
TEX35,88
RALGPS2,6598
ANGPTL1,127
FAM20B,5546
TOR3A,3217
ABL2,4486
SOAT1,2568
AXDND1,220
NPHS2,54
TDRD5,1212
FAM163A,47
TOR1AIP2,4589
TOR1AIP1,3670
CEP350,6242
QSOX1,6363
LHX4,63
ACBD6,7198
XPR1,2953
KIAA1614,362
STX6,6568
IER5,5970
CACNA1E,54
ZNF648,147
GLUL,46838
TEDDM1,92
RGSL1,60
RNASEL,910
RGS16,1999
RGS8,51
NPL,2289
DHX9,7560
SHCBP1L,66
LAMC1,5287
LAMC2,1147
NMNAT2,196
SMG7,1643
NCF2,1972
ARPC5,6180
RGL1,2241
APOBEC4,112
COLGALT2,238
TSEN15,2255
C1ORF21,20751
EDEM3,9417
NIBAN1,1145
RNF2,1503
TRMT1L,3778
SWT1,1467
IVNS1ABP,7355
HMCN1,2162
PRG4,67
TPR,10849
ODR4,5235
PDC,54
PTGS2,412
PLA2G4A,607
BRINP3,60
RGS18,132
RGS21,44
RGS1,4922
RGS13,198
RGS2,2553
UCHL5,4145
RO60,8833
GLRX2,4266
CDC73,12180
B3GALT2,97
KCNT2,171
CFH,1824
CFHR3,109
CFHR4,118
CFHR2,75
CFHR5,56
F13B,121
ASPM,2309
ZBTB41,6222
CRB1,81
DENND1B,4794
C1ORF53,1066
LHX9,94
NEK7,8175
ATP6V1G3,77
PTPRC,581
NR5A2,320
ZNF281,3288
KIF14,1788
DDX59,3708
CAMSAP2,7178
GPR25,87
INAVA,2367
KIF21B,747
CACNA1S,123
ASCL5,82
TMEM9,8004
IGFN1,105
PKP1,755
TNNT2,329
LAD1,5336
TNNI1,41
PHLDA3,3894
CSRP1,38598
NAV1,3001
IPO9,6654
SHISA4,1639
LMOD1,1058
TIMM17A,7781
RNPEP,9368
ELF3,20350
GPR37L1,196
ARL8A,7919
PTPN7,712
LGR6,133
UBE2T,4254
PPP1R12B,6203
SYT2,8
KDM5B,12823
RABIF,3729
KLHL12,5527
ADIPOR1,12351
CYB5R1,5885
TMEM183A,12708
PPFIA4,1263
MYOG,92
ADORA1,1528
MYBPH,70
CHI3L1,3761
CHIT1,175
BTG2,12094
FMOD,1246
PRELP,3391
OPTC,69
ATP2B4,8165
LAX1,241
SNRPE,5965
SOX13,2807
ETNK2,3454
REN,70
KISS1,271
GOLT1A,396
PLEKHA6,4768
PPP1R15B,8813
PIK3C2B,3159
MDM4,19792
LRRN2,1418
NFASC,1177
CNTN2,39
TMEM81,493
RBBP5,2935
DSTYK,2380
TMCC2,305
NUAK2,1137
KLHDC8A,151
LEMD1,666
BLACAT1,342
CDK18,2195
MFSD4A,187
ELK4,5893
SLC45A3,351
NUCKS1,23846
RAB29,2802
SLC41A1,1861
PM20D1,58
SLC26A9,113
RAB7B,952
CTSE,96
RHEX,198
AVPR1B,85
IKBKE,1121
RASSF5,1330
EIF2D,5085
DYRK3,969
MAPKAPK2,13028
IL10,168
IL19,64
IL20,379
IL24,151
FCMR,778
PIGR,804
FCAMR,62
C1ORF116,1443
PFKFB2,1791
YOD1,1495
C4BPB,215
C4BPA,126
CD55,8314
CR2,43
CR1,232
CR1L,100
CD46,15717
CD34,1589
PLXNA2,1359
CAMK1G,145
LAMB3,3531
G0S2,869
HSD11B1,100
TRAF3IP3,1058
C1ORF74,982
IRF6,7214
UTP25,3444
SYT14,103
SERTAD4,4822
HHAT,2419
KCNH1,460
RCOR3,5366
TRAF5,5376
RD3,75
SLC30A1,8056
NEK2,1483
LPGAT1,9053
INTS7,6147
DTL,2109
PPP2R5A,5289
PACC1,1417
NENF,12665
ATF3,11568
FAM71A,68
BATF3,639
NSL1,4507
TATDN3,2230
SPATA45,77
FLVCR1,3469
VASH2,1857
ANGEL2,2312
PROX1,277
SMYD2,7086
PTPN14,3493
CENPF,4697
KCNK2,627
KCTD3,18651
USH2A,83
ESRRG,560
GPATCH2,7673
SPATA17,1153
RRP15,5724
TGFB2,962
LYPLAL1,6924
SLC30A10,67
EPRS,16916
BPNT1,6045
IARS2,12274
RAB3GAP2,7494
MARK1,1464
C1ORF115,1957
MARC2,1851
MARC1,1970
HLX,808
DUSP10,6635
HHIPL2,267
TAF1A,2321
MIA3,8064
AIDA,4012
BROX,10113
FAM177B,138
DISP1,892
TLR5,1297
SUSD4,2616
CCDC185,91
CAPN8,3733
CAPN2,17546
TP53BP2,7520
FBXO28,7031
DEGS1,8531
NVL,5083
CNIH4,3473
WDR26,22341
CNIH3,499
DNAH14,6729
LBR,4587
ENAH,25632
SRP9,18987
EPHX1,10366
TMEM63A,11679
LEFTY1,183
PYCR2,7328
LEFTY2,117
SDE2,5316
H3F3A,59513
ACBD3,14950
MIXL1,113
LIN9,1726
PARP1,5205
STUM,128
ITPKB,5313
PSEN2,2268
COQ8A,2171
CDC42BPA,6245
ZNF678,1521
SNAP47,5220
JMJD4,3918
PRSS38,70
WNT9A,1084
WNT3A,100
ARF1,13611
C1ORF35,3754
GUK1,21482
GJC2,433
IBA57,1392
OBSCN,3542
TRIM11,5245
TRIM17,2650
HIST3H3,50
HIST3H2A,2964
HIST3H2BB,1658
RNF187,17244
RHOU,2214
RAB4A,9609
CCSAP,2115
ACTA1,185
NUP133,5941
ABCB10,2059
TAF5L,1589
URB2,1666
GALNT2,7911
PGBD5,167
COG2,4329
AGT,517
CAPN9,532
C1ORF198,14490
TTC13,3273
ARV1,3885
FAM89A,490
TRIM67,57
AL109810.2,59
C1ORF131,2489
GNPAT,4810
EXOC8,2766
SPRTN,1769
EGLN1,8819
TSNAX,7662
DISC1,933
SIPA1L2,3885
MAP10,922
NTPCR,2516
PCNX2,3407
MAP3K21,1171
KCNK1,4680
SLC35F3,112
COA6,4701
TARBP1,6485
IRF2BP2,10204
TOMM20,15473
RBM34,158
ARID4B,9200
GGPS1,5672
TBCE,3052
TBCE,2208
B3GALNT2,2570
GNG4,1548
LYST,4262
NID1,5078
GPR137B,3883
ERO1B,2291
EDARADD,1201
LGALS8,6523
HEATR1,4995
ACTN2,56
MTR,5482
MT1HL1,29
RYR2,166
ZP4,104
CHRM3,353
FMN2,90
GREM2,120
RGS7,138
FH,11003
KMO,1861
OPN3,4154
CHML,3586
WDR64,8
EXO1,2642
BECN2,130
MAP1LC3C,73
PLD5,76
CEP170,3293
SDCCAG8,5756
AKT3,3688
ZBTB18,8478
C1ORF100,38
ADSS,11015
CATSPERE,182
DESI2,5534
AL451007.3,71
COX20,3749
HNRNPU,21847
EFCAB2,2349
KIF26B,1651
SMYD3,3696
TFB2M,1369
CNST,4144
SCCPDH,8745
AHCTF1,1016
ZNF695,1224
ZNF670,968
ZNF669,776
ZNF124,1288
ZNF496,3108
NLRP3,234
OR2B11,77
GCSAML,86
OR2C3,91
GCSAML-AS1,30
OR2G2,86
OR2G3,61
OR13G1,72
OR6F1,81
OR14A2,49
OR14K1,129
OR1C1,72
OR14A16,43
OR11L1,56
TRIM58,231
OR2T8,139
OR2AJ1,107
OR2AK2,22
OR2L5,66
OR2L2,40
OR2L3,106
OR2L13,110
OR2M5,22
OR2M2,39
OR2M3,69
OR2M4,95
OR2T33,44
OR2T12,113
OR2M7,10
OR14C36,53
OR2T4,101
OR2T6,99
OR2T1,63
OR2T2,81
OR2G6,102
OR2T34,61
OR2T10,38
OR2T11,94
OR2T27,7
OR14I1,72
LYPD8,56
SH3BP5L,5742
ZNF672,2934
ZNF692,4638
PGBD2,1732
FAM110C,1218
SH3YL1,5112
ACP1,2201
ALKAL2,91
TMEM18,3565
SNTG2,106
PXDN,10003
EIPR1,3215
TRAPPC12,3825
ADI1,11229
RNASEH1,4639
COLEC11,174
ALLC,20
DCDC2C,23
CMPK2,5513
RSAD2,5470
RNF144A,1557
ID2,6360
KIDINS220,7423
MBOAT2,5471
ASAP2,5047
ITGB1BP1,4702
CPSF3,3333
IAH1,6894
ADAM17,5532
YWHAQ,12970
TAF1B,901
GRHL1,4863
KLF11,2414
CYS1,601
RRM2,2856
HPCAL1,4274
ODC1,1548
NOL10,3431
ATP6V1C2,652
PDIA6,9631
KCNF1,1049
C2ORF50,149
SLC66A3,2197
ROCK2,5505
E2F6,2071
GREB1,12837
NTSR2,45
LPIN1,1688
TRIB2,9396
LRATD1,1609
NBAS,4877
DDX1,7158
MYCNOS,105
MYCN,364
FAM49A,997
RAD51AP2,151
VSNL1,957
SMC6,3950
GEN1,2307
MSGN1,27
KCNS3,1700
RDH14,2787
NT5C1B,44
OSR1,478
TTC32,998
WDR35,2746
MATN3,1018
LAPTM4A,12184
SDC1,7719
PUM2,10039
RHOB,46410
HS1BP3,646
GDF7,49
LDAH,1331
APOB,48
TDRD15,96
KLHL29,166
ATAD2B,3004
UBXN2A,2488
MFSD2B,70
WDCP,722
FKBP1B,352
SF3B6,5086
FAM228B,1118
TP53I3,1970
PFN4,264
FAM228A,102
ITSN2,3763
NCOA1,3195
PTRHD1,2845
CENPO,1576
ADCY3,2662
DNAJC27,1001
EFR3B,465
POMC,60
DNMT3A,7891
DTNB,4601
ASXL2,2809
KIF3C,1771
RAB10,17522
GAREM2,655
HADHA,11508
HADHB,5221
ADGRF3,69
SELENOI,2736
DRC1,106
OTOF,195
FAM166C,224
CIB4,52
KCNK3,186
SLC35F6,6341
CENPA,1434
DPYSL5,140
MAPRE3,1658
TMEM214,4004
AGBL5,3250
OST4,4013
EMILIN1,4034
KHK,428
CGREF1,1244
ABHD1,153
PREB,4855
PRR30,45
TCF23,42
SLC5A6,6611
ATRAID,8298
CAD,2738
SLC30A3,85
DNAJC5G,65
TRIM54,85
UCN,625
MPV17,13062
GTF3C2,4872
EIF2B4,2773
SNX17,9093
ZNF513,1906
PPM1G,5702
NRBP1,10916
KRTCAP3,2586
IFT172,3263
FNDC4,549
GCKR,39
C2ORF16,62
ZNF512,3972
CCDC121,573
GPN1,4199
SUPT7L,2794
SLC4A1AP,3572
RBKS,587
BABAM2,3013
FOSL2,6758
PLB1,195
PPP1CB,15188
SPDYA,2
TRMT61B,2821
WDR43,5977
TOGARAM2,129
PCARE,39
CLIP4,2049
ALK,48
YPEL5,8715
LBH,2809
LCLAT1,2418
CAPN13,4354
GALNT14,420
CAPN14,33
EHD3,1230
XDH,1087
SRD5A2,146
DPY30,7907
SPAST,3548
SLC30A6,3166
NLRC4,245
YIPF4,6077
BIRC6,5663
TTC27,2803
LTBP1,3039
RASGRP3,899
FAM98A,3448
CRIM1,3538
FEZ2,3924
VIT,302
STRN,5351
HEATR5B,3974
GPATCH11,623
EIF2AK2,17189
SULT6B1,85
CEBPZOS,3788
CEBPZ,4690
NDUFAF7,1917
PRKD3,3311
QPCT,608
CDC42EP3,2136
RMDN2,584
CYP1B1,5732
ATL2,4740
HNRNPLL,4729
GALM,1196
SRSF7,5388
GEMIN6,2535
DHX57,2244
MORN2,2994
ARHGEF33,287
SOS1,3092
CDKL4,44
MAP4K3,2569
TMEM178A,284
THUMPD2,1133
SLC8A1,1683
C2ORF91,65
PKDCC,719
EML4,7595
COX7A2L,14162
KCNG3,215
MTA3,6118
OXER1,140
HAAO,307
ZFP36L2,14046
THADA,4892
PLEKHH2,623
C1GALT1C1L,94
DYNC2LI1,2540
ABCG5,88
ABCG8,39
LRPPRC,13110
PPM1B,6281
SLC3A1,92
PREPL,4013
CAMKMT,2650
SIX3,61
SIX2,246
SRBD1,1568
PRKCE,1117
EPAS1,6388
TMEM247,64
ATP6V1E2,525
RHOQ,4464
PIGF,2667
CRIPT,4760
SOCS5,4587
MCFD2,5409
TTC7A,2388
CALM2,13341
EPCAM,16197
MSH2,4844
KCNK12,130
MSH6,6196
FBXO11,3505
FOXN2,2187
PPP1R21,3309
STON1,1213
LHCGR,58
FSHR,37
NRXN1,274
ASB3,2344
CHAC2,560
ERLEC1,5926
PSME4,9628
ACYP2,5366
TSPYL6,43
C2ORF73,177
SPTBN1,4510
EML6,150
RTN4,13892
CLHC1,1107
MTIF2,6145
CCDC88A,3400
CFAP36,4448
PPP4R3B,12383
EFEMP1,3603
CCDC85A,154
VRK2,5097
FANCL,3190
BCL11A,2390
PAPOLG,1455
REL,5556
PUS10,893
PEX13,7451
KIAA1841,2165
C2ORF74,1569
USP34,11908
XPO1,2197
FAM161A,650
CCT4,4007
COMMD1,5125
B3GNT2,5005
TMEM17,321
EHBP1,4171
OTX1,305
WDPCP,1177
MDH1,2219
UGP2,2519
VPS54,5222
PELI1,2099
LGALSL,2152
AFTPH,7794
SERTAD2,5292
SLC1A4,3933
CEP68,2253
RAB1A,5701
ACTR2,3133
SPRED2,2035
MEIS1,1240
ETAA1,2580
WDR92,1330
PNO1,2930
PPP3R1,7221
CNRIP1,554
PLEK,1078
FBXO48,581
PROKR1,66
ARHGAP25,910
BMP10,55
GKN2,60
GKN1,52
ANTXR1,11268
GFPT1,9602
NFU1,2807
AAK1,3933
ANXA4,8824
GMCL1,1818
SNRNP27,2864
MXD1,1658
ASPRV1,332
PCBP1,6784
C2ORF42,1106
TIA1,9044
PCYOX1,4222
SNRPG,6336
FAM136A,5337
TGFA,241
ADD2,1019
FIGLA,85
CLEC4F,268
CD207,262
VAX2,679
ATP6V1B1,117
ANKRD53,143
TEX261,3430
NAGK,6794
MCEE,1977
MPHOSPH10,3746
PAIP2B,633
ZNF638,6112
DYSF,1754
CYP26B1,263
EXOC6B,3713
SPR,4224
EMX1,124
SFXN5,1696
RAB11FIP5,2968
NOTO,42
SMYD5,1359
PRADC1,1393
FBXO41,960
EGR4,61
ALMS1,3202
NAT8,46
TPRKB,4153
DUSP11,3841
C2ORF78,62
STAMBP,5131
ACTG2,1494
DGUOK,7367
TET3,2071
BOLA3,705
MOB1A,3371
MTHFD2,9401
SLC4A5,278
DCTN1,9485
C2ORF81,385
WDR54,828
RTKN,5682
INO80B,5103
WBP1,11415
MOGS,6532
CCDC142,167
TTC31,1647
LBX2,251
PCGF1,3102
TLX2,91
DQX1,470
AUP1,7038
HTRA2,2323
LOXL3,546
DOK1,657
M1AP,170
SEMA4F,826
HK2,7323
POLE4,3197
TACR1,195
EVA1A,931
GCFC2,2253
LRRTM4,292
REG3G,22
REG1B,53
REG3A,45
CTNNA2,67
LRRTM1,31
SUCLG1,6136
DNAH6,197
TRABD2A,95
TMSB10,85687
KCMF1,7850
TCF7L1,2823
TGOLN2,9831
RETSAT,4520
ELMOD3,2547
CAPG,19890
SH2D6,59
MAT2A,22390
GGCX,3073
VAMP8,20493
VAMP5,2201
RNF181,7216
TMEM150A,1766
USP39,3107
C2ORF68,5275
SFTPB,95
GNLY,550
ATOH8,117
ST3GAL5,789
POLR1A,4696
IMMT,9871
REEP1,636
KDM3A,6416
CHMP3,10762
RNF103,6299
RMND5A,8435
CD8A,631
PLGLB2,1190
KRCC1,4907
SMYD1,91
FABP1,47
THNSL2,3612
FOXI3,323
TEX37,58
EIF2AK3,2286
RPIA,2849
IGKC,218872
AL845331.2,73
MAL,116
ZNF514,1419
ZNF2,476
AC092835.1,1443
PROM2,8678
KCNIP3,169
FAHD2A,1498
TRIM43,131
GPAT2,432
ADRA2B,99
ASTL,154
DUSP2,2243
STARD7,4628
TMEM127,2908
CIAO1,6846
SNRNP200,11976
ITPRIPL1,304
NCAPH,1138
NEURL3,318
ARID5A,2647
KANSL3,7339
FER1L5,97
LMAN2L,2341
CNNM4,3334
CNNM3,2839
ANKRD39,724
SEMA4C,5026
FAM178B,169
FAHD2B,1813
ANKRD36,522
COX5B,4675
ACTR1B,6131
C2ORF92,1301
ZAP70,748
TMEM131,4330
VWA3B,86
CNGA3,104
INPP4A,1837
COA5,1700
UNC50,5022
MGAT4A,7417
KIAA1211L,1689
TSGA10,769
C2ORF15,1079
LIPT1,1042
MITD1,4224
LYG1,320
TXNDC9,1287
EIF5B,8515
REV1,5569
AFF3,5497
LONRF2,1714
CHST10,956
NMS,1
PDCL3,5387
NPAS2,1507
TBC1D8,3324
CNOT11,9698
RNF149,12561
CREG2,94
RFX8,620
MAP4K4,7829
IL1R2,122
IL1R1,3587
IL1RL2,400
IL1RL1,172
IL18R1,193
IL18RAP,148
SLC9A4,57
SLC9A2,564
MFSD9,1129
TMEM182,1038
POU3F3,216
GPR45,80
TGFBRAP1,3617
C2ORF49,4292
FHL2,11461
NCK2,3990
ECRG4,196
UXS1,3227
RGPD3,37
CD8B2,89
ST6GAL2,639
RGPD4,29
SLC5A7,103
SULT1C3,70
SULT1C2,268
SULT1C4,322
GCC2,3295
CCDC138,1314
EDAR,62
SH3RF3,360
SEPTIN10,2056
SOWAHC,1679
MALL,360
NPHP1,1363
MTLN,4140
BUB1,1873
ACOXL,164
BCL2L11,3888
ANAPC1,913
MERTK,1590
TMEM87B,5492
FBLN7,621
ZC3H8,1900
ZC3H6,1448
TTL,3714
POLR1B,2801
CHCHD5,4386
SLC20A1,7747
NT5DC4,39
CKAP2L,1463
IL1A,105
IL1B,483
IL37,72
IL36G,36
IL36A,37
IL36B,29
IL36RN,62
IL1F10,61
IL1RN,2305
PSD4,3407
PAX8,136
SLC35F5,7372
ACTR3,7422
DPP10,73
DDX18,3796
CCDC93,1909
INSIG2,3041
EN1,1278
MARCO,154
C1QL2,51
STEAP3,2217
C2ORF76,1314
DBI,8808
TMEM37,461
SCTR,48
CFAP221,179
TMEM177,953
PTPN4,2171
EPB41L5,4466
TMEM185B,3791
RALB,1915
INHBB,945
GLI2,259
TFCP2L1,2483
CLASP1,2704
NIFK,1928
TSN,5676
CNTNAP5,33
GYPC,2343
TEX51,49
BIN1,1674
CYP27C1,326
ERCC3,3422
MAP3K2,5363
PROC,172
IWS1,5074
MYO7B,93
LIMS2,2322
GPR17,44
WDR33,6383
SFT2D3,952
POLR2D,1897
AMMECR1L,1457
SAP130,2135
UGGT1,4643
HS6ST1,6663
RAB6C,70
SMPD4,6470
TUBA3E,104
CCDC115,2205
IMP4,5647
PTPN18,1746
GPR148,91
AMER3,46
ARHGEF4,680
FAM168B,4559
PLEKHB2,8159
TUBA3D,13
ANKRD30BL,116
GPR39,628
LYPD1,311
NCKAP5,1200
MGAT5,3475
TMEM163,60
ACMSD,113
CCNT2,4137
MAP3K19,104
RAB3GAP1,5765
ZRANB3,361
R3HDM1,1960
UBXN4,14173
LCT,121
MCM6,5248
DARS,6924
CXCR4,8297
THSD7B,125
HNMT,768
SPOPL,2784
NXPH2,40
LRP1B,320
KYNU,3053
ARHGAP15,891
GTDC1,1610
ZEB2,3072
ACVR2A,1183
ORC4,2786
MBD5,1917
EPC2,3720
KIF5C,400
LYPD6B,2412
LYPD6,622
MMADHC,3277
RND3,2195
RBM43,1102
NMI,5262
TNFAIP6,1529
RIF1,3730
NEB,140
ARL5A,2025
CACNB4,788
STAM2,3902
FMNL2,4475
PRPF40A,13045
ARL6IP6,1226
RPRM,63
GALNT13,427
KCNJ3,380
NR4A2,2004
GPD2,5922
GALNT5,636
ERMN,231
CYTIP,1210
ACVR1C,111
ACVR1,2378
UPP2,47
CCDC148,385
PKP4,3005
TANC1,4414
WDSUB1,2035
BAZ2B,3958
MARCH7,12346
CD302,630
LY75,802
PLA2R1,1391
ITGB6,6344
RBMS1,3021
TANK,2824
PSMD14,3167
TBR1,11
SLC4A10,77
DPP4,389
GCG,45
FAP,3575
IFIH1,7514
GCA,2101
KCNH7,57
FIGN,214
GRB14,1721
COBLL1,2831
SLC38A11,303
SCN3A,42
SCN2A,80
CSRNP3,135
GALNT3,2305
TTC21B,1679
SCN1A,299
SCN9A,122
SCN7A,102
XIRP2,9
B3GALT1,42
STK39,5077
CERS6,7784
NOSTRIN,1900
SPC25,1557
G6PC2,43
ABCB11,65
DHRS9,165
LRP2,981
BBS5,1384
KLHL41,181
FASTKD1,1165
PPIG,6605
CCDC173,134
PHOSPHO2,2843
KLHL23,1082
METTL5,5307
UBR3,3620
MYO3B,236
SP5,182
ERICH2,521
GAD1,153
GORASP2,5730
TLK1,7624
METTL8,1160
DCAF17,2300
CYBRD1,3765
DYNC1I2,9601
SLC25A12,2829
HAT1,5710
METAP1D,767
DLX1,235
DLX2,319
ITGA6,5733
PDK1,5397
RAPGEF4,593
MAP3K20,4413
CDCA7,1099
SP3,7585
SP9,49
CIR1,3688
SCRN3,2143
GPR155,804
WIPF1,4599
CHRNA1,185
CHN1,1230
ATF2,8250
ATP5MC3,3038
LNPK,4474
EVX2,26
HOXD13,27
HOXD12,48
HOXD11,88
HOXD10,159
HOXD9,305
HOXD8,2542
HOXD3,226
HOXD4,872
HOXD1,107
MTX2,3698
HNRNPA3,23940
NFE2L2,8375
AGPS,3379
TTC30B,373
TTC30A,940
PDE11A,195
RBM45,1918
OSBPL6,1013
PRKRA,5804
PJVK,412
FKBP7,1040
PLEKHA3,2243
TTN,113
CCDC141,235
SESTD1,6320
ZNF385B,359
CWC22,2297
UBE2E3,6606
ITGA4,1159
CERKL,88
NEUROD1,38
ITPRID2,5818
PPP1R1C,90
PDE1A,304
DNAJC10,4194
FRZB,1411
NCKAP1,12386
DUSP19,344
NUP35,598
ZNF804A,99
FSIP2,81
ZC3H15,10552
ITGAV,9341
FAM171B,623
ZSWIM2,51
CALCRL,1284
TFPI,2560
GULP1,760
DIRC1,57
COL3A1,298172
COL5A2,15013
WDR75,3803
SLC40A1,7838
ASNSD1,3718
ANKAR,648
OSGEPL1,1065
ORMDL1,5321
PMS1,2522
C2ORF88,179
MSTN,102
HIBCH,1754
INPP1,843
MFSD6,3274
NEMP2,1084
NAB1,5271
GLS,4181
STAT1,19344
STAT4,445
MYO1B,7093
NABP1,3691
CAVIN2,212
TMEFF2,35
SLC39A10,4426
DNAH7,762
STK17B,4406
HECW2,2064
CCDC150,584
GTF3C3,4089
C2ORF66,184
PGAP1,690
ANKRD44,1748
SF3B1,4447
COQ10B,3282
HSPD1,16962
HSPE1,16392
MOB4,6056
RFTN2,298
MARS2,382
BOLL,29
PLCL1,570
SATB2,469
FTCDNL1,784
C2ORF69,1876
TYW5,1929
MAIP1,2696
SPATS2L,7760
KCTD18,1095
SGO2,645
AOX1,485
BZW1,6411
CLK1,8105
PPIL3,2610
NIF3L1,1903
ORC2,3811
FAM126B,2293
NDUFB3,2552
CFLAR,8784
CASP10,561
CASP8,2757
FLACC1,193
TRAK2,3222
STRADB,717
C2CD6,134
TMEM237,3272
MPP4,64
ALS2,4077
CDK15,198
FZD7,2848
KIAA2012,54
NOP58,8840
BMPR2,9819
FAM117B,1216
ICA1L,553
WDR12,2391
CARF,1211
NBEAL1,2190
CYP20A1,4218
ABI2,7063
RAPH1,7645
CD28,612
CTLA4,198
ICOS,288
PARD3B,1688
NRP2,2440
INO80D,1863
NDUFS1,6144
EEF1B2,12020
GPR1,178
ZDBF2,279
ADAM23,193
FAM237A,41
DYTN,24
MDH1B,539
FASTKD2,4277
CPO,200
KLF7,1728
CREB1,3917
METTL21A,1438
CCNYL1,3842
FZD5,666
PLEKHM3,885
CRYGD,38
CRYGC,44
CRYGB,77
CRYGA,37
C2ORF80,50
IDH1,4766
PIKFYVE,4201
PTH2R,331
MAP2,755
UNC80,46
RPE,2262
KANSL1L,1193
ACADL,90
MYL1,40
LANCL1,4146
CPS1,208
ERBB4,2627
IKZF2,2468
SPAG16,8032
VWC2L,96
BARD1,1445
ABCA12,4116
ATIC,7109
FN1,179669
MREG,3066
PECR,1139
TMEM169,154
XRCC5,2375
MARCH4,41
SMARCAL1,1846
IGFBP2,16058
IGFBP5,53142
TNP1,23
TNS1,2706
RUFY4,270
CXCR2,41
CXCR1,77
ARPC2,7325
GPBAR1,100
AAMP,14274
PNKD,5250
TMBIM1,5045
CATIP,45
SLC11A1,1607
CTDSP1,7475
VIL1,147
USP37,3240
CNOT9,6715
PLCD4,328
ZNF142,2623
BCS1L,3083
RNF25,2349
STK36,1828
TTLL4,1813
CYP27A1,1844
PRKAG3,33
WNT6,826
WNT10A,301
CDK5R2,62
FEV,27
CRYBA2,66
IHH,55
NHEJ1,922
SLC23A3,443
CNPPD1,3757
RETREG2,4446
ZFAND2B,3368
ABCB6,2995
ATG9A,1872
ANKZF1,4196
GLB1L,768
STK16,2654
TUBA4A,3300
TUBA4B,18
DNAJB2,7268
PTPRN,166
RESP18,35
DNPEP,5665
DES,108
SPEG,1629
SPEGNB,102
GMPPA,3703
ASIC4,84
CHPF,8264
TMEM198,452
OBSL1,7752
INHA,354
STK11IP,1380
SLC4A3,2289
EPHA4,740
PAX3,78
CCDC140,43
SGPP2,934
FARSB,5791
MOGAT1,415
ACSL3,9282
KCNE4,4214
SCG2,188
AP1S3,2717
WDFY1,6524
SERPINE2,1236
FAM124B,172
CUL3,8313
CCDC195,38
DOCK10,1806
NYAP2,114
IRS1,1041
RHBDD1,1968
COL4A4,151
COL4A3,56
MFF,5981
TM4SF20,54
AGFG1,6925
C2ORF83,76
SCYGR4,52
SLC19A3,111
SCYGR8,41
CCL20,267
DAW1,63
SPHKAP,101
PID1,589
DNER,98
TRIP12,17654
FBXO36,662
SLC16A14,676
SP110,5798
SP140,474
SP140L,1528
SP100,10121
CAB39,7780
ITM2C,5048
GPR55,72
SPATA3,48
C2ORF72,539
PSMD1,7792
HTR2B,128
ARMC9,2313
B3GNT7,247
NCL,10510
NMUR1,80
TEX44,43
PDE6D,1904
COPS7B,3903
NPPC,126
DIS3L2,3839
ALPP,44
ALPG,55
ALPI,43
ECEL1,236
PRSS56,32
CHRND,48
CHRNG,61
TIGD1,236
EIF4E2,9686
EFHD1,21309
GIGYF2,3885
KCNJ13,82
SNORC,411
NGEF,154
NEU2,41
INPP5D,844
ATG16L1,2361
SAG,105
DGKD,2827
USP40,3208
UGT1A8,25
UGT1A10,20
UGT1A9,54
UGT1A5,20
UGT1A4,16
UGT1A3,24
UGT1A1,52
MROH2A,70
HJURP,1863
TRPM8,35
SPP2,41
ARL4C,3931
SH3BP4,6179
AGAP1,5809
GBX2,42
ASB18,69
IQCA1,565
ACKR3,1486
COPS8,3219
COL6A3,55025
MLPH,30141
PRLH,48
RAB17,3324
LRRFIP1,4439
RBM44,158
RAMP1,3950
UBE2F,1870
SCLY,633
ESPNL,90
KLHL30,88
ERFE,99
ILKAP,3075
HES6,1392
PER2,2385
TRAF3IP1,2770
ASB1,2113
TWIST2,347
HDAC4,1332
NDUFA10,8529
OR6B2,51
OR6B3,39
COPS9,5647
OTOS,52
GPC1,7328
ANKMY1,1902
DUSP28,566
RNPEPL1,3674
GPR35,525
AQP12A,23
KIF1A,1840
AGXT,27
MAB21L4,394
CROCC2,97
SNED1,1775
MTERF4,3119
PASK,1285
PPP1R7,7820
HDLBP,18444
SEPTIN2,5288
FARP2,2646
STK25,7429
BOK,2609
THAP4,3257
ATG4B,4639
DTYMK,3053
ING5,3179
D2HGDH,3097
NEU4,154
PDCD1,169
RTP5,64
FAM240C,91
CHL1,258
CNTN6,19
CNTN4,228
IL5RA,64
TRNT1,4364
CRBN,4514
SUMF1,3875
LRRN1,4374
SETMAR,2399
ITPR1,3475
BHLHE40,40327
ARL8B,5385
EDEM1,10455
GRM7,66
LMCD1,4305
SSUH2,171
OXTR,753
RAD18,3486
SRGAP3,658
THUMPD3,4615
SETD5,21398
LHFPL4,21
MTMR14,2490
CPNE9,50
BRPF1,2469
OGG1,4143
CAMK1,1164
TADA3,8464
ARPC4,9722
TTLL3,5242
RPUSD3,2423
CIDEC,89
JAGN1,2241
IL17RC,5833
CRELD1,5201
EMC3,4623
FANCD2,745
FANCD2OS,101
BRK1,1793
VHL,7197
IRAK2,493
TATDN2,4291
GHRL,288
SEC13,15452
ATP2B2,1357
SLC6A11,747
SLC6A1,336
HRH1,934
ATG7,3319
VGLL4,8011
TAMM41,2684
SYN2,92
TIMP4,119
PPARG,835
TSEN2,2161
MKRN2OS,408
MKRN2,3970
RAF1,10011
TMEM40,549
CAND2,542
IQSEC1,7364
NUP210,4461
HDAC11,2313
FBLN2,4670
WNT7A,49
CHCHD4,1370
TMEM43,5097
XPC,3740
LSM3,970
SLC6A6,5891
GRIP2,299
CCDC174,3385
C3ORF20,99
FGD5,1122
NR2C2,3392
RBSN,607
CAPN7,5327
SH3BP5,9270
METTL6,2337
EAF1,3992
COLQ,432
HACL1,828
BTD,1535
ANKRD28,7427
GALNT15,341
DPH3,2784
OXNAD1,3120
RFTN1,2050
DAZL,62
PLCL2,677
TBC1D5,5535
SATB1,1728
KCNH8,81
EFHB,94
RAB5A,6875
PP2D1,40
KAT2B,1442
SGO1,620
ZNF385D,244
UBE2E2,2694
UBE2E1,3673
NKIRAS1,2126
NR1D2,4279
THRB,1522
RARB,574
TOP2B,4807
NGLY1,3306
OXSM,1620
LRRC3B,73
NEK10,1843
SLC4A7,5386
EOMES,192
CMC1,2098
AZI2,4994
ZCWPW2,327
RBMS3,1257
TGFBR2,4568
GADL1,57
STT3B,14593
OSBPL10,2002
ZNF860,364
GPD1L,4077
CMTM8,1547
CMTM7,1014
CMTM6,4994
DYNC1LI1,2825
CNOT10,3680
TRIM71,63
CCR4,240
GLB1,3457
TMPPE,493
CRTAP,11863
SUSD5,220
FBXL2,1365
UBP1,8831
CLASP2,4341
PDCD6IP,7089
ARPP21,87
STAC,174
DCLK3,89
TRANK1,1914
EPM2AIP1,3466
MLH1,3673
LRRFIP2,6494
ITGA9,1690
CTDSPL,2938
VILL,526
PLCD1,957
DLEC1,103
ACAA1,9239
MYD88,6043
OXSR1,4411
SLC22A13,134
SLC22A14,113
XYLB,1333
ACVR2B,1273
EXOG,141
SCN5A,40
SCN10A,45
SCN11A,86
WDR48,2608
GORASP1,3820
TTC21A,1153
CSRNP1,2238
XIRP1,273
CX3CR1,182
CCR8,180
SLC25A38,2671
MOBP,93
MYRIP,236
EIF1B,6086
ENTPD3,249
ZNF619,765
ZNF620,571
ZNF621,3471
CTNNB1,4771
ULK4,2308
TRAK1,4052
CCK,72
LYZL4,66
VIPR1,830
SEC22C,2892
SS18L2,1873
NKTR,4069
ZBTB47,1420
KLHL40,10
HHATL,67
CCDC13,161
HIGD1A,2485
ACKR2,349
KRBOX1,224
CYP8B1,60
ZNF662,192
GASK1A,1382
POMGNT2,768
SNRK,2786
ANO10,3149
ABHD5,2478
TOPAZ1,58
TCAIM,2249
ZNF445,1304
ZNF852,257
ZKSCAN7,790
ZNF660,250
ZNF197,1456
ZNF35,529
ZNF502,483
ZNF501,392
KIAA1143,2993
KIF15,926
TMEM42,614
TGM4,11
ZDHHC3,3360
EXOSC7,2651
CLEC3B,158
CDCP1,3733
TMEM158,3230
LARS2,2289
LIMD1,3668
SACM1L,4236
SLC6A20,73
LZTFL1,1925
CCR9,50
FYCO1,1428
CXCR6,201
XCR1,94
CCR3,98
CCR1,700
CCR2,266
CCR5,472
CCRL2,343
LTF,8586
RTP3,37
LRRC2,50
FAM240A,71
ALS2CL,806
TMIE,60
PRSS45P,191
MYL3,98
PTH1R,135
CCDC12,4127
NBEAL2,4334
KIF9,1662
KLHL18,1542
PTPN23,5563
SCAP,2887
ELP6,1863
CSPG5,182
SMARCC1,8599
DHX30,4472
MAP4,16150
CDC25A,848
CAMP,259
ZNF589,1630
NME6,1572
SPINK8,390
FBXW12,34
PLXNB1,5996
CCDC51,832
TMA7,2621
ATRIP,1096
SHISA5,5398
PFKFB4,1078
UCN2,73
COL7A1,2067
UQCRC1,11172
TMEM89,48
SLC26A6,1341
CELSR3,336
NCKIPSD,1690
IP6K2,5297
PRKAR2A,2308
SLC25A20,853
ARIH2OS,283
ARIH2,5259
P4HTM,4096
WDR6,4011
DALRD3,2368
NDUFAF3,4686
IMPDH2,5915
QRICH1,5053
QARS,8102
USP19,2933
LAMB2,10751
CCDC71,1458
KLHDC8B,1619
C3ORF84,28
CCDC36,236
C3ORF62,239
USP4,4475
RHOA,20081
TCTA,2686
AMT,1434
NICN1,1840
DAG1,4643
BSN,286
APEH,5099
MST1,1153
GMPPB,3208
IP6K1,3166
CDHR4,114
INKA1,250
UBA7,2925
TRAIP,488
CAMKV,38
MST1R,1247
MON1A,441
RBM6,6967
RBM5,4443
SEMA3F,6295
GNAT1,50
SLC38A3,249
GNAI2,6339
SEMA3B,2726
LSMEM2,24
IFRD2,2693
HYAL3,347
NAA80,864
HYAL1,153
HYAL2,2738
TUSC2,2716
RASSF1,2269
ZMYND10,702
NPRL2,1533
CYB561D2,2366
TMEM115,2785
CACNA2D2,474
C3ORF18,383
HEMK1,2470
CISH,3425
MAPKAPK3,2582
DOCK3,284
MANF,10004
RBM15B,5502
DCAF1,1316
RAD54L2,2255
TEX264,2792
GRM2,105
IQCF6,26
IQCF2,51
IQCF5,37
IQCF1,40
RRP9,1722
PARP3,1996
GPR62,40
PCBP4,2015
ABHD14B,3400
ABHD14A,953
ACY1,2312
DUSP7,1776
POC1A,1318
ALAS1,2599
TLR9,75
TWF2,5657
PPM1M,1126
WDR82,8162
GLYCTK,1666
DNAH1,674
BAP1,3222
SEMA3G,244
TNNC1,112
NISCH,5441
STAB1,2867
NT5DC2,4335
SMIM4,453
PBRM1,7205
GNL3,12494
GLT8D1,2235
SPCS1,11460
NEK4,2733
ITIH1,48
ITIH3,23
MUSTN1,268
STIMATE,2223
SFMBT1,1205
RFT1,1706
PRKCD,6727
TKT,8042
DCP1A,3032
CACNA1D,1281
CHDH,1723
IL17RB,1045
ACTR8,1516
SELENOK,7381
CACNA2D3,83
WNT5A,1138
ERC2,112
CCDC66,1900
TASOR,5002
ARHGEF3,1499
SPATA12,45
IL17RD,1545
HESX1,292
APPL1,5862
ASB14,77
DNAH12,131
PDE12,1665
ARF4,4258
DENND6A,3140
SLMAP,5111
FLNB,11608
DNASE1L3,57
ABHD6,438
RPP14,289
PXK,1609
PDHB,4951
KCTD6,786
ACOX2,175
FAM107A,286
FAM3D,330
C3ORF67,757
FHIT,421
PTPRG,2025
C3ORF14,2708
FEZF2,29
CADPS,255
SYNPR,59
SNTN,54
C3ORF49,50
THOC7,5784
ATXN7,2759
PSMD6,5217
PRICKLE2,1822
ADAMTS9,3216
MAGI1,1364
SLC25A26,1662
LRIG1,7736
KBTBD8,198
SUCLG2,1940
TAFA1,28
TAFA4,76
EOGT,2954
TMF1,4407
UBA3,7286
ARL6IP5,8560
FRMD4B,1008
MITF,1060
MDFIC2,39
FOXP1,10911
EIF4E3,4167
GPR27,971
PROK2,58
RYBP,6462
SHQ1,1073
GXYLT2,5189
PPP4R2,3161
EBLN2,1225
PDZRN3,2523
CNTN3,484
FRG2C,125
ZNF717,1992
ROBO2,192
ROBO1,3748
GBE1,2856
CADM2,534
VGLL3,1693
CHMP2B,5851
POU1F1,65
HTR1F,168
CGGBP1,7274
ZNF654,1784
C3ORF38,2822
CSNKA2IP,38
EPHA3,162
PROS1,318
ARL13B,1102
STX19,329
DHFR2,726
NSUN3,1515
EPHA6,139
ARL6,1237
CRYBG3,698
RIOX2,3685
GABRR3,47
OR5AC2,55
OR5H14,27
OR5H15,21
OR5H6,22
OR5H2,45
OR5K4,45
OR5K3,50
OR5K1,19
OR5K2,55
CLDND1,3417
GPR15,85
CPOX,1659
ST3GAL6,631
DCBLD2,2449
COL8A1,3672
CMSS1,3736
FILIP1L,2600
TBC1D23,3768
NIT2,6342
TOMM70,6784
LNP1,333
TMEM45A,6393
ADGRG7,448
TFG,6667
ABI3BP,530
IMPG2,183
SENP7,1789
TRMT10C,3885
ZBTB11,2567
CEP97,2149
NXPE3,1599
NFKBIZ,9581
ZPLD1,34
ALCAM,8963
CBLB,2924
CCDC54,60
BBX,4041
CD47,14133
IFT57,4315
HHLA2,77
MYH15,45
CIP2A,1310
DZIP3,1655
RETNLB,45
TRAT1,193
GUCA1C,30
MORC1,65
C3ORF85,31
DPPA2,61
DPPA4,21
NECTIN3,624
CD96,750
ZBED2,95
PLCXD2,145
PHLDB2,3256
ABHD10,2389
TAGLN3,58
TMPRSS7,37
C3ORF52,3185
GCSAM,119
SLC9C1,50
CD200,569
BTLA,52
ATG3,3534
SLC35A5,1654
CCDC80,6887
CD200R1L,40
CD200R1,212
GTPBP8,1028
NEPRO,3104
BOC,2494
CFAP44,2416
SPICE1,2658
SIDT1,3261
USF3,2052
NAA50,2612
ATP6V1A,7616
GRAMD1C,1051
ZDHHC23,810
CCDC191,1382
QTRT2,2100
DRD3,81
ZNF80,70
TIGIT,599
ZBTB20,2678
GAP43,76
LSAMP,179
IGSF11,105
TEX55,61
UPK1B,49
B4GALT4,1389
ARHGAP31,1978
TMEM39A,4091
POGLUT1,1568
TIMMDC1,8525
CD80,567
ADPRH,726
PLA1A,1070
POPDC2,526
COX17,4013
MAATS1,302
NR1I2,90
GSK3B,8336
GPR156,146
LRRC58,3719
FSTL1,10005
NDUFB4,4543
HGD,1866
RABL3,2593
GTF2E1,2500
STXBP5L,56
POLQ,1128
ARGFX,44
FBXO40,55
HCLS1,3963
GOLGB1,8300
IQCB1,2661
EAF2,902
SLC15A2,585
ILDR1,665
CD86,607
CASR,66
CSTA,3904
FAM162A,10143
WDR5B,1296
KPNA1,7167
PARP9,8437
DTX3L,10035
PARP15,377
PARP14,13800
HSPBAP1,933
SLC49A4,1888
SEMA5B,74
PDIA5,3975
SEC22A,1304
ADCY5,735
HACD2,4291
MYLK,9137
CCDC14,9031
KALRN,2436
UMPS,2260
ITGB5,11194
MUC13,194
HEG1,1729
SLC12A8,1874
ZNF148,4187
SNX4,6137
OSBPL11,2329
ALG1L,407
ROPN1B,573
SLC41A3,1413
ALDH1L1,231
KLF15,191
CFAP100,46
ZXDC,2781
UROC1,20
CHST13,71
C3ORF22,64
TXNRD3,2080
CHCHD6,2117
PLXNA1,2474
C3ORF56,63
PRR20G,31
TPRA1,3450
MCM2,4892
PODXL2,2419
ABTB1,2468
MGLL,2985
KBTBD12,187
SEC61A1,13115
RUVBL1,6526
EEFSEC,2570
DNAJB8,76
GATA2,3003
RPN1,5816
RAB7A,10754
ACAD9,4799
KIAA1257,614
EFCC1,691
GP9,82
ISY1,4577
CNBP,11320
COPG1,18174
HMCES,5680
H1FX,27626
EFCAB12,289
MBD4,4005
IFT122,4639
RHO,84
H1FOO,32
PLXND1,10308
TMCC1,1230
TRH,68
COL6A5,60
COL6A6,193
PIK3R4,3212
ATP2C1,15816
ASTE1,940
NEK11,1032
NUDT16,3168
CPNE4,73
ACPP,460
DNAJC13,4645
ACAD11,3119
ACKR4,298
UBA5,5643
NPHP3,2194
TMEM108,934
BFSP2,132
CDV3,5101
TOPBP1,2508
TF,771
SRPRB,8329
RAB6B,942
SLCO2A1,582
RYK,2976
AMOTL2,5180
ANAPC13,4466
CEP63,3149
EPHB1,253
KY,183
PPP2R3A,2785
MSL2,5366
PCCB,2897
STAG1,7027
SLC35G2,407
NCK1,5198
IL20RB,341
SOX14,40
CLDN18,47
DZIP1L,855
A4GNT,60
DBR1,2963
ARMC8,3816
NME9,43
MRAS,2180
ESYT3,214
CEP70,2748
FAIM,2855
PIK3CB,4059
FOXL2,68
FOXL2NB,34
PRR23A,53
PRR23B,61
PRR23C,43
COPB2,14906
RBP2,56
RBP1,3471
NMNAT3,1769
CLSTN2,2920
TRIM42,54
SLC25A36,5031
SPSB4,241
PXYLP1,787
ZBTB38,4306
RASA2,4116
RNF7,16453
GRK7,59
ATP1B3,3996
TFDP2,4078
GK5,3748
XRN1,5275
ATR,2911
PLS1,743
TRPC1,657
PCOLCE2,254
PAQR9,61
U2SURP,8474
CHST2,385
SLC9A9,374
DIPK2A,3061
PLOD2,4680
PLSCR4,1315
PLSCR2,303
PLSCR1,8473
PLSCR5,60
ZIC4,32
ZIC1,95
AGTR1,234
CPB1,4410
CPA3,487
GYG1,1920
HLTF,5176
HPS3,4172
CP,5061
TM4SF18,522
TM4SF1,13335
TM4SF4,95
WWTR1,4182
COMMD2,3414
ANKUB1,43
RNF13,4834
PFN2,19952
TSC22D2,7067
SERP1,17668
EIF2A,6723
SELENOT,6618
ERICH6,99
SIAH2,6539
MINDY4B,79
CLRN1,88
MED12L,503
GPR171,248
P2RY14,217
GPR87,321
P2RY13,242
P2RY12,133
AADACL2,98
AADAC,46
SUCNR1,249
MBNL1,8076
P2RY1,206
RAP2B,8495
ARHGEF26,3859
DHX36,8091
GPR149,58
MME,1475
STRIT1,61
PLCH1,1043
C3ORF33,624
SLC33A1,4622
GMPS,7355
KCNAB1,753
SSR3,8230
TIPARP,2478
LEKR1,203
CCNL1,7126
VEPH1,794
PTX3,339
SLC66A1L,191
SHOX2,701
RSRC1,3433
MLF1,3944
GFM1,5214
LXN,2943
RARRES1,6158
MFSD1,8039
IQCJ,796
IL12A,49
C3ORF80,303
IFT80,3399
SMC4,6592
TRIM59,1777
KPNA4,9744
ARL14,96
PPM1L,872
B3GALNT1,1702
NMD3,5930
SPTSSB,2495
OTOL1,54
SI,39
SLITRK3,70
BCHE,122
ZBBX,92
SERPINI2,120
WDR49,146
PDCD10,7424
SERPINI1,894
GOLIM4,4663
MECOM,781
TERC,230
ACTRT3,503
MYNN,4170
LRRC34,427
LRRIQ4,125
LRRC31,346
SAMD7,47
SEC62,8040
GPR160,3454
PHC3,5127
PRKCI,3528
SKIL,7205
CLDN11,293
SLC7A14,76
EIF5A2,583
SLC2A2,77
TNIK,2557
PLD1,1400
TMEM212,80
FNDC3B,11141
GHSR,41
TNFSF10,9324
NCEH1,1369
ECT2,5741
SPATA16,64
NLGN1,66
NAALADL2,4446
TBL1XR1,18384
KCNMB2,238
ZMAT3,4271
PIK3CA,8205
KCNMB3,3426
ZNF639,9660
MFN1,12393
GNB4,28333
ACTL6A,14358
NDUFB5,21038
USP13,1702
PEX5L,67
TTC14,4233
CCDC39,198
FXR1,4363
SOX2,410
ATP11B,7123
DCUN1D1,6217
MCCC1,7987
LAMP3,1718
MCF2L2,1751
B3GNT5,2938
KLHL6,955
KLHL24,4335
YEATS2,4161
MAP6D1,361
PARL,4378
ABCC5,8770
HTR3D,70
HTR3C,27
HTR3E,52
EIF2B5,5133
DVL3,10244
AP2M1,7336
ABCF3,5226
VWA5B2,387
ALG3,5138
EEF1AKMT4,1390
CAMK2N2,310
ECE2,51
PSMD2,3543
EIF4G1,11696
FAM131A,1704
CLCN2,1424
POLR2H,11283
THPO,625
CHRD,3162
EPHB3,9965
MAGEF1,3927
VPS8,3566
C3ORF70,286
EHHADH,1102
MAP3K13,3909
TMEM41A,1883
LIPH,2623
SENP2,5988
IGF2BP2,503
TRA2B,8256
ETV5,1726
DGKG,163
CRYGS,185
TBCCD1,1317
DNAJB11,9516
AHSG,68
FETUB,61
HRG,55
KNG1,59
EIF4A2,10639
RFC4,3549
ADIPOQ,103
ST6GAL1,5231
RTP1,74
MASP1,80
RTP4,1115
SST,37
RTP2,112
BCL6,3471
AC072022.2,222
LPP,8359
TPRG1,1908
TP63,375
P3H2,691
CLDN1,4849
CLDN16,154
TMEM207,45
IL1RAP,1068
GMNC,54
OSTN,40
UTS2B,62
CCDC50,6834
PYDC2,15
FGF12,567
MB21D2,1408
PLAAT1,488
ATP13A5,250
ATP13A4,843
OPA1,6278
HES1,8771
CPN2,101
LRRC15,2058
GP5,18
ATP13A3,6481
TMEM44,869
LSG1,3058
FAM43A,808
XXYLT1,1318
ACAP2,5994
APOD,4695
MUC20,2205
MUC4,48
TNK2,15119
TFRC,22729
ZDHHC19,3
SLC51A,259
PCYT1A,13081
TCTEX1D2,5147
TM4SF19,515
UBXN7,8681
RNF168,7951
SMCO1,147
WDR53,4832
FBXO45,4826
NRROS,403
PIGX,8832
CEP19,1070
PAK2,5983
SENP5,5311
NCBP2,21917
NCBP2AS2,2537
PIGZ,1022
MELTF,2259
DLG1,8586
BDH1,2628
RUBCN,1849
FYTTD1,7889
LRCH3,5028
IQCG,1815
LMLN,1181
ZNF595,1891
ZNF718,754
ZNF732,96
ZNF141,1547
PIGG,2240
TMEM271,47
PDE6B,1532
ATP5ME,7215
MYL5,1150
SLC49A3,1465
PCGF3,5341
CPLX1,425
GAK,9216
TMEM175,3286
DGKQ,1476
SLC26A1,228
IDUA,3045
FGFRL1,900
RNF212,305
SPON2,6205
MAEA,3237
UVSSA,3283
NKX1-1,18
FAM53A,546
SLBP,6429
TACC3,3353
TMEM129,3569
FGFR3,1233
LETM1,1413
NSD2,2087
NELFA,3907
C4ORF48,3181
NAT8L,535
POLN,324
HAUS3,2374
MXD4,5491
ZFYVE28,1507
CFAP99,187
RNF4,5344
FAM193A,2812
TNIP2,2584
SH3BP2,2206
ADD1,5409
MFSD10,4629
NOP14,3832
GRK4,1238
HTT,6089
MSANTD1,210
RGS12,2347
HGFAC,247
DOK7,694
LRPAP1,7606
ADRA2C,351
OTOP1,15
TMEM128,1554
LYAR,2357
ZBTB49,434
NSG1,124
MSX1,440
CYTL1,61
STK32B,581
EVC2,547
EVC,2438
CRMP1,51
C4ORF50,45
WFS1,4130
PPP2R2C,2272
MAN2B2,2617
MRFAP1,1434
AC093323.1,1217
S100P,6205
MRFAP1L1,4658
BLOC1S4,1305
KIAA0232,3578
TBC1D14,4490
CCDC96,308
TADA2B,3381
GRPEL1,3557
SORCS2,272
PSAPL1,49
AFAP1,4262
ABLIM2,396
SH3TC1,1719
HTRA3,3624
ACOX3,4427
TRMT44,1099
GPR78,23
CPZ,8
HMX1,23
FAM90A26,50
USP17L10,4
USP17L15,408
SLC2A9,672
DRD5,181
WDR1,1857
ZNF518B,1696
CLNK,176
HS3ST1,616
RAB28,2503
NKX3-2,206
BOD1L1,3871
CPEB2,5244
C1QTNF7,85
CC2D2A,1081
FBXL5,7481
FAM200B,2053
BST1,500
CD38,607
FGFBP1,46
FGFBP2,51
PROM1,4976
TAPT1,2293
LDB2,914
QDPR,6119
CLRN2,40
LAP3,7691
MED28,5336
DCAF16,7773
NCAPG,1916
LCORL,1287
SLIT2,427
PACRGL,2184
ADGRA3,1999
PPARGC1A,302
DHX15,13958
SOD3,674
CCDC149,2026
LGI2,282
SEPSECS,1332
PI4K2B,4090
ZCCHC4,939
ANAPC4,3099
SLC34A2,762
SEL1L3,2132
SMIM20,1667
RBPJ,2643
CCKAR,32
TBC1D19,1619
STIM2,1868
PCDH7,2033
ARAP2,1010
DTHD1,152
NWD2,79
C4ORF19,975
RELL1,4874
PGM2,2766
TBC1D1,1536
PTTG2,188
KLF3,3454
TLR10,172
TLR1,761
TLR6,560
FAM114A1,6747
TMEM156,246
KLHL5,4354
WDR19,1601
RFC1,2717
KLB,58
LIAS,1177
UGDH,15704
SMIM14,10436
UBE2K,3498
PDS5A,1850
N4BP2,1996
RHOH,1750
CHRNA9,110
RBM47,7385
NSUN7,1158
APBB2,4362
UCHL1,3679
LIMCH1,3543
PHOX2B,43
TMEM33,4982
DCAF4L1,93
SLC30A9,7100
BEND4,58
SHISA3,35
ATP8A1,706
GRXCR1,36
KCTD8,49
YIPF7,67
GUF1,3562
GNPDA2,1294
GABRG1,48
GABRA2,37
COX7B2,63
GABRA4,35
GABRB1,26
COMMD8,1333
ATP10D,796
CORIN,362
NFXL1,3266
NIPAL1,184
CNGA1,74
TXK,104
TEC,326
SLAIN2,3862
SLC10A4,88
ZAR1,21
FRYL,3095
OCIAD1,5558
OCIAD2,5850
CWH43,101
DCUN1D4,3288
LRRC66,133
SGCB,3858
SPATA18,611
USP46,1195
ERVMER34-1,199
RASL11B,109
SCFD2,1347
FIP1L1,3753
LNX1,1572
CHIC2,3166
GSX2,57
PDGFRA,1667
KIT,667
KDR,918
SRD5A3,3137
TMEM165,5678
CLOCK,2801
PDCL2,26
NMU,265
EXOC1L,36
EXOC1,2369
CEP135,1842
KIAA1211,773
AASDH,1437
PPAT,1933
PAICS,925
SRP72,5044
ARL9,199
THEGL,28
HOPX,729
SPINK2,82
REST,5024
NOA1,2815
POLR2B,6108
IGFBP7,21263
ADGRL3,177
TECRL,35
EPHA5,53
CENPC,1776
STAP1,240
UBA6,6424
GNRHR,50
TMPRSS11D,43
TMPRSS11A,38
TMPRSS11F,29
TMPRSS11B,78
YTHDC1,8780
TMPRSS11E,219
UGT2B17,18
UGT2B10,20
UGT2A3,13
UGT2B7,35
UGT2B11,93
UGT2B28,32
UGT2B4,134
UGT2A1,65
UGT2A2,31
SULT1B1,65
SULT1E1,103
CSN1S1,16
CSN2,42
STATH,40
HTN3,30
HTN1,23
PRR27,359
ODAM,172
FDCSP,8866
CSN3,182
CABS1,37
SMR3A,9
SMR3B,34
OPRPN,118
MUC7,76
AMTN,73
AMBN,32
ENAM,35
JCHAIN,3780
UTP3,2632
RUFY3,4188
GRSF1,9512
MOB1B,1877
DCK,2555
SLC4A4,78
GC,31
NPFFR2,60
ADAMTS3,231
COX18,1789
ANKRD17,8788
ALB,5454
AFP,97
AFM,72
RASSF6,475
CXCL8,1007
CXCL6,49
PF4V1,22
CXCL1,110
PF4,47
PPBP,40
CXCL5,78
CXCL3,143
CXCL2,468
MTHFD2L,811
EPGN,274
EREG,174
AREG,5037
BTC,439
PARM1,882
RCHY1,3221
THAP6,1466
ODAPH,93
CDKL2,112
G3BP2,9026
USO1,6473
PPEF2,35
NAAA,1167
SDAD1,1254
CXCL9,1996
ART3,195
CXCL10,11217
CXCL11,2175
NUP54,4049
SCARB2,10794
FAM47E,668
STBD1,1470
CCDC158,280
SHROOM3,5967
SOWAHB,310
SEPTIN11,6705
CCNI,47625
CCNG2,5839
CXCL13,2641
CNOT6L,3117
FRAS1,205
ANXA3,2006
BMP2K,3944
PAQR3,1339
NAA11,95
GK2,46
ANTXR2,1770
PRDM8,173
FGF5,52
CFAP299,18
BMP3,51
PRKG2,148
RASGEF1B,1439
HNRNPD,12294
HNRNPDL,10706
ENOPH1,4567
TMEM150C,1105
SCD5,430
SEC31A,16059
THAP9,672
LIN54,1830
COPS4,4062
PLAC8,174
COQ2,1607
HPSE,624
HELQ,1281
ABRAXAS1,1223
GPAT3,527
NKX6-1,1194
CDS1,1870
WDFY3,3699
ARHGAP24,1035
MAPK10,1822
PTPN13,2381
SLC10A6,240
C4ORF36,185
AFF1,5678
KLHL8,1524
HSD17B13,66
HSD17B11,1560
NUDT9,3162
SPARCL1,4318
DSPP,66
DMP1,72
IBSP,329
MEPE,91
SPP1,37645
PKD2,3442
ABCG2,171
PPM1K,1168
HERC6,2783
HERC5,2090
PYURF,8325
HERC3,2560
NAP1L5,430
FAM13A,2130
TIGD2,1068
GPRIN3,1084
SNCA,421
MMRN1,140
CCSER1,1079
GRID2,91
ATOH1,32
SMARCAD1,2725
HPGDS,309
PDLIM5,2966
BMPR1B,2875
UNC5C,253
PDHA2,40
STPG2,387
RAP1GDS1,5029
TSPAN5,1332
EIF4E,7814
ADH5,3826
ADH4,27
ADH6,29
ADH1A,25
ADH1B,66
ADH1C,93
ADH7,25
C4ORF17,36
TRMT10A,1398
MTTP,83
C4ORF54,42
DAPP1,2145
LAMTOR3,4876
DNAJB14,2654
H2AFZ,6115
DDIT4L,154
EMCN,402
PPP3CA,4954
BANK1,535
SLC39A8,3267
NFKB1,3851
MANBA,2335
UBE2D3,14051
CISD2,3682
SLC9B1,187
SLC9B2,701
BDH2,2320
CENPE,1933
TACR3,51
CXXC4,589
TET2,1583
PPA2,3193
ARHGEF38,3425
INTS12,2481
GSTCD,2635
NPNT,5986
TBCK,3639
AIMP1,5874
GIMD1,30
DKK2,338
PAPSS1,9020
SGMS2,1166
CYP2U1,773
HADH,4670
LEF1,1003
OSTC,2210
ETNPPL,53
COL25A1,141
SEC24B,1850
MCUB,1718
CASP6,3232
PLA2G12A,6225
CFI,912
GAR1,2087
RRH,254
LRIT3,304
EGF,590
ELOVL6,669
ENPEP,1132
PITX2,139
FAM241A,3958
AP1AR,5000
TIFA,1836
ALPK1,2007
NEUROG2,34
ZGRF1,1435
LARP7,5849
ANK2,417
CAMK2D,2217
ARSJ,726
UGT8,1125
NDST4,28
TRAM1L1,355
NDST3,54
PRSS12,219
METTL14,1994
SEC24D,7042
SYNPO2,5449
MYOZ2,48
USP53,4048
C4ORF3,14288
FABP2,36
PDE5A,1960
MAD2L1,1682
PRDM5,487
NDNF,126
TNIP3,134
QRFPR,125
ANXA5,20692
TMEM155,21
EXOSC9,3252
CCNA2,2199
BBS7,945
TRPC3,80
KIAA1109,5032
ADAD1,66
IL2,51
IL21,49
BBS12,621
FGF2,340
SPATA5,1616
SPRY1,3134
ANKRD50,5651
FAT4,500
INTU,2775
SLC25A31,51
HSPA4L,1183
PLK4,846
MFSD8,1883
ABHD18,1573
LARP1B,3159
PGRMC2,10777
JADE1,1821
SCLT1,2328
C4ORF33,1302
PCDH10,608
PABPC4L,698
PCDH18,1463
SLC7A11,1102
NOCT,2168
ELF2,3139
MGARP,95
NDUFC1,6031
NAA15,6032
RAB33B,2101
SETD7,3429
MGST2,2543
MAML3,803
CLGN,605
MGAT4D,22
ELMOD2,3900
UCP1,67
TBC1D9,11891
RNF150,1042
ZNF330,3628
IL15,419
INPP4B,5664
USP38,3478
GAB1,1296
SMARCA5,13586
FREM3,54
GYPE,35
GYPA,44
HHIP,87
ANAPC10,553
ABCE1,1963
OTUD4,2619
SMAD1,2848
MMAA,1562
C4ORF51,81
ZNF827,1928
LSM6,3145
REELD1,64
SLC10A7,2107
POU4F2,16
TTC29,120
EDNRA,2072
TMEM184C,1594
PRMT9,1707
ARHGAP10,1379
NR3C2,432
IQCM,102
DCLK2,2527
LRBA,7510
MAB21L2,30
SH3D19,1733
PRSS48,57
FAM160A1,2673
GATB,1115
FBXW7,8796
TMEM154,422
TIGD4,176
ARFIP1,3779
FHDC1,1977
TRIM2,1066
MND1,959
TMEM131L,1670
TLR2,1581
RNF175,119
SFRP2,14059
DCHS2,133
PLRG1,5174
FGB,376
FGA,61
FGG,136
LRAT,222
RBM46,59
NPY2R,44
MAP9,818
GUCY1A1,1977
GUCY1B1,1142
ASIC5,80
TDO2,844
CTSO,1852
PDGFC,2400
GLRB,272
GRIA2,82
GASK1B,4414
TMEM144,1281
RXFP1,131
C4ORF46,256
ETFDH,1435
PPID,4447
FNIP2,1551
C4ORF45,32
RAPGEF2,3307
FSTL5,92
NAF1,833
NPY1R,753
NPY5R,120
TKTL2,69
TMA16,2047
MARCH1,816
SMIM31,97
APELA,235
TRIM61,117
FAM218A,295
TRIM60,46
TRIM75P,42
TMEM192,1190
KLHL2,1809
GK3P,87
MSMO1,2694
CPE,5951
TLL1,681
SPOCK3,32
ANXA10,47
DDX60,4876
DDX60L,5683
PALLD,11486
CBR4,2787
SH3RF1,4249
NEK1,1211
CLCN3,4231
HPF1,961
MFAP3L,1553
AADAT,886
GALNTL6,155
GALNT7,3587
HMGB2,7041
SAP30,3805
HAND2,284
FBXO8,1792
CEP44,1714
HPGD,1046
GLRA3,1261
ADAM29,46
GPM6A,48
WDR17,208
SPATA4,98
ASB5,42
SPCS3,3227
VEGFC,1680
NEIL3,457
AGA,3363
TENM3,594
DCTD,5760
WWC2,2413
CLDN22,95
CLDN24,30
CDKN2AIP,1406
ING2,2318
RWDD4,1613
TRAPPC11,2696
STOX2,163
ENPP6,18
IRF2,3356
CASP3,2568
PRIMPOL,604
CENPU,2884
ACSL1,2810
HELT,35
SLC25A4,2387
CFAP97,3321
SNX25,2123
LRP2BP,318
ANKRD37,1688
UFSP2,2810
C4ORF47,621
CCDC110,375
PDLIM3,1273
SORBS2,972
TLR3,693
FAM149A,265
CYP4V2,1596
KLKB1,146
F11,75
MTNR1A,22
FAT1,6468
ZFP42,59
TRIML2,357
TRIML1,55
FRG1,1424
FRG2,24
PLEKHG4B,1681
LRRC14B,86
CCDC127,1398
SDHA,4010
PDCD6,10648
AHRR,518
EXOC3,5742
SLC9A3,44
CEP72,1677
TPPP,311
ZDHHC11B,37
BRD9,3667
TRIP13,2729
NKD2,2168
SLC12A7,6854
SLC6A19,50
SLC6A18,41
TERT,39
CLPTM1L,7134
SLC6A3,79
LPCAT1,6523
NDUFS6,12671
IRX4,646
IRX2,3345
IRX1,2386
ADAMTS16,844
MED10,4145
UBE2QL1,426
NSUN2,7021
SRD5A1,1926
TENT4A,5843
ADCY2,615
C5ORF49,689
MTRR,3145
FASTKD3,1220
SEMA5A,1640
TAS2R1,53
ATPSCKMT,1836
CMBL,4645
MARCH6,6935
ROPN1L,278
ANKRD33B,270
DAP,10559
CTNND2,580
DNAH5,289
TRIO,8121
OTULINL,807
OTULIN,4108
ANKH,3935
FBXL7,486
MARCH11,99
ZNF622,4214
RETREG1,940
MYO10,6131
BASP1,3846
LINC02218,58
AC106774.4,24
TAF11L4,34
TAF11L6,175
TAF11L8,241
TAF11L11,19
TAF11L12,13
TAF11L13,19
TAF11L14,65
H3.Y,33
CDH18,60
CDH12,72
PRDM9,49
CDH10,62
CDH9,46
CDH6,263
DROSHA,4824
C5ORF22,3383
PDZD2,1254
GOLPH3,11200
MTMR12,6059
ZFR,7143
SUB1,2189
NPR3,975
TARS,2340
ADAMTS12,2857
RXFP3,52
SLC45A2,76
AMACR,2061
C1QTNF3,1904
RAI14,3863
TTC23L,197
RAD1,1906
BRIX1,4483
DNAJC21,7528
AGXT2,45
PRLR,14146
SPEF2,1488
IL7R,1109
CAPSL,208
UGT3A1,53
UGT3A2,86
LMBRD2,2569
SKP2,2286
NADK2,3109
RANBP3L,249
SLC1A3,1190
NIPBL,5949
CPLANE1,3304
NUP155,3857
WDR70,2282
GDNF,141
EGFLAM,936
LIFR,1425
OSMR,4870
RICTOR,2216
FYB1,1839
C9,60
DAB2,4119
TTC33,1047
PTGER4,669
PRKAA1,3040
CARD6,647
C7,231
MROH2B,48
C6,33
PLCXD3,66
OXCT1,1863
C5ORF51,2239
FBXO4,1555
GHR,863
CCDC152,66
SELENOP,17617
ANXA2R,716
ZNF131,3063
NIM1K,41
HMGCS1,4372
CCL28,1237
TMEM267,1716
C5ORF34,485
PAIP1,4447
NNT,2722
FGF10,1843
HCN1,86
EMB,825
PARP8,1567
ISL1,82
PELO,3140
ITGA1,2056
ITGA2,1663
MOCS2,5867
FST,535
NDUFS4,5495
ARL15,1291
HSPB3,55
SNX18,1041
ESM1,840
GZMK,440
GZMA,569
CDC20B,1538
GPX8,3739
MCIDAS,240
CCNO,1183
DHX29,2509
MTREX,3899
PLPP1,2318
SLC38A9,1277
DDX4,69
IL31RA,56
ANKRD55,120
C5ORF67,18
MAP3K1,7822
SETD9,403
MIER3,1680
GPBP1,8146
ACTBL2,45
PLK2,6772
GAPT,190
RAB3C,24
PDE4D,2719
DEPDC1B,902
ELOVL7,576
ERCC8,1534
NDUFAF2,1406
SMIM15,7442
ZSWIM6,1783
KIF2A,3828
DIMT1,2778
IPO11,2185
HTR1A,35
RNF180,709
RGS7BP,119
SHISAL2B,50
SREK1IP1,861
CWC27,2674
ADAMTS6,442
CENPK,601
PPWD1,3383
TRIM23,1499
SHLD3,587
TRAPPC13,3009
SGTB,714
NLN,2018
ERBIN,9159
MAST4,3671
CD180,431
PIK3R1,6493
SLC30A5,2253
CCNB1,3780
CENPH,1306
CDK7,1907
CCDC125,4250
AK6,2006
TAF9,1319
RAD17,1151
MARVELD2,1330
OCLN,3312
BDP1,5064
MCCC2,14159
CARTPT,1410
MAP1B,4037
PTCD2,1016
ZNF366,250
TNPO1,2138
FCHO2,1962
TMEM171,92
TMEM174,48
FOXD1,144
BTF3,927
ANKRA2,2942
UTP15,1071
ARHGEF28,923
ENC1,6121
HEXB,6411
GFM2,2986
NSA2,4174
FAM169A,467
GCNT4,186
ANKRD31,223
HMGCR,2245
CERT1,3600
POLK,3262
ANKDD1B,126
POC5,672
SV2C,25
IQGAP2,2661
F2RL2,556
F2R,800
F2RL1,458
S100Z,96
CRHBP,81
AGGF1,3784
ZBED3,871
PDE8B,330
WDR41,3380
OTP,25
AP3B1,4250
SCAMP1,1984
LHFPL2,4257
ARSB,1170
DMGDH,149
BHMT2,577
BHMT,39
JMY,1840
HOMER1,2036
TENT2,5805
CMYA5,2158
MTX3,1742
THBS4,1140
SERINC5,3965
SPZ1,40
ZFYVE16,4494
FAM151B,738
ANKRD34B,105
DHFR,3512
MSH3,1966
RASGRF2,505
CKMT2,108
ZCCHC9,2569
ACOT12,55
SSBP2,3504
ATG10,1569
ATP6AP1L,609
TMEM167A,5387
XRCC4,900
VCAN,23318
HAPLN1,215
EDIL3,1329
COX7C,9665
RASA1,5010
CCNH,1133
TMEM161B,1298
MEF2C,1122
CETN3,1182
MBLAC2,430
POLR3G,341
LYSMD3,1887
ADGRV1,769
ARRDC3,10108
NR2F1,2205
FAM172A,3147
POU5F2,944
KIAA0825,890
SLF1,1110
MCTP1,932
FAM81B,140
TTC37,4982
ARSK,151
GPR150,58
RFESD,39
SPATA9,65
RHOBTB3,6182
GLRX,5326
ELL2,7092
PCSK1,102
CAST,12359
ERAP1,2278
ERAP2,480
LNPEP,3867
LIX1,43
RIOK2,2429
RGMB,2924
CHD1,3492
FAM174A,2700
ST8SIA4,1285
SLCO4C1,70
SLCO6A1,35
PAM,8399
GIN1,678
PPIP5K2,3627
C5ORF30,1883
NUDT12,1531
EFNA5,1656
FBXL17,3402
FER,4259
PJA2,9962
MAN2A1,2141
TMEM232,357
SLC25A46,2087
TSLP,103
WDR36,2480
CAMK4,245
STARD4,662
NREP,6571
EPB41L4A,1599
APC,2363
SRP19,7141
REEP5,11398
DCP2,3696
MCC,1046
TSSK1B,141
YTHDC2,4500
KCNN2,169
TRIM36,823
PGGT1B,2061
CCDC112,984
FEM1C,2230
TICAM2,702
TMED7,8400
CDO1,139
ATG12,3347
LVRN,75
ARL14EPL,54
COMMD10,1496
SEMA6A,859
DTWD2,1189
DMXL1,2592
TNFAIP8,1113
HSD17B4,10521
FAM170A,55
PRR16,409
FTMT,70
SRFBP1,3102
LOX,5204
ZNF474,139
AC010255.3,31
SNCAIP,177
SNX2,5580
SNX24,2599
PPIC,4024
PRDM6,378
CEP120,1823
CSNK1G3,3539
ZNF608,1050
GRAMD2B,3713
ALDH7A1,1828
PHAX,3119
TEX43,59
LMNB1,5657
MARCH3,877
MEGF10,427
PRRC1,6260
CTXN3,45
CCDC192,58
SLC12A2,7911
FBN2,186
SLC27A6,145
ISOC1,4462
ADAMTS19,476
MINAR2,60
CHSY3,346
HINT1,4868
LYRM7,780
CDC42SE2,3579
RAPGEF6,3012
FNIP1,5708
MEIKIN,71
ACSL6,85
IL3,42
CSF2,35
P4HA2,3755
PDLIM4,4449
SLC22A4,316
SLC22A5,1616
IRF1,4462
IL5,79
RAD50,4015
IL13,21
IL4,31
KIF3A,2358
CCNI2,180
SEPTIN8,6026
SOWAHA,113
SHROOM1,1461
GDF9,118
UQCRQ,5607
LEAP2,175
AFF4,12537
HSPA4,2334
FSTL4,135
C5ORF15,2931
VDAC1,4913
TCF7,748
PPP2CA,2547
CDKL3,361
UBE2B,8685
CDKN2AIPNL,2315
JADE2,1239
SAR1B,5518
SEC24A,3242
CAMLG,2884
DDX46,6408
C5ORF24,5635
TXNDC15,5548
CATSPER3,305
PITX1,2471
H2AFY,6252
TIFAB,85
NEUROG1,32
CXCL14,6353
SLC25A48,245
IL9,15
LECT2,31
TGFBI,9387
SMAD5,3749
SMIM32,31
TRPC7,44
SPOCK1,2046
KLHL3,548
HNRNPA0,20069
MYOT,24
PKD2L2,67
FAM13B,3061
WNT8A,33
NME5,845
BRD8,4246
KIF20A,1876
CDC23,1419
GFRA3,194
CDC25C,727
FAM53C,3276
KDM3B,5578
REEP2,399
EGR1,21022
ETF1,2168
HSPA9,7954
CTNNA1,19354
LRRTM2,99
SIL1,4264
PAIP2,1458
SLC23A1,127
MZB1,1386
PROB1,100
SPATA24,464
DNAJC18,659
ECSCR,572
SMIM33,111
TMEM173,3198
UBE2D2,6226
CXXC5,10044
PSD2,79
NRG2,92
PURA,3323
IGIP,1566
CYSTM1,3809
PFDN1,2256
HBEGF,534
SLC4A9,18
ANKHD1,8822
SRA1,6970
EIF4EBP3,1014
APBB3,2797
SLC35A4,4641
CD14,2610
NDUFA2,13607
TMCO6,705
IK,4132
WDR55,2761
DND1,185
HARS,3625
HARS2,2014
ZMAT2,7094
PCDHA1,56
PCDHA2,67
PCDHA3,89
PCDHA4,210
PCDHA5,112
PCDHA6,81
PCDHA7,68
PCDHA8,31
PCDHA9,111
PCDHA10,324
PCDHA11,85
PCDHA12,179
PCDHA13,103
PCDHAC1,159
PCDHB1,70
PCDHB2,467
PCDHB3,572
PCDHB4,424
PCDHB5,224
PCDHB6,281
PCDHB7,221
PCDHB8,214
PCDHB16,890
PCDHB9,226
PCDHB10,437
PCDHB11,180
PCDHB12,326
PCDHB13,430
PCDHB14,797
PCDHB15,185
TAF7,8200
SLC25A2,39
PCDHGA1,248
PCDHGA2,316
PCDHGA3,238
PCDHGB2,445
PCDHGA5,965
PCDHGA6,631
PCDHGA7,615
PCDHGA8,611
PCDHGA9,351
PCDHGB6,603
PCDHGA10,996
PCDHGB7,1006
PCDHGA11,238
PCDHGA12,831
PCDHGC3,773
PCDHGC5,182
DIAPH1,3496
HDAC3,4720
RELL2,739
FCHSD1,862
ARAP3,562
PCDH1,6722
DELE1,2595
PCDH12,540
RNF14,2612
GNPDA1,2670
NDFIP1,11985
SPRY4,2595
FGF1,646
ARHGAP26,1625
NR3C1,3903
HMHB1,20
YIPF5,4105
KCTD16,100
PRELID2,1644
GRXCR2,39
SH3RF2,941
PLAC8L1,304
LARS,5375
RBM27,4633
POU4F3,67
TCERG1,6835
GPR151,69
PPP2R2B,99
STK32A,42
DPYSL3,5086
JAKMIP2,87
SPINK1,207
SCGB3A2,55
C5ORF46,1915
SPINK5,186
SPINK14,22
SPINK6,41
MARCOL,36
SPINK13,38
SPINK7,49
SPINK9,18
FBXO38,2078
HTR4,124
ADRB2,339
SH3TC2,198
ABLIM3,1361
AFAP1L1,804
GRPEL2,982
PCYOX1L,571
IL17B,67
CSNK1A1,5599
ARHGEF37,2144
PPARGC1B,740
PDE6A,42
SLC26A2,1829
TIGD6,780
HMGXB3,3848
CSF1R,2336
PDGFRB,6703
CDX1,79
SLC6A7,28
CAMK2A,89
ARSI,444
TCOF1,3181
CD74,68770
NDST1,5353
SYNPO,2177
MYOZ3,239
RBM22,2019
DCTN4,8297
SMIM3,904
IRGM,58
ZNF300,861
GPX3,1338
TNIP1,6949
ANXA6,17113
CCDC69,505
GM2A,2291
SLC36A3,40
SLC36A2,39
SLC36A1,1632
FAT2,650
SPARC,128814
ATOX1,10126
GLRA1,60
NMUR2,28
GRIA1,63
FAM114A2,2349
MFAP3,446
GALNT10,8419
SAP30L,3335
HAND1,21
LARP1,4296
FAXDC2,792
CNOT8,7982
GEMIN5,1400
KIF4B,65
SGCD,668
TIMD4,94
HAVCR1,21
HAVCR2,1371
MED7,1126
ITK,491
FAM71B,38
CYFIP2,1559
FNDC9,39
ADAM19,2048
NIPAL4,99
SOX30,65
C5ORF52,13
THG1L,1162
LSM11,772
CLINT1,8402
EBF1,981
RNF145,1184
UBLCP1,3125
IL12B,57
ADRA1B,249
TTC1,5896
PWWP2A,2117
FABP6,96
CCNJL,402
C1QTNF2,115
ZBED8,1014
SLU7,5237
PTTG1,1812
ATP10B,60
GABRB2,249
GABRA6,32
GABRA1,27
GABRG2,49
CCNG1,4938
NUDCD2,5498
HMMR,2139
MAT2B,6218
TENM2,94
WWC1,4357
RARS,7018
FBLL1,433
PANK3,6863
SLIT3,1227
SPDL1,321
DOCK2,1261
INSYN2B,155
FOXI1,1284
C5ORF58,66
LCP2,2154
KCNIP1,66
KCNMB1,571
GABRP,4059
RANBP17,1722
TLX3,43
FGF18,200
SMIM23,29
FBXW11,2783
STK10,2299
EFCAB9,62
UBTD2,4958
SH3PXD2B,4487
NEURL1B,1351
DUSP1,8730
ERGIC1,7712
ATP6V0E1,10260
CREBRF,3272
BNIP1,1777
NKX2-5,204
STC2,10715
BOD1,2826
CPEB4,5554
C5ORF47,28
NSG2,60
MSX2,863
DRD1,80
SFXN1,4450
HRH2,171
CPLX2,38
SIMC1,1305
KIAA1191,3372
ARL10,798
NOP16,7078
HIGD2A,8367
CLTB,5983
FAF2,3725
RNF44,6131
CDHR2,49
GPRIN1,953
SNCB,60
EIF4E1B,104
TSPAN17,3114
UNC5A,395
HK3,585
UIMC1,1835
ZNF346,2421
FGFR4,1537
NSD1,5514
RAB24,1678
MXD3,1685
LMAN2,14445
RGS14,944
SLC34A1,33
PFN3,46
F12,152
GRK6,2000
PRR7,1787
DBN1,3805
PDLIM7,8805
DOK3,609
DDX41,790
FAM193B,6471
TMED9,14731
B4GALT7,3648
PROP1,46
N4BP3,4264
RMND5B,5805
NHP2,18894
GMCL2,34
PHYKPL,3360
COL23A1,216
CLK4,3692
AC113348.1,62
ZNF354A,2322
ZNF354B,1368
ZFP2,196
ZNF454,865
GRM6,37
ZNF879,683
ZNF354C,1228
ADAMTS2,4065
RUFY1,7772
C5ORF60,52
CBY3,84
CANX,4947
MAML1,4504
LTC4S,228
MGAT4B,11006
SQSTM1,56614
MRNIP,4834
TBC1D9B,19218
RNF130,5348
RASGEF1C,141
MAPK9,5745
GFPT2,1640
CNOT6,6127
SCGB3A1,764
FLT4,425
OR2Y1,45
MGAT1,8908
ZFP62,5755
BTNL8,106
BTNL3,54
OR2V1,77
OR2V2,44
TRIM7,232
TRIM41,4298
RACK1,17388
TRIM52,1684
DUSP22,4060
IRF4,307
EXOC2,5791
HUS1B,520
FOXQ1,489
FOXF2,212
FOXC1,4554
GMDS,6941
MYLK4,84
WRNIP1,6940
SERPINB1,6011
SERPINB9,2001
SERPINB6,10157
NQO2,2792
RIPK1,2851
BPHL,3098
TUBB2A,1697
TUBB2B,1032
PSMG4,2246
SLC22A23,2858
PXDC1,2280
FAM50B,1442
PRPF4B,9874
FAM217A,72
C6ORF201,33
ECI2,5559
CDYL,4140
RPP40,1530
PPP1R3G,157
LYRM4,1818
FARS2,862
NRN1,4255
F13A1,1829
LY86,487
RREB1,3692
SSR1,5262
CAGE1,66
RIOK1,3335
DSP,54832
SNRNP48,2576
BMP6,168
TXNDC5,14340
BLOC1S5,2582
EEF1E1,1567
SLC35B3,3911
TFAP2A,9201
GCNT2,3566
C6ORF52,584
PAK1IP1,4325
TMEM14C,9101
TMEM14B,2725
MAK,148
GCM2,42
SYCP2L,199
ELOVL2,674
SMIM13,1477
ERVFRD-1,85
NEDD9,3340
TMEM170B,454
ADTRP,980
EDN1,1955
PHACTR1,673
TBC1D7,3781
GFOD1,1180
SIRT5,2502
NOL7,4641
RANBP9,14064
MCUR1,5922
RNF182,216
CD83,934
JARID2,3160
DTNBP1,3480
MYLIP,6816
GMPR,1807
ATXN1,4129
STMND1,3650
RBM24,519
CAP2,5219
FAM8A1,2570
NUP153,6816
KIF13A,6711
NHLRC1,1216
TPMT,1604
KDM1B,5806
DEK,12644
RNF144B,4101
ID4,1777
MBOAT1,6259
E2F3,3591
CDKAL1,3559
SOX4,29264
PRL,65
HDGFL1,49
NRSN1,78
DCDC2,1652
KAAG1,56
MRS2,6270
GPLD1,184
ALDH5A1,1737
KIAA0319,305
TDP2,6091
ACOT13,4238
C6ORF62,11441
GMNN,3613
ARMH2,100
RIPOR2,368
CARMIL1,2484
SCGN,61
HIST1H2AA,53
HIST1H2BA,39
SLC17A4,104
SLC17A1,93
SLC17A3,38
SLC17A2,49
TRIM38,9688
HIST1H1A,3504
HIST1H4B,114
HIST1H2BB,685
HIST1H1C,22944
HFE,882
HIST1H4C,5305
HIST1H2AC,3519
HIST1H1E,7767
HIST1H4E,40
HIST1H2BG,3397
HIST1H2AE,1681
HIST1H3E,466
HIST1H1D,11965
HIST1H4G,29
HIST1H2BH,3403
HIST1H3G,579
BTN3A2,4715
BTN2A2,1460
BTN3A1,2853
BTN3A3,2497
BTN2A1,1360
BTN1A1,85
HMGN4,7679
ABT1,1467
ZNF322,2702
HIST1H2AG,908
HIST1H4I,65
PRSS16,698
POM121L2,61
ZNF391,437
ZNF184,1825
HIST1H2AI,84
HIST1H3H,1324
HIST1H4J,641
HIST1H2BN,318
HIST1H2AK,334
HIST1H1B,26311
OR2B2,72
OR2B6,141
ZNF165,2239
ZSCAN16,1509
ZKSCAN8,3179
ZSCAN9,1675
ZKSCAN4,783
NKAPL,148
ZSCAN26,1699
PGBD1,817
ZSCAN31,1559
ZKSCAN3,1303
ZSCAN12,488
ZSCAN23,332
GPX6,45
GPX5,73
ZBED9,181
TRIM27,9211
ZNF311,359
OR2W1,44
OR2B3,59
OR2J3,23
OR2J2,82
OR14J1,63
OR5V1,75
OR12D3,58
OR12D2,55
OR11A1,73
OR10C1,26
OR2H1,38
MAS1L,121
OR2I1P,76
UBD,985
GABBR1,6397
OR2H2,54
MOG,54
ZFP57,198
ZNRD1,2098
PPP1R11,6162
RNF39,301
TRIM31,43
TRIM40,42
TRIM10,36
TRIM15,40
TRIM26,5955
TRIM39,1526
RPP21,4702
GNL1,4429
PRR3,1436
ABCF1,6724
PPP1R10,8545
ATAT1,2653
C6ORF136,814
DHX16,3504
PPP1R18,4909
NRM,809
MDC1,3048
TUBB,13225
FLOT1,14587
IER3,10495
DDR1,18457
GTF2H4,3516
VARS2,2227
SFTA2,132
MUCL3,67
MUC21,73
MUC22,22
C6ORF15,163
PSORS1C1,474
CDSN,973
PSORS1C2,87
CCHCR1,2561
TCF19,2354
MICA,3259
MICB,257
MCCD1,48
DDX39B,8938
ATP6V1G2,330
NFKBIL1,3901
LTA,153
TNF,591
LTB,911
LST1,886
NCR3,58
AIF1,2137
PRRC2A,5537
BAG6,18370
APOM,193
C6ORF47,1628
GPANK1,2236
CSNK2B,7629
LY6G5B,1873
LY6G5C,171
ABHD16A,4602
LY6G6F,37
LY6G6E,113
LY6G6D,113
MPIG6B,182
LY6G6C,239
DDAH2,14910
CLIC1,10767
MSH5,2406
SAPCD1,786
VWA7,146
VARS,8419
LSM2,3785
HSPA1L,271
HSPA1A,12103
HSPA1B,18191
SNHG32,5479
NEU1,3228
SLC44A4,6393
EHMT2,7474
C2,3561
ZBTB12,914
CFB,31006
NELFE,1841
SKIV2L,1336
DXO,1019
STK19,2119
C4B,457
CYP21A2,2382
TNXB,1129
ATF6B,10783
FKBPL,866
PRRT1,479
PPT2,1288
EGFL8,833
AGPAT1,6545
RNF5,6086
AGER,1563
PBX2,9183
GPSM3,1699
TSBP1,39
BTNL2,85
TAP2,7567
PSMB8,14323
PSMB9,7536
TAP1,22486
BRD2,22895
COL11A2,237
RXRB,2939
SLC39A7,8047
HSD17B8,2503
RING1,5531
VPS52,7233
B3GALT4,947
WDR46,6622
PFDN6,7955
RGL2,13826
TAPBP,40719
ZBTB22,2831
DAXX,7920
KIFC1,5298
PHF1,6111
CUTA,13337
SYNGAP1,4283
ZBTB9,1549
BAK1,4306
ITPR3,5893
UQCC2,7337
IP6K3,40
LEMD2,8041
MLN,46
GRM4,244
HMGA1,2872
SMIM29,4598
NUDT3,9410
PACSIN1,336
SPDEF,9709
ILRUN,6457
SNRPC,12667
UHRF1BP1,2585
TAF11,7270
ANKS1A,4869
TCP11,29
SCUBE3,2852
ZNF76,4108
DEF6,2089
PPARD,3343
FANCE,897
TEAD3,3037
TULP1,56
FKBP5,4837
ARMC12,129
CLPSL2,824
CLPSL1,2177
CLPS,108
SRPK1,12169
SLC26A8,83
MAPK14,4724
MAPK13,9879
BRPF3,5893
PNPLA1,47
BNIP5,70
ETV7,233
PXT1,67
KCTD20,7612
STK38,4923
SRSF3,11173
CDKN1A,4803
RAB44,89
CPNE5,493
PPIL1,4366
C6ORF89,3563
PI16,222
MTCH1,19317
FGD2,1111
PIM1,2502
TMEM217,240
TBC1D22B,2762
RNF8,2534
CMTR1,6919
CCDC167,5308
MDGA1,442
ZFAND3,13353
BTBD9,3655
GLO1,5278
DNAH8,72
GLP1R,289
SAYSD1,2562
KCNK5,1295
KCNK17,145
KCNK16,58
KIF6,144
DAAM2,765
MOCS1,570
LRFN2,60
UNC5CL,495
OARD1,3805
TSPO2,81
APOBEC2,74
NFYA,4699
TREML1,152
TREM2,1135
TREML2,30
TREML4,52
TREM1,650
NCR2,73
FOXP4,13973
MDFI,4638
TFEB,1044
PGC,71
FRS3,981
TOMM6,4759
USP49,619
MED20,1922
BYSL,2193
CCND3,5004
TAF8,2639
C6ORF132,4771
GUCA1B,439
TRERF1,2294
UBR2,5562
PRPH2,85
TBCC,4204
BICRAL,2683
C6ORF226,1067
PTCRA,132
CNPY3,6523
GNMT,457
PEX6,2392
PPP2R5D,5394
MEA1,8394
KLHDC3,8291
RRP36,7786
CUL7,1765
KLC4,1909
PTK7,9275
SRF,5291
CUL9,1040
DNPH1,4972
TTBK1,91
SLC22A7,40
CRIP3,159
ZNF318,2320
DLK2,114
TJAP1,1571
LRRC73,502
POLR1C,2117
YIPF3,8931
XPO5,7404
POLH,4588
GTPBP2,8413
MAD2L1BP,2682
RSPH9,209
VEGFA,40226
C6ORF223,146
TMEM63B,4636
CAPN11,70
MYMX,119
SLC29A1,5947
HSP90AB1,35376
SLC35B2,4991
NFKBIE,1438
TMEM151B,51
TCTE1,58
AARS2,2364
SPATS1,99
CDC5L,7715
SUPT3H,932
RUNX2,2458
CLIC5,222
ENPP4,1582
ENPP5,1310
RCAN2,705
CYP39A1,376
SLC25A27,941
TDRD6,123
PLA2G7,1105
ANKRD66,33
MEP1A,67
ADGRF5,1389
ADGRF1,379
TNFRSF21,4664
CD2AP,9504
ADGRF2,70
ADGRF4,153
OPN5,39
PTCHD4,83
MMUT,3034
CENPQ,896
GLYATL3,120
C6ORF141,4147
RHAG,74
CRISP2,73
CRISP3,999
PGK2,79
CRISP1,26
DEFB133,43
DEFB114,38
DEFB113,34
DEFB110,36
DEFB112,57
TFAP2D,127
TFAP2B,1770
PKHD1,63
IL17A,19
IL17F,43
MCM3,5947
PAQR8,384
EFHC1,2157
TRAM2,2073
TMEM14A,7566
GSTA2,62
GSTA1,406
GSTA5,63
GSTA3,248
GSTA4,3049
ICK,1955
FBXO9,9420
GCM1,113
ELOVL5,15280
GCLC,4761
KLHL31,154
LRRC1,3642
MLIP,46
TINAG,71
FAM83B,1106
HCRTR2,135
GFRAL,27
HMGCLL1,534
BMP5,386
COL21A1,258
DST,5481
BEND6,470
KIAA1586,1033
ZNF451,1607
BAG2,1875
RAB23,3122
PRIM2,1890
KHDRBS2,47
FKBP1C,10
LGSN,31
AL135905.2,118
PHF3,6350
EYS,77
ADGRB3,71
LMBRD1,4389
COL19A1,75
COL9A1,113
FAM135A,375
SDHAF4,2093
SMAP1,3377
B3GAT2,41
OGFRL1,8793
RIMS1,152
KCNQ5,148
KHDC1,167
DPPA5,42
KHDC3L,38
OOEP,62
DDX43,88
CGAS,1418
MTO1,3153
SLC17A5,1792
CD109,3114
COL12A1,13676
COX7A2,7796
TMEM30A,1174
FILIP1,404
SENP6,11595
MYO6,20719
IMPG1,60
MEI4,62
IRAK1BP1,629
PHIP,5595
HMGN3,7810
LCA5,763
SH3BGRL2,1314
ELOVL4,196
TTK,1828
BCKDHB,3839
TENT5A,3489
IBTK,6048
TPBG,4268
UBE3D,300
DOP1A,1084
PGM3,4945
RWDD2A,1360
ME1,2510
PRSS35,46
SNAP91,42
RIPPLY2,29
CYB5R4,2788
MRAP2,100
CEP162,1376
TBX18,422
NT5E,1301
SNX14,6939
SYNCRIP,434
HTR1E,51
CGA,2866
ZNF292,5594
GJB7,100
SMIM8,1251
C6ORF163,702
CFAP206,333
SLC35A1,3467
RARS2,4655
ORC3,2151
AKIRIN2,6532
SPACA1,34
CNR1,95
RNGTT,3137
PNRC1,13659
SRSF12,263
PM20D2,1194
GABRR1,40
GABRR2,191
UBE2J1,6040
RRAGD,1074
ANKRD6,1013
LYRM2,251
MDN1,2128
CASP8AP2,2284
GJA10,47
BACH2,363
MAP3K7,5373
EPHA7,235
MANEA,1335
FUT9,203
UFL1,2054
FHL5,85
GPR63,225
NDUFAF4,1525
KLHL32,60
MMS22L,931
POU3F2,46
FBXL4,3697
FAXC,1611
COQ3,497
PNISR,8775
USP45,2276
CCNC,6913
PRDM13,23
MCHR2,32
SIM1,86
ASCC3,3888
GRIK2,310
HACE1,2183
LIN28B,82
BVES,330
POPDC3,93
PREP,3288
PRDM1,1642
ATG5,3932
CRYBG1,8649
RTN4IP1,534
QRSL1,1560
CD24,89574
MTRES1,940
BEND3,724
PDSS2,2077
SOBP,637
SCML4,168
SEC63,7135
OSTM1,2800
NR2E1,41
SNX3,10094
AFG1L,902
FOXO3,10270
ARMC2,1140
SESN1,4415
CD164,11949
PPIL6,947
SMPD2,2841
MICAL1,3965
ZBTB24,1703
AK9,2145
FIG4,6226
GPR6,75
WASF1,1216
CDC40,1567
METTL24,59
DDO,364
SLC22A16,80
CDK19,1708
AMD1,4303
GTF3C6,4577
RPF2,4518
SLC16A10,215
MFSD4B,1359
REV3L,1551
TRAF3IP2,2346
FYN,1272
CCN6,485
TUBE1,2139
FAM229B,1659
LAMA4,4063
RFPL4B,407
MARCKS,15124
HDAC2,4166
HS3ST5,56
FRK,2636
NT5DC1,2759
COL10A1,10393
TSPYL4,3049
DSE,3098
TSPYL1,7201
CALHM6,1011
TRAPPC3L,75
CALHM5,439
CALHM4,124
RWDD1,4539
RSPH4A,153
ZUP1,1902
KPNA5,1321
FAM162B,120
GPRC6A,38
RFX6,45
VGLL2,41
ROS1,99
DCBLD1,2068
GOPC,5330
NUS1,7019
SLC35F1,106
CEP85L,1098
PLN,191
MCM9,1984
ASF1A,3049
FAM184A,576
MAN1A1,3273
TBC1D32,1294
GJA1,8316
HSF2,1128
SERINC1,10752
PKIB,4852
FABP7,811
SMPDL3A,805
CLVS2,25
TRDN,35
NKAIN2,32
RNF217,1865
TPD52L1,7052
HDDC2,4342
HEY2,882
NCOA7,9068
HINT3,2960
TRMT11,2010
CENPW,3853
RSPO3,714
RNF146,2809
ECHDC1,2570
KIAA0408,241
SOGA3,318
C6ORF58,50
THEMIS,388
PTPRK,9114
LAMA2,687
ARHGAP18,3293
TMEM244,69
L3MBTL3,960
SAMD3,587
TMEM200A,1007
SMLR1,43
EPB41L2,5580
AKAP7,1155
ARG1,39
MED23,4513
ENPP3,365
OR2A4,26
ENPP1,8062
CCN2,24405
MOXD1,631
STX7,2998
TAAR9,48
TAAR8,44
TAAR6,38
TAAR5,65
TAAR2,81
TAAR1,61
VNN1,86
VNN3,61
VNN2,165
SLC18B1,889
EYA4,107
TCF21,31
TBPL1,1788
SLC2A12,326
SGK1,4305
ALDH8A1,213
HBS1L,16236
MYB,7303
AHI1,2212
PDE7B,240
MTFR2,463
MAP7,5284
MAP3K5,1673
PEX7,702
SLC35D3,115
IL20RA,946
IL22RA2,87
IFNGR1,6413
OLIG3,52
TNFAIP3,4293
PERP,8567
ARFGEF3,2429
PBOV1,56
SMIM28,49
HEBP2,9660
NHSL1,1644
CCDC28A,1990
ECT2L,152
REPS1,4412
ABRACL,10196
HECA,4219
TXLNB,818
CITED2,11404
NMBR,77
GJE1,70
VTA1,3666
ADGRG6,1611
HIVEP2,2940
AIG1,3063
ADAT2,1496
PEX3,1933
FUCA2,4353
PHACTR2,2678
LTV1,3162
ZC2HC1B,69
PLAGL1,2018
SF3B5,8986
STX11,798
UTRN,4550
EPM2A,453
FBXO30,2067
SHPRH,3213
GRM1,73
RAB32,2305
ADGB,63
STXBP5,2052
SAMD5,251
SASH1,906
UST,331
TAB2,8853
SUMO4,196
ZC3H12D,360
PPIL4,2509
GINM1,4106
KATNA1,1942
LATS1,6312
NUP43,2647
PCMT1,6001
LRP11,4245
RAET1E,85
RAET1G,16
ULBP2,64
ULBP1,96
RAET1L,40
ULBP3,74
PPP1R14C,509
IYD,646
PLEKHG1,1143
MTHFD1L,3053
AKAP12,1430
ZBTB2,2398
RMND1,7595
ARMT1,5696
CCDC170,1175
ESR1,8584
SYNE1,809
MYCT1,276
VIP,113
FBXO5,1706
MTRF1L,584
RGS17,164
OPRM1,39
IPCEF1,300
CNKSR3,1070
SCAF8,4930
TIAM2,326
TFB1M,1287
CLDN20,35
NOX3,42
ARID1B,3873
TMEM242,1306
ZDHHC14,1309
SNX9,3488
SYNJ2,1833
SERAC1,1095
GTF2H5,7686
TULP4,5030
TMEM181,5005
DYNLT1,13189
SYTL3,588
EZR,22686
RSPH3,2292
TAGAP,858
FNDC1,1956
SOD2,9708
ACAT2,2055
TCP1,3925
PNLDC1,120
MAS1,16
IGF2R,6126
SLC22A1,84
SLC22A2,57
SLC22A3,97
PLG,23
MAP3K4,3474
AGPAT4,611
PRKN,543
PACRG,145
QKI,8777
C6ORF118,44
PDE10A,481
TBXT,35
PRR18,110
SFT2D1,2495
MPC1,3089
RAMACL,9
RNASET2,3260
FGFR1OP,2363
CCR6,262
TCP10L2,25
GPR31,87
UNC93A,30
TTLL2,65
AFDN,9183
KIF25,46
FRMD1,48
DACT2,107
SMOC2,4526
THBS2,16022
WDR27,2040
C6ORF120,3549
PHF10,6649
TCTE3,478
ERMARD,3472
DLL1,709
FAM120B,2635
PSMB1,13628
TBP,2224
FAM20C,4522
AC187653.1,28
PDGFA,1929
PRKAR1B,2022
DNAAF5,4111
SUN1,5439
ADAP1,575
COX19,2481
CYP2W1,38
C7ORF50,12235
GPR146,187
GPER1,617
ZFAND2A,3910
UNCX,20
MICALL2,5686
INTS1,5216
MAFK,4037
TMEM184A,2008
PSMG3,8351
ELFN1,218
MAD1L1,1247
MRM2,2297
NUDT1,2256
SNX8,4133
EIF3B,16354
CHST12,1591
GRIFIN,20
LFNG,2597
BRAT1,3931
IQCE,4202
TTYH3,7457
AMZ1,755
GNA12,1593
CARD11,547
SDK1,1130
FOXK1,4507
AP5Z1,3383
RADIL,286
PAPOLB,103
MMD2,28
RBAK,1879
WIPI2,6562
SLC29A4,766
TNRC18,4226
FBXL18,1639
ACTB,105260
FSCN1,3877
RNF216,2426
CCZ1,343
PMS2,2163
AIMP2,4087
EIF2AK1,11811
ANKRD61,82
USP42,1354
CYTH3,2832
RAC1,11351
DAGLB,1666
KDELR2,7908
GRID2IP,4
ZDHHC4,4103
C7ORF26,3447
ZNF853,365
ZNF316,6230
ZNF12,2645
RSPH10B2,56
C1GALT1,904
COL28A1,363
MIOS,4038
RPA3,835
UMAD1,2638
GLCCI1,1897
ICA1,6041
NXPH1,321
NDUFA4,24792
PHF14,6954
THSD7A,248
TMEM106B,8866
VWDE,368
AC013470.2,53
SCIN,1264
ARL4A,1789
ETV1,736
DGKB,85
AGMO,97
MEOX2,246
CRPPA,926
SOSTDC1,1515
LRRC72,51
ANKMY2,1359
BZW2,6869
TSPAN13,18219
AGR2,28815
AGR3,12599
AHR,7779
SNX13,3810
PRPS1L1,42
HDAC9,1035
TWIST1,1386
FERD3L,38
TWISTNB,1908
TMEM196,71
MACC1,3172
ITGB8,5274
ABCB5,127
SP8,29
SP4,1252
DNAH11,220
CDCA7L,2224
RAPGEF5,2093
STEAP1B,25
IL6,348
TOMM7,15290
FAM126A,1702
KLHL7,1773
NUP42,2709
GPNMB,10936
MALSU1,4798
IGF2BP3,346
TRA2A,9539
CCDC126,1383
FAM221A,1585
STK31,225
NPY,69
MPP6,892
GSDME,478
OSBPL3,1166
CYCS,1535
C7ORF31,364
NPVF,78
NFE2L3,1077
HNRNPA2B1,42082
CBX3,16107
SNX10,4204
SKAP2,819
HOXA1,83
HOXA2,64
HOXA3,179
HOXA4,141
HOXA5,300
HOXA6,105
HOXA7,101
HOXA9,242
HOXA10,347
HOXA11,101
HOXA13,82
EVX1,51
HIBADH,4826
TAX1BP1,7831
JAZF1,1230
CREB5,878
TRIL,964
CPVL,1635
AC004593.3,68
PRR15,1262
WIPF3,333
SCRN1,4031
FKBP14,2502
PLEKHA8,2396
MTURN,2530
ZNRF2,7327
NOD1,1217
GGCT,11485
GARS,5122
CRHR2,24
INMT,165
MINDY4,771
AQP1,3842
ADCYAP1R1,93
NEUROD6,69
ITPRID1,124
PPP1R17,53
PDE1C,535
LSM5,4681
AVL9,6421
KBTBD2,5586
FKBP9,3555
NT5C3A,1249
RP9,1261
BBS9,2416
BMPER,106
NPSR1,47
DPY19L1,1999
HERPUD2,4550
SEPTIN7,2811
EEPD1,1182
KIAA0895,2454
ANLN,3226
AOAH,692
ELMO1,794
GPR141,544
EPDR1,633
NME8,123
SFRP4,5396
STARD3NL,4281
TRGC2,152
TRGJP2,40
TRGC1,155
TRGJP1,17
AMPH,416
VPS41,4956
POU6F2,85
YAE1,2310
RALA,4532
CDK13,5428
MPLKIP,2784
SUGCT,844
INHBA,11990
GLI3,11247
C7ORF25,2937
PSMA2,4913
HECW1,161
STK17A,1789
COA1,2663
BLVRA,6118
URGCP,3014
UBE2D4,2588
SPDYE1,61
DBNL,10620
PGAM2,242
POLM,3244
AEBP1,32739
POLD2,7703
MYL7,52
GCK,55
YKT6,11677
CAMK2B,336
NUDCD3,6488
NPC1L1,56
DDX56,5291
TMED4,11458
OGDH,4376
ZMIZ2,12114
PPIA,5313
PURB,7176
MYO1G,1130
CCM2,3995
NACAD,126
TBRG4,5104
RAMP3,659
ADCY1,1288
CCDC201,60
IGFBP1,78
IGFBP3,9114
TNS3,4885
PKD1L1,221
HUS1,4814
SUN3,54
C7ORF57,49
UPP1,1729
ABCA13,75
CDC14C,31
VWC2,42
ZPBP,79
SPATA48,19
IKZF1,1826
FIGNL1,1652
DDC,29
GRB10,3544
COBL,1784
POM121L12,31
VSTM2A,1018
SEC61G,6933
EGFR,1266
LANCL2,2942
VOPP1,3453
SEPTIN14,68
ZNF713,1709
NIPSNAP2,9872
PSPH,3056
CCT6A,13962
SUMF2,10364
PHKG1,242
CHCHD2,26790
NUPR2,370
ZNF479,9
ZNF716,27
AC115220.1,25
ZNF727,581
ZNF735,13
ZNF679,27
ZNF736,1010
ZNF680,4191
ZNF107,1948
ZNF138,1592
ZNF273,264
ZNF117,4564
ZNF92,2085
VKORC1L1,3445
GUSB,4630
ASL,2891
CRCP,5058
TPST1,2315
KCTD7,1793
RABGEF1,2464
TMEM248,8673
SBDS,661
TYW1,645
AUTS2,6051
GALNT17,140
CALN1,39
TYW1B,133
POM121,881
NSUN5,1461
TRIM50,35
FKBP6,72
FZD9,105
BAZ1B,12393
BCL7B,3683
TBL2,3712
MLXIPL,189
VPS37D,379
DNAJC30,1580
BUD23,6565
STX1A,1391
ABHD11,6790
CLDN3,6300
CLDN4,21988
METTL27,964
TMEM270,52
ELN,2056
LIMK1,5376
EIF4H,14491
LAT2,852
RFC2,3299
CLIP2,1379
GTF2IRD1,4243
GTF2I,6188
CASTOR2,1032
RCC1L,4089
POM121C,436
SPDYE5,8
HIP1,2268
CCL26,71
CCL24,66
RHBDD2,4695
POR,5102
TMEM120A,2390
STYXL1,1932
MDH2,4163
HSPB1,82774
YWHAG,8180
SSC4D,185
ZP3,438
DTX2,1115
UPK3B,161
CCDC146,613
FGL2,2291
GSAP,1658
PTPN12,11163
RSBN1L,3809
TMEM60,1676
PHTF2,3105
MAGI2,220
GNAI1,857
CD36,4858
GNAT3,199
SEMA3C,9020
HGF,228
CACNA2D1,653
PCLO,1586
SEMA3E,529
SEMA3A,111
SEMA3D,182
GRM3,40
KIAA1324L,1183
DMTF1,6565
TMEM243,565
CROT,1293
ABCB4,131
ABCB1,242
RUNDC3B,144
SLC25A40,2209
DBF4,1965
ADAM22,537
SRI,6143
STEAP4,905
ZNF804B,54
TEX47,65
STEAP1,987
STEAP2,1402
CFAP69,919
FAM237B,62
GTPBP10,2328
CLDN12,2992
CDK14,3883
FZD1,3211
MTERF1,964
AKAP9,8863
CYP51A1,4098
LRRD1,262
KRIT1,5376
ANKIB1,4021
GATAD1,2750
PEX1,2362
RBM48,502
FAM133B,1319
CDK6,2177
SAMD9,5269
SAMD9L,4401
HEPACAM2,251
VPS50,2097
CALCR,49
GNGT1,112
TFPI2,980
GNG11,1020
BET1,3218
COL1A2,224250
CASD1,5147
SGCE,2095
PEG10,6370
PPP1R9A,2120
PON1,66
PON3,417
PON2,9724
ASB4,46
PDK4,1439
DYNC1I1,253
SLC25A13,2791
SEM1,5271
DLX6,86
DLX5,498
SDHAF3,1343
TAC1,81
OCM2,85
LMTK2,2371
TECPR1,2383
BRI3,26593
BAIAP2L1,6645
NPTX2,182
TMEM130,118
TRRAP,6408
SMURF1,3711
KPNA7,125
ARPC1A,5059
ARPC1B,11660
BUD31,12114
PTCD1,1707
CPSF4,2599
ATP5MF,7180
ZNF789,990
ZNF394,3640
ZKSCAN5,1288
FAM200A,1025
ZNF655,5629
TMEM225B,116
ZSCAN25,1651
CYP3A5,90
CYP3A7,6
CYP3A4,34
CYP3A43,59
OR2AE1,116
TRIM4,4643
GJC3,252
AZGP1,33875
ZKSCAN1,7281
ZSCAN21,1560
ZNF3,1793
COPS6,6397
MCM7,8860
AP4M1,2252
TAF6,3285
CNPY4,1045
LAMTOR4,12749
GAL3ST4,983
GPC2,2565
STAG3,159
CASTOR3,643
PILRB,17550
PILRA,581
ZCWPW1,605
MEPCE,5530
PPP1R35,3913
C7ORF61,220
TSC22D4,5121
NYAP1,79
AGFG2,716
SAP25,1353
LRCH4,8164
FBXO24,197
PCOLCE,5775
MOSPD3,3726
TFR2,213
ACTL6B,42
GNB2,16588
GIGYF1,7973
POP7,3499
EPO,764
ZAN,31
EPHB4,9530
SLC12A9,2754
TRIP6,7204
SRRT,6567
UFSP1,180
ACHE,171
MUC3A,144
MUC12,154
MUC17,53
TRIM56,4543
SERPINE1,5949
AP1S1,6465
VGF,101
NAT16,44
MOGAT3,41
PLOD3,5550
ZNHIT1,6846
CLDN15,593
FIS1,13934
IFT22,4662
COL26A1,150
MYL10,21
CUX1,7419
SH2B2,1188
SPDYE6,127
ORAI2,1444
ALKBH4,1239
LRWD1,1239
RASA4B,88
FAM185A,815
FBXL13,479
LRRC17,693
ARMC10,2969
NAPEPLD,1243
PMPCB,7495
DNAJC2,3357
PSMC2,7662
SLC26A5,139
RELN,89
ORC5,1563
LHFPL3,44
KMT2E,10282
SRPK2,4907
PUS7,4197
RINT1,2504
EFCAB10,195
ATXN7L1,2308
CDHR3,355
SYPL1,3002
NAMPT,1652
CCDC71L,3507
PIK3CG,463
PRKAR2B,4686
HBP1,8709
COG5,5451
DUS4L,1125
BCAP29,3217
SLC26A4,135
CBLL1,4081
SLC26A3,145
DLD,4667
LAMB1,5310
LAMB4,55
NRCAM,1182
PNPLA8,3567
THAP5,1312
DNAJB9,4953
IMMP2L,5136
LRRN3,115
DOCK4,3203
ZNF277,2316
IFRD1,7184
LSMEM1,269
TMEM168,4209
BMT2,1502
GPR85,150
SMIM30,3940
PPP1R3A,46
FOXP2,244
MDFIC,3574
TFEC,1022
TES,8999
CAV2,3068
CAV1,2598
MET,1410
CAPZA2,8585
ST7,2337
WNT2,1267
ASZ1,4
CFTR,220
CTTNBP2,1008
LSM8,6103
ANKRD7,127
KCND2,386
TSPAN12,632
ING3,1564
CPED1,1220
WNT16,60
FAM3C,7907
PTPRZ1,92
AASS,1124
FEZF1,38
CADPS2,3531
RNF133,41
RNF148,98
TAS2R16,52
SLC13A1,8
IQUB,176
NDUFA5,4743
ASB15,76
LMOD2,45
WASL,9597
HYAL4,1452
SPAM1,182
TMEM229A,94
SSU72P8,58
GPR37,405
C7ORF77,86
POT1,3040
GRM8,83
ZNF800,4193
GCC1,1906
ARF5,7849
FSCN3,68
PAX4,8
SND1,7688
LRRC4,281
LEP,99
RBM28,3398
PRRT4,85
HILPDA,5861
FAM71F2,380
FAM71F1,115
CALU,20180
OPN1SW,46
CCDC136,357
FLNC,410
KCP,250
ATP6V1F,5867
ATP6V1FNB,236
IRF5,451
TNPO3,5681
AC011005.1,73
TSPAN33,1717
SMO,1735
AHCYL2,2349
STRIP2,524
SMKR1,500
NRF1,2118
UBE2H,6309
ZC3HC1,1729
KLHDC10,5407
TMEM209,3295
SSMEM1,64
CPA2,37
CPA4,409
CPA5,36
CPA1,68
CEP41,1145
MEST,1493
COPG2,3538
TSGA13,33
KLF14,66
MKLN1,4701
PODXL,5321
PLXNA4,403
CHCHD3,5381
EXOC4,6705
LRGUK,850
SLC35B4,945
AKR1B1,4491
AKR1B10,79
AKR1B15,46
BPGM,3920
CALD1,29941
AGBL3,181
CYREN,5362
TMEM140,1989
WDR91,1580
STRA8,90
CNOT4,3411
NUP205,5827
STMP1,7513
SLC13A4,44
FAM180A,370
MTPN,3390
CHRM2,37
PTN,964
DGKI,374
CREB3L2,5060
AKR1D1,33
TRIM24,3817
SVOPL,210
ATP6V0A4,891
TMEM213,236
KIAA1549,1577
ZC3HAV1L,1117
ZC3HAV1,5304
TTC26,1267
UBN2,3221
FMC1,2293
LUC7L2,16524
KLRG2,773
CLEC2L,165
HIPK2,6325
TBXAS1,252
PARP12,3850
KDM7A,4023
SLC37A3,2486
RAB19,156
DENND2A,281
ADCK2,3514
NDUFB2,7173
BRAF,2482
TMEM178B,782
AGK,1625
DENND11,6059
WEE2,61
SSBP1,4410
TAS2R4,634
PRSS37,30
MGAM,141
OR9A4,59
CLEC5A,731
TAS2R38,52
MGAM2,109
PRSS58,37
PRSS1,50
TRBC1,1262
TRBC2,1991
EPHB6,610
TRPV6,1344
TRPV5,33
LLCFC1,42
KEL,142
OR6V1,69
PIP,9591
TAS2R39,68
TAS2R40,79
GSTK1,11877
CASP2,6956
CLCN1,105
FAM131B,205
ZYX,18118
EPHA1,1940
TCAF1,4235
OR2F2,77
OR2F1,76
OR6B1,72
OR2A5,58
OR2A25,27
OR2A12,89
OR2A2,65
OR2A14,75
ARHGEF35,1733
ARHGEF5,3110
NOBOX,18
TPK1,368
CNTNAP2,786
C7ORF33,43
CUL1,5649
EZH2,6616
PDIA4,4179
ZNF786,1349
ZNF425,204
ZNF398,2598
ZNF282,4354
ZNF212,1501
ZNF783,4225
ZNF777,974
KRBA1,1202
ZNF467,3003
SSPO,445
ZNF862,2462
ATP6V0E2,1396
ZBED6CL,1431
LRRC61,1622
RARRES2,1468
REPIN1,5596
ZNF775,514
AC073111.4,1242
GIMAP8,620
GIMAP7,993
GIMAP4,2296
GIMAP6,674
GIMAP2,1183
GIMAP1,427
GIMAP5,598
TMEM176B,7733
TMEM176A,5676
AOC1,111
KCNH2,161
NOS3,142
ATG9B,184
ABCB8,4683
ASIC3,868
CDK5,1566
SLC4A2,6163
FASTK,5672
TMUB1,5877
AGAP3,3226
GBX1,49
ASB10,41
IQCA1L,34
AC021097.2,153
ABCF2,4360
CHPF2,4094
SMARCD3,2956
NUB1,5535
WDR86,605
CRYGN,231
RHEB,3944
PRKAG2,2817
GALNTL5,48
GALNT11,6619
KMT2C,16318
XRCC2,1536
ACTR3B,1588
DPP6,75
PAXIP1,3171
HTR5A,52
INSIG1,2806
EN2,66
RBM33,12348
SHH,55
RNF32,234
LMBR1,4706
NOM1,2020
MNX1,380
UBE3C,8471
DNAJB6,2653
PTPRN2,212
NCAPG2,3649
ESYT2,12659
WDR60,4277
VIPR2,159
OR4F21,114
ZNF596,275
FBXO25,2973
TDRP,4706
ERICH1,3003
DLGAP2,34
CLN8,1978
ARHGEF10,3253
KBTBD11,200
MYOM2,26
CSMD1,77
MCPH1,2870
AGPAT5,2372
XKR5,26
DEFB1,269
DEFA6,27
DEFA4,49
DEFA3,20
DEFA5,37
USP17L1,88
ZNF705G,72
AC134684.8,8
DEFB4A,49
USP17L3,117
PRAG1,3908
CLDN23,826
MFHAS1,1960
ERI1,2621
PPP1R3B,3962
TNKS,4447
MSRA,2336
PRSS51,39
PRSS55,20
RP1L1,61
C8ORF74,43
SOX7,236
PINX1,777
XKR6,1279
MTMR9,1626
SLC35G5,146
FAM167A,343
BLK,103
GATA4,86
NEIL2,2436
FDFT1,8963
CTSB,52719
DEFB136,46
DEFB135,14
DEFB134,44
USP17L7,59
USP17L2,181
LONRF1,2358
TRMT9B,345
DLC1,3153
C8ORF48,322
SGCZ,41
TUSC3,12342
MSR1,3625
FGF20,32
MICU3,463
ZDHHC2,795
CNOT7,1520
VPS37A,4185
MTMR7,359
SLC7A2,4951
PDGFRL,1856
MTUS1,3950
FGL1,79
PCM1,10669
ASAH1,9755
NAT1,4174
NAT2,130
PSD3,4215
SH2D4A,1315
CSGALNACT1,733
INTS10,4650
LPL,1725
SLC18A1,34
ATP6V1B2,6654
LZTS1,499
GFRA2,59
DOK2,536
XPO7,3411
NPM2,93
FGF17,40
DMTN,1481
FAM160B2,5525
NUDT18,331
HR,636
REEP4,1161
LGI3,37
SFTPC,100
BMP1,4071
PHYHIP,49
POLR3D,2895
PIWIL2,168
SLC39A14,1481
PPP3CC,1977
SORBS3,5795
PDLIM2,3797
C8ORF58,824
CCAR2,3314
BIN3,1608
EGR3,2298
PEBP4,63
RHOBTB2,1005
TNFRSF10B,2902
TNFRSF10C,140
TNFRSF10D,341
TNFRSF10A,1229
CHMP7,3085
R3HCC1,2707
LOXL2,7548
ENTPD4,3859
SLC25A37,6653
NKX3-1,782
NKX2-6,39
STC1,2958
ADAM28,1160
ADAMDEC1,847
ADAM7,49
NEFM,54
NEFL,16
DOCK5,3377
GNRH1,411
KCTD9,2283
CDCA2,1515
EBF2,149
PPP2R2A,5569
BNIP3L,11562
PNMA2,217
DPYSL2,4949
ADRA1A,55
STMN4,42
TRIM35,1452
PTK2B,2530
CHRNA2,58
EPHX2,2175
CLU,28929
SCARA3,2018
ESCO2,584
PBK,1485
SCARA5,100
NUGGC,112
ELP3,3150
PNOC,97
FBXO16,370
FZD3,1594
EXTL3,1318
INTS9,1504
HMBOX1,3017
KIF13B,3139
DUSP4,8089
SARAF,5244
LEPROTL1,4955
MBOAT4,66
DCTN6,4126
RBPMS,7571
GTF2E2,3970
SMIM18,78
GSR,6890
UBXN8,595
PPP2CB,1794
TEX15,38
PURG,118
WRN,1755
NRG1,1600
FUT10,740
TTI2,1440
MAK16,3417
RNF122,584
DUSP26,55
UNC5D,45
KCNU1,84
ZNF703,21441
ERLIN2,5833
PLPBP,7793
ADGRA2,1775
BRF2,2970
RAB11FIP1,16719
GOT1L1,146
ADRB3,69
EIF4EBP1,12535
ASH2L,8077
STAR,114
LSM1,10125
BAG4,1993
DDHD2,6482
PLPP5,10208
NSD3,4373
LETM2,1181
FGFR1,12315
TACC1,7977
PLEKHA2,2562
HTRA4,244
TM2D2,5992
ADAM9,6680
ADAM32,657
ADAM18,41
ADAM2,122
IDO1,825
IDO2,95
TCIM,11275
ZMAT4,363
SFRP1,9061
GOLGA7,7281
GINS4,1771
GPAT4,6297
NKX6-3,68
ANK1,137
KAT6A,8854
AP3M2,2036
PLAT,2185
IKBKB,17975
POLB,4903
DKK4,107
VDAC3,7850
SLC20A2,4376
SMIM19,6663
CHRNB3,95
CHRNA6,174
THAP1,1872
RNF170,2214
HOOK3,6140
FNTA,9249
HGSNAT,7637
SPIDR,3049
CEBPD,12821
PRKDC,12475
MCM4,10310
UBE2V2,86
EFCAB1,90
SNAI2,3414
PPDPFL,71
SNTG1,136
PXDNL,566
PCMTD1,17320
ST18,39
ALKAL1,37
RB1CC1,9102
NPBWR1,111
OPRK1,121
ATP6V1H,5973
RGS20,128
SOX17,210
XKR4,59
TMEM68,5777
TGS1,3707
LYN,1889
MOS,68
PLAG1,183
CHCHD7,2928
SDR16C5,2200
PENK,101
IMPAD1,15991
FAM110B,4198
UBXN2B,4453
CYP7A1,59
SDCBP,4444
NSMAF,3181
TOX,269
CA8,1147
RAB2A,13725
CHD7,6895
CLVS1,45
ASPH,26386
NKAIN3,51
GGH,4203
TTPA,196
YTHDF3,4569
BHLHE22,161
CYP7B1,1377
ARMC1,4193
MTFR1,5933
PDE7A,7076
DNAJC5B,130
TRIM55,40
CRH,87
RRS1,6452
ADHFE1,682
VXN,311
MYBL1,2013
VCPIP1,6605
SGK3,6183
MCMDC2,718
TCF24,90
PPP1R42,181
COPS5,7804
CSPP1,3639
ARFGEF1,7678
CPA6,184
PREX2,598
C8ORF34,208
SULF1,6972
SLCO5A1,83
PRDM14,51
NCOA2,3782
TRAM1,15461
LACTB2,3288
XKR9,266
EYA1,177
MSC,733
TRPA1,229
KCNB2,74
TERF1,2516
SBSPON,1256
C8ORF89,97
RDH10,4481
STAU2,14288
UBE2W,4412
ELOC,9598
TMEM70,2510
LY96,1897
JPH1,1213
GDAP1,5256
PI15,13363
CRISPLD1,1569
HNF4G,371
ZFHX4,736
PEX2,10547
PKIA,462
ZC2HC1A,2994
IL7,383
STMN2,157
HEY1,591
TPD52,31316
ZBTB10,5127
ZNF704,4658
PAG1,974
FABP5,1702
PMP2,73
FABP9,21
FABP4,522
FABP12,22
IMPA1,2019
SLC10A5,334
ZFAND1,6597
CHMP4C,4225
SNX16,1856
RALYL,92
LRRCC1,1676
E2F5,1673
RBIS,1995
CA13,608
CA1,108
CA3,291
CA2,8848
ATP6V0D2,296
PSKH2,54
SLC7A13,137
WWP1,6583
RMDN1,2550
CPNE3,12043
CNGB3,64
CNBD1,107
DCAF4L2,39
MMP16,666
RIPK2,5580
OSGIN2,4011
NBN,8140
DECR1,7321
CALB1,53
TMEM64,2499
C8ORF88,217
PIP4P2,1432
OTUD6B,2465
LRRC69,689
SLC26A7,116
RUNX1T1,583
TRIQK,5015
RBM12B,2285
TMEM67,1843
PDP1,2988
CDH17,73
GEM,3390
RAD54B,1769
VIRMA,8473
ESRP1,14687
DPY19L4,2163
INTS8,8997
CCNE2,2600
NDUFAF6,5542
TP53INP1,4867
PLEKHF2,16213
C8ORF37,785
GDF6,133
UQCRB,10967
MTERF3,3868
PTDSS1,3596
SDC2,2924
CPQ,3245
TSPYL5,3547
MTDH,17815
LAPTM4B,18841
MATN2,689
ERICH5,101
RIDA,1763
POP1,1004
NIPAL2,1552
STK3,5369
KCNS2,91
OSR2,1540
VPS13B,14030
COX6C,66696
RGS22,653
FBXO43,416
POLR2K,8938
SPAG1,938
RNF19A,7717
ANKRD46,1372
SNX31,54
YWHAZ,24819
ZNF706,6987
GRHL2,11060
NCALD,2323
RRM2B,1185
UBR5,12331
ODF1,92
KLF10,6199
AZIN1,13063
ATP6V1C1,6933
BAALC,181
FZD6,3518
CTHRC1,21672
SLC25A32,4777
DCAF13,3613
RIMS2,164
DPYS,61
DCSTAMP,129
LRP12,814
ZFPM2,407
OXR1,2878
ABRA,64
ANGPT1,385
RSPO2,72
EIF3E,1283
EMC2,6628
TMEM74,90
TRHR,81
NUDCD1,3405
ENY2,14513
EBAG9,5839
SYBU,2147
KCNV1,40
CSMD3,272
TRPS1,78196
EIF3H,9268
UTP23,6548
RAD21,6095
AARD,2219
SLC30A8,4293
MED30,2701
EXT1,7582
SAMD12,3514
TNFRSF11B,912
COLEC10,155
MAL2,16724
CCN3,378
ENPP2,391
TAF2,6954
DSCC1,1390
DEPTOR,2166
COL14A1,2372
MTBP,1012
SNTB1,1601
HAS2,679
ZHX2,3639
DERL1,11580
TBC1D31,1175
FAM83A,324
C8ORF76,4591
ZHX1,7054
ATAD2,2817
WDYHV1,1842
FBXO32,12415
KLHL38,314
ANXA13,105
FAM91A1,8065
FER1L6,69
TMEM65,4730
TRMT12,1678
RNF139,3750
TATDN1,1432
NDUFB9,23358
MTSS1,5115
ZNF572,527
SQLE,4572
WASHC5,5314
NSMCE2,3766
TRIB1,9334
LRATD2,7800
POU5F1B,219
MYC,11146
GSDMC,1128
FAM49B,4491
ASAP1,6996
ADCY8,136
EFR3A,9069
OC90,95
HHLA1,69
KCNQ3,276
LRRC6,1153
TMEM71,532
PHF20L1,8951
TG,192
SLA,2136
CCN4,1352
NDRG1,10794
ST3GAL1,3961
ZFAT,982
KHDRBS3,3172
FAM135B,97
COL22A1,442
TRAPPC9,9618
CHRAC1,3233
AGO2,7002
PTK2,4912
DENND3,1276
SLC45A4,959
GPR20,86
PTP4A3,4966
AC138647.1,44
TSNARE1,2343
ADGRB1,500
ARC,472
JRK,2932
PSCA,720
LY6K,1149
THEM6,4497
SLURP1,105
LYPD2,83
SLURP2,293
LYNX1,420
LY6D,285
GML,55
CYP11B1,70
CYP11B2,40
LY6E,51279
LY6L,41
LY6H,60
GPIHBP1,86
ZFP41,1533
GLI4,2654
ZNF696,1648
TOP1MT,3868
RHPN1,13942
MAFA,188
ZC3H3,5020
GSDMD,8376
MROH6,1689
NAPRT,5171
TIGD5,3675
PYCR3,2187
TSTA3,13425
ZNF623,6304
ZNF707,3183
CCDC166,173
MAPK15,2125
FAM83H,12764
IQANK1,3922
SCRIB,7780
PUF60,15001
NRBP2,5166
EPPK1,14024
PLEC,16135
PARP10,8330
GRINA,40071
SPATC1,137
OPLAH,3671
EXOSC4,6187
GPAA1,8590
CYC1,15852
SHARPIN,9403
MAF1,16038
WDR97,510
HGH1,3293
MROH1,12643
BOP1,3691
SCX,2001
HSF1,15088
DGAT1,5375
SCRT1,60
TMEM249,232
SLC52A2,6077
FBXL6,7247
ADCK5,2629
CPSF1,2669
SLC39A4,958
VPS28,8025
TONSL,1729
CYHR1,6070
KIFC2,7825
FOXH1,109
PPP1R16A,9197
GPT,769
MFSD3,3900
RECQL4,3922
LRRC14,6579
LRRC24,393
C8ORF82,484
ARHGAP39,3432
ZNF251,4518
ZNF34,886
ZNF517,1013
ZNF7,4627
COMMD5,4969
ZNF250,1675
ZNF16,1296
C8ORF33,6377
FOXD4,56
DOCK8-AS1,23
DOCK8,1335
KANK1,1750
DMRT1,82
DMRT3,212
DMRT2,113
SMARCA2,7504
VLDLR,1878
KCNV2,42
PUM3,2457
RFX3,1876
GLIS3,963
SLC1A1,971
SPATA6L,510
PLPP6,644
CDC37L1,3123
RCL1,2423
JAK2,3338
INSL6,30
INSL4,49
RLN2,196
RLN1,176
PLGRKT,3262
CD274,617
PDCD1LG2,293
RIC1,4294
ERMP1,4528
KIAA2026,5624
MLANA,71
RANBP6,1109
IL33,309
TPD52L3,52
UHRF2,3075
GLDC,409
KDM4C,3525
DMAC1,3969
PTPRD,667
TYRP1,209
LURAP1L,5100
MPDZ,2604
NFIB,8548
ZDHHC21,2137
CER1,30
FREM1,184
TTC39B,1666
SNAPC3,4358
PSIP1,1492
CCDC171,1159
C9ORF92,19
BNC2,1508
CNTLN,1076
SH3GL2,68
ADAMTSL1,768
SAXO1,101
RRAGA,3555
HAUS6,2729
PLIN2,401
DENND4C,5196
SLC24A2,199
MLLT3,1465
FOCAD,2225
HACD4,1905
IFNB1,97
IFNW1,34
IFNA21,18
IFNA4,43
IFNA7,48
IFNA16,55
IFNA14,27
IFNA5,58
KLHL9,488
IFNA6,38
IFNA2,30
IFNA8,41
IFNA1,46
IFNE,71
MTAP,1308
CDKN2A,2918
CDKN2B,3121
DMRTA1,67
ELAVL2,523
IZUMO3,30
TUSC1,3374
CAAP1,3117
PLAA,4773
LRRC19,52
TEK,337
EQTN,58
MOB3B,1372
IFNK,62
C9ORF72,1594
LINGO2,95
ACO1,1387
DDX58,11330
TOPORS,1877
SMIM27,1232
NDUFB6,7509
TAF1L,43
TMEM215,46
APTX,4471
DNAJA1,9290
SMU1,1913
B4GALT1,12254
SPINK4,88
BAG1,10496
CHMP5,5352
NFX1,8077
AQP7,72
AQP3,646
NOL6,2062
ANKRD18B,36
PRSS3,65
UBE2R2,9134
UBAP2,2785
DCAF12,5321
UBAP1,3211
KIF24,584
NUDT2,3201
MYORG,747
C9ORF24,116
FAM219A,3070
DNAI1,204
ENHO,309
CNTFR,80
RPP25L,1854
DCTN3,5985
ARID3C,64
SIGMAR1,3172
GALT,2263
IL11RA,774
CCL27,122
AL162231.1,404
CCL19,775
CCL21,319
FAM205A,62
FAM205C,41
PHF24,37
DNAJB5,660
C9ORF131,49
VCP,5165
FANCG,1432
PIGO,3973
STOML2,4148
FAM214B,733
UNC13B,1562
RUSC2,2067
FAM166B,103
TESK1,4147
CD72,706
SIT1,161
CCDC107,1707
ARHGEF39,621
CA9,1383
TPM2,15893
TLN1,9083
CREB3,6310
GBA2,3927
RGP1,3492
MSMP,76
NPR2,577
SPAG8,231
HINT2,1746
TMEM8B,3329
FAM221B,124
OR13J1,52
HRCT1,823
SPAAR,370
OR2S2,85
RECK,983
GLIPR2,2293
CCIN,138
CLTA,11080
GNE,1362
RNF38,3732
MELK,1777
PAX5,108
ZCCHC7,3261
GRHPR,6502
ZBTB5,3067
POLR1E,2703
FBXO10,668
TOMM5,8875
FRMPD1,96
TRMT10B,1225
EXOSC3,4435
DCAF10,9051
SLC25A51,1561
SHB,7075
ALDH1B1,3498
IGFBPL1,93
ANKRD18A,886
FAM240B,59
CNTNAP3,54
SPATA31A1,94
FOXD4L6,58
CNTNAP3B,16
SPATA31A6,38
SPATA31A5,30
SPATA31A7,31
FOXD4L5,537
ZNF658,460
PGM5,316
TMEM252,56
FAM122A,1146
PRKACG,41
FXN,1259
FAM189A2,963
APBA1,298
PTAR1,5755
C9ORF135,50
MAMDC2,474
SMC5,3552
KLF9,2594
TRPM3,46
CEMIP2,2738
ABHD17B,2595
C9ORF85,1186
C9ORF57,36
GDA,49
ALDH1A1,798
ANXA1,11175
RORB,96
TRPM6,34
C9ORF40,1490
CARNMT1,2353
NMRK1,1999
OSTF1,5588
PCSK5,753
RFK,1225
GCNT1,1702
PRUNE2,537
FOXB2,27
VPS13A,3128
GNA14,342
GNAQ,8733
CEP78,2746
PSAT1,2492
TLE4,1054
TLE1,2953
SPATA31D3,34
SPATA31D1,39
RASEF,3553
FRMD3,716
IDNK,752
UBQLN1,3769
GKAP1,1129
KIF27,929
C9ORF64,1659
HNRNPK,8867
RMI1,1649
SLC28A3,229
NTRK2,810
AGTPBP1,2791
NAA35,1635
GOLM1,16014
C9ORF153,69
ISCA1,1105
TUT7,10786
GAS1,2573
DAPK1,1693
CTSL,8216
SPATA31E1,50
AL353572.3,49
CDK20,1321
SPIN1,8822
NXNL2,676
S1PR3,2027
SHC3,364
CKS2,2163
SECISBP2,4798
SEMA4D,1479
GADD45G,1748
DIRAS2,72
SYK,2099
AUH,2064
NFIL3,7648
ROR2,1324
SPTLC1,4532
IARS,3355
NOL8,2312
CENPP,2812
OGN,723
OMD,699
ASPN,5880
ECM2,932
IPPK,2103
BICD2,1747
ZNF484,1408
FGD3,7579
SUSD3,4536
CARD19,3352
NINJ1,8529
WNK2,1986
C9ORF129,62
FAM120AOS,4333
FAM120A,12777
PHF2,4017
BARX1,152
PTPDC1,1210
ZNF169,614
MFSD14B,4070
FBP2,51
FBP1,5407
FANCC,1446
PTCH1,411
ERCC6L2,3325
AL160269.1,222
SLC35D2,2197
ZNF367,1127
HABP4,1411
CDC14B,766
PRXL2C,1529
ZNF510,1098
ZNF782,1101
CTSV,556
CCDC180,504
TDRD7,2714
TMOD1,187
TSTD2,2135
NCBP1,3007
XPA,2522
FOXE1,21
TRMO,1898
HEMGN,66
ANP32B,1659
NANS,5460
TRIM14,4975
CORO2A,2438
TBC1D2,1415
GABBR2,154
ANKS6,648
GALNT12,320
COL15A1,3098
TGFBR1,6039
ALG2,4065
SEC61B,5567
NR4A3,379
STX17,3689
ERP44,4119
INVS,2180
TEX10,2122
MSANTD3,3227
TMEFF1,1023
CAVIN4,341
PLPPR1,72
BAAT,76
ZNF189,2848
ALDOB,30
TMEM246,122
RNF20,2893
GRIN3A,91
PPP3R2,34
CYLC2,60
SMC2,2658
OR13F1,45
OR13C4,51
OR13C3,26
OR13C8,61
OR13C5,31
OR13C2,45
OR13C9,45
OR13D1,45
NIPSNAP3A,1881
NIPSNAP3B,191
ABCA1,3757
SLC44A1,15055
FSD1L,1515
FKTN,1788
TAL2,120
TMEM38B,1993
ZNF462,1935
RAD23B,9623
KLF4,2584
ACTL7B,50
ACTL7A,57
ELP1,3470
CTNNAL1,1922
TMEM245,4113
FRRS1L,58
EPB41L4B,2661
PTPN3,2165
PALM2-AKAP2,2904
C9ORF152,1593
TXNDC8,31
SVEP1,611
MUSK,63
LPAR1,2776
OR2K2,66
ECPAS,9066
ZNF483,953
PTGR1,2921
DNAJC25,2298
GNG10,5869
SHOC1,102
UGCG,15436
SUSD1,1085
PTBP3,12101
HSDL2,3916
KIAA1958,1525
INIP,1389
SNX30,2065
SLC46A2,98
ZNF883,407
ZFP37,335
SLC31A2,932
FKBP15,2909
SLC31A1,3801
CDC26,2097
PRPF4,3350
RNF183,452
WDR31,669
BSPRY,5791
HDHD3,4990
ALAD,5192
POLE3,6213
C9ORF43,237
RGS3,4467
ZNF618,3148
AMBP,197
KIF12,7151
COL27A1,3430
ORM1,267
ORM2,150
AKNA,3229
WHRN,3913
ATP6V1G1,9882
TMEM268,4194
TEX53,48
TEX48,45
TNFSF15,339
DEC1,182
TNFSF8,171
TNC,15594
PAPPA,467
ASTN2,1119
TRIM32,2058
TLR4,928
BRINP1,138
CDK5RAP2,4153
MEGF9,4258
FBXW2,10331
B3GNT10,1115
PSMD5,1223
PHF19,2266
TRAF1,1515
C5,576
CNTRL,4384
RAB14,14898
GSN,14781
STOM,9054
DAB2IP,2963
TTLL11,783
NDUFA8,5960
MORN5,138
LHX6,376
RBM18,3926
MRRF,2533
PTGS1,1075
OR1J1,65
OR1N1,82
OR1N2,36
OR1L8,84
OR1Q1,38
OR1B1,101
OR1L1,78
OR1L3,60
OR1L4,21
OR1L6,44
OR5C1,69
PDCL,2603
OR1K1,73
RC3H2,3547
ZBTB6,2474
ZBTB26,1101
RABGAP1,5080
STRBP,7162
CRB2,103
DENND1A,3289
LHX2,104
NEK6,11563
PSMB7,2022
ADGRD2,48
NR5A1,45
NR6A1,543
OLFML2A,2115
WDR38,120
ARPC5L,8696
GOLGA1,3148
SCAI,1368
PPP6C,6077
RABEPK,2294
HSPA5,13477
GAPVD1,3418
MAPKAP1,5649
PBX3,1610
MVB12B,1537
LMX1B,3575
ZBTB43,430
ZBTB34,1014
RALGPS1,1970
ANGPTL2,4183
GARNL3,556
SLC2A8,1121
ZNF79,272
LRSAM1,2001
NIBAN2,9640
STXBP1,1591
PTRH1,2593
CFAP157,476
TTC16,122
TOR2A,708
SH2D3C,751
CDK9,7638
FPGS,3038
ENG,5807
AK1,2591
ST6GALNAC6,3079
ST6GALNAC4,1711
PIP5KL1,372
DPM2,1950
FAM102A,8252
NAIF1,1123
SLC25A25,2931
PTGES2,6458
LCN2,872
C9ORF16,8165
CIZ1,4630
DNM1,1465
GOLGA2,6806
SWI5,2960
TRUB2,2001
COQ4,6487
SLC27A4,2882
URM1,2942
CERCAM,10166
ODF2,4738
GLE1,4288
SPTAN1,14107
WDR34,6373
SET,8406
PKN3,610
ZDHHC12,1243
ZER1,3612
TBC1D13,1343
ENDOG,1437
SPOUT1,2145
KYAT1,694
LRRC8A,3590
PHYHD1,1479
DOLK,1211
NUP188,4016
SH3GLB2,11379
MIGA2,1845
DOLPP1,1000
CRAT,1873
PTPA,11891
IER5L,7222
NTMT1,3573
C9ORF50,45
ASB6,1730
PRRX2,1190
PTGES,2097
TOR1B,1970
TOR1A,2673
C9ORF78,6281
USP20,2411
FNBP1,6641
GPR107,6854
NCS1,3074
HMCN2,104
ASS1,4990
FUBP3,6890
EXOSC2,3220
ABL1,6104
QRFP,41
FIBCD1,201
LAMC3,140
AIF1L,4924
NUP214,3037
FAM78A,375
PLPP7,226
PRRC2B,8294
POMT1,1558
UCK1,3398
PRRT1B,62
RAPGEF1,3455
MED27,459
NTNG2,262
SETX,5163
TTF1,1331
CFAP77,59
BARHL1,68
DDX31,3217
GTF3C4,2438
AK8,427
SPACA9,639
TSC1,1773
GFI1B,42
GTF3C5,2505
CEL,467
RALGDS,3303
GBGT1,630
OBP2B,1039
ABO,163
SURF6,1304
MED22,3873
SURF1,4880
SURF2,1752
SURF4,8154
STKLD1,263
REXO4,3094
ADAMTS13,1513
CACFD1,2012
SLC2A6,324
MYMK,68
ADAMTSL2,523
FAM163B,31
SARDH,1193
VAV2,3094
BRD3OS,2581
BRD3,4696
WDR5,1339
RXRA,9867
COL5A1,26626
FCN2,138
OLFM1,2794
PPP1R26,3541
C9ORF116,960
LCN1,37
OBP2A,186
PAEP,146
AL354761.1,20
GLT6D1,28
LCN9,19
SOHLH1,51
KCNT1,48
CAMSAP1,2732
UBAC1,6508
NACC2,1758
TMEM250,2984
LHX3,25
QSOX2,806
CCDC187,132
GPSM1,2306
DNLZ,337
CARD9,786
SNAPC4,2032
ENTR1,3110
PMPCA,3595
INPP5E,2009
SEC16A,7781
NOTCH1,3695
EGFL7,3628
AGPAT2,3196
DIPK1B,919
LCN10,118
LCN6,54
LCN8,27
LCN15,22
TMEM141,7599
CCDC183,349
RABL6,12767
AJM1,513
PHPT1,15758
EDF1,6714
TRAF2,4137
FBXW5,7096
C8G,250
LCN12,758
PTGDS,1342
LCNL1,86
PAXX,6246
CLIC3,817
ABCA2,2449
FUT7,182
NPDC1,17542
ENTPD2,1172
SAPCD2,1270
UAP1L1,2025
MAN1B1,3184
DPP7,8194
GRIN1,125
LRRC26,2188
TMEM210,184
ANAPC2,4443
SSNA1,3803
TPRN,2296
TMEM203,1287
NDOR1,1506
BX255925.3,1969
RNF208,1346
CYSRT1,379
RNF224,209
SLC34A3,152
TUBB4B,8203
FAM166A,107
STPG3,37
NELFB,3030
TOR4A,513
NRARP,2223
EXD3,3148
NOXA1,1784
ENTPD8,257
NSMF,4895
PNPLA7,2194
DPH7,3548
ZMYND19,3049
ARRDC1,12438
EHMT1,10479
CACNA1B,86
TUBB8,71
ZMYND11,10628
DIP2C,4337
LARP4B,9142
GTPBP4,11270
IDI2,49
IDI1,4575
WDR37,3032
ADARB2,86
PFKP,6066
PITRM1,5288
KLF6,21061
AKR1E2,2134
AKR1C2,132
AKR1C3,268
AKR1C8P,134
AKR1C4,1
UCN3,59
TUBAL3,156
NET1,17701
CALML5,3319
CALML3,181
ASB13,3561
TASOR2,11080
GDI2,6170
ANKRD16,2127
FBH1,6186
IL15RA,514
IL2RA,221
RBM17,12310
PFKFB3,8840
PRKCQ,293
SFMBT2,3653
ITIH5,399
ITIH2,90
KIN,1706
ATP5F1C,8301
TAF3,761
GATA3,33113
CELF2,1967
USP6NL,3737
ECHDC3,2948
PROSER2,620
UPF2,4334
DHTKD1,5218
SEC61A2,1333
NUDT5,8775
CDC123,10056
CAMK1D,1892
CCDC3,793
OPTN,13211
MCM10,1618
UCMA,44
PHYH,5397
SEPHS1,5180
BEND7,1790
PRPF18,5103
FRMD4A,4824
FAM107B,9721
CDNF,452
HSPA14,2577
HSPA14,5276
SUV39H2,1958
DCLRE1C,1824
MEIG1,126
OLAH,158
ACBD7,783
RPP38,4823
NMT2,2233
FAM171A1,1410
ITGA8,232
MINDY3,3312
PTER,2998
C1QL3,52
RSU1,9049
CUBN,202
TRDMT1,1194
VIM,112463
ST8SIA6,1858
HACD1,708
STAM,4389
TMEM236,144
MRC1,451
SLC39A12,113
CACNB2,172
NSUN6,2841
ARL5B,6266
MALRD1,1065
PLXDC2,9690
NEBL,5147
MIR1915HG,214
SKIDA1,284
MLLT10,3794
DNAJC1,10159
COMMD3,7810
BMI1,5144
SPAG6,70
PIP4K2A,2029
ARMC3,171
MSRB2,9329
PTF1A,43
C10ORF67,120
OTUD1,1783
KIAA1217,15878
ARHGAP21,3683
PRTFDC1,1559
ENKUR,153
THNSL1,1344
GPR158,238
MYO3A,80
GAD2,42
APBB1IP,1489
PDSS1,1129
ABI1,6730
ANKRD26,4668
YME1L1,6690
MASTL,3553
ACBD5,4688
RAB18,16157
MKX,1441
ARMC4,164
MPP7,3399
WAC,1540
BAMBI,15498
LYZL1,33
SVIL,5391
JCAD,2393
MTPAP,4405
MAP3K8,4059
LYZL2,62
ZNF438,1030
ZEB1,1591
ARHGAP12,5802
KIF5B,20878
EPC1,5465
CCDC7,2075
ITGB1,13542
NRP1,4191
PARD3,5233
CUL2,5443
CREM,6913
CCNY,10374
GJD4,38
FZD8,2359
ANKRD30A,15453
ZNF248,1718
ZNF25,1724
ZNF33A,5134
ZNF37A,294
ZNF33B,1454
BMS1,5532
RET,1471
CSGALNACT2,3912
RASGEF1A,935
FXYD4,45
HNRNPF,24445
ZNF239,2561
ZNF485,735
ZNF32,5829
C10ORF142,44
CXCL12,6687
TMEM72,55
RASSF4,3159
DEPP1,4808
ZNF22,5652
OR13A1,53
ALOX5,2429
MARCH8,1653
ZFAND4,1105
TIMM23,5216
NCOA4,5437
MSMB,835
ANTXRL,206
GPRIN2,1610
PTPN20,457
GDF10,148
GDF2,29
RBP3,38
ZNF488,225
ANXA8,198
FRMPD2,170
MAPK8,3456
ARHGAP22,817
WDFY4,541
LRRC18,71
VSTM4,804
FAM170B,31
TMEM273,307
C10ORF71,48
DRGX,29
ERCC6,3109
CHAT,39
SLC18A3,52
C10ORF53,51
OGDHL,81
PARG,2059
ASAH2,52
SGMS1,2247
A1CF,42
PRKG1,3101
CSTF2T,5550
DKK1,756
MBL2,61
PCDH15,67
ZWINT,5837
IPMK,1590
CISD1,1724
UBE2D1,806
TFAM,2534
BICC1,1867
PHYHIPL,81
FAM13C,276
SLC16A9,283
MRLN,24
CCDC6,13752
ANK3,3501
CDK1,6858
RHOBTB1,2822
TMEM26,492
CABCOCO1,156
ARID5B,7482
RTKN2,1446
ZNF365,436
AC067752.1,64
ADO,2926
EGR2,3229
NRBF2,2197
JMJD1C,5792
REEP3,6345
CTNNA3,203
LRRTM3,81
DNAJC12,3220
SIRT1,2809
HERC4,7878
MYPN,45
ATOH7,67
PBLD,1223
HNRNPH3,14893
RUFY2,4277
DNA2,2669
SLC25A16,6665
TET1,766
CCAR1,1701
STOX1,294
DDX50,4165
DDX21,9293
KIF1BP,1800
SRGN,4599
VPS26A,8120
SUPV3L1,3909
HKDC1,41
HK1,7905
TACR2,104
TSPAN15,9708
NEUROG3,89
FAM241B,2157
COL13A1,494
H2AFY2,5676
AIFM2,1579
TYSND1,2465
SAR1A,1248
PPA1,5165
NPFFR1,100
LRRC20,790
EIF4EBP2,17768
NODAL,48
PALD1,649
PRF1,340
ADAMTS14,623
TBATA,40
SGPL1,3658
PCBD1,12675
UNC5B,3354
SLC29A3,1090
CDH23,594
C10ORF105,67
VSIR,858
PSAP,56282
CHST3,1716
SPOCK2,1017
ASCC1,4588
ANAPC16,13732
DDIT4,41349
DNAJB12,6026
MICU1,4172
MCU,1496
OIT3,73
PLA2G12B,53
P4HA1,10373
NUDT13,557
ECD,3353
FAM149B1,364
DNAJC9,2398
CFAP70,620
ANXA7,9668
MSS51,653
PPP3CB,6925
USP54,3064
MYOZ1,142
SYNPO2L,1735
SEC24C,5112
FUT11,1357
CHCHD1,6185
ZSWIM8,7640
NDST2,589
CAMK2G,2679
PLAU,5838
C10ORF55,53
VCL,7183
AP3M1,3499
ADK,8043
KAT6B,5728
DUPD1,72
DUSP13,113
SAMD8,2329
VDAC2,8079
COMTD1,2520
ZNF503,910
LRMDA,970
KCNMA1,3547
DLG5,12588
POLR3A,3086
ZMIZ1,6241
PPIF,5731
ZCCHC24,2908
SFTPA1,50
NUTM2E,64
SFTPD,201
TMEM254,3385
PLAC9,144
ANXA11,20110
MAT1A,477
DYDC1,127
DYDC2,178
PRXL2A,9686
TSPAN14,6157
SH2D4B,197
NRG3,76
GHITM,5689
C10ORF99,47
CDHR1,50
LRIT2,22
RGR,77
LRIT1,44
CCSER2,4644
GRID1,117
WAPL,5867
OPN4,37
LDB3,76
BMPR1A,1621
MMRN2,613
SNCG,5470
ADIRF,12180
GLUD1,4486
SHLD2,2071
NUTM2A,47
MINPP1,1150
PAPSS2,4314
ATAD1,3437
KLLN,192
PTEN,4248
RNLS,538
LIPJ,52
LIPF,53
LIPK,22
LIPN,28
LIPM,22
ANKRD22,954
STAMBPL1,575
ACTA2,10441
FAS,1549
CH25H,209
LIPA,4712
IFIT2,4431
IFIT3,11483
IFIT1B,79
IFIT1,11591
IFIT5,3727
SLC16A12,76
PANK1,400
KIF20B,1927
HTR7,140
RPP30,2542
ANKRD1,82
PCGF5,2340
HECTD2,1630
PPP1R3C,1519
TNKS2,3611
FGFBP3,128
BTAF1,4035
CPEB3,955
MARCH5,6485
IDE,2153
KIF11,2665
HHEX,510
EXOC6,2491
CYP26C1,54
CYP26A1,83
MYOF,7666
CEP55,2442
FFAR4,107
RBP4,108
PDE6C,40
FRA10AC1,2220
LGI1,157
SLC35G1,309
PLCE1,1265
NOC3L,2380
TBC1D12,1288
HELLS,6986
CYP2C18,29
CYP2C9,26
CYP2C8,53
ACSM6,55
PDLIM1,1928
SORBS1,2065
ALDH18A1,5593
TCTN3,2294
ENTPD1,1881
CC2D2B,166
CCNJ,535
ZNF518A,3613
BLNK,1575
DNTT,71
OPALIN,29
TM9SF3,11156
PIK3AP1,1879
LCOR,5945
SLIT1,37
ARHGAP19,798
FRAT1,343
FRAT2,1622
RRP12,2040
PGAM1,3152
EXOSC1,1481
ZDHHC16,3653
MMS19,2660
UBTD1,1216
ANKRD2,65
HOGA1,82
C10ORF62,44
MORN4,1028
PI4K2A,1285
AVPI1,1223
MARVELD1,1745
ZFYVE27,1420
SFRP5,24
GOLGA7B,293
CRTAC1,68
R3HCC1L,1623
LOXL4,233
PYROXD2,1507
HPS1,2151
HPSE2,150
CNNM1,78
GOT1,1423
NKX2-3,38
SLC25A28,2668
ENTPD7,2502
CUTC,1986
COX15,2253
ABCC2,197
DNMBP,1213
CPN1,62
ERLIN1,1454
CHUK,2382
CWF19L1,2171
BLOC1S2,2021
PKD2L1,98
SCD,20131
WNT8B,59
SEC31B,730
NDUFB8,3031
HIF1AN,2623
PAX2,32
SLF2,3165
SEMA4G,363
TWNK,1045
LZTS2,7146
PDZD7,340
SFXN3,2946
KAZALD1,963
TLX1,132
LBX1,46
BTRC,1928
DPCD,3941
POLL,2301
FBXW4,4072
FGF8,40
NPM3,2329
OGA,19326
KCNIP2,617
ARMH3,2549
HPS6,1723
LDB1,9682
PPRC1,3088
NOLC1,1204
ELOVL3,85
PITX3,52
GBF1,4329
NFKB2,3666
PSD,209
FBXL15,1746
CUEDC2,3588
C10ORF95,210
MFSD13A,693
ACTR1A,3037
SUFU,1416
TRIM8,8188
ARL3,3189
SFXN2,1941
WBP1L,3487
CYP17A1,73
BORCS7,2630
AS3MT,1298
CNNM2,868
NT5C2,3474
RPEL1,113
INA,54
PCGF6,900
TAF5,552
ATP5MD,1827
PDCD11,2758
CALHM2,2708
CALHM1,46
CALHM3,58
NEURL1,276
SH3PXD2A,5581
STN1,2044
SLK,8768
COL17A1,568
SFR1,234
CFAP43,616
GSTO1,3165
GSTO2,1571
ITPRIP,1024
CFAP58,112
SORCS3,34
SORCS1,105
XPNPEP1,3648
ADD3,3785
MXI1,5231
SMNDC1,4053
DUSP5,2640
SMC3,4634
RBM20,91
PDCD4,20994
BBIP1,902
SHOC2,5178
ADRA2A,782
GPAM,643
TECTB,54
ACSL5,1317
ZDHHC6,4068
VTI1A,3152
TCF7L2,2591
HABP2,106
NRAP,66
CASP7,2605
PLEKHS1,2750
DCLRE1A,1242
NHLRC2,4105
ADRB1,78
CCDC186,2687
TDRD1,125
VWA2,1254
AFAP1L2,906
ABLIM1,2404
FAM160B1,1746
TRUB1,2061
ATRNL1,778
GFRA1,5177
CCDC172,13
PNLIPRP3,34
PNLIP,8
PNLIPRP1,32
C10ORF82,1262
HSPA12A,440
ENO4,64
SHTN1,5136
VAX1,34
KCNK18,41
SLC18A2,126
PDZD8,3190
EMX2,193
RAB11FIP2,2151
FAM204A,1693
PRLHR,30
CACUL1,5679
NANOS1,153
EIF3A,16488
DENND10,2741
SFXN4,1854
PRDX3,2648
GRK5,771
RGS10,4396
TIAL1,6863
BAG3,5894
INPP5F,2412
MCMBP,5341
SEC23IP,3159
PLPP4,1553
WDR11,3648
FGFR2,3137
ATE1,2203
NSMCE4A,2797
TACC2,3091
BTBD16,86
PLEKHA1,2685
ARMS2,63
HTRA1,10030
DMBT1,103
AL603764.2,27
C10ORF120,20
CUZD1,148
FAM24B,602
FAM24A,63
C10ORF88,975
PSTK,476
IKZF5,2415
ACADSB,2697
HMX3,328
HMX2,83
BUB3,4960
GPR26,81
CPXM2,1021
CHST15,2298
OAT,2904
NKX1-2,76
LHPP,2365
FAM53B,2655
EEF1AKMT2,4106
ABRAXAS2,1598
ZRANB1,3368
CTBP2,12046
TEX36,33
EDRF1,2911
MMP21,72
UROS,3736
BCCIP,4393
DHX32,2902
FANK1,847
ADAM12,4833
C10ORF90,100
DOCK1,5879
INSYN2A,147
NPS,59
FOXI2,28
CLRN3,55
PTPRE,1250
MKI67,3572
MGMT,4061
EBF3,173
C10ORF143,518
GLRX3,5606
TCERG1L,52
PPP2R2D,2960
JAKMIP3,386
DPYSL4,355
STK32C,1498
LRRC27,906
PWWP2B,3360
INPP5A,1963
NKX6-2,36
CFAP46,391
ADGRA1,20
KNDC1,225
UTF1,23
VENTX,235
ADAM8,2885
TUBGCP2,3749
ZNF511,1373
CALY,37
PRAP1,23
FUOM,1064
ECHS1,14059
PAOX,856
MTG1,4889
SPRN,114
SCART1,523
CYP2E1,302
SYCE1,74
BET1L,7630
ODF3,53
RIC8A,4172
SIRT3,1923
PSMD13,7904
NLRP6,79
PGGHG,6237
IFITM5,55
IFITM2,6140
IFITM1,1962
IFITM3,47494
B4GALNT4,4459
PKP3,5718
SIGIRR,4160
ANO9,1711
PTDSS2,1290
RNH1,10368
HRAS,4091
LRRC56,1440
LMNTD2,704
RASSF7,5502
PHRF1,3698
IRF7,7036
CDHR5,88
SCT,343
DRD4,114
DEAF1,3586
EPS8L2,8504
TMEM80,1393
TALDO1,8594
GATD1,6961
CEND1,43
SLC25A22,2147
PANO1,135
PIDD1,1754
PNPLA2,12179
CRACR2B,11026
CD151,18675
POLR2L,13487
TSPAN4,5064
CHID1,9822
AP2A2,3913
MUC6,639
MUC2,44
MUC5AC,52
MUC5B,3364
TOLLIP,3081
BRSK2,102
MOB2,2894
DUSP8,953
KRTAP5-1,29
KRTAP5-2,22
KRTAP5-3,7
KRTAP5-5,39
KRTAP5-6,52
IFITM10,1113
CTSD,12633
SYT8,1666
TNNI2,1392
LSP1,7121
PRR33,35
TNNT3,90
AC132217.2,47
INS,48
TH,69
ASCL2,883
C11ORF21,160
TSPAN32,151
CD81,8881
TSSC4,4125
TRPM5,69
KCNQ1,527
CDKN1C,445
SLC22A18AS,289
SLC22A18,1509
PHLDA2,2215
NAP1L4,8708
CARS,705
OSBPL5,2300
MRGPRG,62
MRGPRE,81
ZNF195,2105
ART5,77
ART1,59
CHRNA10,251
NUP98,5574
PGAP2,4325
RHOG,4070
STIM1,3020
RRM1,6417
OR52B4,34
TRIM21,1967
OR52K2,57
OR52K1,35
OR52M1,23
C11ORF40,12
OR52I2,36
OR52I1,38
TRIM68,126
OR51D1,41
OR51E1,164
OR51E2,64
OR51C1P,47
MMP26,43
OR51F1,40
OR52R1,49
OR51F2,65
OR51S1,40
OR51T1,46
OR51A7,38
OR51G2,51
OR51G1,44
OR51A4,68
OR51A2,9
OR51L1,57
OR52J3,55
OR52E2,31
OR52A5,49
OR52A1,50
OR51V1,48
HBB,103
HBD,81
HBG1,18
AC104389.5,298
OR51B5,70
OR51B6,54
OR51Q1,32
OR52D1,44
UBQLN3,165
UBQLNL,233
OR52H1,109
OR52B6,43
TRIM6,912
TRIM34,778
TRIM5,2862
TRIM22,7150
OR56B1,70
OR52N4,87
OR52N5,230
OR52N1,177
OR52N2,27
OR52E8,182
OR52E4,47
OR52E5,63
OR56A3,62
OR56A5,24
OR52L1,24
OR56A4,76
OR56A1,54
OR56B4,41
OR52B2,88
OR52W1,54
C11ORF42,48
FAM160A2,2789
CNGA4,110
CCKBR,131
CAVIN3,1307
SMPD1,1457
APBB1,503
HPX,1315
TRIM3,2977
ARFIP2,6335
TIMM10B,4936
DNHD1,1313
RRP8,1205
ILK,2974
TAF10,13373
TPP1,8907
DCHS1,1397
OR2AG2,40
OR2AG1,47
OR6A2,77
OR10A5,27
OR10A2,41
OR10A4,66
OR2D3,58
ZNF215,152
ZNF214,192
NLRP14,18
RBMXL2,10
SYT9,665
OLFML1,539
PPFIBP2,2317
CYB5R2,1232
OVCH2,115
OR5P2,42
OR10A6,42
OR10A3,59
NLRP10,63
TUB,616
RIC3,298
LMO1,88
STK33,117
TRIM66,1118
ST5,6463
AKIP1,3403
C11ORF16,97
ASCL3,47
TMEM9B,4794
NRIP3,971
SCUBE2,2414
DENND5A,2320
TMEM41B,5849
ZNF143,1226
WEE1,3386
SWAP70,4121
SBF2,2256
ADM,3382
AMPD3,1113
RNF141,7200
LYVE1,105
MRVI1,1095
CTR9,3641
EIF4G2,8171
ZBED5,1789
GALNT18,528
USP47,5213
DKK3,2872
MICAL2,4957
PARVA,6984
TEAD1,3020
RASSF10,725
ARNTL,864
BTBD10,1884
PTH,39
FAR1,6060
SPON1,2434
RRAS2,1596
COPB1,9494
PSMA1,2375
PDE3B,465
CYP2R1,1847
CALCB,90
CALCA,139
INSC,24
SOX6,361
C11ORF58,11566
PLEKHA7,2089
PIK3C2A,3003
NUCB2,7482
NCR3LG1,473
KCNJ11,642
ABCC8,125
USH1C,84
OTOG,38
MYOD1,32
KCNC1,48
SERGEF,2523
TPH1,349
SAAL1,878
MRGPRX3,57
MRGPRX4,50
SAA4,61
HPS5,2330
GTF2H1,4164
LDHC,173
LDHAL6A,23
TSG101,4762
UEVLD,4170
SPTY2D1OS,1156
SPTY2D1,2872
TMEM86A,1170
IGSF22,70
PTPN5,51
MRGPRX1,46
MRGPRX2,45
ZDHHC13,3049
CSRP3,47
E2F8,453
NAV2,2778
DBX1,33
HTATIP2,5426
PRMT3,2209
SLC6A5,68
NELL1,89
ANO5,206
SLC17A6,48
FANCF,2411
GAS2,227
SVIP,881
CCDC179,10
LUZP2,234
ANO3,76
MUC15,666
SLC5A12,121
FIBIN,838
BBOX1,694
CCDC34,2127
LGR4,1680
LIN7C,6032
BDNF,60
KIF18A,1431
METTL15,3283
KCNA4,71
FSHB,48
ARL14EP,2937
MPPED2,330
DCDC1,260
DNAJC24,1805
IMMP1L,1634
ELP4,2371
PAX6,94
RCN1,5263
WT1,1144
EIF3M,6335
CCDC73,42
PRRG4,2274
QSER1,7018
DEPDC7,366
TCP11L1,2119
CSTF3,11019
HIPK3,12597
KIAA1549L,1222
C11ORF91,185
FBXO3,2122
LMO2,1439
CAPRIN1,7191
NAT10,3965
ABTB2,1674
CAT,4815
ELF5,5317
EHF,8460
APIP,2137
PDHX,3434
CD44,28520
SLC1A2,285
PAMR1,226
FJX1,890
TRIM44,8879
LDLRAD3,3717
COMMD9,2558
PRR5L,892
TRAF6,1643
RAG1,155
RAG2,71
C11ORF74,1513
LRRC4C,514
API5,10228
TTC17,6364
HSD17B12,856
ALKBH3,1469
C11ORF96,2744
ACCSL,48
ACCS,2149
EXT2,2860
ALX4,118
CD82,4944
TSPAN18,625
TP53I11,4038
PRDM11,549
SYT13,1688
CHST1,1555
SLC35C1,1546
CRY2,3035
MAPK8IP1,723
C11ORF94,23
PEX16,1270
LARGE2,626
PHF21A,2760
CREB3L1,2375
DGKZ,2642
MDK,27573
AMBRA1,4134
HARBI1,467
ATG13,4400
ARHGAP1,6345
ZNF408,955
F2,42
CKAP5,8775
LRP4,339
C11ORF49,2641
ARFGAP2,3838
PACSIN3,5151
DDB2,968
ACP2,3567
NR1H3,3091
MADD,2800
MYBPC3,64
SPI1,4122
SLC39A13,2410
PSMC3,5590
RAPSN,141
CELF1,9676
NDUFS3,3963
PTPMT1,597
KBTBD4,2150
FAM180B,54
C1QTNF4,103
MTCH2,3527
AGBL2,293
FNBP4,5874
NUP160,5680
PTPRJ,2647
OR4B1,57
OR4X2,40
OR4X1,45
OR4S1,50
OR4C3,40
OR4C5,63
OR4A47,17
TRIM51GP,41
TRIM49B,39
TRIM64C,59
FOLH1,216
OR4C13,82
OR4C12,31
OR4C46,25
OR4A5,49
TRIM48,30
OR4A16,40
OR4A15,69
OR4C15,67
OR4C16,74
OR4C11,47
OR4P4,47
OR4S2,33
OR4C6,49
OR5D3P,84
OR5D13,26
OR5D14,46
OR5L1,44
OR5D18,38
OR5L2,35
OR5D16,48
TRIM51,34
OR5W2,41
OR5I1,37
OR10AG1,51
OR5F1,60
OR5AS1,51
OR8I2,45
OR8H2,50
OR8H3,30
OR8J3,34
OR8K5,60
OR5J2,101
OR5T2,45
OR5T3,59
OR5T1,53
OR8H1,45
OR8K3,55
OR8K1,41
OR8J1,56
OR8U1,68
OR5R1,58
OR5M9,56
OR5M3,32
OR5M8,44
OR5M11,58
OR5M10,45
OR5M1,38
OR5AP2,62
OR5AR1,33
OR9G1,84
OR9G4,50
OR5AK2,46
LRRC55,93
APLNR,393
TNKS1BP1,13054
SSRP1,11142
P2RX3,39
PRG3,21
PRG2,254
SLC43A3,1824
RTN4RL2,733
SLC43A1,780
TIMM10,4855
SMTNL1,45
UBE2L6,11526
SERPING1,9813
YPEL4,92
ZDHHC5,3679
MED19,1762
TMX2,10002
SELENOH,19091
BTBD18,42
CTNND1,27785
OR9Q1,69
OR6Q1,70
OR9I1,57
OR9Q2,57
OR1S2,53
OR1S1,28
OR10Q1,43
OR10W1,79
OR5B17,18
OR5B3,47
OR5B2,44
OR5B12,32
OR5B21,78
LPXN,1627
ZFP91,7298
GLYAT,33
GLYATL2,430
GLYATL1,1116
GLYATL1B,41
FAM111B,2325
FAM111A,7143
DTX4,1872
MPEG1,1734
OR5AN1,51
OR5A2,69
OR5A1,54
OR4D6,51
OR4D10,49
OR4D11,55
OR4D9,34
OSBP,5696
PATL1,3792
OR10V1,52
STX3,5314
CBLIF,39
TCN1,2610
OOSP3,45
OOSP1,2
OOSP4A,58
OOSP4B,20
OOSP2,20
MS4A3,28
MS4A2,192
MS4A6A,3477
MS4A4A,593
MS4A4E,154
MS4A6E,63
MS4A7,4319
MS4A14,331
MS4A5,38
MS4A1,189
MS4A12,58
MS4A13,23
MS4A8,321
MS4A18,71
MS4A15,530
MS4A10,48
CCDC86,1698
PTGDR2,67
ZP1,13
PRPF19,6998
TMEM109,6086
TMEM132A,6493
SLC15A3,4127
CD6,457
CD5,188
VPS37C,1468
PGA5,76
VWCE,198
DDB1,6891
TKFC,3342
CYB561A3,2603
TMEM138,2732
TMEM216,933
CPSF7,6905
PPP1R32,350
LRRC10B,364
SYT7,3643
DAGLA,588
MYRF,245
TMEM258,1879
FEN1,2654
FADS2,11224
FADS1,1816
FADS3,1284
RAB3IL1,1766
BEST1,421
FTH1,89151
INCENP,2587
SCGB1D1,46
SCGB2A1,1975
SCGB1D2,18011
SCGB2A2,37281
SCGB1D4,57
ASRGL1,1018
SCGB1A1,63
AHNAK,27182
EEF1G,25180
TUT1,1190
MTA2,6701
ROM1,411
B3GAT3,3121
GANAB,3564
INTS5,856
LBHD1,770
CSKMT,418
UQCC3,4383
UBXN1,4121
LRRN4CL,79
BSCL2,5932
GNG3,116
HNRNPUL2,12257
TTC9C,1928
ZBTB3,734
POLR2G,5961
TAF6L,1189
TMEM223,1247
TMEM179B,4617
NXF1,4682
STX5,5042
TEX54,87
WDR74,4562
SLC3A2,18642
CHRM1,187
SLC22A6,45
SLC22A8,37
SLC22A24,49
SLC22A10,81
SLC22A25,53
SLC22A9,32
PLAAT5,1088
LGALS12,86
PLAAT4,16700
PLAAT2,1157
PLAAT3,11761
ATL3,5548
RTN3,14682
C11ORF95,2585
SPINDOC,3138
MARK2,6666
RCOR2,391
NAA40,2837
COX8A,10545
OTUB1,7183
MACROD1,5954
FLRT1,61
FERMT3,1651
TRPT1,2391
NUDT22,3816
DNAJC4,3849
VEGFB,8346
PPP1R14B,2302
PLCB3,3057
BAD,3436
GPR137,2231
KCNK4,91
CATSPERZ,72
ESRRA,2581
TRMT112,7809
PRDX5,6574
CCDC88B,1202
SLC22A11,49
SLC22A12,11
NRXN2,197
RASGRP2,749
PYGM,86
SF1,3725
MAP4K2,1859
MEN1,1758
CDC42BPG,4426
EHD1,5231
ATG2A,1677
PPP2R5B,2240
GPHA2,73
MAJIN,124
BATF2,739
ARL2,5276
SNX15,1645
SAC3D1,1690
NAALADL1,114
CDCA5,1215
ZFPL1,1075
TMEM262,79
VPS51,2049
TM7SF2,2427
ZNHIT2,1348
SYVN1,3752
SPDYC,1077
CAPN1,9804
POLA2,1737
CDC42EP2,1356
DPF2,3835
TIGD3,119
SLC25A45,1073
FRMD8,841
SCYL1,6306
LTBP3,11054
ZNRD2,3939
FAM89B,3887
EHBP1L1,10579
KCNK7,75
MAP3K11,4574
PCNX3,4301
SIPA1,1750
RELA,4479
KAT5,3722
RNASEH2C,2174
OVOL1,617
CFL1,32179
SNX32,68
MUS81,3146
EFEMP2,3372
CTSW,228
FIBP,3935
CCDC85B,7343
FOSL1,538
C11ORF68,2418
DRAP1,19796
TSGA10IP,49
SART1,4454
EIF1AD,2721
BANF1,9588
CST6,491
GAL3ST3,42
SF3B2,5764
PACS1,5226
KLC2,2856
RAB1B,6903
CNIH2,1383
YIF1A,5274
TMEM151A,63
CD248,2516
RIN1,16
BRMS1,6137
B4GAT1,460
SLC29A2,948
NPAS4,53
PELI3,1168
DPP3,934
BBS1,3077
ZDHHC24,1207
ACTN3,37
CTSF,2310
CCDC87,135
CCS,4895
RBM14,5188
RBM4B,1418
SPTBN2,3001
C11ORF80,4675
RCE1,1245
PC,942
LRFN4,2907
C11ORF86,48
SYT12,1888
RHOD,3963
KDM2A,14348
GRK2,7973
ANKRD13D,5471
SSH3,3697
RAD9A,1652
POLD4,3481
CLCF1,793
PPP1CA,6046
TBC1D10C,873
CARNS1,160
CORO1B,7936
GPR152,57
CABP4,328
TMEM134,5596
AIP,3007
PITPNM1,2020
CDK2AP2,1466
CABP2,12
GSTP1,21340
NDUFV1,11302
NUDT8,817
TBX10,67
ACY3,76
ALDH3B2,4149
UNC93B1,2697
ALDH3B1,550
NDUFS8,3874
TCIRG1,5466
CHKA,4309
KMT5B,7396
C11ORF24,5000
LRP5,3889
PPP6R3,6152
GAL,979
TESMIN,3424
CPT1A,1543
MRGPRD,74
MRGPRF,271
TPCN2,365
SMIM38,248
MYEOV,1336
CCND1,19174
LTO1,1017
FGF19,62
FGF4,46
FGF3,40
ANO1,5243
FADD,4339
CTTN,34145
SHANK2,2979
DHCR7,3110
KRTAP5-7,105
KRTAP5-8,165
KRTAP5-9,205
KRTAP5-10,198
DEFB108B,95
AP002495.1,1303
DEFB131B,7
RNF121,2217
IL18BP,2058
NUMA1,15934
LRTOMT,2043
LAMTOR1,12721
ANAPC15,3674
FOLR3,16
FOLR1,902
FOLR2,433
INPPL1,8934
PHOX2A,30
CLPB,2137
PDE2A,210
ARAP1,10289
STARD10,18302
ATG16L2,2485
FCHSD2,2577
P2RY2,2595
P2RY6,1250
ARHGEF17,4245
RELT,1375
FAM168A,4807
PLEKHB1,2319
RAB6A,7650
COA4,6812
PAAF1,1541
DNAJB13,91
UCP2,7510
UCP3,392
C2CD3,2398
PPME1,3435
P4HA3,526
PGM2L1,2782
KCNE3,704
LIPT2,171
POLD3,2732
CHRDL2,490
RNF169,4604
XRRA1,2099
NEU3,406
OR2AT4,44
SLCO2B1,1803
TPBGL,117
ARRB1,4523
KLHL35,904
GDPD5,848
SERPINH1,22642
MAP6,323
MOGAT2,245
DGAT2,746
UVRAG,1785
WNT11,372
THAP12,1901
GVQW3,1142
EMSY,2077
LRRC32,1508
TSKU,5488
ACER3,1433
B3GNT6,68
CAPN5,627
OMP,64
GDPD4,51
PAK1,2675
CLNS1A,6378
AQP11,513
RSF1,4663
AAMDC,2778
INTS4,5981
KCTD14,886
THRSP,829
NDUFC2,18216
ALG8,3635
KCTD21,991
USP35,1537
GAB2,2063
NARS2,2555
TENM4,732
FAM181B,192
PRCP,3734
DDIAS,632
RAB30,2281
PCF11,4860
ANKRD42,1283
CCDC90B,1846
DLG2,439
TMEM126B,1720
TMEM126A,2499
CREBZF,10251
CCDC89,686
SYTL2,9790
CCDC83,150
PICALM,11844
EED,2816
HIKESHI,7
CCDC81,203
ME3,2424
PRSS23,15989
FZD4,1571
TMEM135,2425
RAB38,1062
CTSC,5021
GRM5,29
TYR,71
NOX4,269
TRIM77,6
TRIM64B,205
NAALAD2,96
CHORDC1,792
FAT3,67
MTNR1B,39
SLC36A4,1466
DEUP1,220
SMCO4,1546
CEP295,2059
TAF1D,6768
C11ORF54,4012
MED17,4478
VSTM5,146
HEPHL1,48
PANX1,1909
IZUMO1R,58
GPR83,66
MRE11,1525
ANKRD49,1908
C11ORF97,55
FUT4,1010
PIWIL4,304
AMOTL1,2268
CWC15,6856
KDM4D,129
KDM4E,31
KDM4F,40
SRSF8,3960
ENDOD1,1454
SESN3,5009
FAM76B,2626
CEP57,3294
MTMR2,5539
MAML2,1479
CCDC82,2600
JRKL,1930
CNTN5,36
ARHGAP42,583
PGR,7728
TRPC6,464
ANGPTL5,51
CEP126,358
CFAP300,311
YAP1,7577
BIRC3,1312
BIRC2,2190
TMEM123,10252
MMP7,12914
MMP20,97
MMP27,91
MMP8,67
MMP10,282
MMP1,2403
MMP3,1333
MMP12,701
MMP13,5284
DCUN1D5,3699
DYNC2H1,2127
PDGFD,694
DDI1,46
CASP4,3600
CASP5,80
CARD16,112
CARD17,127
CARD18,53
GRIA4,69
MSANTD4,1095
KBTBD3,1237
AASDHPPT,4344
GUCY1A2,789
CWF19L2,3484
ALKBH8,383
ELMOD1,61
SLN,63
SLC35F2,1596
RAB39A,270
CUL5,5679
ACAT1,5874
NPAT,1161
ATM,2823
C11ORF65,436
POGLUT3,1474
EXPH5,1793
DDX10,1227
C11ORF87,57
RDX,2304
ZC3H12C,746
FDX1,2330
ARHGAP20,250
C11ORF53,48
COLCA2,131
POU2AF1,361
BTG4,68
C11ORF88,83
LAYN,448
SIK2,2453
PPP2R1B,4026
ALG9,2130
FDXACB1,566
C11ORF1,3193
CRYAB,14939
HSPB2,626
C11ORF52,2566
DIXDC1,2687
DLAT,3732
PIH1D2,486
NKAPD1,3102
TIMM8B,6399
IL18,1049
TEX12,72
BCO2,351
PTS,4482
PLET1,58
NCAM1,158
TTC12,2108
ANKK1,130
DRD2,159
TMPRSS5,545
ZW10,2569
CLDN25,57
USP28,2244
HTR3A,21
ZBTB16,1051
NNMT,7387
C11ORF71,1895
RBM7,2080
REXO2,14540
NXPE1,40
NXPE4,70
NXPE2,76
CADM1,5652
BUD13,2001
ZPR1,3173
APOA5,51
APOA4,30
APOC3,60
APOA1,110
SIK3,3282
PAFAH1B2,8590
SIDT2,837
TAGLN,49061
PCSK7,3510
RNF214,2743
BACE1,1235
CEP164,2124
DSCAML1,49
FXYD2,89
FXYD6,1828
TMPRSS13,2331
IL10RA,1317
SMIM35,52
TMPRSS4,202
SCN4B,155
SCN2B,52
JAML,799
MPZL3,1042
MPZL2,1448
CD3E,529
CD3D,498
CD3G,257
UBE4A,4776
ATP5MG,7853
KMT2A,4970
TTC36,842
TMEM25,2332
IFT46,2125
ARCN1,11576
PHLDB1,5700
TREH,73
DDX6,7585
CXCR5,66
BCL9L,10100
UPK2,74
FOXR1,21
CCDC84,2025
TRAPPC4,3801
SLC37A4,2689
HYOU1,10105
VPS11,2790
HMBS,2075
H2AFX,4111
DPAGT1,2195
C2CD2L,1610
HINFP,1229
ABCG4,23
NLRX1,670
PDZD3,45
CCDC153,292
CBL,2637
MCAM,3591
RNF26,2387
MFRP,76
USP2,309
THY1,8412
NECTIN1,2604
TRIM29,4387
OAF,3267
POU2F3,314
TLCD5,1123
ARHGEF12,7266
GRIK4,138
TBCEL,2502
TECTA,103
SC5D,2399
SORL1,2871
BLID,99
UBASH3B,1199
CRTAM,137
JHY,855
BSX,40
HSPA8,46566
CLMP,3234
GRAMD1B,477
SCN3B,80
ZNF202,849
OR6X1,38
OR6M1,50
TMEM225,36
OR8D4,39
OR4D5,40
OR6T1,42
OR10S1,34
OR10G6,41
OR10G4,13
OR10G8,37
OR10G7,61
VWA5A,2245
OR10D3,45
OR8G1,32
OR8G5,33
OR8D1,39
OR8D2,51
OR8B2,73
OR8B4,45
OR8B8,46
OR8B12,35
OR8A1,37
PANX3,55
TBRG1,2459
SIAE,1644
SPA17,886
NRGN,294
VSIG2,232
ESAM,937
MSANTD2,2387
ROBO3,713
ROBO4,615
HEPACAM,25
HEPN1,35
CCDC15,649
SLC37A2,1144
TMEM218,1263
PKNOX2,95
FEZ1,311
EI24,7899
STT3A,12284
CHEK1,2448
ACRV1,28
PATE1,46
PATE2,64
PATE3,34
PATE4,45
HYLS1,1184
PUS3,1878
DDX25,69
VSIG10L2,230
CDON,635
RPUSD4,2399
FAM118B,1455
SRPRA,8859
FOXRED1,2191
TIRAP,1251
DCPS,1659
ST3GAL4,5507
KIRREL3,28
ETS1,4294
FLI1,390
KCNJ1,60
KCNJ5,303
C11ORF45,232
TP53AIP1,163
ARHGAP32,4450
BARX2,2393
TMEM45B,411
NFRKB,3033
PRDM10,953
APLP2,19942
ST14,8052
ZBTB44,5827
ADAMTS8,81
ADAMTS15,2301
SNX19,4590
NTM,955
OPCML,20
SPATA19,37
IGSF9B,791
JAM3,997
NCAPD3,3375
VPS26B,4919
THYN1,2852
ACAD8,1674
GLB1L3,41
GLB1L2,224
B3GAT1,70
IQSEC3,122
SLC6A12,110
SLC6A13,109
KDM5A,5693
CCDC77,748
B4GALNT3,941
NINJ2,657
WNK1,20339
RAD52,1939
ERC1,4449
WNT5B,498
ADIPOR2,6320
CACNA2D4,255
LRTM2,87
DCP1B,2163
CACNA1C,838
ITFG2,3512
TEX52,64
FOXM1,5323
RHNO1,4536
TULP3,2750
TEAD4,2341
TSPAN9,5036
PRMT8,47
CRACR2A,1376
PARP11,1172
CCND2,1130
TIGAR,2261
FGF23,48
FGF6,48
C12ORF4,2730
RAD51AP1,2033
DYRK4,1761
AKAP3,169
NDUFA9,6784
GALNT8,236
KCNA1,49
KCNA5,57
NTF3,106
ANO2,173
VWF,1677
CD9,46842
PLEKHG6,2726
TNFRSF1A,10376
SCNN1A,5190
LTBR,7334
CD27,391
TAPBPL,2137
VAMP1,1537
NCAPD2,5674
IFFO1,920
NOP2,4721
CHD4,8541
LPAR5,271
ING4,3394
ZNF384,7013
PIANP,59
COPS7A,6588
MLF2,18499
PTMS,27815
LAG3,1079
CD4,2781
GPR162,337
P3H3,1205
GNB3,267
CDCA3,3089
USP5,4310
SPSB2,2221
LRRC23,682
ENO2,4156
ATN1,31097
C12ORF57,20991
PTPN6,2696
PHB2,4279
EMG1,7215
LPCAT3,3831
C1S,13307
C1R,11085
C1RL,3829
RBP5,923
CLSTN3,5424
PEX5,2113
ACSM4,65
CD163L1,329
CD163,3577
APOBEC1,74
GDF3,79
DPPA3,71
CLEC4C,68
NANOGNB,17
SLC2A14,177
SLC2A3,952
FOXJ2,2504
C3AR1,886
NECAP1,4108
CLEC4A,479
ZNF705A,72
FAM90A1,261
CLEC6A,74
CLEC4D,64
CLEC4E,137
AICDA,73
MFAP5,2718
RIMKLB,4347
A2ML1,141
PHC1,4413
M6PR,12018
KLRG1,589
A2M,49234
PZP,60
KLRB1,225
CLEC2D,3750
CLECL1,211
CD69,414
KLRF1,103
CLEC2B,2594
KLRF2,53
CLEC2A,101
CLEC12A,221
CLEC1B,32
CLEC12B,105
CLEC9A,90
CLEC1A,266
CLEC7A,2094
OLR1,1368
TMEM52B,86
KLRD1,370
KLRK1,591
KLRC4,205
KLRC3,153
KLRC1,72
MAGOHB,1258
STYK1,697
YBX3,22467
TAS2R7,93
TAS2R8,35
TAS2R9,70
TAS2R14,2291
TAS2R50,25
TAS2R30,459
SMIM10L1,4531
TAS2R42,93
PRB3,69
PRB4,16
PRB1,2
ETV6,9889
LRP6,6128
MANSC1,2531
BORCS5,2393
DUSP16,5037
CREBL2,5107
GPR19,358
CDKN1B,10065
APOLD1,391
GPRC5A,16039
GPRC5D,80
HEBP1,8867
FAM234B,3512
GSG1,63
EMP1,10157
GRIN2B,86
ATF7IP,7122
PLBD1,2667
GUCY2C,64
HIST4H4,696
H2AFJ,13844
WBP11,2069
C12ORF60,469
SMCO3,882
ART4,178
MGP,173229
ERP27,1738
ARHGDIB,11126
PDE6H,58
RERG,5618
PTPRO,493
EPS8,4085
STRAP,11895
DERA,3488
SLC15A5,90
MGST1,21834
LMO3,651
RERGL,119
PIK3C2G,1369
PLCZ1,64
CAPZA3,76
PLEKHA5,4659
AEBP2,7529
PDE3A,326
SLCO1C1,65
SLCO1B3,24
SLCO1B1,48
SLCO1A2,98
IAPP,39
PYROXD1,962
RECQL,3328
GOLT1B,3483
SPX,57
GYS2,48
LDHB,7865
KCNJ8,599
ABCC9,998
CMAS,6670
ST8SIA1,1919
C2CD5,4847
ETNK1,8713
SOX5,651
BCAT1,1203
LRMP,271
CASC1,427
KRAS,3337
LMNTD1,94
RASSF8,2140
BHLHE41,4442
SSPN,1393
ITPR2,8038
INTS13,4386
FGFR1OP2,2566
TM7SF3,5486
MED21,4494
C12ORF71,50
STK38L,9984
ARNTL2,2325
SMCO2,350
PPFIBP1,9655
REP15,424
MANSC4,68
KLHL42,2197
PTHLH,1507
CCDC91,4998
FAR2,1206
ERGIC2,7427
OVCH1,69
TMTC1,1475
IPO8,3756
CAPRIN2,2467
TSPAN11,217
DDX11,1448
SINHCAF,913
DENND5B,793
ETFBKMT,654
AMN1,1720
H3F3C,25
RESF1,4481
BICD1,3817
FGD4,2011
DNM1L,8240
YARS2,2860
PKP2,1287
SYT10,45
CPNE8,824
KIF21A,2167
ABCD2,216
C12ORF40,56
SLC2A13,1695
LRRK2,976
MUC19,417
CNTN1,245
PDZRN4,75
GXYLT1,866
YAF2,4059
PPHLN1,6571
ZCRB1,8916
PRICKLE1,2152
ADAMTS20,88
PUS7L,2933
IRAK4,3289
TWF1,2734
TMEM117,309
NELL2,835
DBX2,47
ANO6,2967
ARID2,4566
SCAF11,9483
SLC38A1,13673
SLC38A2,12941
SLC38A4,88
AMIGO2,7630
PCED1B,3752
RPAP3,3271
ENDOU,89
RAPGEF3,640
SLC48A1,1675
HDAC7,8711
VDR,3297
TMEM106C,13819
COL2A1,1691
SENP1,2811
PFKM,2151
ASB8,3012
CCDC184,69
OR10AD1,51
H1FNT,49
ZNF641,1933
ANP32D,24
C12ORF54,36
OR8S1,38
OR5BS1P,76
LALBA,77
KANSL2,3610
CCNT1,3506
TEX49,61
ADCY6,4440
CACNB3,4651
DDX23,7258
RND1,2681
CCDC65,110
FKBP11,3381
ARF3,4181
WNT10B,178
WNT1,29
DDN,82
PRKAG1,3536
KMT2D,7032
RHEBL1,224
DHH,66
LMBR1L,2401
TUBA1B,2997
TUBA1A,784
TUBA1C,7933
PRPH,31
TROAP,1679
C1QL4,128
DNAJC22,1185
SPATS2,2573
KCNH3,102
MCRS1,7254
PRPF40B,1863
FAM186B,96
FMNL3,2654
TMBIM6,3712
NCKAP5L,2467
BCDIN3D,1012
FAIM2,66
AQP2,43
AQP5,265
AQP6,118
ASIC1,220
SMARCD1,3323
GPD1,100
COX14,7920
CERS5,3116
LIMA1,7459
FAM186A,61
LARP4,8572
DIP2B,3329
ATF1,2019
TMPRSS12,38
METTL7A,2133
HIGD1C,64
SLC11A2,4427
LETMD1,3067
CSRNP2,3770
TFCP2,3754
POU6F1,702
DAZAP2,10576
SMAGP,2734
BIN2,593
CELA1,111
GALNT6,3834
SLC4A8,1867
SCN8A,946
C12ORF81,55
FIGNL2,106
ANKRD33,57
ACVRL1,709
ACVR1B,2600
GRASP,964
NR4A1,6841
ATG101,4093
SMIM41,88
KRT80,3271
KRT7,24761
KRT86,437
KRT83,79
KRT85,53
KRT84,71
KRT82,58
KRT75,68
KRT6B,2607
KRT6C,65
KRT6A,633
KRT5,8040
KRT71,47
KRT74,62
KRT72,52
KRT73,36
KRT2,36
KRT1,22
KRT77,38
KRT76,47
KRT3,50
KRT4,33
KRT79,53
KRT78,97
KRT8,87108
EIF4B,4366
TNS2,4338
SPRYD3,5252
IGFBP6,725
SOAT2,46
CSAD,8411
ZNF740,2955
ITGB7,545
RARG,2564
AC021072.1,67
MFSD5,1495
ESPL1,1606
PFDN5,6522
C12ORF10,4073
AAAS,4694
SP7,69
SP1,5763
AMHR2,36
PCBP2,3238
MAP3K12,1243
TARBP2,2601
ATF7,3731
ATP5MC2,17933
CALCOCO1,4541
HOXC13,1072
HOXC12,770
HOXC11,545
HOXC10,9226
HOXC6,2884
HOXC9,2849
HOXC8,3225
HOXC4,2905
HOXC5,1379
SMUG1,1704
CBX5,4405
NFE2,178
COPZ1,6803
GPR84,254
ZNF385A,4018
ITGA5,4922
GTSF1,351
NCKAP1L,974
PDE1B,323
PPP1R1A,314
LACRT,44
DCD,153
MUCL1,7988
TESPA1,216
NEUROD4,54
OR9K2,44
OR10A7,39
OR6C74,57
OR6C6,52
OR6C1,34
OR6C3,50
OR6C75,25
OR6C65,62
OR6C76,75
OR6C2,26
OR6C70,65
OR6C68,42
OR6C4,52
OR2AP1,47
OR10P1,46
METTL7B,113
ITGA7,500
BLOC1S1,10415
RDH5,198
CD63,14686
GDF11,389
SARNP,1188
ORMDL2,4742
DNAJC14,2851
MMP19,919
PYM1,3749
DGKA,2088
PMEL,137
CDK2,3585
RAB5B,11478
SUOX,2774
IKZF4,593
ERBB3,6936
PA2G4,7068
ESYT1,6684
ZC3H10,1171
MYL6B,3860
MYL6,34943
SMARCC2,5084
RNF41,3690
NABP2,5822
SLC39A5,50
ANKRD52,4119
COQ10A,510
CS,668
CNPY2,8967
PAN2,3468
IL23A,94
STAT2,13663
APOF,180
TIMELESS,1617
MIP,61
SPRYD4,1989
GLS2,207
BAZ2A,4402
ATP5F1B,10614
PTGES3,28
PRIM1,1431
HSD17B6,751
SDR9C7,70
RDH16,405
GPR182,72
ZBTB39,1107
TAC3,66
MYO1A,120
NEMP1,2292
NAB2,3532
STAT6,5311
LRP1,10764
NXPH4,344
SHMT2,1174
NDUFA4L2,999
STAC3,650
R3HDM2,5567
INHBC,18
INHBE,46
GLI1,91
ARHGAP9,745
MARS,1837
DDIT3,4686
MBD6,4803
DCTN2,8567
KIF5A,139
PIP4K2C,3683
DTX3,2228
ARHGEF25,2108
SLC26A10,142
B4GALNT1,474
OS9,12338
AGAP2,338
TSPAN31,2612
CDK4,8810
MARCH9,1739
CYP27B1,37
METTL1,2180
EEF1AKMT3,1211
TSFM,2998
AVIL,938
CTDSP2,8180
ATP23,1060
LRIG3,1483
SLC16A7,459
TAFA2,92
USP15,4838
MON2,5252
PPM1H,2816
AVPR1A,375
RXYLT1,2170
SRGAP1,3216
C12ORF66,1054
C12ORF56,78
XPOT,5028
TBK1,4028
RASSF3,2955
GNS,10992
TBC1D30,1084
WIF1,114
LEMD3,1370
MSRB3,1774
HMGA2,137
LLPH,2141
TMBIM4,7262
IRAK3,1088
HELB,2460
GRIP1,728
CAND1,13377
DYRK2,3779
IFNG,103
IL26,38
IL22,29
MDM1,1266
NUP107,4385
SLC35E3,2694
MDM2,8148
CPM,1492
CPSF6,7244
LYZ,16371
YEATS4,1725
FRS2,6666
CCT2,2870
LRRC10,44
BEST3,223
RAB3IP,5470
MYRFL,324
CNOT2,6375
KCNMB4,549
PTPRB,898
PTPRR,233
TSPAN8,86
LGR5,502
ZFC3H1,6734
THAP2,909
TMEM19,2154
RAB21,8261
TBC1D15,5130
TPH2,87
TRHDE,54
ATXN7L3B,8947
KCNC2,215
CAPS2,345
GLIPR1L1,35
GLIPR1L2,290
GLIPR1,1753
KRR1,3370
PHLDA1,4001
BBS10,835
OSBPL8,9975
ZDHHC17,4150
CSRP2,1029
E2F7,697
NAV3,271
SYT1,1897
PAWR,10202
PPP1R12A,4964
OTOGL,114
PTPRQ,150
MYF6,45
MYF5,41
LIN7A,715
ACSS3,1989
PPFIA2,100
CCDC59,3368
METTL25,1054
TMTC2,2956
SLC6A15,150
TSPAN19,40
LRRIQ1,174
ALX1,60
RASSF9,300
NTS,69
MGAT4C,57
C12ORF50,40
C12ORF29,1370
CEP290,2401
TMTC3,3926
KITLG,2210
DUSP6,2035
POC1B,1813
GALNT4,1121
ATP2B1,2958
CCER1,53
EPYC,201
KERA,93
LUM,26451
DCN,24130
BTG1,14512
CLLU1OS,69
C12ORF74,162
EEA1,4444
UBE2N,1503
SOCS2,1044
CRADD,1927
PLXNC1,2746
CEP83,2770
TMCC3,643
NDUFA12,2301
NR2C1,781
FGD6,3932
VEZT,4891
METAP2,4495
USP44,74
NTN4,9738
SNRPF,2683
CCDC38,43
AMDHD1,114
HAL,110
LTA4H,6122
ELK3,1211
CDK17,2588
CFAP54,358
NEDD1,3882
TMPO,2956
IKBIP,636
APAF1,2027
ANKS1B,4467
FAM71C,34
UHRF1BP1L,2394
ACTR6,1461
DEPDC4,299
SCYL2,5214
SLC17A8,77
NR1H4,87
GAS2L3,1349
ANO4,98
SLC5A8,152
UTP20,1592
ARL1,7894
SPIC,51
MYBPC1,6758
CHPT1,9850
SYCP3,96
GNPTAB,2832
DRAM1,2380
WASHC3,4744
NUP37,3130
PARPBP,887
PMCH,66
IGF1,619
PAH,319
ASCL1,419
C12ORF42,65
STAB2,52
NT5DC3,1854
HSP90B1,3638
C12ORF73,569
TDG,2253
GLT8D2,2291
HCFC2,2492
NFYB,3174
TXNRD1,7792
EID3,868
CHST11,3701
SLC41A2,1581
C12ORF45,1303
ALDH1L2,1040
WASHC4,5608
APPL2,4123
C12ORF75,4677
NUAK1,2236
CKAP4,10931
TCP11L2,1433
POLR3B,759
RFX4,35
RIC8B,3158
TMEM263,12451
MTERF2,2852
CRY1,3678
BTBD11,210
PWP1,5479
PRDM4,2811
ASCL4,35
WSCD2,39
CMKLR1,652
FICD,1183
SART3,4709
ISCU,8588
TMEM119,1094
SELPLG,832
CORO1C,7961
SSH1,2853
DAO,41
SVOP,47
USP30,1193
ALKBH2,1428
UNG,2423
ACACB,1180
FOXN4,116
MYO1H,18
KCTD10,3570
UBE3B,3089
MMAB,3307
MVK,2500
FAM222A,726
TRPV4,608
GLTP,1652
TCHP,1886
GIT2,2810
ANKRD13A,3595
C12ORF76,572
IFT81,2795
ATP2A2,7036
ANAPC7,6843
ARPC3,6437
GPN3,2817
FAM216A,559
VPS29,1636
RAD9B,207
PPTC7,1971
TCTN1,2706
HVCN1,536
PPP1CC,4787
CCDC63,23
MYL2,65
CUX2,25
PHETA1,941
SH2B3,1329
ATXN2,6260
BRAP,2307
ACAD10,1732
ALDH2,4339
MAPKAPK5,3969
TMEM116,1676
ERP29,1268
NAA25,2586
TRAFD1,2905
HECTD4,5554
PTPN11,1874
RPH3A,35
OAS1,12653
OAS3,12201
OAS2,13383
DTX1,184
RASAL1,376
CFAP73,216
DDX54,4459
RITA1,3881
IQCD,605
TPCN1,3152
SLC8B1,1328
PLBD2,3900
SDS,1308
SDSL,1709
LHX5,23
RBM19,3065
TBX5,311
TBX3,7042
MED13L,8045
C12ORF49,768
RNFT2,1174
HRK,374
FBXW8,3336
TESC,216
FBXO21,2225
NOS1,5
KSR2,208
RFC5,1559
WSB2,6029
VSIG10,879
PEBP1,14386
TAOK3,5151
SUDS3,5687
SRRM4,38
HSPB8,5469
CCDC60,75
PRKAB1,4371
CIT,1275
BICDL1,3034
RAB35,4609
GCN1,6894
PXN,8468
SIRT4,230
PLA2G1B,112
MSI1,943
COX6A1,11448
TRIAP1,1949
GATC,2510
SRSF9,6504
DYNLL1,2874
COQ5,2113
RNF10,7934
POP5,2015
CABP1,138
MLEC,7732
UNC119B,1632
ACADS,1108
SPPL3,1542
HNF1A,177
C12ORF43,1463
OASL,2749
P2RX7,481
P2RX4,2686
CAMKK2,5118
ANAPC5,10122
RNF34,650
KDM2B,2691
ORAI1,3592
MORN3,588
TMEM120B,2510
RHOF,665
SETD1B,4853
HPD,53
PSMD9,5308
WDR66,708
BCL7A,1806
MLXIP,1671
LRRC43,114
IL31,58
B3GNT4,104
VPS33A,2133
CLIP1,11087
ZCCHC8,3222
RSRC2,12337
KNTC1,2068
HCAR3,65
HCAR1,1065
DENR,4411
CCDC62,120
HIP1R,2468
VPS37B,3782
ABCB9,957
OGFOD2,2163
ARL6IP4,14453
PITPNM2,1294
MPHOSPH9,2215
C12ORF65,897
CDK2AP1,13934
SBNO1,4871
KMT5A,5616
RILPL2,2122
SNRNP35,2218
RILPL1,3560
TMED2,9711
DDX55,3022
EIF2B1,3560
GTF2H3,1379
TCTN2,1213
ATP6V0A2,2868
DNAH10,135
CCDC92,6655
ZNF664,8035
RFLNA,496
NCOR2,12275
SCARB1,4188
UBC,6642
DHX37,1486
BRI3BP,2681
AACS,3983
TMEM132B,43
TMEM132C,47
SLC15A4,2053
GLT1D1,50
TMEM132D,28
FZD10,147
PIWIL1,45
RIMBP2,50
STX2,2795
ADGRD1,125
SFSWAP,3650
MMP17,2248
ULK1,8285
PUS1,3458
EP400,649
DDX51,1363
NOC4L,2567
GALNT9,24
FBRSL1,3435
LRCOL1,40
P2RX2,101
POLE,2527
PXMP2,2178
PGAM5,3675
ANKLE2,5885
GOLGA3,4087
CHFR,2848
ZNF605,1660
ZNF26,2134
ZNF84,2291
ZNF140,2106
ZNF891,1305
ZNF10,826
ZNF268,2966
ANHX,34
TUBA3C,50
TPTE2,27
MPHOSPH8,4376
PSPC1,5959
ZMYM5,1670
ZMYM2,8546
GJA3,46
GJB2,1664
GJB6,88
CRYL1,3251
IFT88,3280
IL17D,80
EEF1AKMT1,1167
XPO4,3536
LATS2,1708
SAP18,9750
SKA3,759
ZDHHC20,5794
MICU2,3698
FGF9,294
SGCG,686
SACS,1120
TNFRSF19,875
MIPEP,1797
SPATA13,2629
C1QTNF9,44
PARP4,2873
ATP12A,18
RNF17,74
CENPJ,1902
PABPC3,22
AMER2,22
MTMR6,1723
NUP58,5644
ATP8A2,765
SHISA2,8219
RNF6,3657
CDK8,2063
WASF3,625
GPR12,103
USP12,3252
RASL11A,380
GTF3A,3474
MTIF3,1930
LNX2,1840
POLR1D,7137
GSX1,34
PDX1,34
CDX2,39
URAD,27
FLT3,138
PAN3,5522
FLT1,2211
POMP,5699
SLC46A3,896
MTUS2,60
SLC7A1,3015
UBL3,4171
KATNAL1,1743
UBE2L5,17
USPL1,2447
ALOX5AP,1559
MEDAG,457
TEX26,41
HSPH1,15179
B3GLCT,900
RXFP2,84
FRY,1822
ZAR1L,38
BRCA2,1320
N4BP2L1,624
N4BP2L2,10353
PDS5B,2401
KL,194
STARD13,2179
RFC3,2360
NBEA,651
MAB21L1,148
DCLK1,1395
SOHLH2,54
CCDC169,237
SPART,3387
CCNA1,63
SERTM1,61
RFXAP,898
SMAD9,286
ALG5,4388
EXOSC8,2446
SUPT20H,5153
CSNK1A1L,40
POSTN,36594
TRPC4,64
UFM1,7521
FREM2,555
STOML3,46
PROSER1,1746
NHLRC3,2925
LHFPL6,1978
COG6,1210
FOXO1,1821
SLC25A15,1387
ELF1,3904
WBP4,2329
KBTBD6,474
KBTBD7,831
MTRF1,1159
NAA16,1764
RGCC,2984
VWA8,3384
DGKH,2053
AKAP11,4871
TNFSF11,72
FAM216B,55
EPSTI1,4314
DNAJC15,3883
ENOX1,407
CCDC122,678
LACC1,838
SMIM2,74
SERP2,111
TSC22D1,5596
NUFIP1,833
GPALPP1,2371
GTF2F2,1898
KCTD4,92
SLC25A30,1109
COG3,3322
ERICH6B,32
SPERT,107
SIAH3,67
ZC3H13,3217
CPB2,68
LCP1,9798
LRRC63,134
RUBCNL,430
LRCH1,2471
ESD,4814
HTR2A,40
SUCLA2,882
NUDT15,1574
MED4,7553
ITM2B,12152
RB1,2531
LPAR6,3308
RCBTB2,854
CYSLTR2,143
FNDC3A,3758
MLNR,10
CDADC1,855
CAB39L,2082
SETDB2,2030
PHF11,4042
RCBTB1,3030
ARL11,756
EBPL,1393
KPNA3,4773
SPRYD7,1234
TRIM13,2223
KCNRG,85
DLEU7,16
RNASEH2B,480
C13ORF42,21
FAM124A,519
SERPINE3,75
INTS6,3224
WDFY2,3814
DHRS12,1141
TMEM272,126
CCDC70,49
ATP7B,1480
ALG11,1122
NEK3,1186
THSD1,301
VPS36,5172
CKAP2,3002
SUGT1,5015
CNMD,63
PCDH8,255
OLFM4,1478
PCDH17,496
DIAPH3,1731
TDRD3,2595
PCDH20,84
AL445238.1,142
PCDH9,164
KLHL1,162
DACH1,2167
MZT1,3368
BORA,2096
DIS3,5455
PIBF1,2094
KLF5,2731
KLF12,2046
TBC1D4,2674
COMMD6,6918
UCHL3,4919
LMO7,2461
KCTD12,6680
ACOD1,82
CLN5,1669
FBXL3,8053
MYCBP2,3053
SCEL,54
SLAIN1,190
EDNRB,232
POU4F1,49
OBI1,2073
RBM26,5447
NDFIP2,2696
SPRY2,1163
SLITRK1,98
SLITRK6,3902
SLITRK5,171
GPC5,80
GPC6,837
DCT,35
TGDS,1165
GPR180,2403
SOX21,21
ABCC4,1171
CLDN10,1148
DZIP1,1545
DNAJC3,5078
UGGT2,3423
HS6ST3,454
OXGR1,306
MBNL2,6280
RAP2A,5745
IPO5,4249
FARP1,14521
RNF113B,51
STK24,10992
SLC15A1,198
DOCK9,4044
UBAC2,3406
GPR18,158
GPR183,795
TM9SF2,21126
CLYBL,721
ZIC5,106
ZIC2,114
PCCA,3146
GGACT,823
TMTC4,3179
NALCN,532
ITGBL1,3461
FGF14,38
TPP2,4112
METTL21C,56
CCDC168,59
TEX30,1087
POGLUT2,716
BIVM,2048
ERCC5,2158
SLC10A2,73
DAOA,37
EFNB2,3512
ARGLU1,13972
FAM155A,392
LIG4,1827
ABHD13,1571
TNFSF13B,1267
MYO16,71
IRS2,1734
COL4A1,18974
COL4A2,18407
RAB20,2973
NAXD,3858
CARS2,5771
ING1,2464
ANKRD10,15054
ARHGEF7,5302
TEX29,151
SOX1,27
SPACA7,19
TUBGCP3,4744
ATP11A,2360
MCF2L,6384
F7,1825
F10,103
PROZ,84
PCID2,4745
CUL4A,6739
LAMP1,22994
GRTP1,1523
ADPRHL1,614
DCUN1D2,2122
TMCO3,8257
TFDP1,5114
ATP4B,78
GRK1,55
TMEM255B,1037
GAS6,4517
C13ORF46,1
RASA3,1965
CFAP97D2,93
CDC16,6877
UPF3A,3360
CHAMP1,2014
POTEM,319
OR4Q3,39
OR4M1,50
OR4K2,100
OR4K5,75
OR4K1,93
OR4K15,99
OR4K14,50
OR4K13,65
OR4L1,78
OR4K17,72
OR4N5,37
OR11G2,90
OR11H6,59
OR11H4,41
TTC5,1790
CCNB1IP1,1970
PARP2,1844
TEP1,1733
KLHL33,78
OSGEP,3389
APEX1,12142
PIP4P1,2697
PNP,4043
RNASE10,78
RNASE9,33
RNASE11,68
RNASE12,67
OR6S1,48
ANG,1265
RNASE4,3186
EDDM3A,59
EDDM3B,69
RNASE6,479
RNASE1,10975
RNASE3,74
RNASE2,85
METTL17,4930
SLC39A2,115
NDRG2,5553
TPPP2,55
RNASE13,92
RNASE7,48
RNASE8,44
ARHGEF40,1750
ZNF219,2350
TMEM253,139
OR5AU1,73
HNRNPC,11957
RPGRIP1,87
SUPT16H,6531
CHD8,4584
RAB2B,3342
TOX4,5342
METTL3,3407
SALL2,842
OR10G3,71
OR10G2,72
OR4E2,48
OR4E1,51
TRDC,143
TRAC,2907
DAD1,2230
ABHD4,1455
OR6J1,67
OXA1L,4755
SLC7A7,1337
MMP14,27864
LRP10,6969
REM2,200
RBM23,5598
PRMT5,954
HAUS4,2420
AJUBA,1956
C14ORF93,877
PSMB5,13494
PSMB11,51
CDH24,1344
ACIN1,6297
C14ORF119,6790
LMLN2,20
CEBPE,76
SLC7A8,3528
RNF212B,58
HOMEZ,1629
PPP1R3E,598
BCL2L2,5102
SLC22A17,1839
EFS,4337
IL25,70
CMTM5,33
MYH7,51
NGDN,3090
ZFHX2,815
AP1G2,6771
JPH4,77
DHRS2,6421
DHRS4,508
CARMIL3,135
CPNE6,43
NRL,297
PCK2,3289
DCAF11,3128
FITM1,93
PSME1,17022
EMC9,2579
PSME2,2034
RNF31,3279
IRF9,6415
REC8,1405
IPO4,546
TM9SF1,5317
TSSK4,209
CHMP4A,4806
MDP1,1282
NEDD8,4418
GMPR2,2435
TINF2,2268
TGM1,242
RABGGTA,2169
DHRS1,2668
NOP9,2702
CIDEB,664
LTB4R2,155
LTB4R,3038
ADCY4,606
RIPK3,463
NFATC4,4989
NYNRIN,1397
CBLN3,379
KHNYN,4762
SDR39U1,3874
CMA1,58
CTSG,149
GZMH,167
GZMB,470
STXBP6,448
NOVA1,357
FOXG1,51
PRKD1,443
G2E3,1673
SCFD1,6485
COCH,2256
STRN3,6326
AP4S1,887
HECTD1,6861
HEATR5A,495
DTD2,1693
GPR33,85
NUBPL,1985
ARHGAP5,3072
AKAP6,230
NPAS3,406
EGLN3,7421
SPTSSA,16035
EAPP,5848
SNX6,8431
CFL2,2127
BAZ1A,3355
SRP54,9954
FAM177A1,4253
PPP2R3C,2313
PRORP,2073
NFKBIA,11346
INSM2,39
RALGAPA1,1266
BRMS1L,1443
MBIP,2009
SFTA3,33
NKX2-1,24
NKX2-8,38
PAX9,584
SLC25A21,102
MIPOL1,2527
FOXA1,16325
TTC6,3264
SSTR1,85
CLEC14A,980
SEC23A,4700
GEMIN2,285
TRAPPC6B,2820
PNN,9519
MIA2,2518
FBXO33,1115
LRFN5,123
FSCB,27
C14ORF28,574
KLHL28,1892
TOGARAM1,2549
PRPF39,4531
FKBP3,1970
FANCM,961
MIS18BP1,2985
MDGA2,101
LRR1,1614
MGAT2,3909
DNAAF2,1122
POLE2,1119
KLHDC1,601
KLHDC2,8987
NEMF,5666
ARF6,10362
VCPKMT,2405
SOS2,3569
L2HGDH,1409
DMAC2L,2320
CDKL1,386
MAP4K5,5733
ATL1,835
SAV1,4339
NIN,3361
PYGL,4805
ABHD12B,194
TRIM9,733
TMX1,3467
FRMD6,6075
GNG2,834
RTRAF,7020
NID2,2853
PTGDR,244
PTGER2,363
TXNDC16,1243
GPR137C,539
ERO1A,9525
PSMC6,1623
STYX,4205
GNPNAT1,3261
FERMT2,3583
DDHD1,2530
BMP4,636
CDKN3,1338
CNIH1,2480
GMFB,731
CGRRF1,1626
SAMD4A,1279
GCH1,660
WDHD1,1249
SOCS4,3876
MAPK1IP1L,5855
LGALS3,11700
DLGAP5,1654
FBXO34,2379
ATG14,2230
TBPL2,39
KTN1,10220
PELI2,741
TMEM260,1744
OTX2,66
EXOC5,6425
AP5M1,4215
NAA30,2686
CCDC198,19
SLC35F4,32
ARMH4,377
ACTR10,4903
PSMA3,3793
ARID4A,2701
TOMM20L,17
TIMM9,2602
KIAA0586,2111
DACT1,1688
DAAM1,4356
GPR135,474
L3HYPDH,2353
JKAMP,1004
CCDC175,68
RTN1,776
LRRC9,62
PCNX4,2188
DHRS7,4612
PPM1A,4969
C14ORF39,92
SIX6,18
SIX1,2316
SIX4,2247
MNAT1,3806
TRMT5,1432
SLC38A6,1305
PRKCH,987
TMEM30B,934
HIF1A,1643
SNAPC1,1126
SYT16,57
KCNH5,44
RHOJ,742
GPHB5,18
PPP2R5E,4956
WDR89,1706
SGPP1,1607
SYNE2,14002
MTHFD1,3893
ZBTB25,2700
AKAP5,866
ZBTB1,6433
HSPA2,2649
PPP1R36,127
PLEKHG3,3825
SPTB,283
CHURC1,7443
GPX2,286
RAB15,3959
FNTB,2536
MAX,6481
FUT8,7420
CCDC196,39
GPHN,1660
FAM71D,48
MPP5,1933
ATP6V1D,4050
EIF2S1,8431
PLEK2,344
TMEM229B,1007
PLEKHH1,833
PIGH,1690
ARG2,609
VTI1B,5885
RDH11,4343
RDH12,42
ZFYVE26,1992
RAD51B,2526
ZFP36L1,26764
ACTN1,25744
DCAF5,4609
EXD2,2273
GALNT16,566
ERH,3900
SLC39A9,3659
PLEKHD1,197
CCDC177,39
SUSD6,5049
SRSF5,7527
SLC10A1,41
SMOC1,613
SLC8A3,58
COX16,8150
SYNJ2BP,2098
ADAM21,51
ADAM20,409
MED6,3706
TTC9,3217
MAP3K9,843
PCNX1,2858
SIPA1L1,1734
RGS6,264
DPF3,231
DCAF4,1788
ZFYVE1,1827
RBM25,7961
PSEN1,4097
PAPLN,1484
NUMB,5085
HEATR4,108
RIOX1,1421
ACOT1,25
ACOT4,1123
ACOT6,114
DNAL1,973
PNMA1,2326
ELMSAN1,4897
PTGR2,1373
ZNF410,7697
FAM161B,430
COQ6,1332
ENTPD5,1448
BBOF1,1995
ALDH6A1,2566
LIN52,832
VSX2,27
ABCD4,986
VRTN,41
SYNDIG1L,40
NPC2,12119
ISCA2,687
LTBP2,6191
AREL1,2059
FCF1,2147
PROX2,47
DLST,2625
PGF,712
EIF2B2,2202
MLH3,1612
ACYP1,502
ZC2HC1C,365
NEK9,2835
TMED10,2411
FOS,24677
JDP2,3909
BATF,1451
FLVCR2,238
TTLL5,6372
ERG28,2481
IFT43,3377
TGFB3,3206
GPATCH2L,8570
ESRRB,79
VASH1,3310
ANGEL1,2915
LRRC74A,29
IRF2BPL,6315
CIPC,1878
TMEM63C,1231
ZDHHC22,41
NGB,73
POMT2,813
GSTZ1,2366
TMED8,1757
SAMD15,240
NOXRED1,145
VIPAS39,1061
AHSA1,14838
ISM2,43
SPTLC2,4279
ALKBH1,1022
SLIRP,3095
SNW1,1463
NRXN3,353
DIO2,2079
CEP128,1354
TSHR,96
GTF2A1,5013
STON2,1338
SEL1L,7113
FLRT2,533
GALC,2191
GPR65,686
KCNK10,46
SPATA7,776
PTPN21,673
ZC3H14,2028
EML5,151
TTC8,3850
FOXN3,1971
EFCAB11,951
TDP1,2263
KCNK13,206
PSMC1,4362
NRDE2,606
CALM1,1254
TTC7B,1411
DGLUCY,2134
GPR68,877
CCDC88C,2648
PPP4R3A,3411
CATSPERB,1211
TC2N,14258
FBLN5,2272
TRIP11,2789
ATXN3,2460
NDUFB1,3590
CPSF2,3190
SLC24A4,45
RIN3,2338
LGMN,9237
GOLGA5,5039
CHGA,16
ITPK1,4740
MOAP1,2096
TMEM251,2219
GON7,1572
UBR7,2372
BTBD7,3926
UNC79,73
COX8C,25
PRIMA1,323
FAM181A,40
ASB2,52
OTUB2,277
DDX24,7411
IFI27L1,1507
IFI27,62538
IFI27L2,1229
PPP4R4,194
SERPINA10,56
SERPINA6,128
SERPINA1,4249
SERPINA11,467
SERPINA9,52
SERPINA12,71
SERPINA4,62
SERPINA5,1672
SERPINA3,11801
GSC,323
DICER1,4315
CLMN,2294
SYNE3,969
GLRX5,5764
TCL1B,42
TCL1A,97
TUNAR,31
C14ORF132,679
BDKRB2,634
BDKRB1,174
ATG2B,2580
GSKIP,2010
AK7,163
PAPOLA,3498
VRK1,3966
C14ORF177,38
BCL11B,719
SETD3,4928
CCNK,6607
CCDC85C,2045
HHIPL1,593
CYP46A1,130
EML1,547
EVL,44644
DEGS2,6467
YY1,2902
SLC25A29,7571
SLC25A47,57
WARS,4566
WDR25,1386
BEGAIN,112
DLK1,377
RTL1,66
DIO3,62
PPP2R5C,2766
DYNC1H1,2504
HSP90AA1,47072
WDR20,2847
MOK,1706
ZNF839,1472
CINP,1236
TECPR2,1145
ANKRD9,2096
RCOR1,4460
TRAF3,2008
AMN,84
CDC42BPB,3883
LBHD2,48
EXOC3L4,107
TNFAIP2,6749
EIF5,11087
MARK3,4388
CKB,2611
TRMT61A,1649
BAG5,4444
KLC1,5644
COA8,3690
XRCC3,733
ZFYVE21,4746
PPP1R13B,2185
ATP5MPL,1632
TDRD9,172
RD3L,57
ASPG,46
KIF26A,268
TMEM179,233
C14ORF180,20
INF2,14264
ADSSL1,748
SIVA1,7974
AKT1,27810
ZBTB42,2743
CEP170B,4536
PLD4,379
AHNAK2,1798
CLBA1,1362
CDCA4,1519
GPR132,466
JAG2,2573
NUDT14,2382
BRF1,4611
BTBD6,2677
PACS2,2972
TEX22,100
MTA1,12115
CRIP2,14441
CRIP1,54415
TEDC1,2397
TMEM121,1264
IGHA2,72
IGHE,116
IGHA1,4752
IGHG1,40821
IGHG3,5938
IGHD,54
IGHM,7589
FAM30A,207
GOLGA6L6,3
AC135068.1,28
NIPA1,922
NIPA2,3559
CYFIP1,8852
TUBGCP5,1652
GOLGA6L2,32
MKRN3,274
MAGEL2,73
NDN,208
NPAP1,17
SNRPN,1831
UBE3A,5533
ATP10A,1398
GABRB3,173
GABRA5,43
GABRG3,42
OCA2,326
HERC2,4197
GOLGA8M,38
GOLGA6L7,5
APBA2,689
FAM189A1,78
NSMCE3,2749
TJP1,4355
CHRFAM7A,42
GOLGA8R,9
AC091057.6,820
ARHGAP11B,318
FAN1,1935
MTMR10,2115
TRPM1,31
KLF13,1679
OTUD7A,179
CHRNA7,41
GOLGA8O,326
ARHGAP11A,1567
SCG5,383
GREM1,4785
FMN1,2254
RYR3,149
AVEN,2247
CHRM5,45
EMC7,7400
PGBD4,392
KATNBL1,736
EMC4,12743
SLC12A6,946
NOP10,3051
NUTM1,39
LPCAT4,1007
GOLGA8B,2228
GJD2,64
ACTC1,39
AQR,3499
ZNF770,834
NANOGP8,91
DPH6,2861
C15ORF41,1185
MEIS2,617
TMCO5A,3
SPRED1,3133
FAM98B,3953
RASGRP1,1734
LINC02694,187
THBS1,22813
FSIP1,4090
GPR176,638
EIF2AK4,2867
BMF,1810
BUB1B,985
PAK6,608
PLCB2,1001
ANKRD63,53
INAFM2,687
CCDC9B,1773
PHGR1,617
DISP2,115
KNSTRN,1952
IVD,4352
BAHD1,2691
CHST14,1865
CCDC32,1845
RPUSD2,746
KNL1,1393
RAD51,1204
RMDN3,5677
GCHFR,3622
C15ORF62,133
ZFYVE19,2233
PPP1R14D,145
SPINT1,11481
RHOV,2827
VPS18,1283
DLL4,447
CHAC1,1499
INO80,2641
EXD1,63
CHP1,7108
OIP5,627
NUSAP1,2922
NDUFAF1,1096
RTF1,4533
ITPKA,134
LTK,104
RPAP1,1778
TYRO3,433
MGA,2856
MAPKBP1,1157
PLA2G4B,1862
SPTBN5,384
EHD4,4830
PLA2G4E,38
PLA2G4D,26
PLA2G4F,391
VPS39,4557
TMEM87A,2640
GANC,1164
CAPN3,839
ZNF106,4502
SNAP23,4424
LRRC57,2209
HAUS2,2573
STARD9,378
CDAN1,1241
TTBK2,1337
TMEM62,2871
CCNDBP1,3124
EPB42,38
TGM5,164
TGM7,36
LCMT2,1071
ADAL,1252
ZSCAN29,2378
TUBGCP4,1400
TP53BP1,2703
MAP1A,604
PPIP5K1,999
STRC,135
CATSPER2,549
PDIA3,14715
ELL3,1207
SERF2,27521
SERINC4,32
MFAP1,3690
WDR76,1852
FRMD5,182
CASC4,3446
CTDSPL2,2486
EIF3J,5622
SPG11,4862
PATL2,401
B2M,70540
TRIM69,191
TERB2,24
SORD,5198
DUOX2,80
DUOXA2,63
DUOXA1,82
SHF,600
SLC28A2,49
GATM,1693
SPATA5L1,797
C15ORF48,2385
SLC30A4,896
BLOC1S6,1350
SQOR,5928
SEMA6D,213
MYEF2,7093
CTXN2,67
SLC12A1,40
DUT,5027
FBN1,8192
CEP152,774
SHC4,551
EID1,11193
SECISBP2L,3026
COPS2,8690
GALK2,3426
FAM227B,405
FGF7,1035
DTWD1,751
ATP8B4,415
SLC27A2,516
HDC,175
GABPB1,2874
USP8,2956
USP50,125
TRPM7,3875
SPPL2A,5592
AP4E1,1573
TNFAIP8L3,231
CYP19A1,51
GLDN,142
DMXL2,3027
SCG3,38
LYSMD2,917
TMOD2,917
TMOD3,6931
LEO1,6111
MAPK6,3852
BCL2L10,89
GNB5,1396
MYO5C,3290
MYO5A,1843
ARPP19,10516
FAM214A,9014
ONECUT1,52
WDR72,182
UNC13C,31
RSL24D1,516
RAB27A,3022
PIGBOS1,292
PIGB,815
CCPG1,5572
C15ORF65,431
DNAAF4,1036
PYGO1,434
PRTG,382
NEDD4,1118
RFX7,1490
TEX9,2023
MNS1,565
ZNF280D,2499
TCF12,4802
CGNL1,1101
MYZAP,146
ALDH1A2,95
AQP9,421
LIPC,63
ADAM10,4052
MINDY2,2142
RNF111,2693
SLTM,9305
CCNB2,1841
MYO1E,3792
LDHAL6B,26
FAM81A,221
GCNT3,142
GTF2A2,4128
BNIP2,6735
FOXB1,26
ANXA2,61278
ICE2,2478
RORA,1408
VPS13C,7025
C2CD4A,947
C2CD4B,201
TLN2,1479
TPM1,40450
LACTB,2599
RAB8B,2746
APH1B,936
CA12,14845
USP3,4651
FBXL22,145
HERC1,1120
DAPK2,2108
CIAO2A,6324
SNX1,12847
SNX22,867
PPIB,13477
CSNK1G1,2737
PCLAF,2444
TRIP4,2823
ZNF609,4911
OAZ2,9665
RBPMS2,210
PIF1,566
PLEKHO2,2493
ANKDD1A,245
SPG21,10647
MTFMT,505
SLC51B,55
RASL12,520
KBTBD13,41
UBAP1L,483
PDCD7,2263
CLPX,3247
CILP,2346
PARP16,1261
IGDCC3,220
IGDCC4,268
DPP8,3676
HACD3,7186
INTS14,2345
DENND4A,3397
RAB11A,4537
MEGF11,32
DIS3L,3501
TIPIN,417
MAP2K1,3092
SNAPC5,2396
ZWILCH,1598
SMAD6,982
SMAD3,4761
AAGAB,6910
IQCH,891
C15ORF61,1703
MAP2K5,1586
SKOR1,103
PIAS1,1388
CALML4,1372
CLN6,3274
FEM1B,3896
ITGA11,3981
CORO2B,135
ANP32A,3105
SPESP1,342
NOX5,168
GLCE,2124
PAQR5,542
KIF23,3848
TLE3,2766
UACA,6136
LARP6,107
LRRC49,532
THAP10,379
THSD4,4758
CT62,117
NR2E3,307
MYO9A,2472
SENP8,548
GRAMD2A,533
PKM,19365
PARP6,3117
CELF6,344
HEXA,4975
TMEM202,59
ARIH1,9537
HIGD2B,31
BBS4,1555
ADPGK,3844
NEO1,1645
HCN4,53
REC114,54
NPTN,10196
CD276,10562
INSYN1,286
TBC1D21,7
LOXL1,6193
STOML1,805
PML,6328
ISLR2,76
ISLR,10010
STRA6,519
CCDC33,32
CYP11A1,73
SEMA7A,874
UBL7,4222
ARID3B,1074
CLK3,2225
EDC3,3424
CYP1A1,34
CYP1A2,29
CSK,5443
LMAN1L,51
CPLX3,85
ULK3,777
SCAMP2,6226
MPI,1865
FAM219B,2780
RPP25,682
SCAMP5,784
PPCDC,2152
C15ORF39,3919
COMMD4,5297
NEIL1,1999
SIN3A,4713
PTPN9,3162
SNUPN,2773
IMP3,2826
SNX33,2567
CSPG4,3955
ODF3L1,173
UBE2Q2,5236
FBXO22,4977
NRG4,43
TMEM266,131
ETFA,6910
ISL2,26
SCAPER,1219
RCN2,2750
PSTPIP1,909
TSPAN3,10313
PEAK1,5786
HMG20A,3250
LINGO1,1661
TBC1D2B,4673
SH2D7,40
CIB2,752
IDH3A,3111
ACSBG1,61
DNAJA4,13553
WDR61,4971
CRABP1,19194
IREB2,4199
HYKK,769
PSMA4,6506
CHRNA5,209
CHRNA3,82
CHRNB4,88
ADAMTS7,1141
MORF4L1,6416
CTSH,4849
RASGRF1,255
ANKRD34C,48
TMED3,8867
MINAR1,456
MTHFS,3242
AC015871.1,811
BCL2A1,1065
FAH,7228
CTXND1,32
ARNT2,2212
ABHD17C,4832
CEMIP,1377
MESD,4758
TLNRD1,3959
CFAP161,87
IL16,957
STARD5,611
TMC3,73
MEX3B,1649
EFL1,2559
SAXO2,729
CPEB1,135
AP3B2,395
FSD2,39
WHAMM,2459
HOMER2,1979
RAMAC,1360
C15ORF40,2211
BTBD1,7830
TM6SF1,674
HDGFL3,5398
BNC1,58
SH3GL3,156
ADAMTSL3,607
ZSCAN2,2398
WDR73,2672
NMB,684
SEC11A,12541
ZNF592,4408
ALPK3,987
SLC28A1,93
PDE8A,2807
AKAP13,6627
KLHL25,2348
AGBL1,32
NTRK3,1430
DET1,302
AEN,3729
ISG20,5066
ACAN,516
HAPLN3,9005
MFGE8,14006
ABHD2,4299
RLBP1,98
FANCI,3068
POLG,2905
RHCG,62
TICRR,1180
KIF7,1103
PLIN1,256
PEX11A,2658
WDR93,372
MESP1,511
MESP2,168
ANPEP,1866
AP3S2,3697
ARPIN,4302
ZNF710,1008
IDH2,18709
SEMA4B,4169
CIB1,6463
GDPGP1,556
TTLL13P,85
NGRN,5785
ZNF774,447
IQGAP1,8258
CRTC3,2651
BLM,731
FURIN,2873
FES,554
MAN2A2,3067
HDDC3,2495
UNC45A,3702
RCCD1,2543
PRC1,2500
VPS33B,724
SV2B,50
SLCO3A1,689
ST8SIA2,89
FAM174B,6593
CHD2,15014
RGMA,1763
MCTP2,503
NR2F2,5534
SPATA8,55
ARRDC4,1110
FAM169B,61
IGF1R,5497
PGPEP1L,128
SYNM,8779
TTC23,1747
LRRC28,1030
MEF2A,6299
LYSMD4,1056
ADAMTS17,532
CERS3,103
LINS1,2787
ASB7,2190
ALDH1A3,1469
LRRK1,1133
CHSY1,9105
SELENOS,6166
SNRPA1,3460
PCSK6,6247
TM2D3,4830
TARSL2,1541
OR4F6,59
OR4F15,55
OR4F4,38
POLR3K,3249
SNRNP25,5516
RHBDF1,2075
MPG,3366
NPRL3,1946
HBZ,28
HBM,34
HBA2,308
HBQ1,72
LUC7L,13436
FAM234A,4665
RGS11,2765
ARHGDIG,403
PDIA2,181
AXIN1,4240
TMEM8A,4698
NME4,16931
RAB11FIP3,4902
CAPN15,2221
PRR35,81
PIGQ,5406
NHLRC4,267
RAB40C,2007
WFIKKN1,463
METTL26,13568
MCRIP2,1389
WDR90,5837
RHOT2,10668
RHBDL1,678
STUB1,10712
JMJD8,4991
WDR24,1741
FBXL16,922
METRN,16149
ANTKMT,5184
CCDC78,1051
HAGHL,4336
CIAO3,4179
MSLN,4325
MSLNL,230
RPUSD1,3076
CHTF18,3122
GNG13,86
LMF1,1770
SOX8,605
SSTR5,61
C1QTNF8,78
CACNA1H,2308
TPSG1,3677
TPSD1,65
UBE2I,22303
BAIAP3,1210
TSR3,5242
GNPTG,8237
C16ORF91,1776
AL032819.3,149
CCDC154,517
CLCN7,5013
PTX4,59
TELO2,6460
IFT140,2952
TMEM204,1513
CRAMP1,3595
JPT2,15648
MAPK8IP3,5088
NME3,17385
EME2,3119
SPSB3,6243
NUBP2,4470
IGFALS,346
HAGH,6961
FAHD1,1695
MEIOB,83
HS3ST6,61
MSRB1,2343
NDUFB10,8124
RNF151,76
TBL3,3709
NOXO1,347
GFER,2426
SYNGR3,423
ZNF598,2941
NPW,240
SLC9A3R2,12671
NTHL1,2058
TSC2,4525
PKD1,3508
RAB26,1435
TRAF7,4103
CASKIN1,407
MLST8,4277
BRICD5,553
PGP,4851
E4F1,3127
DNASE1L2,449
ECI1,5805
RNPS1,10449
ABCA3,2499
CCNF,2310
TEDC2,1168
NTN3,84
TBC1D24,2731
ATP6V0C,5017
AMDHD2,4143
CEMP1,181
PDPK1,1818
KCTD5,5099
PRSS27,546
SRRM2,6354
PRSS33,75
PRSS41,65
PRSS21,133
ZG16B,5380
PRSS22,2236
FLYWCH2,5572
KREMEN2,461
PKMYT1,1760
PAQR4,2670
CLDN9,248
CLDN6,176
TNFRSF12A,11489
HCFC1R1,7899
THOC6,3377
BICDL2,4268
MMP25,278
IL32,14245
ZSCAN10,78
ZNF205,3046
ZNF213,1774
ZNF200,1712
MEFV,134
ZNF263,5890
TIGD7,1061
ZNF75A,4657
OR2C1,115
AC025283.2,10
ZSCAN32,2028
ZNF174,1480
ZNF597,545
NAA60,6412
C16ORF90,54
CLUAP1,2733
NLRC3,332
SLX4,1001
DNASE1,1830
TRAP1,10708
CREBBP,9525
ADCY9,1598
SRL,103
TFAP4,786
GLIS2,1938
PAM16,7075
CORO7,2804
VASN,2110
DNAJA3,5480
NMRAL1,7701
HMOX2,4314
CDIP1,784
C16ORF96,52
UBALD1,683
MGRN1,4694
NUDT16L1,4117
ANKS3,1951
C16ORF71,312
ZNF500,1507
SEPTIN12,54
SMIM22,5648
ROGDI,3356
GLYR1,3811
UBN1,5048
PPL,2230
SEC14L5,64
NAGPA,1525
ALG1,1684
C16ORF89,379
EEF2KMT,1018
RBFOX1,84
TMEM114,51
METTL22,1977
ABAT,2769
TMEM186,1868
PMM2,5389
CARHSP1,7864
LITAFD,55
USP7,5616
C16ORF72,9468
GRIN2A,217
ATF7IP2,589
EMP2,7835
TEKT5,75
NUBP1,2191
TVP23A,67
CIITA,4451
DEXI,2825
CLEC16A,3614
RMI2,1295
SOCS1,1068
TNP2,42
PRM3,46
PRM2,58
PRM1,45
AC099489.1,125
LITAF,13879
SNN,1412
TXNDC11,6541
ZC3H7A,2743
RSL1D1,3446
GSPT1,3286
NPIPB2,57
TNFRSF17,159
SNX29,1860
CPPED1,1988
SHISA9,1103
ERCC4,1084
MRTFB,5563
PARN,4703
BFAR,3790
PLA2G10,111
NOMO1,3385
NTAN1,3205
MPV17L,2374
BMERB1,2319
MARF1,3571
NDE1,7575
MYH11,655
FOPNL,7001
ABCC1,6813
XYLT1,740
ARL6IP1,5923
SMG1,4447
TMC7,337
COQ7,3112
ITPRIPL2,8725
SYT17,1372
CLEC19A,76
TMC5,2478
GDE1,5736
CCP110,2792
VPS35L,7876
KNOP1,4444
IQCK,2494
GPRC5B,2492
GPR139,57
GP2,1031
UMOD,61
PDILT,53
ACSM5,138
ACSM2A,30
ACSM2B,30
ACSM3,219
ACSM1,194
THUMPD1,4841
ERI2,2746
REXO5,597
DCUN1D3,1783
LYRM1,2783
DNAH3,30
TMEM159,3945
ZP2,5
ANKS4B,61
CRYM,139
METTL9,10621
IGSF6,538
OTOA,61
UQCRC2,3025
PDZD9,28
MOSMO,1061
VWA3A,194
EEF2K,4190
POLR3E,5852
CDR2,3725
HS3ST2,261
USP31,1697
SCNN1G,600
SCNN1B,1392
COG7,5292
GGA2,10723
EARS2,3205
UBFD1,2212
NDUFAB1,11471
PALB2,2118
DCTN5,1280
PLK1,3923
ERN2,31
CHP2,29
PRKCB,302
CACNG3,40
RBBP6,4025
TNRC6A,4560
SLC5A11,111
ARHGAP17,4668
LCMT1,4381
AQP8,54
ZKSCAN2,680
HS3ST4,37
KDM8,350
NSMCE1,6481
IL4R,1147
IL21R,353
GTF3C1,6916
KIAA0556,2404
GSG1L,59
XPO6,3610
SBK1,3507
CLN3,6119
APOBR,2482
IL27,134
NUPR1,38430
SGF29,1878
SULT1A2,252
SULT1A1,519
ATXN2L,2957
TUFM,14379
SH2B1,5970
ATP2A1,206
RABEP2,5105
CD19,82
NFATC2IP,5091
SPNS1,5596
LAT,1566
SPN,398
QPRT,2448
C16ORF54,189
ZG16,82
KIF22,5701
MAZ,2633
PRRT2,1818
PAGR1,5917
MVP,2320
CDIPT,5430
SEZ6L2,2184
ASPHD1,398
KCTD13,5324
TMEM219,16285
TAOK2,4832
HIRIP3,2569
INO80E,6945
DOC2A,695
C16ORF92,69
TLCD3B,297
PPP4C,13620
TBX6,408
YPEL3,6914
GDPD3,1429
MAPK3,6122
CORO1A,3066
CD2BP2,5471
TBC1D10B,5389
MYLPF,33
ZNF48,1329
SEPTIN1,1059
ZNF771,1151
DCTPP1,8282
SEPHS2,8282
ITGAL,1113
ZNF768,5415
ZNF747,836
ZNF764,834
ZNF688,767
ZNF785,1799
ZNF689,2239
PRR14,7811
FBRS,6320
SRCAP,6813
TMEM265,1162
PHKG2,4558
CCDC189,1306
RNF40,7079
ZNF629,1401
BCL7C,7626
CTF1,339
FBXL19,4195
ORAI3,1103
SETD1A,1500
HSD3B7,2153
STX1B,233
STX4,7435
ZNF668,1502
ZNF646,1231
PRSS53,899
VKORC1,7271
BCKDK,4959
KAT8,3201
PRSS8,7695
PRSS36,344
FUS,10716
PYCARD,3392
TRIM72,134
PYDC1,629
ITGAM,1004
ITGAX,3594
ITGAD,137
COX6A2,75
ZNF843,100
ARMC5,766
TGFB1I1,2457
SLC5A2,74
C16ORF58,6837
AHSP,69
ZNF720,222
ZNF267,2159
SHCBP1,1835
ORC6,1192
MYLK3,57
C16ORF87,1510
GPT2,2556
DNAJA2,9406
NETO2,2162
ITFG1,6204
PHKB,7267
ABCC12,352
ABCC11,1852
LONP2,11962
SIAH1,2989
N4BP1,4586
CBLN1,101
C16ORF78,20
ZNF423,659
CNEP1R1,2047
HEATR3,3147
TENT4B,4036
ADCY7,1120
BRD7,7311
NKD1,599
SNX20,589
NOD2,959
CYLD,4336
SALL1,124
TOX3,1576
AC007906.2,215
CHD9,5125
RBL2,8067
AKTIP,2620
RPGRIP1L,2519
FTO,2012
IRX3,16190
IRX5,9819
IRX6,160
MMP2,21371
LPCAT2,1793
CAPNS2,100
SLC6A2,111
CES1,381
CES5A,61
GNAO1,424
AMFR,8020
NUDT21,10448
OGFOD1,3989
BBS2,3096
MT4,21
MT3,107
MT2A,11275
MT1E,1581
MT1M,421
MT1A,353
MT1B,32
MT1F,1763
MT1G,827
MT1H,465
MT1X,2533
NUP93,3402
SLC12A3,64
HERPUD1,15375
CETP,49
NLRC5,6121
CPNE2,1114
FAM192A,2199
RSPRY1,5445
ARL2BP,7837
PLLP,163
CCL22,354
CX3CL1,1793
CCL17,142
CIAPIN1,1938
COQ9,5679
POLR2C,3200
DOK4,1433
CCDC102A,1187
ADGRG5,212
ADGRG1,10865
ADGRG3,78
DRC7,81
KATNB1,879
KIFC3,1594
TEPP,6
ZNF319,553
USB1,3534
MMP15,979
CFAP20,3295
CSNK2A2,4608
CCDC113,950
PRSS54,26
GINS3,973
NDRG4,443
SETD6,1679
CNOT1,3067
SLC38A7,3403
GOT2,7127
CDH8,141
CDH11,10918
CDH5,1128
BEAN1,160
TK2,2235
CKLF,6014
CMTM1,112
CMTM2,64
CMTM3,8130
CMTM4,3582
DYNC1LI2,14809
TERB1,98
NAE1,5477
CA7,52
PDP2,1194
CDH16,48
RRAD,354
CIAO2B,3417
CES2,2141
CES3,207
CES4A,835
CBFB,7124
C16ORF70,2706
B3GNT9,1059
TRADD,3176
FBXL8,2870
HSF4,4189
NOL3,2467
KIAA0895L,2869
EXOC3L1,305
E2F4,4942
ELMO3,2618
LRRC29,335
TMEM208,4803
FHOD1,2943
SLC9A5,268
PLEKHG4,1937
KCTD19,27
LRRC36,116
TPPP3,2546
ZDHHC1,941
HSD11B2,1125
ATP6V0D1,5818
AGRP,77
RIPOR1,3424
CTCF,3056
CARMIL2,510
ACD,2074
PARD6A,664
ENKD1,2219
C16ORF86,348
GFOD2,2767
RANBP10,2248
TSNAXIP1,238
CENPT,4366
THAP11,2431
NUTF2,10383
EDC4,3953
NRN1L,219
PSKH1,4100
CTRL,260
PSMB10,5554
LCAT,1015
SLC12A4,4041
DPEP3,55
DPEP2,205
DUS2,610
DPEP2NB,50
DDX28,930
NFATC3,3599
ESRP2,4132
PLA2G15,2264
SLC7A6,2554
SLC7A6OS,1686
PRMT7,2540
SMPD3,338
ZFP90,2009
CDH3,3871
CDH1,13604
TANGO6,863
HAS3,281
DERPC,462
CHTF8,1006
UTP4,2192
SNTB2,3374
VPS4A,4820
COG8,1705
PDF,53
NIP7,2724
TMED6,243
TERF2,2911
CYB5B,7942
NFAT5,5185
NQO1,9342
NOB1,2596
WWP2,3179
CLEC18A,89
PDPR,4287
CLEC18C,57
EXOSC6,3140
AARS,2517
DDX19B,1162
DDX19A,2180
ST3GAL2,1516
FCSK,1511
COG4,5288
SF3B3,9066
IL34,526
MTSS2,10981
VAC14,2761
HYDIN,384
CMTR2,3200
CALB2,4554
TLE7,28
ZNF23,807
ZNF19,840
CHST4,159
TAT,704
MARVELD3,2230
PHLPP2,1714
AP1G1,6644
ATXN1L,3337
ZNF821,1239
PKD1L3,38
DHODH,890
TXNL4B,1370
HP,100
HPR,42
DHX38,2697
PMFBP1,166
ZFHX3,2880
PSMD7,6626
NPIPB15,703
GLG1,2816
RFWD3,2318
MLKL,1460
FA2H,336
WDR59,1814
ZNRF1,4203
LDHD,536
ZFP1,1436
CTRB2,43
CTRB1,51
BCAR1,9031
CFDP1,11436
TMEM170A,1824
CHST6,221
CHST5,86
TMEM231,451
GABARAPL2,3419
ADAT1,4090
KARS,4139
TERF2IP,4159
AC025287.4,61
DUXB,42
CPHXL,22
CNTNAP4,33
MON1B,3028
SYCE1L,41
ADAMTS18,167
NUDT7,643
VAT1L,94
CLEC3A,10138
WWOX,6427
MAF,6254
DYNLRB2,464
CDYL2,2750
CMC2,2301
CENPN,3065
ATMIN,2773
C16ORF46,824
BCO1,124
GAN,1264
CMIP,4189
PLCG2,1017
SDR42E1,963
HSD17B2,239
MPHOSPH6,1913
CDH13,1159
HSBP1,6026
MLYCD,1359
OSGIN1,559
NECAB2,46
SLC38A8,24
MBTPS1,10313
HSDL1,2710
DNAAF1,725
TAF1C,3139
ADAD2,61
KCNG4,44
WFDC1,147
ATP2C2,2948
MEAK7,2505
COTL1,3545
KLHL36,3172
USP10,5236
CRISPLD2,3607
ZDHHC7,3872
KIAA0513,1786
FAM92B,100
GSE1,9894
GINS2,2522
C16ORF74,2235
EMC8,3079
COX4I1,4694
IRF8,2239
FOXF1,79
MTHFSD,1880
FOXC2,224
FOXL1,170
C16ORF95,689
FBXO31,1556
MAP1LC3B,4252
ZCCHC14,2995
JPH3,126
KLHDC4,5131
SLC7A5,6188
CA5A,41
BANP,1084
ZNF469,1866
ZC3H18,3914
IL17C,54
CYBA,8651
MVD,2967
SNAI3,143
RNF166,1111
CTU2,1464
PIEZO1,5062
CDT1,3376
APRT,10892
GALNS,4671
TRAPPC2L,3512
PABPN1L,81
CBFA2T3,814
ACSF3,2667
CDH15,28
SLC22A31,116
ZNF778,1028
ANKRD11,10063
SPG7,7943
CPNE7,2746
DPEP1,68
CHMP1A,7615
SPATA33,2626
SPATA2L,1365
VPS9D1,1856
ZNF276,2450
FANCA,2484
SPIRE2,2021
TCF25,13274
MC1R,968
DEF8,335
CENPBD1,1395
DBNDD1,2751
GAS8,4448
PRDM7,35
SCGB1C2,43
DOC2B,253
RPH3AL,616
C17ORF97,834
RFLNB,1846
VPS53,3150
TLCD3A,690
GEMIN4,1601
GLOD4,1133
MRM3,534
NXN,2201
TIMM22,2460
ABR,3956
BHLHA9,24
TRARG1,41
YWHAE,18011
CRK,6095
MYO1C,6660
INPP5K,1795
PITPNA,7513
SLC43A2,2016
SCARF1,942
RILP,717
PRPF8,2827
TLCD2,690
WDR81,2350
SERPINF2,257
SERPINF1,7127
SMYD4,1688
RPA1,4434
RTN4RL1,1276
DPH1,1324
HIC1,868
SMG6,1878
SRR,1099
TSR1,3358
SGSM2,3836
METTL16,2411
PAFAH1B1,10876
CLUH,5276
RAP1GAP2,1423
OR1D5,32
OR1D2,33
OR1G1,27
OR1A2,22
OR1A1,20
OR3A2,82
OR3A1,90
AC087498.1,57
OR1E1,47
OR3A3,60
SPATA22,87
ASPA,79
TRPV3,153
TRPV1,1495
SHPK,2657
CTNS,1126
TAX1BP3,14173
EMC6,1455
P2RX5,236
HASPIN,529
NCBP3,4550
CAMKK1,1059
P2RX1,144
ATP2A3,3254
ZZEF1,2540
CYB5D2,1257
ANKFY1,5591
UBE2G1,4381
SPNS3,71
SPNS2,705
MYBBP1A,4514
GGT6,1062
SMTNL2,65
ALOX15,85
PELP1,5026
ARRB2,3883
MED11,852
CXCL16,4431
ZMYND15,287
TM4SF5,43
VMO1,280
GLTPD2,30
PSMB6,3421
AC233723.1,251
PLD2,1680
MINK1,8197
CHRNE,46
C17ORF107,368
SLC25A11,5094
RNF167,6746
PFN1,53487
ENO3,436
SPAG7,4468
CAMTA2,3195
INCA1,161
KIF1C,4821
SLC52A1,56
ZFP3,1746
ZNF232,626
USP6,42
ZNF594,672
SCIMP,318
RABEP1,8822
NUP88,2743
RPAIN,4990
C1QBP,3714
DHX33,2226
DERL2,3869
MIS12,2150
NLRP1,1176
WSCD1,74
AIPL1,16
PIMREG,606
PITPNM3,548
KIAA0753,2188
TXNDC17,8318
MED31,402
C17ORF100,190
SLC13A5,55
XAF1,6184
FBXO39,130
TEKT1,57
ALOX12,55
RNASEK,4619
C17ORF49,4535
BCL6B,323
SLC16A13,305
SLC16A11,137
CLEC10A,230
ASGR2,86
ASGR1,184
DLG4,1715
ACADVL,16297
DVL2,2231
PHF23,2944
GABARAP,11228
CTDNEP1,2337
ELP5,2865
CLDN7,13215
SLC2A4,59
YBX2,98
GPS2,3138
NEURL4,1772
ACAP1,839
KCTD11,1223
TMEM95,126
TNK1,1460
PLSCR3,2994
TMEM256,3157
NLGN2,3344
SPEM1,67
SPEM2,57
SPEM3,21
TMEM102,1138
FGF11,1561
CHRNB1,1056
ZBTB4,4374
POLR2A,8382
TNFSF12,2096
TNFSF13,4494
SENP3,3556
EIF4A1,30305
CD68,8602
MPDU1,3307
SOX15,449
FXR2,4004
SHBG,79
SAT2,4398
ATP1B2,81
TP53,7041
WRAP53,1083
EFNB3,167
KDM6B,3527
TMEM88,196
NAA38,8831
CYB5D1,260
CHD3,9911
RNF227,694
KCNAB3,311
TRAPPC1,2792
CNTROB,3295
ALOX15B,554
ALOX12B,30
ALOXE3,110
HES7,61
PER1,1845
VAMP2,3872
TMEM107,1836
BORCS6,899
AURKB,1325
CTC1,597
PFAS,2177
SLC25A35,1027
RANGRF,2235
ARHGEF15,420
ODF4,56
KRBA2,1325
NDEL1,3321
MYH10,4576
CCDC42,29
SPDYE4,33
MFSD6L,181
PIK3R6,201
PIK3R5,900
NTN1,624
STX8,1735
CFAP52,64
USP43,556
DHRS7C,36
GSG1L2,35
GLP2R,32
RCVRN,27
GAS7,1825
MYH13,7
MYH8,16
MYH4,22
MYH1,40
MYH2,30
MYH3,133
SCO1,1149
ADPRM,445
TMEM220,298
TMEM238L,124
PIRT,54
SHISA6,118
DNAH9,80
ZNF18,649
MAP2K4,2884
MYOCD,15
ARHGAP44,932
ELAC2,3804
COX10,1569
CDRT15,34
HS3ST3B1,445
PMP22,6553
TEKT3,68
CDRT4,1095
TVP23C,44
CDRT1,103
TRIM16,1825
ZNF286A,287
ADORA2B,406
ZSWIM7,1660
TTC19,3945
NCOR1,7512
PIGL,1799
CENPV,1131
UBB,12847
TRPV2,509
LRRC75A,44
ZNF287,735
ZNF624,461
TNFRSF13B,128
MPRIP,7633
PLD6,702
FLCN,3499
COPS3,3888
NT5M,493
MED9,1556
RASD1,2520
PEMT,1769
RAI1,3016
SREBF1,10907
TOM1L2,3348
DRC3,495
ATPAF2,450
GID4,1868
DRG2,1891
MYO15A,66
ALKBH5,7364
LLGL1,3041
FLII,8446
MIEF2,964
TOP3A,1795
SMCR8,2268
SHMT1,1866
LGALS9C,12
TBC1D28,18
TRIM16L,119
FBXW10,77
PRPSAP2,1510
SLC5A10,38
FAM83G,583
EPN2,3290
B9D1,2074
MAPK7,2729
MFAP4,1147
RNF112,145
SLC47A1,193
ALDH3A2,3928
SLC47A2,67
ALDH3A1,39
ULK2,2339
AKAP10,2554
SPECC1,3617
CDRT15L2,42
USP22,9689
DHRS7B,1022
TMEM11,3821
NATD1,413
MAP2K3,4586
LINC02693,331
KCNJ18,49
WSB1,12170
KSR1,1407
LGALS9,4562
NOS2,51
LYRM9,836
NLK,4772
TMEM97,3708
IFT20,3864
TNFAIP1,3669
POLDIP2,9657
TMEM199,2127
SEBOX,51
SARM1,1216
VTN,46
SLC46A1,791
SLC13A2,134
FOXN1,47
UNC119,2063
PIGS,3107
ALDOC,1173
SPAG5,2163
KIAA0100,10509
SDF2,3580
SUPT6H,6876
PROCA1,371
RAB34,4897
TLCD1,621
NEK8,722
TRAF4,10997
FAM222B,1424
ERAL1,3374
FLOT2,5653
DHRS13,867
PHF12,4790
PIPOX,109
SEZ6,38
MYO18A,4040
TIAF1,554
CRYBA1,26
NUFIP2,12057
TAOK1,11918
ABHD15,1220
TP53I13,2000
GIT1,5102
ANKRD13B,2616
CORO6,612
SSH2,1072
SLC6A4,210
BLMH,2523
TMIGD1,60
CPD,1743
GOSR1,3742
CRLF3,2061
ATAD5,1233
TEFM,1515
ADAP2,2189
RNF135,1733
NF1,3980
OMG,70
EVI2B,1244
EVI2A,1020
RAB11FIP4,2856
COPRS,4473
UTP6,2723
SUZ12,4857
LRRC37B,753
RHOT1,4287
RHBDL3,96
C17ORF75,2167
ZNF207,1193
PSMD11,3191
CDK5R1,529
MYO1D,3655
TMEM98,1519
SPACA3,41
ASIC2,45
CCL2,2014
CCL7,460
CCL11,242
CCL8,2659
CCL13,85
CCL1,64
TMEM132E,702
CCT6B,606
ZNF830,2709
LIG3,3463
RFFL,3373
RAD51D,1889
FNDC8,64
NLE1,1456
UNC45B,401
SLC35G3,10
SLFN5,3681
SLFN11,1703
SLFN12,484
SLFN13,108
SLFN12L,159
SLFN14,78
PEX12,516
AP2B1,2688
TAF15,2190
RASL10B,239
GAS2L2,96
MMP28,260
C17ORF50,53
HEATR9,90
CCL5,2718
RDM1,195
LYZL6,21
CCL16,32
CCL14,217
CCL15,87
CCL23,55
CCL18,178
CCL3,551
CCL4,547
TBC1D3B,143
CCL3L1,96
CCL4L2,403
MYO19,4383
PIGW,1313
GGNBP2,5814
DHRS11,1396
MRM1,1087
LHX1,118
AATF,6204
ACACA,4742
C17ORF78,62
TADA2A,1843
DUSP14,3255
SYNRG,4115
DDX52,2151
HNF1B,27
TBC1D3E,99
GPR179,38
SOCS7,1886
ARHGAP23,1222
SRCIN1,2002
EPOP,589
MLLT6,14179
CISD3,3978
PCGF2,6742
PSMB3,1725
PIP4K2B,6673
CWC25,3006
C17ORF98,18
LASP1,20659
LINC00672,388
FBXO47,111
PLXDC1,2199
ARL5C,43
CACNB1,2678
STAC2,6427
FBXL20,2221
MED1,7280
CDK12,7131
NEUROD2,121
PPP1R1B,2992
STARD3,8557
TCAP,390
PNMT,685
PGAP3,6887
ERBB2,17335
MIEN1,7253
GRB7,4045
IKZF3,860
ZPBP2,104
GSDMB,3353
ORMDL3,5961
LRRC3C,70
GSDMA,153
PSMD3,15972
CSF3,37
MED24,5569
THRA,1966
NR1D1,1815
MSL1,10096
CASC3,11201
RAPGEFL1,3560
WIPF2,4717
CDC6,2534
RARA,16116
GJD3,160
TOP2A,7656
IGFBP4,12489
TNS4,1960
CCR7,232
SMARCE1,6369
KRT222,138
KRT24,50
KRT25,59
KRT26,55
KRT27,34
KRT28,50
KRT10,2043
TMEM99,1883
KRT12,57
KRT20,47
KRT23,4036
KRT39,49
KRT40,66
KRTAP3-3,44
KRTAP3-2,57
KRTAP3-1,52
KRTAP1-5,68
KRTAP1-4,15
KRTAP1-3,34
KRTAP1-1,70
KRTAP2-3,67
KRTAP2-4,43
KRTAP4-16,40
KRTAP4-11,37
KRTAP4-12,39
KRTAP4-6,36
KRTAP4-5,90
KRTAP4-4,43
KRTAP4-3,38
KRTAP4-2,38
KRTAP4-1,26
KRTAP9-3,49
KRTAP9-8,8
KRTAP9-9,47
KRTAP9-6,14
KRTAP9-7,35
KRTAP29-1,50
KRTAP16-1,63
KRTAP17-1,55
KRT33A,60
KRT33B,50
KRT34,45
KRT31,84
KRT37,171
KRT38,38
KRT32,67
KRT35,43
KRT36,47
KRT13,90
KRT15,14890
KRT19,40307
KRT9,43
KRT14,7771
KRT16,4550
KRT17,3408
EIF1,14157
GAST,38
HAP1,38
JUP,15846
P3H4,1970
FKBP10,7470
NT5C3B,4286
KLHL10,63
KLHL11,1015
ACLY,4648
TTC25,180
CNP,5992
DNAJC7,6955
NKIRAS2,3913
ZNF385C,218
C17ORF113,449
DHX58,2602
KAT2A,2177
HSPB9,76
RAB5C,17856
KCNH4,50
GHDC,1361
STAT5B,4436
STAT5A,1193
STAT3,12245
CAVIN1,7525
ATP6V0A1,1772
NAGLU,2217
HSD17B1,725
COASY,2982
MLX,4583
PSMC3IP,1482
RETREG3,3697
TUBG1,3148
TUBG2,2134
PLEKHH3,5432
CCR10,181
CNTNAP1,469
EZH1,2220
RAMP2,1828
VPS25,5150
WNK4,1755
COA3,6870
CNTD1,119
BECN1,5313
PSME3,1038
AOC2,377
AOC3,146
G6PC,57
AARSD1,2746
PTGES3L,535
RUNDC1,2058
IFI35,6504
VAT1,10524
RND2,319
BRCA1,1181
NBR1,5890
TMEM106A,2062
CCDC200,21
ARL4D,668
DHX8,3365
ETV4,808
MEOX1,128
SOST,44
DUSP3,4703
CFAP97D1,66
MPP3,1181
CD300LG,45
MPP2,376
PPY,33
PYY,73
NAGS,369
TMEM101,4418
LSM12,2194
G6PC3,2828
HDAC5,2922
C17ORF53,355
ASB16,390
TMUB2,5406
ATXN7L3,2125
UBTF,4696
SLC4A1,41
RUNDC3A,70
SLC25A39,13100
GRN,15363
FAM171A2,650
ITGA2B,240
GPATCH8,3456
FZD2,891
MEIOC,68
CCDC43,2631
DBF4B,1382
ADAM11,61
GJC1,1431
HIGD1B,386
EFTUD2,4855
GFAP,28
KIF18B,1012
C1QL1,110
DCAKD,4720
NMT1,5158
PLCD3,719
ACBD4,1374
HEXIM1,5105
HEXIM2,822
FMNL1,2341
SPATA32,60
MAP3K14,1038
ARHGAP27,2162
PLEKHM1,462
CRHR1,159
SPPL2C,48
MAPT,3969
STH,81
KANSL1,6692
LRRC37A2,100
NSF,5118
WNT3,712
WNT9B,37
GOSR2,7091
RPRML,43
CDC27,2517
MYL4,53
ITGB3,1010
EFCAB13,776
NPEPPS,7370
KPNB1,5036
TBKBP1,1191
TBX21,121
OSBPL7,916
LRRC46,597
SCRN2,2519
SP6,315
SP2,1657
PNPO,5138
PRR15L,3364
CDK5RAP3,10862
COPZ2,2358
NFE2L1,7982
SNX11,1273
SKAP1,1207
HOXB1,48
HOXB2,1737
HOXB3,1789
HOXB4,1009
HOXB5,256
HOXB6,484
HOXB7,608
HOXB8,79
HOXB9,150
PRAC1,33
PRAC2,25
HOXB13,157
TTLL6,74
CALCOCO2,10735
ATP5MC1,3195
UBE2Z,8815
SNF8,7020
GIP,29
IGF2BP1,81
B4GALNT2,129
GNGT2,347
ABI3,922
PHOSPHO1,66
ZNF652,5603
PHB,4252
NGFR,384
NXPH3,362
SPOP,3922
SLC35B1,4588
FAM117A,766
KAT7,5081
TAC4,68
DLX4,233
DLX3,328
ITGA3,2346
PDK2,2416
SAMD14,276
PPP1R9B,7146
SGCA,58
COL1A1,254311
TMEM92,160
XYLT2,1689
EME1,683
LRRC59,4599
ACSF2,3295
CHAD,349
RSAD1,3172
MYCBPAP,316
EPN3,1811
SPATA20,4190
CACNA1G,115
ABCC3,1484
ANKRD40,2753
LUC7L3,12692
ANKRD40CL,100
WFIKKN2,68
TOB1,20118
SPAG9,6029
NME1,7389
NME2,21033
MBTD1,3453
UTP18,4241
CA10,18
KIF2B,45
TOM1L1,8727
COX11,3734
STXBP4,1590
HLF,341
MMD,1661
SMIM36,51
TMEM100,199
PCTP,2768
ANKFN1,243
NOG,190
C17ORF67,150
DGKE,1015
TRIM25,7585
COIL,2228
SCPEP1,5163
AKAP1,7049
MSI2,9521
CCDC182,49
CUEDC1,5549
VEZF1,8922
SRSF1,3794
DYNLL2,14976
OR4D1,43
OR4D2,51
EPX,71
MKS1,934
LPO,61
MPO,65
TSPOAP1,3654
SUPT4H1,2547
RNF43,2272
HSF5,79
MTMR4,3887
SEPTIN4,1312
TEX14,263
AC011195.2,60
RAD51C,2360
PPM1E,134
TRIM37,2472
SKA2,52
PRR11,1223
SMG8,862
GDPD1,374
YPEL2,1405
DHX40,4703
CLTC,1833
PTRH2,3982
VMP1,25098
TUBD1,2453
RNFT1,1953
HEATR6,1448
CA4,25
USP32,10139
C17ORF64,59
APPBP2,3373
PPM1D,1834
BCAS3,2588
TBX2,639
TBX4,75
BRIP1,1153
INTS2,1917
MED13,3903
EFCAB3,31
METTL2A,3246
TLK2,2858
MRC2,7809
MARCH10,120
TANC2,5701
CYB561,6279
ACE,1159
KCNH6,30
DCAF7,9733
TACO1,2672
MAP3K3,2781
STRADA,2010
LIMD2,2256
CCDC47,13467
DDX42,7333
FTSJ3,2558
PSMC5,9253
SMARCD2,4743
CSH2,48
GH2,50
CSHL1,109
GH1,19
CD79B,255
SCN4A,80
PRR29,306
ICAM2,535
ERN1,2874
TEX2,6023
PECAM1,4326
MILR1,775
POLG2,2151
DDX5,28800
CEP95,2536
SMURF2,4480
LRRC37A3,653
GNA13,5518
AXIN2,541
CEP112,364
APOH,64
PRKCA,826
CACNG5,57
CACNG4,3951
CACNG1,189
HELZ,4653
PSMD12,6595
PITPNC1,2178
NOL11,1006
BPTF,6819
C17ORF58,1988
KPNA2,3920
AMZ2,2826
ARSG,1725
SLC16A6,1011
WIPI1,3961
PRKAR1A,17584
FAM20A,1718
ABCA8,249
ABCA9,207
ABCA6,477
ABCA10,233
ABCA5,2075
MAP2K6,752
KCNJ16,154
KCNJ2,377
SOX9,4097
SLC39A11,3999
SSTR2,501
COG1,3538
FAM104A,347
C17ORF80,1369
CPSF4L,176
CDC42EP4,3041
SDK2,457
TTYH2,398
DNAI2,45
KIF19,77
BTBD17,12
GPR142,47
GPRC5C,2533
CD300A,1520
CD300LB,94
CD300C,104
CD300LD,21
CD300E,159
RAB37,156
CD300LF,324
SLC9A3R1,28217
NAT9,3699
TMEM104,1089
GRIN2C,98
FDXR,1729
FADS6,105
USH1G,59
OTOP2,35
OTOP3,25
HID1,5987
CDR2L,3454
KCTD2,2366
ATP5PD,10985
SLC16A5,1160
ARMC7,898
NT5C,1760
JPT1,3585
SUMO2,6837
NUP85,4713
GGA3,3301
MIF4GD,1937
SLC25A19,981
GRB2,11767
TMEM94,2636
CASKIN2,1781
TSEN54,1495
LLGL2,6142
MYO15B,3183
RECQL5,3202
SMIM5,236
SMIM6,130
SAP30BP,3901
ITGB4,4916
GALK1,1520
H3F3B,3712
UNK,4308
UNC13D,2304
WBP2,2504
TRIM47,4062
TRIM65,1426
FBF1,3226
ACOX1,5335
TEN1,2119
CDK3,1084
EVPL,2849
SRP68,4974
ZACN,60
GALR2,88
EXOC7,7530
FOXJ1,471
RNF157,246
UBALD2,3320
QRICH2,564
PRPSAP1,5330
SPHK1,4699
UBE2O,4022
AANAT,56
RHBDF2,2084
CYGB,928
PRCD,130
ST6GALNAC2,419
ST6GALNAC1,92
MXRA7,10473
JMJD6,3384
METTL23,4080
SRSF2,15888
MFSD11,1926
MGAT5B,243
SEC14L1,3721
SEPTIN9,13899
TNRC6C,1987
TMC6,2747
TMC8,988
C17ORF99,60
SYNGR2,24826
TK1,5245
BIRC5,1876
TMEM235,60
SOCS3,6598
PGS1,3691
DNAH17,92
CYTH1,7218
USP36,5007
TIMP2,11897
CEP295NL,562
LGALS3BP,32973
CANT1,7647
C1QTNF1,1838
ENGASE,2227
RBFOX3,40
ENPP7,42
CBX2,3803
CBX8,2443
CBX4,9362
TBC1D16,6359
CCDC40,2057
GAA,8504
EIF4A3,14525
CARD14,2115
SGSH,5893
SLC26A11,2255
RNF213,20803
ENDOV,3253
NPTX1,132
RPTOR,4941
CHMP6,3409
BAIAP2,3738
AATK,500
PVALEF,42
CEP131,1986
TEPSIN,1949
NDUFAF8,14758
SLC38A10,11447
BAHCC1,2372
ACTG1,34903
FAAP100,2961
NPLOC4,15476
TSPAN10,551
PDE6G,95
OXLD1,4517
CCDC137,3734
ARL16,5208
HGS,10596
SLC25A10,2622
GCGR,50
MCRIP1,7945
PPP1R27,131
P4HB,10154
ARHGDIA,8651
ALYREF,3065
ANAPC11,12657
NPB,126
PCYT2,4046
SIRT7,4207
MAFG,2401
PYCR1,9142
MYADML2,86
NOTUM,49
ASPSCR1,3491
CENPX,6705
LRRC45,1714
RAC3,2917
DCXR,5894
RFNG,4253
GPS1,9242
DUS1L,11131
FASN,64659
CCDC57,1846
SLC16A3,5026
CSNK1D,17590
CD7,346
SECTM1,1340
TEX19,91
OGFOD3,2568
HEXD,4656
CYBC1,9631
NARF,5171
FOXK2,2211
WDR45B,8626
RAB40B,1850
FN3KRP,4569
FN3K,2697
TBCD,7062
ZNF750,463
B3GNTL1,1265
METRNL,5960
USP14,7908
THOC1,1813
COLEC12,2887
CETN1,52
CLUL1,785
TYMS,5323
ENOSF1,4998
YES1,7491
ADCYAP1,102
METTL4,1740
NDC80,2109
SMCHD1,4771
EMILIN2,956
LPIN2,3123
MYOM1,241
MYL12A,1994
MYL12B,25
TGIF1,9120
DLGAP1,978
AKAIN1,28
ZBTB14,2050
EPB41L3,1569
TMEM200C,1559
L3MBTL4,1806
ARHGAP28,499
LAMA1,421
LRRC30,41
PTPRM,2131
RAB12,5613
MTCL1,906
NDUFV2,11790
ANKRD12,3264
TWSG1,3750
RALBP1,6075
PPP4R1,6665
RAB31,3735
TXNDC2,51
VAPA,7196
APCDD1,2009
NAPG,2836
PIEZO2,575
GNAL,171
CHMP1B,7086
MPPE1,2743
IMPA2,6446
ANKRD62,88
CIDEA,40
TUBB6,3008
AFG3L2,6083
PRELID3A,2545
SPIRE1,4854
PSMG2,5326
CEP76,608
PTPN2,2359
SEH1L,6092
CEP192,3069
LDLRAD4,5396
FAM210A,2306
RNMT,2818
MC5R,59
MC2R,39
ZNF519,2124
ANKRD30B,183
ROCK1,6410
GREB1L,1123
ESCO1,2292
SNRPD1,1752
ABHD3,3174
MIB1,3992
GATA6,554
CTAGE1,50
RBBP8,1689
CABLES1,1675
TMEM241,974
RIOK3,4971
RMC1,1435
NPC1,3505
ANKRD29,153
LAMA3,522
TTC39C,3226
CABYR,619
OSBPL1A,1826
IMPACT,5285
HRH4,96
ZNF521,3567
SS18,7455
PSMA8,49
TAF4B,576
KCTD1,2593
AQP4,111
CHST9,218
CDH2,1867
DSC3,612
DSC2,8902
DSC1,48
DSG1,88
DSG4,68
DSG3,341
DSG2,5558
TTR,66
B4GALT6,426
SLC25A52,41
TRAPPC8,3635
RNF125,551
RNF138,3461
GAREM1,511
MEP1B,90
KLHL14,56
CCDC178,53
ASXL3,63
NOL4,436
DTNA,4048
MAPRE2,3326
ZNF397,3268
ZSCAN30,3511
ZNF24,8101
ZNF396,308
INO80C,1880
GALNT1,9744
C18ORF21,1377
RPRD1A,8089
SLC39A6,27180
ELP2,8894
MOCOS,1336
FHOD3,788
TPGS2,7426
KIAA1328,1663
CELF4,23
PIK3C3,2378
RIT2,29
SYT4,59
SETBP1,2914
SLC14A2,52
SLC14A1,126
SIGLEC15,273
EPG5,2124
PSTPIP2,1552
ATP5F1A,5412
HAUS1,1210
C18ORF25,2236
RNF165,868
LOXHD1,88
ST8SIA5,64
PIAS2,3980
KATNAL2,880
ELOA3,87
ELOA2,59
HDHD2,4244
IER3IP1,2840
SKOR2,30
SMAD2,10474
ZBTB7C,1374
CTIF,4828
SMAD7,3547
DYM,6277
C18ORF32,3649
LIPG,915
ACAA2,3015
MYO5B,2871
CFAP53,232
MBD1,1920
CXXC1,4244
SKA1,339
MAPK4,358
MRO,156
ME2,2636
ELAC1,809
SMAD4,4982
MEX3C,3341
DCC,44
MBD2,15402
POLI,3581
STARD6,27
C18ORF54,836
DYNAP,66
RAB27B,3129
CCDC68,330
TCF4,2651
TXNL1,10559
WDR7,442
BOD1L2,27
ST8SIA3,36
ONECUT2,82
FECH,2272
NARS,8300
ATP8B1,4692
NEDD4L,5473
ALPK2,245
MALT1,1675
ZNF532,6801
SEC11C,7529
GRP,530
RAX,35
CPLX4,26
LMAN1,9963
CCBE1,90
PMAIP1,3110
MC4R,57
CDH20,53
RNF152,2341
PIGN,2782
RELCH,4174
TNFRSF11A,1118
ZCCHC2,3413
PHLPP1,1098
BCL2,5806
KDSR,5233
VPS4B,5140
SERPINB5,819
SERPINB12,56
SERPINB13,41
SERPINB4,40
SERPINB11,39
SERPINB3,31
SERPINB7,151
SERPINB2,67
SERPINB10,67
HMSD,28
SERPINB8,1060
CDH7,55
CDH19,763
DSEL,384
TMX3,794
CCDC102B,1180
DOK6,258
CD226,248
RTTN,702
SOCS6,5914
CBLN2,60
NETO1,370
FBXO15,378
TIMM21,1842
CYB5A,17888
C18ORF63,65
DIPK1C,121
CNDP2,15782
CNDP1,121
ZNF407,2564
ZADH2,2057
TSHZ1,1472
SMIM21,58
ZNF516,2401
ZNF236,2504
MBP,1168
GALR1,64
SALL3,40
ATP9B,3408
NFATC1,2819
CTDP1,2518
KCNG2,77
SLC66A2,2409
HSBP1L1,1885
TXNL4A,13551
AC090360.1,162
RBFA,2931
ADNP2,2492
PARD6G,1150
PLPP2,5382
MIER2,1673
THEG,131
C2CD4C,159
SHC2,1078
ODF3L2,26
MADCAM1,161
TPGS1,2606
CDC34,4084
GZMM,152
BSG,9053
HCN2,103
POLRMT,1013
FGF22,83
RNF126,3356
FSTL3,1780
PRSS57,39
PALM,998
MISP,3587
PTBP1,4881
PLPPR3,1003
AZU1,166
PRTN3,55
ELANE,46
CFD,1337
MED16,2708
R3HDM4,4737
KISS1R,205
ARID3A,1376
WDR18,2375
GRIN3B,65
TMEM259,8190
CNN2,20611
ABCA7,1103
ARHGAP45,1253
POLR2E,5442
GPX4,38319
SBNO2,9552
STK11,3977
CBARP,126
ATP5F1D,5136
MIDN,12317
CIRBP,31611
FAM174C,4333
EFNA2,86
PWWP3A,4273
NDUFS7,4163
GAMT,2405
DAZAP1,5760
APC2,44
C19ORF25,2752
PCSK4,440
REEP6,2413
ADAMTSL5,196
PLK5,72
MEX3D,4737
MBD3,3534
UQCR11,7668
TCF3,4902
ONECUT3,15
ATP8B3,432
REXO1,3041
KLF16,2401
SCAMP4,6238
ADAT3,45
CSNK1G2,5551
BTBD2,6653
MKNK2,7204
MOB3A,3654
IZUMO4,289
AP3D1,7542
DOT1L,4295
PLEKHJ1,3964
SF3A2,6068
AMH,1685
JSRP1,162
OAZ1,61654
PEAK3,37
LINGO3,55
LSM7,5786
SPPL2B,4401
TMPRSS9,102
TIMM13,10917
LMNB2,5975
GADD45B,2819
GNG7,691
DIRAS1,385
SLC39A3,2678
SGTA,3391
THOP1,3265
ZNF554,913
ZNF555,619
ZNF556,116
ZNF57,450
ZNF77,585
TLE6,631
TLE2,2066
TLE5,10501
GNA11,3785
GNA15,763
S1PR4,120
NCLN,4170
CELF5,16
NFIC,7708
SMIM24,79
AC005551.1,35
DOHH,2288
FZR1,5416
MFSD12,1528
C19ORF71,120
HMG20B,12213
GIPC3,106
TBXA2R,352
CACTIN,2183
PIP5K1C,2806
TJP3,3780
RAX2,33
MATK,348
ZFR2,33
ATCAY,9
NMRK2,40
DAPK3,6649
EEF2,49064
PIAS4,2544
ZBTB7A,7196
MAP2K2,9326
CREB3L3,17
SIRT6,1975
ANKRD24,182
EBI3,114
YJU2,2301
SHD,43
TMIGD2,24
FSD1,117
STAP2,2534
MPND,1799
SH3GL1,6480
CHAF1A,2234
UBXN6,8422
HDGFL2,4192
PLIN4,724
PLIN5,1962
LRG1,1833
SEMA6B,1416
TNFAIP8L1,1789
MYDGF,9196
DPP9,4558
FEM1A,2595
TICAM1,2031
PLIN3,4511
ARRDC5,194
UHRF1,3638
KDM4B,9121
PTPRS,5564
ZNRF4,31
TINCR,438
SAFB2,6655
SAFB,8473
MICOS13,1800
LONP1,5688
CATSPERD,44
PRR22,500
DUS3L,2454
NRTN,345
FUT6,50
FUT3,164
FUT5,55
NDUFA11,3585
VMAC,2091
CAPS,7894
RANBP3,5461
RFX2,501
ACSBG2,37
MLLT1,5774
ACER1,42
CLPP,3672
ALKBH7,3510
PSPN,81
GTF2F1,5492
KHSRP,5204
SLC25A41,66
SLC25A23,2821
CRB3,2184
DENND1C,458
TNFSF9,139
CD70,213
TNFSF14,226
C3,13191
GPR108,3181
TRIP10,3474
SH2D3A,1362
VAV1,640
ADGRE1,53
MBD3L2B,7
ZNF557,1852
INSR,3261
AC119396.1,76
ARHGEF18,2138
PEX11G,691
TEX45,228
ZNF358,6129
MCOLN1,1230
PNPLA6,2520
CAMSAP3,3444
XAB2,3870
PET100,5564
PCP2,2161
STXBP2,8781
RETN,38
MCEMP1,72
TRAPPC5,10248
FCER2,31
CLEC4G,49
CD209,303
CLEC4M,31
EVI5L,1365
PRR36,2694
LRRC8E,573
MAP2K7,4618
TGFBR3L,93
SNAPC2,1561
CTXN1,8560
TIMM44,4580
ELAVL1,9973
CCL25,37
FBN3,504
CERS4,4700
CD320,3141
NDUFA7,3981
KANK3,463
ANGPTL4,1723
RAB11B,11984
MARCH2,2627
HNRNPM,3572
PRAM1,227
ZNF414,2028
MYO1F,1189
ADAMTS10,1194
ACTL9,23
OR2Z1,76
ZNF558,954
MBD3L1,44
MUC16,191
OR1M1,51
OR7G2,57
OR7G1,58
OR7G3,78
ZNF317,2488
OR7D2,72
OR7D4,47
OR7E24,39
ZNF699,466
ZNF559,1766
ZNF177,667
ZNF266,2501
ZNF560,236
ZNF426,2575
ZNF121,4896
ZNF561,3830
ZNF562,4953
FBXL12,2712
UBL5,4572
PIN1,3718
OLFM2,808
COL5A3,1698
RDH8,53
SHFL,4113
ANGPTL6,207
PPAN,4217
P2RY11,2201
EIF3G,4075
DNMT1,6347
S1PR2,891
ICAM1,3815
ICAM4,70
ICAM5,214
ZGLP1,700
FDX2,2728
RAVER1,4707
ICAM3,879
TYK2,4600
CDC37,14122
PDE4A,1112
KEAP1,5948
S1PR5,125
ATG4D,1892
KRI1,3088
CDKN2D,1054
AP1M2,1199
SLC44A2,14705
ILF3,17006
QTRT1,4699
DNM2,10850
TMED1,2064
C19ORF38,148
CARM1,4307
YIPF2,3278
TIMM29,1207
SMARCA4,9589
LDLR,4133
SPC24,1625
KANK2,2173
DOCK6,2578
ANGPTL8,10
TSPAN16,51
RAB3D,3531
TMEM205,3101
CCDC159,2334
PLPPR2,2075
SWSAP1,880
RGL3,1860
CCDC151,200
PRKCSH,2313
ELAVL3,42
ZNF653,936
ECSIT,3286
CNN1,1358
ELOF1,4796
ZNF627,2340
ACP5,2733
ZNF823,1483
ZNF441,1191
ZNF491,217
ZNF440,1074
ZNF439,1008
ZNF69,883
ZNF700,1397
ZNF763,184
ZNF433,867
ZNF878,101
ZNF844,538
ZNF20,351
ZNF625,1188
ZNF136,1007
ZNF44,2513
ZNF563,641
ZNF442,257
ZNF799,883
ZNF709,835
ZNF564,867
ZNF490,1598
ZNF791,1587
MAN2B1,3480
WDR83,1162
WDR83OS,15236
DHPS,3985
GNG14,79
FBXW9,1898
TNPO2,6981
TRIR,19416
GET3,7029
BEST2,99
HOOK2,5272
JUNB,23137
PRDX2,32935
THSD8,94
RNASEH2A,760
RTBDN,122
MAST1,346
DNASE2,4625
KLF1,66
GCDH,1635
SYCE2,54
FARSA,6464
CALR,15725
RAD23A,7935
GADD45GIP1,9803
DAND5,166
NFIX,11502
LYL1,339
TRMT1,2587
NACC1,12604
STX10,4944
IER2,22687
CCDC130,3872
MRI1,4221
C19ORF53,6224
ZSWIM4,1456
NANOS3,145
C19ORF57,697
CC2D1A,4685
PODNL1,1219
DCAF15,3310
RFX1,2690
RLN3,40
IL27RA,689
PALM3,622
C19ORF67,66
SAMD1,6349
PRKACA,16484
ASF1B,2410
ADGRL1,2697
ADGRE5,1681
DDX39A,6505
PKN1,5509
PTGER1,97
GIPC1,13427
DNAJB1,13946
TECR,3884
NDUFB7,11986
CLEC17A,21
ADGRE3,101
ZNF333,1971
ADGRE2,340
OR7C1,82
OR7A5,76
OR7A10,39
OR7A17,48
OR7C2,34
SLC1A6,98
CCDC105,31
CASP14,14282
OR1I1,49
SYDE1,963
ILVBL,5770
NOTCH3,11572
EPHX3,26
BRD4,14732
AKAP8,3700
AKAP8L,7743
WIZ,7330
RASAL3,718
PGLYRP2,291
CYP4F22,405
CYP4F8,831
CYP4F3,129
CYP4F12,245
OR10H2,33
OR10H3,59
OR10H5,74
OR10H1,35
CYP4F2,52
CYP4F11,656
OR10H4,30
TPM4,27337
RAB8A,9911
HSH2D,1469
CIB3,146
FAM32A,6692
AP1M1,3961
KLF2,3857
EPS15L1,6615
CALR3,56
C19ORF44,1149
CHERP,6138
SLC35E1,3381
MED26,1586
SMIM7,5646
TMEM38A,895
NWD1,170
SIN3B,8783
F2RL3,193
CPAMD8,926
HAUS8,861
MYO9B,5920
USE1,2336
OCEL1,1385
NR2F6,8298
USHBP1,91
BABAM1,6827
ANKLE1,143
ABHD8,1533
DDA1,3608
ANO8,3689
GTPBP3,2348
PLVAP,2890
CCDC194,1616
BST2,54572
MVB12A,3601
TMEM221,91
NXNL1,61
SLC27A1,1459
PGLS,6440
NIBAN3,176
COLGALT1,12024
UNC13A,88
MAP1S,3823
FCHO1,372
B3GNT3,357
INSL3,92
JAK3,994
SLC5A5,39
CCDC124,8930
KCNN1,63
ARRDC2,1369
IL12RB1,234
MAST3,1036
PIK3R2,8924
IFI30,13675
MPV17L2,999
RAB3A,931
PDE4C,150
AC008397.1,69
IQCN,582
JUND,26144
LSM4,13510
PGPEP1,3038
GDF15,4754
LRRC25,644
SSBP4,1413
ISYNA1,3726
ELL,2855
FKBP8,4401
KXD1,9568
UBA52,41886
CRLF1,152
TMEM59L,129
KLHL26,826
CRTC1,2261
COMP,8310
UPF1,6220
COPE,8256
DDX49,4890
HOMER3,5885
SUGP2,8962
ARMC6,3246
SLC25A42,710
TMEM161A,3063
MEF2B,1042
BORCS8,3498
RFXANK,6869
NR2C2AP,2831
NCAN,75
HAPLN4,94
TM6SF2,155
SUGP1,1289
MAU2,1711
GATAD2A,9542
TSSK6,355
NDUFA13,8332
YJEFN3,1277
CILP2,476
PBX4,340
LPAR2,1549
GMIP,1646
ATP13A1,4651
ZNF101,1815
ZNF14,753
ZNF253,1024
ZNF682,1881
ZNF90,379
ZNF486,1654
ZNF626,3029
ZNF66,562
ZNF85,915
ZNF430,283
ZNF714,1429
ZNF431,470
ZNF708,1612
ZNF738,1292
ZNF493,3300
ZNF429,65
ZNF100,170
ZNF43,823
ZNF257,262
ZNF676,633
ZNF729,41
ZNF98,768
ZNF492,857
ZNF99,19
ZNF723,43
ZNF728,95
ZNF730,927
ZNF724,915
ZNF675,1071
ZNF681,1129
ZNF254,2480
UQCRFS1,1594
VSTM2B,63
POP4,2492
PLEKHF1,1572
C19ORF12,1975
CCNE1,785
URI1,10927
ZNF536,41
TSHZ3,1302
ZNF507,3748
DPY19L3,2592
PDCD5,4548
ANKRD27,3457
RGS9BP,125
NUDT19,2475
TDRD12,491
SLC7A9,156
CEP89,3368
FAAP24,572
RHPN2,3812
GPATCH1,776
WDR88,68
LRP3,4150
SLC7A10,116
CEBPA,670
CEBPG,5486
PEPD,3343
CHST8,232
KCTD15,3262
LSM14A,3811
KIAA0355,3224
GPI,5683
PDCD2L,961
UBA2,6330
WTIP,2485
SCGB2B2,29
ZNF302,781
ZNF181,856
ZNF599,1711
ZNF30,971
ZNF792,320
GRAMD1A,5316
SCN1B,798
HPN,1814
FXYD3,23359
LGI4,183
FXYD1,138
FXYD7,83
FXYD5,7379
FAM187B,78
LSR,11554
USF2,10369
HAMP,345
CD22,333
FFAR1,50
FFAR3,20
FFAR2,142
KRTDAP,38
DMKN,2343
SBSN,101
GAPDHS,36
TMEM147,5556
ATP4A,15
PMIS2,33
HAUS5,2432
RBM42,5200
ETV2,71
COX6B1,4392
UPK1A,182
ZBTB32,125
KMT2B,4973
IGFLR1,1077
U2AF1L4,2183
PSENEN,6549
LIN37,1196
HSPB6,181
PROSER3,2125
ARHGAP33,1144
PRODH2,33
NPHS1,54
KIRREL2,49
APLP1,420
NFKBID,780
HCST,407
TYROBP,5657
LRFN3,1280
SDHAF1,1439
SYNE4,2699
ALKBH6,2298
CLIP3,428
THAP8,733
WDR62,942
OVOL3,41
POLR2I,8682
TBCB,9127
CAPNS1,8153
COX7A1,1490
ZNF565,669
ZNF146,7347
ZFP14,742
ZFP82,966
ZNF566,959
ZNF260,2061
ZNF529,839
ZNF382,536
ZNF461,312
ZNF567,1200
ZNF850,764
ZNF790,546
ZNF345,1555
ZNF829,423
ZNF568,2361
ZNF420,450
ZNF585A,860
ZNF585B,1042
ZNF383,916
ZNF875,513
ZNF527,813
ZNF569,769
ZNF570,812
ZNF793,1021
ZNF540,280
ZNF571,635
ZFP30,1962
ZNF781,131
ZNF607,590
ZNF573,1032
WDR87,48
SIPA1L3,5733
DPF1,111
SPINT2,40226
PPP1R14A,322
YIF1B,3898
C19ORF33,5810
KCNK6,1906
CATSPERG,1302
GGN,112
SPRED3,412
FAM98C,1721
RASGRP4,169
RYR1,181
MAP4K1,615
ACTN4,20341
CAPN12,317
LGALS7,10
LGALS4,166
ECH1,12364
HNRNPL,14875
RINL,241
SIRT2,3964
NFKBIB,1355
CCER2,229
SARS2,965
FBXO17,614
FBXO27,747
ACP7,100
PAK4,7561
NCCRP1,774
SYCN,30
IFNL2,28
IFNL1,57
LRFN1,742
GMFG,680
SAMD4B,7624
PAF1,4316
MED29,3333
ZFP36,11179
PLEKHG2,1400
SUPT5H,7122
TIMM50,4742
DLL3,82
SELENOV,42
EID2B,349
EID2,716
LGALS13,53
LGALS16,40
LGALS14,36
CLC,58
LEUTX,62
DYRK1B,1628
FBL,6043
FCGBP,815
PSMC4,7507
ZNF546,458
ZNF780B,228
ZNF780A,797
MAP3K10,1601
TTC9B,44
CNTD2,329
AKT2,5243
C19ORF47,2111
PLD3,8556
HIPK4,62
PRX,252
SERTAD1,2230
SERTAD3,3355
BLVRB,6526
SPTBN4,190
SHKBP1,2774
LTBP4,2287
NUMBL,1763
COQ8B,2825
ITPKC,4882
C19ORF54,1302
SNRPA,3650
MIA,6857
RAB4B,3240
EGLN2,8065
CYP2A6,39
CYP2A7,33
CYP2B6,44
CYP2A13,24
CYP2F1,51
CYP2S1,115
AXL,3412
HNRNPUL1,12082
TGFB1,1824
CCDC97,3511
TMEM91,1027
B9D2,826
EXOSC5,1367
BCKDHA,3523
B3GNT8,363
DMAC2,2457
ERICH4,35
CEACAM21,154
CEACAM4,45
CEACAM7,91
CEACAM5,901
CEACAM6,3754
CEACAM3,26
LYPD4,59
DMRTC2,35
CD79A,447
ARHGEF1,6308
ERFL,162
RABAC1,9073
ATP1A3,74
GRIK5,170
ZNF574,1587
POU2F2,271
DEDD2,2320
ZNF526,1267
GSK3A,4460
ERF,8083
CIC,6018
PAFAH1B3,8642
PRR19,163
TMEM145,178
MEGF8,1293
CNFN,1250
LIPE,192
CXCL17,2402
CEACAM1,1093
CEACAM8,50
PSG3,25
PSG6,43
PSG7,45
PSG11,7
PSG2,26
PSG5,31
PSG4,15
PSG9,19
CD177,118
TEX101,40
LYPD3,1080
PHLDB3,1066
ETHE1,2983
ZNF575,217
XRCC1,3220
PINLYP,243
IRGQ,3938
ZNF576,2236
SRRM5,128
ZNF428,5830
CADM4,3548
PLAUR,5275
IRGC,45
SMG9,1770
KCNN4,2664
LYPD5,308
ZNF283,1837
ZNF404,298
ZNF45,482
ZNF221,309
ZNF155,467
ZNF230,164
ZNF222,207
ZNF223,740
ZNF284,556
ZNF224,928
ZNF225,366
ZNF234,1154
ZNF226,535
ZNF227,804
ZNF235,549
ZNF233,55
ZNF112,270
ZNF285,661
ZNF229,842
ZNF180,891
CEACAM20,48
IGSF23,21
PVR,1590
CEACAM19,431
CEACAM16,67
BCL3,9674
CBLC,2517
BCAM,13694
NECTIN2,11962
TOMM40,4536
APOE,42364
APOC1,3561
APOC4,54
APOC2,738
CLPTM1,5820
RELB,2219
CLASRP,4447
ZNF296,903
GEMIN7,3180
MARK4,1016
PPP1R37,5704
NKPD1,144
TRAPPC6A,3317
BLOC1S3,1791
EXOC3L2,437
CKM,30
KLC3,564
ERCC2,1714
PPP1R13L,5170
CD3EAP,1097
ERCC1,5765
FOSB,3687
RTN2,1060
PPM1N,25
VASP,14744
OPA3,1195
GPR4,347
EML2,3310
GIPR,320
SNRPD2,4653
QPCTL,1288
FBXO46,5093
BHMG1,41
SIX5,2734
DMPK,3231
DMWD,4893
RSPH6A,42
SYMPK,7685
FOXA3,61
IRF2BP1,2370
MYPOP,1250
NANOS2,44
NOVA2,371
CCDC61,1071
PGLYRP1,31
IGFL4,60
IGFL3,70
IGFL2,409
IGFL1,27
HIF3A,157
PPP5C,3402
CCDC8,1263
PNMA8C,36
PNMA8A,447
PPP5D1,80
PNMA8B,207
CALM3,8341
PTGIR,493
GNG8,68
DACT3,434
PRKD2,4388
STRN4,4742
FKRP,1354
SLC1A5,6190
AP2S1,3152
ARHGAP35,12257
NPAS1,152
TMEM160,1542
ZC3H4,5601
SAE1,2351
BBC3,2886
CCDC9,6561
INAFM1,2039
C5AR1,1191
C5AR2,1557
DHX34,2369
MEIS3,1247
SLC8A2,86
KPTN,1806
NAPA,12278
ZNF541,116
BICRA,2849
EHD2,5034
NOP53,3436
SELENOW,27279
TPRX1,44
CRX,58
SULT2A1,43
BSPH1,88
ELSPBP1,56
CABP5,59
PLA2G4C,781
LIG1,4357
ZSWIM9,1510
ZNF114,63
CCDC114,169
EMP3,3881
TMEM143,864
SYNGR4,94
KDELR1,4043
GRIN2D,125
GRWD1,2677
KCNJ14,637
CYTH2,13969
LMTK3,1597
SULT2B1,1541
FAM83E,1747
SPACA4,67
SPHK2,1191
DBP,2218
CA11,198
MAMSTR,617
RASIP1,443
IZUMO1,37
FUT1,348
FGF21,52
BCAT2,2566
HSD17B14,1276
PLEKHA4,2229
PPP1R15A,3707
TULP2,68
NUCB1,15077
DHDH,215
BAX,7879
FTL,31195
GYS1,2153
RUVBL2,5006
LHB,14
AC008687.4,79
NTF4,93
KCNA7,72
SNRNP70,8021
LIN7B,1096
C19ORF73,375
PPFIA3,523
HRC,140
TRPM4,7241
SLC6A16,612
CD37,1875
TEAD2,8118
DKKL1,109
CCDC155,42
PTH2,56
GFY,68
SLC17A7,12
PIH1D1,4263
ALDH16A1,2320
FLT3LG,556
FCGRT,14761
RCN3,6653
NOSIP,3966
PRRG2,824
PRR12,3221
RRAS,4008
SCAF1,8135
IRF3,7788
BCL2L12,1723
PRMT1,7204
ADM5,975
CPT1C,103
TSKS,44
AP2A1,11312
FUZ,1860
MED25,6103
PTOV1,10885
AKT1S1,9246
TBC1D17,4043
IL4I1,1408
NUP62,5707
ATF5,3874
SIGLEC11,66
VRK3,4138
ZNF473,1316
IZUMO2,26
MYH14,7020
KCNC3,1687
NR1H2,3181
NAPSA,75
POLD1,2708
SPIB,168
MYBPC2,40
FAM71E1,421
EMC10,11205
JOSD2,2702
ASPDH,56
LRRC4B,53
SYT3,111
C19ORF81,119
SHANK1,65
CLEC11A,1884
GPR32,84
AC010325.1,7
ACP4,31
C19ORF48,4709
KLK1,107
KLK15,36
KLK3,114
KLK2,110
KLK4,551
KLK5,2056
KLK6,1706
KLK7,771
KLK8,730
KLK9,35
KLK10,631
KLK11,285
KLK12,169
KLK13,171
KLK14,26
CTU1,590
SIGLEC9,483
SIGLEC7,172
CD33,342
SIGLECL1,48
IGLON5,124
VSIG10L,185
ETFB,5944
CLDND2,245
NKG7,818
LIM2,32
C19ORF84,55
SIGLEC10,272
SIGLEC8,210
SIGLEC12,123
SIGLEC6,96
ZNF175,1324
SIGLEC5,236
SIGLEC14,95
SPACA6,1248
HAS1,110
FPR1,647
FPR2,153
FPR3,2834
ZNF577,1302
ZNF649,2190
ZNF613,1031
ZNF350,2498
ZNF614,845
ZNF432,1272
ZNF841,1752
ZNF836,776
PPP2R1A,1251
ZNF766,2058
ZNF480,1079
ZNF610,583
ZNF880,1697
ZNF534,31
ZNF578,136
ZNF808,1166
ZNF83,4406
ZNF600,1034
ZNF888,846
ZNF816,525
ERVV-1,153
ERVV-2,181
ZNF160,3655
ZNF415,1024
ZNF347,804
ZNF665,511
ZNF677,1436
VN1R2,69
VN1R4,72
ZNF765,877
ZNF813,530
ZNF331,1961
DPRX,49
NLRP12,169
MYADM,10135
PRKCG,60
CACNG7,57
CACNG8,103
CACNG6,278
VSTM1,69
TARM1,59
OSCAR,394
NDUFA3,12374
TFPT,3949
PRPF31,5011
CNOT3,3841
LENG1,1025
TMC4,4821
MBOAT7,9566
TSEN34,5460
LILRA6,110
LILRB5,324
LILRB2,755
LILRA5,189
LILRA4,117
LAIR1,1440
TTYH1,779
LENG8,23939
LENG9,490
CDC42EP5,816
LAIR2,93
LILRA2,198
LILRA1,108
LILRB1,544
LILRB4,403
KIR3DL3,13
KIR2DL4,25
FCAR,189
NCR1,61
NLRP7,36
NLRP2,1906
GP6,158
RDH13,3279
EPS8L1,3976
PPP1R12C,4371
TNNT1,4814
TNNI3,326
DNAAF3,491
SYT5,118
PTPRH,130
TMEM86B,690
PPP6R1,6555
HSPBP1,1847
BRSK1,2520
TMEM150B,139
KMT5C,2027
COX6B2,596
FAM71E2,238
IL11,317
TMEM190,85
TMEM238,9013
SHISA7,20
ISOC2,4770
C19ORF85,50
ZNF628,834
NAT14,5828
SSC5D,941
SBK2,14
SBK3,60
ZNF579,1742
FIZ1,636
ZNF524,1659
ZNF784,1073
ZNF580,4349
ZNF581,1438
CCDC106,1873
U2AF2,2927
EPN1,10327
NLRP9,43
RFPL4A,71
RFPL4AL1,20
NLRP11,67
NLRP4,58
NLRP13,47
NLRP8,50
NLRP5,101
ZNF787,1474
ZNF444,5119
GALP,10
ZSCAN5B,38
ZSCAN5C,33
ZSCAN5A,378
EDDM13,55
ZNF582,345
ZNF583,961
ZNF667,878
ZNF471,1156
ZFP28,1275
ZNF470,1239
ZNF71,1264
SMIM17,348
ZNF835,295
ZIM2,308
PEG3,5235
USP29,32
ZIM3,38
DUXA,66
ZNF264,6647
AURKC,219
ZNF805,943
ZNF460,6171
ZNF543,1102
ZNF304,1621
ZNF547,248
ZNF548,1350
ZNF17,992
VN1R1,361
ZNF772,760
ZNF419,336
ZNF773,173
ZNF549,1062
ZNF550,1946
ZNF416,601
ZIK1,812
ZNF530,326
ZNF134,1133
ZNF211,763
ZSCAN4,133
ZNF154,281
ZNF671,618
ZNF776,1160
ZNF586,1365
ZNF552,9557
ZNF587B,4153
ZNF587,1964
ZNF256,1028
C19ORF18,360
ZNF606,3433
ZSCAN1,140
ZNF135,548
ZSCAN18,4075
ZNF329,1776
ZNF274,2783
ZNF544,5841
ZNF8,1357
ERVK3-1,323
ZSCAN22,555
ZNF497,475
ZNF837,365
ZNF584,666
ZNF132,372
ZNF324B,79
ZNF324,688
ZNF446,1109
SLC27A5,980
ZBTB45,1566
TRIM28,2539
CHMP2A,6849
UBE2M,2109
MZF1,505
DEFB125,62
DEFB126,75
DEFB127,39
DEFB128,22
DEFB129,39
DEFB132,72
C20ORF96,3159
ZCCHC3,3327
SOX12,4187
NRSN2,2243
TRIB3,5869
RBCK1,5736
TBC1D20,4960
CSNK2A1,2250
TCF15,200
SRXN1,4266
SCRT2,36
SLC52A3,1163
FAM110A,3824
ANGPT4,52
RSPO4,340
PSMF1,11938
TMEM74B,659
C20ORF202,61
RAD21L1,238
SNPH,854
SDCBP2,811
NSFL1C,5097
SIRPB2,277
SIRPD,57
SIRPB1,161
SIRPG,143
SIRPA,1096
PDYN,37
STK35,3965
TGM3,99
TGM6,39
SNRPB,13697
ZNF343,1765
TMC2,77
NOP56,9957
IDH3B,8366
EBF4,1441
CPXM1,1263
C20ORF141,104
TMEM239,63
PCED1A,5332
VPS16,1025
PTPRA,6574
GNRH2,136
OXT,81
AVP,36
UBOX5,1824
FASTKD5,1929
LZTS3,1485
DDRGK1,7867
ITPA,8935
SLC4A11,1618
C20ORF194,1659
ATRN,5216
GFRA4,70
ADAM33,461
SIGLEC1,956
HSPA12B,554
C20ORF27,744
SPEF1,202
CENPB,4605
CDC25B,4413
AP5S1,2412
MAVS,7133
PANK2,519
RNF24,3163
SMOX,1997
ADRA1D,105
PRNP,4818
PRND,186
RASSF2,1410
SLC23A2,3206
TMEM230,4888
PCNA,4122
CDS2,3476
GPCPD1,4828
SHLD1,1054
CHGB,652
TRMT6,2059
MCM8,2057
CRLS1,6884
LRRN4,114
FERMT1,439
BMP2,269
HAO1,30
TMX4,3836
PLCB1,1959
PLCB4,3574
LAMP5,910
PAK5,45
ANKEF1,2425
SNAP25,276
MKKS,2752
SLX4IP,2286
JAG1,2972
BTBD3,4262
SPTLC3,1072
ISM1,1302
TASP1,2262
ESF1,3906
NDUFAF5,2309
SEL1L2,73
MACROD2,304
FLRT3,864
KIF16B,8722
SNRPB2,3890
OTOR,138
PCSK2,46
BFSP1,509
DSTN,23214
RRBP1,21457
BANF2,59
SNX5,3575
OVOL2,3355
MGME1,4778
PET117,2341
KAT14,1246
ZNF133,2318
DZANK1,1111
POLR3F,1839
RBBP9,2528
SEC23B,5257
SMIM26,6553
DTD1,3081
SCP2D1,82
SLC24A3,2082
RIN2,10876
NAA20,4341
CRNKL1,3605
CFAP61,408
INSM1,449
RALGAPA2,1769
KIZ,1897
XRN2,11730
NKX2-4,14
NKX2-2,81
PAX1,76
FOXA2,29
SSTR4,55
THBD,1355
CD93,1800
NXT1,3447
GZF1,2325
NAPB,1548
CSTL1,61
CST11,62
CST8,53
CST9L,52
CST9,84
CST3,20915
CST4,94
CST2,81
CST5,214
GGTLC1,16
SYNDIG1,824
CST7,592
APMAP,11731
ACSS1,1867
VSX1,38
ENTPD6,6932
PYGB,7470
ABHD12,4917
GINS1,2821
NINL,3017
NANP,911
ZNF337,4039
DEFB115,41
DEFB116,65
DEFB118,33
DEFB119,81
DEFB121,50
DEFB123,53
DEFB124,45
REM1,70
HM13,12128
ID1,2630
COX4I2,160
BCL2L1,8036
TPX2,5830
MYLK2,139
FOXS1,192
DUSP15,688
TTLL9,318
PDRG1,2494
XKR7,47
CCM2L,378
HCK,1164
TM9SF4,5240
PLAGL2,1192
POFUT1,2212
KIF3B,4828
ASXL1,9621
NOL4L,5166
COMMD7,3576
DNMT3B,855
MAPRE1,6732
EFCAB8,141
SUN5,70
BPIFB2,396
BPIFB6,9
BPIFB3,1
BPIFB4,43
BPIFA2,103
BPIFA3,41
BPIFA1,91
BPIFB1,1554
CDK5RAP1,2418
SNTA1,1136
CBFA2T2,4026
NECAB3,3084
C20ORF144,25
ACTL10,356
E2F1,2759
PXMP4,1415
ZNF341,580
CHMP4B,12176
RALY,2924
EIF2S2,88
ASIP,60
AHCY,8327
ITCH,8853
DYNLRB1,12326
MAP1LC3A,4984
PIGU,1354
NCOA6,4364
TP53INP2,2151
GGT7,1924
ACSS2,3068
GSS,5975
MYH7B,110
TRPC4AP,11396
EDEM2,3290
PROCR,648
MMP24OS,11283
MMP24,289
EIF6,14299
FAM83C,68
UQCC1,4859
GDF5OS,59
GDF5,105
CEP250,4830
C20ORF173,50
ERGIC3,24163
SPAG4,898
CPNE1,14184
RBM12,1882
NFS1,3096
ROMO1,11937
RBM39,13056
PHF20,4400
SCAND1,4588
EPB41L1,3769
AAR2,1592
DLGAP4,12495
MYL9,26444
TGIF2,2517
RAB5IF,10503
SLA2,249
NDRG3,7179
DSN1,3152
SOGA1,9025
TLDC2,95
SAMHD1,10438
RBL1,1939
RPN2,7975
GHRH,49
MANBAL,4810
SRC,4857
BLCAP,4937
NNAT,74
CTNNBL1,3946
VSTM2L,453
TTI1,3001
RPRD1B,2857
TGM2,2210
KIAA1755,1468
BPI,112
LBP,78
RALGAPB,6088
ADIG,125
ARHGAP40,459
SLC32A1,52
ACTR5,1310
PPP1R16B,364
FAM83D,1554
DHX35,1631
MAFB,6632
TOP1,9982
PLCG1,6553
ZHX3,2506
LPIN3,3125
EMILIN3,135
CHD6,5515
PTPRT,1411
L3MBTL1,1139
SGK2,270
IFT52,3057
MYBL2,9025
GTSF1L,90
TOX2,125
JPH2,217
OSER1,6839
GDAP1L1,50
FITM2,1294
R3HDML,65
HNF4A,27
TTPAL,2158
SERINC3,10198
PKIG,3784
ADA,1625
CCN5,550
KCNK15,1621
RIMS4,1576
YWHAB,9422
PABPC1L,14820
TOMM34,5095
STK4,6538
KCNS1,147
WFDC5,45
WFDC12,72
PI3,339
SEMG1,70
SEMG2,42
SLPI,4305
RBPJL,46
SDC4,16622
SYS1,3684
TP53TG5,76
DBNDD2,3467
PIGT,9964
WFDC2,7855
SPINT3,47
WFDC6,128
EPPIN,79
WFDC8,50
WFDC9,90
WFDC10A,48
WFDC11,60
WFDC10B,115
WFDC13,43
SPINT4,72
WFDC3,325
DNTTIP1,4810
UBE2C,3722
TNNC2,169
SNX21,4600
ACOT8,1928
ZSWIM3,696
ZSWIM1,2333
NEURL2,454
CTSA,8514
PLTP,2965
PCIF1,4287
ZNF335,3056
MMP9,3064
SLC12A5,67
NCOA5,2661
CD40,1213
CDH22,64
SLC35C2,3408
ELMO2,4371
ZNF334,662
OCSTAMP,82
SLC13A3,601
TP53RK,5660
SLC2A10,4913
EYA2,2652
ZMYND8,11721
NCOA3,6591
SULF2,9067
PREX1,8831
ARFGEF2,11385
CSE1L,5718
STAU1,22402
DDX27,7839
ZNFX1,8460
KCNB1,150
PTGIS,1105
B4GALT5,8133
SLC9A8,2379
SPATA2,1159
RNF114,10748
SNAI1,222
UBE2V1,12083
TMEM189,6509
CEBPB,20174
PTPN1,11069
RIPOR3,625
PARD6B,7610
BCAS4,4530
ADNP,7592
DPM1,13052
MOCS3,1872
KCNG1,597
NFATC2,1893
ATP9A,9200
SALL4,581
ZFP64,2275
TSHZ2,2121
ZNF217,7625
CYP24A1,136
PFDN4,515
DOK5,327
CBLN4,102
MC3R,62
FAM210B,5211
AURKA,1462
CSTF1,3085
CASS4,318
RTF2,11611
GCNT7,62
FAM209B,33
TFAP2C,6148
BMP7,1406
SPO11,104
RAE1,5171
RBM38,3607
CTCFL,45
PCK1,57
ZBP1,1695
PMEPA1,6189
C20ORF85,32
ANKRD60,27
RAB22A,4768
VAPB,6020
APCDD1L,251
STX16,16094
NPEPL1,7472
NELFCD,16230
CTSZ,27769
TUBB1,122
ATP5F1E,13954
PRELID3B,8295
ZNF831,168
EDN3,55
PHACTR3,88
SYCP2,4284
FAM217B,2441
PPP1R3D,1297
CDH26,340
CDH4,62
TAF4,4573
LSM14B,5829
PSMA7,11137
SS18L1,5553
MTG2,2630
HRH3,68
OSBPL2,6759
ADRM1,13666
LAMA5,20354
CABLES2,2111
RBBP8NL,1088
GATA5,185
SLCO4A1,579
NTSR1,49
MRGBP,4191
OGFR,7719
COL9A3,2408
TCFL5,2398
DIDO1,8777
GID8,13251
SLC17A9,1172
BHLHE23,54
YTHDF1,1079
BIRC7,154
NKAIN4,137
ARFGAP1,7369
COL20A1,101
CHRNA4,57
KCNQ2,32
EEF1A2,4906
PPDPF,29046
PTK6,2279
SRMS,1503
FNDC11,120
HELZ2,4905
GMEB2,1281
STMN3,1519
RTEL1,3490
TNFRSF6B,829
ARFRP1,6945
ZGPAT,6385
LIME1,2542
SLC2A4RG,13134
ZBTB46,1620
ABHD16B,88
TPD52L2,15388
DNAJC5,10232
UCKL1,6290
ZNF512B,4794
SAMD10,1215
PRPF6,12225
C20ORF204,774
SOX18,1556
TCEA2,3222
RGS19,2200
OPRL1,228
LKAAEAR1,127
MYT1,307
NPBWR2,79
PCMTD2,5791
FP565260.1,231
TPTE,117
LIPI,74
RBM11,866
HSPA13,3947
SAMSN1,936
NRIP1,8968
USP25,8137
CXADR,1585
BTG3,2065
C21ORF91,2312
CHODL,516
TMPRSS15,64
NCAM2,781
JAM2,648
ATP5PF,4919
GABPA,3361
APP,42712
CYYR1,1440
ADAMTS1,5860
ADAMTS5,473
N6AMT1,1628
LTN1,2459
RWDD2B,1683
USP16,5953
CCT8,7694
MAP3K7CL,518
BACH1,7384
GRIK1,44
CLDN17,63
CLDN8,329
KRTAP24-1,39
KRTAP25-1,67
KRTAP26-1,38
KRTAP27-1,77
KRTAP23-1,23
KRTAP13-2,52
KRTAP13-1,57
KRTAP13-3,59
KRTAP13-4,62
KRTAP15-1,54
KRTAP19-1,21
KRTAP19-2,13
KRTAP19-3,28
KRTAP19-4,21
KRTAP19-5,61
KRTAP19-6,37
KRTAP19-7,58
KRTAP22-2,67
KRTAP6-3,72
KRTAP6-2,33
KRTAP22-1,95
KRTAP6-1,63
KRTAP20-1,16
KRTAP20-4,50
KRTAP20-2,37
KRTAP20-3,81
KRTAP21-2,43
KRTAP21-1,22
KRTAP8-1,58
KRTAP7-1,42
KRTAP11-1,56
KRTAP19-8,59
TIAM1,1554
SOD1,12457
SCAF4,5125
HUNK,639
MIS18A,2803
MRAP,39
URB1,3999
EVA1C,1088
TCP10L,377
CFAP298,16843
SYNJ1,1295
PAXBP1,6243
OLIG2,56
OLIG1,52
IFNAR2,3164
IL10RB,2501
IFNAR1,7194
IFNGR2,11936
TMEM50B,4426
DNAJC28,596
GART,5428
SON,9182
DONSON,1630
CRYZL1,847
ITSN1,2339
ATP5PO,259
SLC5A3,4454
KCNE2,132
RCAN1,3401
CLIC6,3228
RUNX1,15264
SETD4,2909
CBR1,1539
CBR3,1554
DOP1B,2380
MORC3,5752
CHAF1B,1692
CLDN14,81
SIM2,1168
HLCS,2409
RIPPLY3,320
PIGP,2538
TTC3,23532
VPS26C,3148
DYRK1A,7190
KCNJ6,101
KCNJ15,196
ERG,570
ETS2,5503
PSMG1,2626
BRWD1,4815
HMGN1,17848
GET1,4480
LCA5L,834
SH3BGR,415
B3GALT5,1487
IGSF5,118
PCP4,486
DSCAM,266
BACE2,5719
FAM3B,1652
MX2,3461
MX1,37791
TMPRSS2,606
RIPK4,1142
PRDM15,1324
C2CD2,1063
ZBTB21,2869
UMODL1,97
ABCG1,4120
TFF3,31337
TFF2,150
TFF1,10033
TMPRSS3,3576
UBASH3A,165
RSPH1,1060
SLC37A1,3774
PDE9A,903
WDR4,2814
NDUFV3,5625
PKNOX1,2127
HSF2BP,1081
RRP1B,3813
PDXK,16117
CSTB,8332
RRP1,5142
AGPAT3,6781
TRAPPC10,4098
DNMT3L,70
AIRE,41
CFAP410,1822
TRPM2,1734
LRRC3,501
TSPEAR,81
KRTAP10-1,52
KRTAP10-2,114
KRTAP10-3,65
KRTAP10-5,21
KRTAP10-7,52
KRTAP10-8,31
KRTAP10-10,28
KRTAP10-11,51
KRTAP12-4,53
KRTAP12-3,18
KRTAP12-2,59
KRTAP12-1,16
UBE2G2,9574
SUMO3,18399
PTTG1IP,22156
ITGB2,3288
FAM207A,3156
ADARB1,2007
POFUT2,5158
COL18A1,10362
SLC19A1,3244
PCBP3,223
COL6A1,28522
COL6A2,45726
FTCD,120
SPATC1L,2631
LSS,3834
MCM3AP,4945
YBEY,1694
C21ORF58,1995
PCNT,4609
DIP2A,3623
S100B,1404
PRMT2,11794
CCT8L2,61
XKR3,44
GAB4,35
IL17RA,1182
TMEM121B,91
HDHD5,3723
ADA2,1698
CECR2,376
SLC25A18,14
ATP6V1E1,5234
BCL2L13,9187
BID,3341
MICAL3,3379
PEX26,2188
USP18,3191
DGCR2,3965
ESS2,1643
TSSK2,76
GSC2,22
SLC25A1,6972
CLTCL1,176
HIRA,2240
C22ORF39,1016
UFD1,2923
CDC45,1501
CLDN5,650
SEPTIN5,6339
GP1BB,2188
TBX1,2584
GNB1L,812
RTL10,3741
TXNRD2,2798
COMT,11747
ARVCF,3586
TANGO2,2138
DGCR8,2892
TRMT2A,2436
ZDHHC8,3148
CCDC188,106
RTN4R,509
USP41,5
ZNF74,915
SCARF2,2135
KLHL22,3624
MED15,6983
PI4KA,6346
SERPIND1,71
SNAP29,6156
CRKL,5653
AIFM3,484
LZTR1,1997
THAP7,2083
P2RX6,24
SLC7A4,75
LRRC74B,63
GGT2,97
AP000552.4,4
RIMBP3B,8
HIC2,703
UBE2L3,4406
YDJC,2036
CCDC116,35
SDF2L1,7701
PPIL2,2599
YPEL1,662
MAPK1,7641
PPM1F,3381
TOP3B,1668
VPREB1,16
ZNF280B,324
ZNF280A,119
PRAME,810
IGLC1,675
IGLC7,32
RSPH14,69
GNAZ,978
RAB36,504
BCR,3309
IGLL1,17
DRICH1,147
RGL4,62
ZNF70,1236
VPREB3,70
C22ORF15,84
CHCHD10,2230
MMP11,35631
SMARCB1,8810
DERL3,1089
SLC2A11,1677
MIF,28474
GSTT2B,213
DDTL,920
DDT,12184
GSTT4,52
CABIN1,4577
SUSD2,1042
GGT5,1659
SPECC1L,5428
ADORA2A,1246
UPB1,71
GUCD1,8107
SNRPD3,137
GGT1,49
LRRC75B,3726
PIWIL3,49
SGSM1,174
TMEM211,63
KIAA1671,4753
CRYBB3,237
CRYBB2,10
LRP5L,213
GRK3,2866
MYO18B,51
SEZ6L,90
ASPHD2,244
HPS4,2609
SRRD,2662
TFIP11,3023
TPST2,2368
CRYBB1,109
CRYBA4,71
MN1,610
PITPNB,8691
TTC28,1308
CHEK2,2574
HSCB,1355
CCDC117,2547
XBP1,155895
ZNRF3,1055
C22ORF31,69
KREMEN1,1463
EMID1,1119
RHBDD3,1923
EWSR1,10456
GAS2L1,1462
RASL10A,253
AP1B1,8888
RFPL1,55
NEFH,234
THOC5,2761
NIPSNAP1,4732
NF2,4762
CABP7,81
ZMAT5,3021
UQCR10,10843
ASCC2,3775
MTMR3,4059
HORMAD2,56
LIF,727
OSM,639
CASTOR1,1119
TBC1D10A,2866
SF3A1,3631
CCDC157,701
RNF215,1693
SEC14L2,2700
MTFP1,1616
SEC14L3,26
SEC14L4,338
SEC14L6,57
GAL3ST1,142
PES1,5194
TCN2,1178
SLC35E4,349
DUSP18,794
OSBP2,763
MORC2,5328
SMTN,5233
SELENOM,18208
INPP5J,1527
PLA2G3,86
RNF185,4179
LIMK2,5878
PIK3IP1,1365
PATZ1,6308
EIF4ENIF1,2279
SFI1,3048
PISD,3571
PRR14L,5879
DEPDC5,2284
YWHAH,3233
SLC5A1,993
C22ORF42,36
RFPL2,35
SLC5A4,235
RFPL3,12
RTCB,8014
BPIFC,109
FBXO7,7901
SYN3,70
TIMP3,25353
LARGE1,1887
ISX,36
HMGXB4,4180
TOM1,3146
HMOX1,4715
MCM5,4410
RASD2,1863
MB,4117
APOL6,8481
APOL5,30
RBFOX2,5959
APOL3,1522
APOL4,1086
APOL2,7571
APOL1,4207
MYH9,14528
TXN2,5013
FOXRED2,1925
EIF3D,4858
CACNG2,45
IFT27,2563
PVALB,3392
NCF4,609
CSF2RB,692
TEX33,38
TST,1585
MPST,4925
KCTD17,1890
TMPRSS6,394
IL2RB,590
C1QTNF6,2213
SSTR3,74
RAC2,1546
CYTH4,1320
ELFN2,174
MFNG,458
CARD10,1448
CDC42EP1,5638
LGALS2,229
GGA1,4903
SH3BP1,2230
PDXP,1091
LGALS1,66700
NOL12,3349
TRIOBP,5770
H1F0,28146
GCAT,1477
GALR3,42
ANKRD54,3353
EIF3L,5926
MICALL1,1079
C22ORF23,58
POLR2F,4608
SOX10,2988
PICK1,3556
SLC16A8,65
BAIAP2L2,149
PLA2G6,2063
MAFF,2073
TMEM184B,9899
CSNK1E,7960
KCNJ4,46
KDELR3,2588
DDX17,20070
DMC1,470
FAM227A,1658
CBY1,2079
TOMM22,4357
JOSD1,5456
GTPBP1,5871
SUN2,4510
DNAL4,3185
NPTXR,921
CBX6,2274
APOBEC3A,337
APOBEC3B,516
APOBEC3C,1570
APOBEC3D,570
APOBEC3F,998
APOBEC3G,910
APOBEC3H,104
CBX7,905
PDGFB,4354
SYNGR1,2576
TAB1,3032
MGAT3,246
MIEF1,1822
ATF4,13874
CACNA1I,634
ENTHD1,115
GRAP2,1000
Z82206.1,155
FAM83F,5203
TNRC6B,4426
ADSL,4309
SGSM3,7128
MRTFA,5863
MCHR1,119
SLC25A17,2282
ST13,5186
XPNPEP3,556
RBX1,9363
EP300,13463
L3MBTL2,3301
CHADL,192
RANGAP1,11773
ZC3H7B,5674
TEF,1125
TOB2,2711
PHF5A,4668
ACO2,4797
POLR3H,5398
CSDC2,90
PMM1,4556
DESI1,3133
XRCC6,6654
SNU13,11345
MEI1,32
CCDC134,1921
SREBF2,7420
SHISA8,90
TNFRSF13C,359
CENPM,4445
SEPTIN3,1924
WBP2NL,386
NAGA,1995
PHETA2,1198
SMDT1,7237
NDUFA6,1855
CYP2D6,99
TCF20,4485
NFAM1,402
RRP7A,3960
SERHL2,503
POLDIP3,7147
CYB5R3,9565
ATP5MGL,218
A4GALT,1854
ARFGAP3,6007
PACSIN2,5575
TTLL1,1472
BIK,2511
MCAT,2345
TSPO,18838
TTLL12,7298
SCUBE1,110
MPPED1,686
EFCAB6,765
SULT4A1,331
PNPLA5,45
PNPLA3,826
SAMM50,2958
PARVB,2121
PARVG,1191
SHISAL1,201
RTL6,2268
PRR5,1469
ARHGAP8,9454
PHF21B,45
NUP50,4269
KIAA0930,4738
UPK3A,107
FAM118A,1999
SMC1B,630
RIBC2,972
FBLN1,11171
ATXN10,7759
WNT7B,1519
PPARA,1680
CDPF1,1192
PKDREJ,97
TTC38,856
GTSE1,1960
TRMU,3474
CELSR1,11121
GRAMD4,4237
CERK,1800
TBC1D22A,3067
TAFA5,492
BRD1,7693
ZBED4,3748
ALG12,3043
CRELD2,10122
PIM3,9697
IL17REL,114
TTLL8,55
MLC1,37
MOV10L1,110
PANX2,756
TRABD,10564
SELENOO,4053
TUBGCP6,5188
HDAC10,2352
MAPK12,1220
MAPK11,787
PLXNB2,24365
DENND6B,1047
PPP6R2,5345
SBF1,4106
ADM2,975
MIOX,62
LMF2,5085
NCAPH2,3990
SCO2,5677
TYMP,19434
ODF3B,6768
KLHDC7B,1731
SYCE3,330
CPT1B,2400
CHKB,8577
MAPK8IP2,1992
ARSA,4155
SHANK3,1130
PLCXD1,2082
GTPBP6,4410
PPP2R3B,2762
SHOX,13
CRLF2,45
CSF2RA,1112
IL3RA,470
SLC25A6,9216
ASMTL,3236
P2RY8,144
AKAP17A,5413
ASMT,39
DHRSX,2359
ZBED1,5345
CD99,9613
XG,376
GYG2,830
ARSD,2955
ARSE,208
ARSH,101
ARSF,56
MXRA5,4826
PRKX,603
NLGN4X,567
PUDP,414
STS,992
PNPLA4,2927
VCX2,7
ANOS1,1364
FAM9A,17
FAM9B,8
TBL1X,2721
GPR143,403
SHROOM2,863
CLDN34,77
WWC3,4476
CLCN4,311
MID1,1212
HCCS,3315
ARHGAP6,337
AMELX,59
FRMPD4,57
PRPS2,4997
TLR7,703
TLR8,124
TMSB4X,276186
FAM9C,45
ATXN3L,57
EGFL6,841
TCEANC,610
RAB9A,2986
OFD1,4902
GPM6B,465
GEMIN8,1215
GLRA2,66
FANCB,1138
MOSPD2,2380
ASB9,397
ASB11,18
PIGA,1002
VEGFD,114
PIR,3560
BMX,68
ACE2,83
CLTRN,341
CA5B,1379
ZRSR2,1042
AP1S2,2401
GRPR,4010
MAGEB17,415
CTPS2,6106
S100G,116
SYAP1,15375
TXLNG,2630
RBBP7,8265
REPS2,4848
NHS,672
SCML1,1303
RAI2,833
BEND2,38
SCML2,452
CDKL5,2016
RS1,48
PPEF1,213
PHKA2,2454
ADGRG2,39
PDHA1,8767
MAP3K15,90
SH3KBP1,1897
BCLAF3,3370
MAP7D2,322
EIF1AX,741
CNKSR2,209
KLHL34,152
SMPX,92
MBTPS2,1087
YY2,192
SMS,16048
PHEX,242
CBLL2,42
DDX53,48
PTCHD1,376
PRDX4,6517
ACOT9,4066
SAT1,26626
APOO,704
CXORF58,49
KLHL15,1234
EIF2S3,1308
ZFX,2374
PDK3,3458
PCYT1B,64
POLA1,2630
ARX,192
MAGEB18,41
MAGEB6B,43
MAGEB6,54
MAGEB5,32
PPP4R3C,54
DCAF8L2,78
MAGEB10,60
DCAF8L1,63
IL1RAPL1,52
MAGEB2,40
MAGEB3,32
MAGEB4,209
MAGEB1,79
NR0B1,54
CXORF21,487
TAB3,2752
FTHL17,43
DMD,747
FAM47A,60
TMEM47,501
FAM47B,30
MAGEB16,53
CFAP47,569
FAM47C,34
PRRG1,909
LANCL3,100
XK,160
CYBB,2763
DYNLT3,2448
HYPM,100
AL121578.2,93
SYTL5,555
SRPX,1048
RPGR,1264
OTC,39
TSPAN7,248
MID1IP1,3615
BCOR,3450
ATP6AP2,8191
MPC1L,51
CXORF38,2822
MED14,3811
USP9X,16037
DDX3X,4688
NYX,34
CASK,12155
GPR34,1123
PPP1R2C,54
MAOA,447
MAOB,15471
NDP,615
EFHC2,293
FUNDC1,1656
DUSP21,54
KDM6A,4233
DIPK2B,479
KRBOX4,1613
ZNF674,343
CHST7,265
SLC9A7,2430
RP2,2083
JADE3,3363
RGN,278
NDUFB11,6546
RBM10,4322
UBA1,8098
CDK16,16692
USP11,2224
ZNF157,4
ZNF41,1179
ARAF,4357
SYN1,126
TIMP1,23431
CFP,180
ELK1,3648
UXT,7061
ZNF182,1281
ZNF630,1291
SSX5,40
SSX3,86
SLC38A5,785
FTSJ1,2736
PORCN,993
EBP,3711
TBC1D25,489
RBM3,14375
WDR13,5258
WAS,830
SUV39H1,1216
GLOD5,96
GATA1,24
HDAC6,4406
ERAS,74
PCSK1N,983
PQBP1,4556
TIMM17B,3782
SLC35A2,718
PIM2,1851
OTUD5,5688
KCND1,186
GRIPAP1,5664
TFE3,4936
CCDC120,2069
PRAF2,1767
WDR45,2148
GPKOW,2298
MAGIX,634
PLP2,4337
PRICKLE3,1720
SYP,135
CACNA1F,140
CCDC22,639
FOXP3,292
PPP1R3F,562
GAGE10,31
GAGE1,18
PAGE1,23
PAGE4,39
USP27X,365
CLCN5,1137
AKAP4,54
CCNB3,105
DGKK,31
SHROOM4,246
BMP15,63
NUDT10,78
EZHIP,55
NUDT11,81
CENPVL3,45
GSPT2,685
MAGED1,8422
XAGE2,139
SSX7,21
SPANXN5,19
XAGE5,22
XAGE3,95
GPR173,709
TSPYL2,3770
KANTR,307
KDM5C,14535
IQSEC2,2925
SMC1A,10413
RIBC1,726
HSD17B10,5681
HUWE1,6278
PHF8,3390
FAM120C,2203
WNK3,206
TSR2,5775
FGD1,2249
GNL3L,4186
ITIH6,271
MAGED2,41453
TRO,749
PFKFB1,273
APEX2,2548
ALAS2,56
FAM104B,2745
PAGE3,43
MAGEH1,4056
USP51,478
FOXR2,68
RRAGB,1758
KLF8,1148
UBQLN2,5797
NBDY,765
SPIN3,2187
SPIN2B,166
FAAH2,1243
ZXDB,515
NLRP2B,43
ZXDA,278
SPIN4,2099
ARHGEF9,1939
AMER1,1407
ASB12,82
MTMR8,156
ZC4H2,483
ZC3H12B,70
LAS1L,2673
MSN,13066
VSIG4,752
HEPH,1295
EDA2R,285
AR,4799
OPHN1,1245
YIPF6,3571
STARD8,592
EFNB1,2231
PJA1,3574
FAM155B,137
EDA,359
AWAT2,33
OTUD6A,29
IGBP1,2107
DGAT2L6,44
AWAT1,68
ARR3,12
RAB41,44
PDZD11,3423
KIF4A,1221
GDPD2,368
DLG3,3700
TEX11,87
SLC7A3,24
SNX12,6385
FOXO4,1550
CXORF65,163
IL2RG,1479
MED12,2815
NLGN3,146
GJB1,189
ZMYM3,3069
NONO,5708
ITGB1BP2,572
TAF1,2241
OGT,15814
GCNA,376
CXCR3,245
BX276092.9,87
NHSL2,753
RTL5,242
ERCC6L,575
CITED1,127
HDAC8,2796
PHKA1,2333
PABPC1L2A,22
NAP1L2,202
CDX4,47
CHIC1,1055
ZCCHC13,41
SLC16A2,947
RLIM,2327
NEXMIF,321
ABCB7,3698
UPRT,1121
ZDHHC15,173
MAGEE2,53
PBDC1,2522
MAGEE1,465
FGF16,83
ATRX,9387
MAGT1,4879
COX7B,3216
ATP7A,1414
PGK1,3621
TAF9B,1213
CYSLTR1,269
RTL3,68
LPAR4,98
P2RY10,530
GPR174,330
ITM2A,995
TBX22,82
TENT5D,61
BRWD3,2504
HMGN5,1209
SH3BGRL,19259
POU3F4,32
CYLC1,53
HDX,523
APOOL,2423
ZNF711,1465
POF1B,552
CHM,1578
DACH2,64
KLHL4,75
CPXCR1,49
TGIF2LX,15
PABPC5,261
PCDH11X,60
NAP1L3,230
FAM133A,117
DIAPH2,1793
RPA4,260
PCDH19,347
TNMD,62
TSPAN6,3004
SRPX2,2279
SYTL4,1245
CSTF2,1007
NOX1,70
XKRX,144
ARL13A,37
TRMT2B,2002
TMEM35A,69
CENPI,1596
DRP2,98
TAF7L,228
TIMM8A,1638
BTK,554
GLA,1826
HNRNPH2,4334
ARMCX4,758
ARMCX1,2693
ARMCX6,2580
ARMCX3,5853
ARMCX2,3295
NXF5,28
ZMAT1,1969
TCEAL2,74
TCEAL6,157
BEX5,633
TCP11X1,17
TMSB15A,958
ARMCX5,1953
GPRASP1,674
GPRASP2,785
BEX1,238
NXF3,54
BEX4,7611
TCEAL8,9838
TCEAL5,3
BEX2,215
TCEAL7,140
TCEAL9,5990
BEX3,20502
RAB40A,87
TCEAL4,9649
TCEAL3,4520
TCEAL1,5404
MORF4L2,8613
GLRA4,88
TMEM31,90
PLP1,204
RAB9B,415
TMSB15B,1388
H2BFWT,23
H2BFM,17
TMSB15B,273
SLC25A53,275
ZCCHC18,174
FAM199X,6761
ESX1,40
IL1RAPL2,120
TEX13A,54
NRK,1698
SERPINA7,58
PWWP3B,967
RADX,315
RNF128,855
TBC1D8B,1416
MORC4,1524
RIPPLY1,96
CLDN2,158
RBM41,2661
NUP62CL,316
PIH1D3,64
FRMPD3,280
PRPS1,2938
TSC22D3,12798
NCBP2L,162
MID2,2386
TEX13B,48
VSIG1,57
PSMD10,8735
ATG4A,1681
COL4A6,438
COL4A5,4784
IRS4,1423
GUCY2F,49
NXT2,2473
KCNE5,41
ACSL4,1732
TMEM164,2082
AMMECR1,1537
RTL9,55
CHRDL1,156
PAK3,118
CAPN6,467
DCX,352
SERTM2,56
ALG13,5017
TRPC5,70
TRPC5OS,57
RTL4,42
LHFPL1,97
AMOT,1803
HTR2C,43
IL13RA2,78
LRCH2,329
RBMXL3,42
LUZP4,40
PLS3,7132
AGTR2,40
SLC6A14,1923
CT83,878
KLHL13,384
WDR44,2001
DOCK11,964
IL13RA1,8124
ZCCHC12,61
LONRF3,437
AL772284.2,41
KIAA1210,87
PGRMC1,13170
SLC25A43,1848
SLC25A5,163
CXORF56,3399
UBE2A,7518
NKRF,1737
SEPTIN6,2310
SOWAHD,116
UPF3B,1245
RNF113A,1906
NDUFA1,13073
AKAP14,75
NKAP,1573
RHOXF2B,12
RHOXF1,56
ZBTB33,4078
TMEM255A,76
ATP1B4,79
LAMP2,14745
CUL4B,7124
MCTS1,3836
C1GALT1C1,2315
CT47B1,42
GRIA3,228
THOC2,5746
XIAP,2707
STAG2,8132
SH2D1A,367
TEX13D,44
TENM1,129
TEX13C,31
DCAF12L2,58
DCAF12L1,18
PRR32,60
ACTRT1,55
SMARCA1,1787
OCRL,3453
APLN,301
XPNPEP2,26
SASH3,747
ZDHHC9,3949
UTP14A,597
BCORL1,881
ELF4,2159
AIFM1,4985
RAB33A,139
ZNF280C,890
SLC25A14,902
GPR119,72
RBMX2,1236
ENOX2,1832
ARHGAP36,84
IGSF1,158
OR13H1,38
STK26,2018
FRMD7,54
RAP2C,5238
MBNL3,895
HS6ST2,274
USP26,86
TFDP3,44
GPC4,1590
GPC3,2613
CCDC160,460
PHF6,3334
HPRT1,4827
PLAC1,259
FAM122B,5550
FAM122C,703
MOSPD1,1339
SMIM10,278
RTL8B,1010
RTL8C,3517
RTL8A,934
SMIM10L2B,222
CT55,53
ZNF75D,1075
ETDC,26
ZNF449,829
SMIM10L2A,256
INTS6L,1124
SAGE1,15
MMGT1,1261
SLC9A6,705
FHL1,535
MAP7D3,379
ADGRG4,59
BRS3,78
HTATSF1,6100
VGLL1,2201
CD40LG,111
ARHGEF6,2806
RBMX,4961
GPR101,62
ZIC3,38
FGF13,582
F9,74
MCF2,82
ATP11C,2166
CXORF66,52
SOX3,38
CDR1,26
SPANXB1,49
LDOC1,3740
SPANXD,35
MAGEC3,96
MAGEC1,71
MAGEC2,139
SPANXN4,12
SPANXN3,26
SLITRK4,190
SPANXN2,52
SPANXN1,14
SLITRK2,73
FMR1,4173
FMR1NB,45
AFF2,251
IDS,6806
CXORF40A,2110
HSFX3,110
MAGEA9B,27
TMEM185A,5490
MAGEA11,102
MAGEA8,62
HSFX4,24
MAMLD1,782
MTM1,1735
MTMR1,3058
CD99L2,2009
HMGB3,1542
VMA21,5704
PASD1,30
PRRG3,130
FATE1,47
CNGA2,89
MAGEA4,1026
GABRE,3274
MAGEA10,82
GABRA3,66
GABRQ,83
CSAG1,36
MAGEA12,121
MAGEA6,95
CETN2,5888
NSDHL,2833
ZNF185,1974
PNMA5,59
PNMA3,173
PNMA6A,91
MAGEA1,31
AC236972.4,7
PNMA6F,31
ZNF275,1894
PNMA6E,31
ZFP92,137
TREX2,15
BGN,25759
ATP2B3,69
CCNQ,2822
DUSP9,346
PNCK,844
SLC6A8,5912
BCAP31,8659
ABCD1,2962
SRPK3,567
IDH3G,5736
SSR4,8170
PDZD4,239
L1CAM,505
AVPR2,59
ARHGAP4,3026
NAA10,5797
RENBP,831
HCFC1,8008
TMEM187,1095
IRAK1,7380
MECP2,3645
OPN1LW,12
TKTL1,36
FLNA,17062
EMD,11394
DNASE1L1,2188
TAZ,1971
ATP6AP1,10541
GDI1,7656
FAM50A,5960
PLXNA3,7358
LAGE3,5370
UBL4A,935
SLC10A3,2344
FAM3A,2472
G6PD,7770
IKBKG,4645
CTAG2,12
GAB3,523
DKC1,7645
MPP1,2259
SMIM9,56
F8,456
F8A1,307
FUNDC2,941
CMC4,3821
MTCP1,332
BRCC3,2927
VBP1,4359
RAB39B,355
CLIC2,839
TMLHE,2467
SPRY3,203
VAMP7,3752
IL9R,113
TGIF2LY,1
PCDH11Y,1
PRKY,2
USP9Y,1
DDX3Y,1
UTY,2
TMSB4Y,1
KDM5D,3
MT-ND1,51955
MT-ND2,55918
MT-CO2,154301
MT-ATP6,170028
MT-CO3,279456
MT-ND3,34595
MT-ND4L,216884
MT-ND4,153697
MT-ND5,15610
MT-ND6,50091
MT-CYB,164600
