gene,count
A1BG,6458
A1CF,1004
A2M,33510
A2ML1,5238
A3GALT2,687
A4GALT,45563
A4GNT,4454
AAAS,35085
AACS,27863
AADAC,3028
AADACL2,5087
AADACL3,1483
AADACL4,4459
AADAT,14117
AAGAB,93812
AAK1,45795
AAMDC,42120
AAMP,52155
AANAT,8276
AAR2,20567
AARD,34838
AARS1,74741
AARS2,20931
AARSD1,22976
AASDH,29762
AASDHPPT,20703
AASS,28534
AATF,21483
AATK,2964
ABAT,30400
ABCA1,47847
ABCA10,30379
ABCA12,8463
ABCA13,3217
ABCA2,72815
ABCA3,21195
ABCA4,5493
ABCA5,87985
ABCA6,77097
ABCA7,7598
ABCA8,36778
ABCA9,38123
ABCB1,10218
ABCB10,906
ABCB11,1475
ABCB4,1442
ABCB5,4270
ABCB6,666
ABCB7,19007
ABCB8,25060
ABCB9,890
ABCC1,13432
ABCC11,4661
ABCC12,2706
ABCC2,8380
ABCC3,23267
ABCC4,2915
ABCC5,84422
ABCC6,3158
ABCC8,4578
ABCC9,15701
ABCD1,8940
ABCD2,4617
ABCD3,58469
ABCD4,15531
ABCE1,13742
ABCF1,67927
ABCF2,9160
ABCF3,44438
ABCG1,20152
ABCG2,7078
ABCG4,2207
ABCG5,4182
ABCG8,2337
ABHD1,4255
ABHD10,36034
ABHD11,53809
ABHD12,42706
ABHD12B,2177
ABHD13,27633
ABHD14A,3303
ABHD14B,48986
ABHD15,15708
ABHD16A,11963
ABHD16B,760
ABHD17A,6339
ABHD17B,21716
ABHD17C,17229
ABHD18,36783
ABHD2,328988
ABHD3,43345
ABHD4,43483
ABHD5,13096
ABHD6,5596
ABHD8,10260
ABI1,52203
ABI2,51890
ABI3,2868
ABI3BP,25315
ABITRAM,16946
ABL1,48885
ABL2,24244
ABLIM1,59432
ABLIM2,5315
ABLIM3,25185
ABO,5631
ABR,10503
ABRA,1621
ABRACL,2567
ABRAXAS1,22964
ABRAXAS2,37468
ABT1,9774
ABTB1,7142
ABTB2,3648
ABTB3,5773
ACAA1,57724
ACAA2,8876
ACACA,32536
ACACB,5529
ACAD10,22655
ACAD11,49933
ACAD8,48409
ACAD9,50983
ACADL,5363
ACADM,65962
ACADS,9714
ACADSB,223388
ACADVL,107588
ACAN,1958
ACAP1,9646
ACAP2,13115
ACAP3,20004
ACAT1,42740
ACAT2,43484
ACBD3,136805
ACBD4,13395
ACBD5,67039
ACBD6,92954
ACBD7,10101
ACCS,7996
ACCSL,3445
ACD,20528
ACE,37812
ACE2,1341
ACER1,1260
ACER3,8976
ACHE,5379
ACIN1,60900
ACKR1,7148
ACKR2,5879
ACKR3,3008
ACLY,42348
ACMSD,3678
ACO1,17086
ACO2,18418
ACOD1,3619
ACOT1,1851
ACOT11,5360
ACOT12,5524
ACOT13,38742
ACOT2,7231
ACOT4,7361
ACOT6,2220
ACOT7,18204
ACOT8,15745
ACOT9,19460
ACOX1,75282
ACOX2,5020
ACOX3,50903
ACOXL,2758
ACP1,42632
ACP2,31869
ACP3,3160
ACP4,1559
ACP5,77167
ACP6,27530
ACP7,3040
ACRV1,4176
ACSBG1,3085
ACSBG2,1556
ACSF2,14830
ACSF3,28788
ACSL1,46417
ACSL3,143127
ACSL4,26556
ACSL5,3437
ACSM1,9886
ACSM2A,557
ACSM2B,7432
ACSM3,5698
ACSM4,1981
ACSM5,1977
ACSM6,3379
ACSS1,23683
ACSS2,35165
ACSS3,4618
ACTA1,1386
ACTA2,11290
ACTBL2,3471
ACTC1,2003
ACTG1,111725
ACTG2,15120
ACTL10,3889
ACTL6A,51521
ACTL6B,3262
ACTL7A,2233
ACTL7B,1197
ACTL8,4879
ACTL9,258
ACTMAP,6596
ACTN1,79366
ACTN2,4025
ACTN3,1648
ACTN4,274265
ACTR10,52618
ACTR1A,64166
ACTR1B,117233
ACTR2,25815
ACTR3,37722
ACTR3B,11948
ACTR3C,13157
ACTR5,17049
ACTR6,21186
ACTR8,15157
ACTRT1,3599
ACTRT3,4768
ACVR1,14718
ACVR1B,37190
ACVR1C,3540
ACVR2A,18286
ACVR2B,10557
ACVRL1,9362
ACY1,9378
ACY3,2180
ACYP1,41148
ACYP2,28989
ADA,3128
ADA2,14399
ADAD1,6040
ADAD2,4978
ADAL,28064
ADAM10,117565
ADAM11,1230
ADAM12,33489
ADAM15,219043
ADAM17,69101
ADAM18,2498
ADAM19,4315
ADAM2,4982
ADAM20,6320
ADAM21,1463
ADAM22,10562
ADAM23,5468
ADAM28,9157
ADAM29,4454
ADAM30,5759
ADAM32,4507
ADAM33,28707
ADAM7,1309
ADAM8,20519
ADAM9,46316
ADAMDEC1,2553
ADAMTS1,34176
ADAMTS10,12456
ADAMTS12,9075
ADAMTS13,6961
ADAMTS14,1288
ADAMTS15,1677
ADAMTS16,4276
ADAMTS17,4691
ADAMTS18,3516
ADAMTS19,839
ADAMTS2,13845
ADAMTS20,3992
ADAMTS3,3133
ADAMTS4,10619
ADAMTS5,11303
ADAMTS6,5824
ADAMTS7,1223
ADAMTS8,2561
ADAMTS9,6568
ADAMTSL1,4665
ADAMTSL2,6055
ADAMTSL3,4379
ADAMTSL4,3300
ADAMTSL5,8831
ADAP1,1773
ADAP2,6252
ADAR,203578
ADARB1,2560
ADARB2,1162
ADAT1,48053
ADAT2,10039
ADAT3,1285
ADCK2,43389
ADCK5,14208
ADCY1,278834
ADCY10,4992
ADCY2,5707
ADCY3,10719
ADCY4,5746
ADCY5,824
ADCY6,7181
ADCY7,8348
ADCY8,2433
ADCY9,37380
ADCYAP1,6605
ADCYAP1R1,4032
ADD1,129298
ADD2,6778
ADD3,66847
ADGB,1385
ADGRA1,1775
ADGRA2,9846
ADGRA3,11185
ADGRB1,6152
ADGRB2,7796
ADGRB3,3400
ADGRD1,2453
ADGRD2,2483
ADGRE1,2496
ADGRE2,3055
ADGRE3,3361
ADGRE5,18729
ADGRF1,6289
ADGRF3,1691
ADGRF4,3605
ADGRF5,12921
ADGRG1,70273
ADGRG2,3678
ADGRG3,2597
ADGRG4,6247
ADGRG5,5305
ADGRG6,3427
ADGRG7,3713
ADGRL1,10387
ADGRL2,22595
ADGRL3,3421
ADGRL4,15766
ADGRV1,25613
ADH1A,2409
ADH1B,4070
ADH1C,3416
ADH4,1275
ADH5,4297
ADH6,3170
ADH7,3316
ADHFE1,12415
ADI1,3751
ADIG,793
ADIPOQ,6454
ADIPOR1,126104
ADIPOR2,57770
ADIRF,6046
ADISSP,13042
ADK,55894
ADM,22087
ADM2,10249
ADM5,2437
ADNP,86199
ADNP2,47716
ADO,48968
ADORA1,4469
ADORA2A,2763
ADORA2B,7950
ADORA3,5508
ADPGK,39670
ADPRH,11811
ADPRHL1,12530
ADPRM,7665
ADPRS,18553
ADRA1A,4610
ADRA1B,2500
ADRA1D,1849
ADRA2A,6617
ADRA2B,3227
ADRA2C,5225
ADRB1,32075
ADRB2,9465
ADRB3,1735
ADRM1,19429
ADSL,56601
ADSS1,7361
ADSS2,64501
ADTRP,6314
AEBP1,106380
AEBP2,74745
AEN,15407
AFAP1,35456
AFAP1L1,6746
AFAP1L2,30711
AFDN,128197
AFF1,91484
AFF2,3347
AFF3,358319
AFF4,45690
AFG1L,5569
AFG3L2,39344
AFM,4728
AFP,54
AFTPH,43270
AGA,36967
AGAP1,8251
AGAP2,10291
AGAP3,19896
AGAP5,58790
AGAP9,29252
AGBL1,2379
AGBL2,4319
AGBL3,2830
AGBL4,2511
AGBL5,28845
AGER,7550
AGFG2,20306
AGGF1,3775
AGK,16284
AGL,48311
AGMAT,5714
AGMO,2774
AGO1,17715
AGO2,32048
AGO3,17010
AGO4,51810
AGPAT1,56217
AGPAT2,14583
AGPAT3,63319
AGPAT4,6241
AGPAT5,15982
AGPS,64140
AGR2,69789
AGR3,426749
AGRN,59850
AGRP,344
AGT,4155
AGTPBP1,18823
AGTR1,26557
AGTR2,3760
AGTRAP,98926
AGXT,2160
AGXT2,1583
AHCTF1,1774
AHCY,38878
AHCYL1,47214
AHCYL2,31150
AHDC1,30411
AHI1,31818
AHNAK,91142
AHNAK2,10469
AHR,14203
AHRR,2874
AHSG,1846
AHSP,2257
AICDA,1720
AIDA,20909
AIF1,2462
AIF1L,12863
AIFM1,12498
AIFM2,17466
AIFM3,6842
AIG1,39135
AIM2,4829
AIMP1,99721
AIMP2,32264
AIPL1,2252
AIRE,853
AJAP1,2996
AJM1,5772
AJUBA,10997
AK1,17236
AK3,35571
AK4,19770
AK5,22591
AK6,20837
AK7,3679
AK8,13663
AK9,33120
AKAIN1,1834
AKAP1,119948
AKAP10,59370
AKAP11,30561
AKAP12,12326
AKAP13,125033
AKAP14,5236
AKAP3,4200
AKAP5,33401
AKAP6,5645
AKAP7,9017
AKAP8,30983
AKAP8L,83445
AKAP9,132977
AKIP1,32649
AKIRIN1,11370
AKIRIN2,47935
AKNA,21533
AKR1A1,200905
AKR1B1,25360
AKR1B10,2239
AKR1B15,4233
AKR1C1,8776
AKR1C2,3529
AKR1C3,15934
AKR1C4,3819
AKR1C8,2775
AKR1D1,1421
AKR1E2,15025
AKR7A2,37967
AKR7A3,1640
AKT1,238030
AKT1S1,15051
AKT2,94587
AKT3,26480
AKTIP,11985
ALAD,39576
ALAS1,26139
ALAS2,1994
ALB,4671
ALCAM,127922
ALDH16A1,18030
ALDH18A1,58354
ALDH1A1,946
ALDH1A2,7931
ALDH1A3,11476
ALDH1B1,8857
ALDH1L1,1450
ALDH1L2,7656
ALDH2,21864
ALDH3A1,450
ALDH3A2,27769
ALDH3B1,13124
ALDH3B2,46901
ALDH4A1,24640
ALDH5A1,29597
ALDH6A1,35941
ALDH7A1,5903
ALDH8A1,2017
ALDH9A1,62845
ALDOA,2943
ALDOB,458
ALDOC,8455
ALG1,20166
ALG10,5876
ALG10B,27044
ALG11,5161
ALG12,21176
ALG13,31000
ALG14,21625
ALG2,53202
ALG3,950
ALG5,14332
ALG6,12860
ALG8,31741
ALG9,14494
ALK,1220
ALKAL1,4595
ALKAL2,6520
ALKBH1,7679
ALKBH2,12973
ALKBH3,18491
ALKBH4,9381
ALKBH5,751
ALKBH6,3651
ALKBH7,1565
ALKBH8,11645
ALLC,2892
ALMS1,45816
ALOX12,1989
ALOX12B,1515
ALOX15,2875
ALOX15B,2091
ALOX5,12209
ALOX5AP,8126
ALOXE3,2293
ALPG,164
ALPI,1346
ALPK1,18065
ALPK2,4176
ALPK3,11071
ALPL,11856
ALPP,1569
ALS2,24134
ALS2CL,3594
ALX1,3291
ALX3,4147
ALX4,10186
ALYREF,14587
AMACR,5849
AMBN,1451
AMBP,738
AMBRA1,22968
AMD1,32756
AMDHD1,3862
AMDHD2,21311
AMELX,3524
AMER1,5882
AMER2,2428
AMER3,1457
AMFR,124042
AMH,9726
AMHR2,1337
AMIGO1,3324
AMIGO2,11382
AMMECR1,9490
AMMECR1L,6407
AMN,3622
AMN1,22725
AMOT,7788
AMOTL1,24625
AMOTL2,42219
AMPD1,3836
AMPD2,11787
AMPD3,20758
AMPH,16643
AMT,10403
AMTN,1872
AMY2B,8808
AMZ1,9168
AMZ2,62287
ANAPC1,20677
ANAPC10,22406
ANAPC11,13166
ANAPC13,19063
ANAPC15,31430
ANAPC16,94915
ANAPC2,44084
ANAPC4,44502
ANAPC5,42231
ANAPC7,39387
ANG,2997
ANGEL1,7902
ANGEL2,31537
ANGPT1,8914
ANGPT2,3338
ANGPT4,2442
ANGPTL1,8767
ANGPTL2,19935
ANGPTL3,1446
ANGPTL4,1125
ANGPTL5,4852
ANGPTL6,1213
ANGPTL7,3109
ANGPTL8,1769
ANHX,1654
ANK1,1005
ANK2,24842
ANK3,47092
ANKAR,12202
ANKDD1A,15936
ANKDD1B,2555
ANKEF1,18330
ANKFN1,10096
ANKFY1,30606
ANKH,25390
ANKHD1,175155
ANKIB1,72553
ANKK1,2407
ANKLE1,1050
ANKLE2,51652
ANKMY1,9150
ANKMY2,30458
ANKRA2,53744
ANKRD1,2206
ANKRD10,156998
ANKRD11,50040
ANKRD12,111140
ANKRD13A,38065
ANKRD13B,8184
ANKRD13C,41015
ANKRD13D,25388
ANKRD16,28419
ANKRD17,120327
ANKRD18A,11284
ANKRD18B,14712
ANKRD2,1223
ANKRD22,7871
ANKRD23,31
ANKRD24,4513
ANKRD26,25719
ANKRD27,20034
ANKRD28,41650
ANKRD29,18665
ANKRD30A,139157
ANKRD30B,1490
ANKRD30BL,28520
ANKRD31,1883
ANKRD33,3027
ANKRD33B,5285
ANKRD34A,3475
ANKRD34B,3045
ANKRD34C,4377
ANKRD35,5116
ANKRD36B,16626
ANKRD36C,77625
ANKRD37,13947
ANKRD39,17537
ANKRD40,242537
ANKRD40CL,11525
ANKRD42,32586
ANKRD44,21425
ANKRD45,1893
ANKRD46,23759
ANKRD49,11750
ANKRD50,59189
ANKRD52,31117
ANKRD53,5004
ANKRD54,27443
ANKRD55,4197
ANKRD6,9558
ANKRD60,1802
ANKRD61,2752
ANKRD62,3694
ANKRD65,10250
ANKRD66,3250
ANKRD7,6900
ANKRD9,11045
ANKS1A,28346
ANKS1B,3999
ANKS3,24564
ANKS4B,3295
ANKS6,5501
ANKUB1,3488
ANKZF1,52177
ANLN,3820
ANO1,276742
ANO10,24873
ANO2,5583
ANO3,4190
ANO4,2536
ANO5,3952
ANO6,29258
ANO7,6519
ANO8,14764
ANO9,32317
ANOS1,5926
ANP32A,52547
ANP32B,16816
ANP32D,64
ANP32E,60163
ANPEP,27252
ANTKMT,33060
ANTXR1,9374
ANTXR2,21201
ANTXRL,1549
ANXA1,1886
ANXA10,8553
ANXA11,48616
ANXA13,3045
ANXA2,315148
ANXA2R,8190
ANXA3,39038
ANXA4,17365
ANXA5,535424
ANXA6,35260
ANXA7,113730
ANXA9,37286
AOAH,16007
AOC1,1795
AOC2,3981
AOC3,3418
AOX1,5327
AP1AR,79020
AP1B1,86937
AP1G1,77491
AP1G2,189574
AP1M1,44070
AP1S1,57559
AP1S3,7487
AP2A1,32936
AP2A2,34998
AP2B1,1241
AP2M1,208133
AP2S1,54425
AP3B1,112522
AP3B2,5763
AP3D1,38959
AP3M1,19982
AP3M2,19497
AP3S1,8450
AP3S2,8711
AP4B1,21597
AP4E1,16723
AP4M1,26544
AP4S1,23765
AP5M1,28533
AP5S1,2146
AP5Z1,39521
APAF1,11431
APBA1,5876
APBA2,3891
APBB1,9316
APBB1IP,18273
APBB2,122823
APBB3,19042
APC,36388
APC2,770
APCDD1,10308
APCDD1L,4124
APCS,3585
APEH,25031
APELA,4595
APEX1,132542
APEX2,50386
APH1A,61531
APH1B,23216
API5,53191
APIP,2979
APLF,27882
APLN,2825
APLNR,5564
APLP1,2327
APLP2,49478
APMAP,64830
APOA1,316
APOA2,2776
APOA4,659
APOA5,2087
APOB,6820
APOBEC1,3032
APOBEC2,4405
APOBEC3A,576
APOBEC3B,4688
APOBEC3C,2981
APOBEC3D,4159
APOBEC3F,4744
APOBEC3G,10053
APOBEC3H,4894
APOBEC4,5915
APOBR,10577
APOC1,2291
APOC2,418
APOC3,1281
APOC4,798
APOE,69997
APOF,3119
APOH,4735
APOL1,22155
APOL2,38656
APOL3,12675
APOL4,3580
APOL5,3244
APOL6,22303
APOLD1,34484
APOM,5106
APOO,11851
APOOL,60685
APP,305856
APPBP2,271504
APPL1,61156
APPL2,58540
APRT,100911
APTX,33222
AQP1,21306
AQP10,2487
AQP11,6235
AQP12B,3405
AQP2,2387
AQP4,2096
AQP5,290
AQP6,2102
AQP7,3872
AQP7B,2839
AQP8,983
AQP9,5617
AQR,14790
AR,47022
ARAF,72366
ARAP1,51565
ARAP2,23749
ARAP3,11780
ARCN1,79118
AREG,41112
AREL1,7190
ARF1,276777
ARF5,130442
ARF6,138715
ARFGAP1,44819
ARFGAP2,27420
ARFGAP3,31520
ARFGEF1,231839
ARFGEF2,76776
ARFGEF3,43837
ARFIP1,60509
ARFIP2,85461
ARFRP1,51611
ARG1,4440
ARG2,2986
ARGFX,6318
ARGLU1,106989
ARHGAP1,103313
ARHGAP10,16559
ARHGAP11A,5611
ARHGAP11B,42069
ARHGAP12,51653
ARHGAP15,9876
ARHGAP17,56368
ARHGAP18,15987
ARHGAP19,18798
ARHGAP20,2734
ARHGAP21,64959
ARHGAP22,8285
ARHGAP23,12316
ARHGAP24,9115
ARHGAP25,13295
ARHGAP26,32707
ARHGAP27,10495
ARHGAP28,4176
ARHGAP29,3608
ARHGAP30,2619
ARHGAP31,14313
ARHGAP32,109325
ARHGAP33,26659
ARHGAP35,77416
ARHGAP36,454
ARHGAP39,36917
ARHGAP4,21095
ARHGAP40,7317
ARHGAP42,12964
ARHGAP44,3753
ARHGAP45,15345
ARHGAP5,91678
ARHGAP6,7277
ARHGAP9,7022
ARHGDIA,24995
ARHGDIB,31024
ARHGDIG,1097
ARHGEF1,54381
ARHGEF10,5125
ARHGEF10L,34117
ARHGEF11,19484
ARHGEF12,58420
ARHGEF15,11944
ARHGEF16,26122
ARHGEF17,6369
ARHGEF18,36459
ARHGEF19,15247
ARHGEF2,25180
ARHGEF25,29625
ARHGEF26,8749
ARHGEF28,16568
ARHGEF3,6095
ARHGEF33,3675
ARHGEF35,66079
ARHGEF37,21421
ARHGEF38,36953
ARHGEF39,1500
ARHGEF4,3048
ARHGEF40,8000
ARHGEF5,11679
ARHGEF6,18726
ARHGEF7,81024
ARHGEF9,31201
ARID1A,119032
ARID1B,53787
ARID2,34852
ARID3A,8199
ARID3B,6532
ARID3C,1747
ARID4A,82460
ARID4B,119235
ARID5A,27948
ARID5B,10107
ARIH1,92133
ARIH2,52989
ARL1,116026
ARL10,9510
ARL11,5192
ARL13A,4832
ARL13B,5005
ARL14,2853
ARL14EP,8899
ARL14EPL,3510
ARL15,18023
ARL16,271
ARL17B,22551
ARL2,5703
ARL2BP,58462
ARL3,81899
ARL4A,30748
ARL4C,32322
ARL4D,3580
ARL5A,9431
ARL5B,44288
ARL5C,1458
ARL6,13097
ARL6IP4,2331
ARL6IP5,8170
ARL6IP6,32828
ARL8A,49446
ARL8B,121323
ARL9,3434
ARMC1,14039
ARMC10,11844
ARMC12,1191
ARMC2,10863
ARMC3,7503
ARMC5,7688
ARMC6,17521
ARMC7,73166
ARMC8,4821
ARMC9,23070
ARMCX1,16709
ARMCX2,15311
ARMCX3,24574
ARMCX4,6025
ARMCX5,5183
ARMCX6,5699
ARMH1,5576
ARMH2,2007
ARMH3,52563
ARMH4,3092
ARMS2,1043
ARMT1,109390
ARNT,89072
ARNT2,8505
ARPC1A,5
ARPC1B,16838
ARPC2,14607
ARPC3,59327
ARPC4,2366
ARPC5,54264
ARPC5L,24962
ARPIN,25467
ARPP19,173045
ARPP21,3040
ARR3,1205
ARRB1,21668
ARRB2,30532
ARRDC1,41414
ARRDC2,80751
ARRDC3,57694
ARRDC4,20951
ARRDC5,5764
ARSA,4653
ARSB,12041
ARSD,23400
ARSF,2960
ARSG,38899
ARSH,2828
ARSI,2475
ARSJ,6485
ARSK,16617
ARSL,3797
ART1,742
ART3,8423
ART4,3299
ART5,3696
ARTN,5067
ARV1,41530
ARVCF,22377
ARX,13362
AS3MT,5362
ASAH1,80123
ASAH2,3938
ASAH2B,20524
ASAP1,52715
ASAP2,62801
ASAP3,20046
ASB1,16522
ASB10,1458
ASB11,4116
ASB12,2082
ASB13,30474
ASB14,1356
ASB15,1937
ASB16,835
ASB17,4356
ASB18,1939
ASB2,2789
ASB3,21231
ASB4,4522
ASB5,5736
ASB6,30514
ASB7,23866
ASB8,20044
ASB9,3327
ASCC1,20064
ASCC2,11609
ASCC3,52160
ASCL1,3674
ASCL2,486
ASCL3,1869
ASCL4,2524
ASCL5,862
ASF1A,17413
ASF1B,13705
ASGR1,4069
ASGR2,1393
ASH1L,187513
ASH2L,26288
ASIC1,4916
ASIC2,2513
ASIC3,8899
ASIC4,1588
ASIC5,2450
ASIP,4353
ASL,24337
ASNSD1,41271
ASPA,5615
ASPDH,3949
ASPG,1706
ASPH,61523
ASPHD1,5232
ASPHD2,4300
ASPM,4944
ASPN,20141
ASPSCR1,16585
ASRGL1,4454
ASS1,6071
ASTE1,13601
ASTL,4061
ASTN1,2908
ASTN2,105502
ASXL1,63546
ASXL2,53416
ASXL3,3976
ASZ1,2987
ATAD2,53111
ATAD2B,53556
ATAD3A,6813
ATAD3B,15194
ATAD3C,3994
ATAD5,15036
ATAT1,25244
ATCAY,1949
ATE1,115874
ATF1,24898
ATF2,29686
ATF3,11615
ATF4,4425
ATF5,3360
ATF6,64501
ATF6B,62887
ATF7,23135
ATF7IP,88554
ATF7IP2,6602
ATG10,13231
ATG101,21946
ATG12,80194
ATG13,68923
ATG14,22476
ATG16L1,27703
ATG16L2,38950
ATG2A,19096
ATG2B,23735
ATG3,96092
ATG4A,10454
ATG4B,45216
ATG4C,23845
ATG4D,12554
ATG5,91176
ATG7,22471
ATG9A,27361
ATG9B,3487
ATIC,71734
ATL1,8906
ATL2,50807
ATL3,106474
ATM,33724
ATMIN,20723
ATN1,105739
ATOH1,2826
ATOH7,6818
ATOH8,6762
ATOSA,125251
ATOSB,10450
ATOX1,44860
ATP10A,4210
ATP10B,1057
ATP10D,18383
ATP11A,28728
ATP11B,65498
ATP11C,12745
ATP12A,3088
ATP13A1,72868
ATP13A2,1863
ATP13A3,61782
ATP13A4,10639
ATP13A5,7105
ATP1A1,68869
ATP1A2,4199
ATP1A4,4010
ATP1B1,430
ATP1B2,4267
ATP1B4,4071
ATP23,9973
ATP2A1,254
ATP2A2,132094
ATP2A3,11102
ATP2B1,39823
ATP2B2,1622
ATP2B3,1611
ATP2B4,28909
ATP2C1,116911
ATP2C2,60081
ATP4A,1855
ATP4B,3027
ATP5F1A,166483
ATP5F1B,568
ATP5F1C,61381
ATP5F1D,14422
ATP5MC1,9917
ATP5MC2,28796
ATP5MC3,11166
ATP5ME,7887
ATP5MF,4777
ATP5MG,8176
ATP5MGL,3422
ATP5MJ,23316
ATP5MK,2377
ATP5PD,8161
ATP5PF,44747
ATP5PO,891
ATP6AP1,149622
ATP6AP2,24813
ATP6V0A1,20586
ATP6V0A2,33679
ATP6V0A4,10430
ATP6V0B,38593
ATP6V0C,1140
ATP6V0D1,5525
ATP6V0D2,6557
ATP6V0E1,59854
ATP6V0E2,14919
ATP6V1A,52286
ATP6V1B1,186869
ATP6V1B2,38519
ATP6V1C1,83756
ATP6V1C2,4280
ATP6V1D,55426
ATP6V1E1,9300
ATP6V1E2,7663
ATP6V1F,25872
ATP6V1FNB,3191
ATP6V1G1,273703
ATP6V1G2,6648
ATP6V1G3,3486
ATP6V1H,68812
ATP7A,42980
ATP7B,10001
ATP8A1,29673
ATP8A2,5003
ATP8B1,105785
ATP8B2,44245
ATP8B3,3967
ATP8B4,13270
ATP9A,55014
ATP9B,75795
ATPAF1,95862
ATPAF2,12431
ATPSCKMT,29453
ATR,29107
ATRAID,107239
ATRIP,2467
ATRN,45476
ATRNL1,3040
ATRX,56537
ATXN1,28643
ATXN10,40382
ATXN1L,26782
ATXN2,68596
ATXN2L,123691
ATXN3,41922
ATXN3L,5938
ATXN7,26145
ATXN7L1,34372
ATXN7L2,9435
ATXN7L3,28065
ATXN7L3B,28008
AUH,17695
AUNIP,7296
AUP1,121703
AURKA,22967
AURKB,8112
AURKC,4780
AUTS2,94702
AVEN,10551
AVIL,6912
AVL9,82535
AVPI1,4596
AVPR1A,14985
AVPR1B,2925
AVPR2,698
AWAT1,3300
AWAT2,2214
AXDND1,741
AXIN1,17110
AXIN2,33736
AXL,35868
AZGP1,25877
AZI2,31530
AZIN1,105246
AZIN2,5612
AZU1,5520
B2M,444871
B3GALNT1,44840
B3GALNT2,9598
B3GALT1,5620
B3GALT2,4321
B3GALT4,9469
B3GALT5,1589
B3GALT6,16733
B3GALT9,13246
B3GAT1,3894
B3GAT2,4596
B3GAT3,19651
B3GLCT,20997
B3GNT2,33402
B3GNT3,2038
B3GNT4,2813
B3GNT5,12991
B3GNT6,3365
B3GNT7,4212
B3GNT8,1925
B3GNT9,6181
B3GNTL1,4272
B4GALNT1,3605
B4GALNT2,7188
B4GALNT3,60273
B4GALNT4,21152
B4GALT1,69355
B4GALT2,39821
B4GALT3,71925
B4GALT4,2459
B4GALT5,14600
B4GALT6,8091
B4GALT7,25422
B4GAT1,124654
B9D1,8013
B9D2,10051
BAALC,5066
BAAT,3717
BABAM1,59429
BABAM2,24635
BACE1,13971
BACE2,52474
BACH1,106543
BACH2,6382
BAD,21985
BAG1,94295
BAG2,6991
BAG3,83120
BAG4,5950
BAG5,29907
BAG6,79319
BAHCC1,12556
BAHD1,15993
BAIAP2,18421
BAIAP2L1,39569
BAIAP2L2,668
BAIAP3,14548
BAK1,2105
BAMBI,37906
BANF1,40643
BANF2,3011
BANK1,11328
BANP,16034
BAP1,37909
BARD1,33910
BARHL1,1003
BARHL2,1961
BARX1,1339
BARX2,92470
BASP1,2244
BATF,4528
BATF2,4588
BATF3,3689
BAX,13593
BAZ1A,69814
BAZ1B,33360
BAZ2A,72326
BAZ2B,62525
BBC3,9640
BBIP1,24682
BBLN,25634
BBOF1,26375
BBOX1,7004
BBS1,81800
BBS10,26920
BBS12,10597
BBS2,70494
BBS4,42334
BBS5,11951
BBS7,23983
BBS9,21548
BBX,46467
BCAM,7104
BCAN,4691
BCAP29,25501
BCAP31,53525
BCAR1,14278
BCAR3,23600
BCAS1,738
BCAS2,20966
BCAS3,44261
BCAS4,7918
BCAT1,896
BCAT2,69821
BCCIP,83711
BCDIN3D,15403
BCHE,5629
BCKDHA,54023
BCKDHB,12348
BCKDK,16190
BCL10,24572
BCL11A,6518
BCL11B,11039
BCL2,210242
BCL2A1,8273
BCL2L1,85061
BCL2L10,5793
BCL2L11,34284
BCL2L12,3685
BCL2L13,47758
BCL2L15,5767
BCL2L2,69367
BCL3,37236
BCL6,17455
BCL6B,5507
BCL7A,27322
BCL7B,57413
BCL7C,5075
BCL9,46909
BCL9L,26619
BCLAF1,3420
BCLAF3,56357
BCO1,2933
BCO2,5479
BCOR,30843
BCORL1,14544
BCR,56120
BCS1L,8249
BDH1,16045
BDH2,15772
BDKRB1,4680
BDKRB2,4167
BDNF,4028
BDP1,80519
BEAN1,7303
BECN1,51155
BECN2,1445
BEGAIN,1949
BEND2,881
BEND3,5381
BEND4,3647
BEND5,3276
BEND6,8872
BEND7,11041
BEST1,5491
BEST2,3318
BEST3,47975
BEST4,2049
BET1,60871
BET1L,10217
BEX1,3600
BEX2,8845
BEX3,21147
BEX4,44730
BEX5,4807
BFAR,57389
BFSP1,5495
BFSP2,5148
BGN,3663
BHLHE22,2920
BHLHE40,274515
BHLHE41,67110
BHMT,2613
BHMT2,8782
BICC1,24196
BICD1,22389
BICD2,38405
BICDL1,53276
BICDL2,125290
BICRA,22512
BICRAL,43396
BID,22148
BIK,20010
BIN1,13013
BIN2,8217
BIN3,10174
BIRC2,65091
BIRC3,25702
BIRC5,26393
BIRC6,50088
BIRC7,351
BIVM,22707
BLACAT1,2549
BLCAP,85198
BLID,3577
BLK,1449
BLM,10398
BLMH,7823
BLNK,27057
BLOC1S1,33611
BLOC1S2,42576
BLOC1S3,12113
BLOC1S4,27524
BLOC1S5,44617
BLOC1S6,56923
BLTP1,88603
BLTP2,66086
BLTP3A,27919
BLTP3B,21516
BLVRA,110738
BLVRB,12589
BLZF1,34692
BMAL1,19557
BMAL2,4702
BMERB1,12854
BMF,9420
BMI1,43820
BMP1,10251
BMP10,4343
BMP15,2933
BMP2,3258
BMP2K,40623
BMP3,4375
BMP4,16319
BMP5,4266
BMP6,8397
BMP7,8355
BMP8A,4809
BMP8B,4187
BMPER,12090
BMPR1B,102595
BMPR2,37652
BMS1,84529
BMT2,28100
BMX,4540
BNC1,3713
BNC2,9080
BNIP1,14878
BNIP2,116010
BNIP3,6536
BNIP3L,43590
BNIP5,7613
BNIPL,51114
BOC,23395
BOD1,45715
BOD1L1,67991
BOD1L2,3603
BOK,17097
BOLA1,24709
BOLL,5647
BOP1,2538
BORA,23635
BORCS5,32796
BORCS6,2819
BORCS7,41570
BORCS8,28095
BPGM,10319
BPHL,44829
BPI,2538
BPIFA1,3115
BPIFA2,3176
BPIFA3,1135
BPIFB1,4830
BPIFB2,1883
BPIFB3,1051
BPIFB4,2346
BPIFB6,1758
BPIFC,3685
BPNT1,50328
BPNT2,118005
BPTF,45789
BRAF,65818
BRAP,22847
BRAT1,52540
BRCA1,19851
BRCA2,6328
BRCC3,20624
BRD1,103133
BRD2,206122
BRD3,54717
BRD3OS,27657
BRD4,140721
BRD7,1711
BRD8,86319
BRD9,18305
BRDT,3412
BRF1,73374
BRF2,7534
BRI3BP,11656
BRICD5,13976
BRINP1,3620
BRINP2,2154
BRINP3,4706
BRIP1,32044
BRIX1,39887
BRK1,5031
BRME1,8292
BRMS1,343343
BRMS1L,12024
BROX,143396
BRPF1,11207
BRPF3,8237
BRS3,5054
BRSK1,8400
BRSK2,3341
BRWD1,188921
BRWD3,20842
BSCL2,11392
BSDC1,54454
BSG,34778
BSN,2368
BSND,3363
BSPH1,1490
BSPRY,31731
BST1,8364
BST2,3721
BSX,418
BTAF1,30279
BTBD1,86680
BTBD16,2832
BTBD17,2744
BTBD18,3764
BTBD19,5378
BTBD2,93028
BTBD3,60017
BTBD6,44283
BTBD7,18742
BTBD8,21232
BTBD9,18582
BTC,23482
BTD,22951
BTF3,8677
BTF3L4,55637
BTG2,187790
BTG3,17703
BTG4,2992
BTK,10558
BTLA,5271
BTN1A1,4386
BTN2A1,5687
BTN2A2,16144
BTN3A1,21249
BTN3A2,37431
BTN3A3,22574
BTNL2,4448
BTNL3,3491
BTNL8,3031
BTNL9,24953
BTRC,12467
BUB1,17021
BUB1B,11288
BUB3,47924
BUD13,19607
BUD23,72968
BUD31,29974
BVES,4338
BYSL,11019
BZW1,6043
C10ORF105,3099
C10ORF120,3831
C10ORF143,12206
C10ORF53,4392
C10ORF62,2793
C10ORF67,5042
C10ORF71,3183
C10ORF82,11696
C10ORF88,21835
C10ORF90,2448
C10ORF95,616
C11ORF16,2388
C11ORF21,5213
C11ORF24,34106
C11ORF42,1213
C11ORF52,26058
C11ORF54,49025
C11ORF58,81252
C11ORF65,8788
C11ORF68,11587
C11ORF71,13545
C11ORF80,108523
C11ORF86,818
C11ORF87,2169
C11ORF96,4894
C11ORF97,13
C12ORF29,17609
C12ORF4,29516
C12ORF40,3907
C12ORF42,3187
C12ORF43,2107
C12ORF50,1914
C12ORF54,2417
C12ORF56,15375
C12ORF57,46618
C12ORF60,4437
C12ORF71,2973
C12ORF75,12769
C12ORF76,7580
C13ORF42,1825
C13ORF46,5921
C14ORF119,61024
C14ORF132,5949
C14ORF180,1497
C14ORF28,28328
C14ORF39,6880
C14ORF93,7657
C15ORF39,29909
C15ORF40,23887
C15ORF48,84371
C15ORF61,15044
C15ORF62,4436
C16ORF46,9360
C16ORF54,4148
C16ORF74,45161
C16ORF78,2041
C16ORF86,3187
C16ORF87,21458
C16ORF89,3800
C16ORF90,37
C16ORF92,796
C16ORF95,654
C16ORF96,4396
C17ORF100,6783
C17ORF107,2796
C17ORF113,2855
C17ORF114,899
C17ORF49,12466
C17ORF50,563
C17ORF58,87872
C17ORF67,18723
C17ORF75,24571
C17ORF78,3091
C17ORF80,68408
C17ORF97,6373
C17ORF98,191
C17ORF99,2173
C18ORF21,20713
C18ORF25,50038
C18ORF32,7226
C18ORF54,4101
C18ORF63,8091
C19ORF12,26633
C19ORF18,4195
C19ORF25,19720
C19ORF33,3606
C19ORF38,906
C19ORF44,13364
C19ORF47,18734
C19ORF53,20235
C19ORF67,2142
C19ORF81,1358
C19ORF84,1859
C19ORF85,1623
C1D,7883
C1GALT1,8245
C1GALT1C1,14330
C1GALT1C1L,5900
C1QA,27764
C1QB,13282
C1QC,25460
C1QL1,2340
C1QL2,852
C1QL3,3190
C1QL4,888
C1QTNF1,8119
C1QTNF12,616
C1QTNF2,2670
C1QTNF3,42835
C1QTNF4,772
C1QTNF6,14361
C1QTNF7,3529
C1QTNF8,274
C1QTNF9,5499
C1QTNF9B,8243
C1R,55974
C1RL,56243
C1S,28976
C1ORF100,3523
C1ORF105,6403
C1ORF109,32997
C1ORF112,23620
C1ORF115,25922
C1ORF116,18112
C1ORF122,7920
C1ORF127,1415
C1ORF131,46142
C1ORF141,6457
C1ORF146,4691
C1ORF159,10035
C1ORF162,9270
C1ORF167,1405
C1ORF174,24659
C1ORF185,6230
C1ORF198,9219
C1ORF21,131150
C1ORF210,12907
C1ORF216,19554
C1ORF226,14783
C1ORF232,1012
C1ORF35,14045
C1ORF43,131475
C1ORF52,20690
C1ORF53,2315
C1ORF54,14209
C1ORF56,14947
C1ORF68,1200
C1ORF74,8
C1ORF87,2627
C1ORF94,3275
C2,4295
C20ORF141,777
C20ORF144,2254
C20ORF173,3216
C20ORF202,2429
C20ORF204,615
C20ORF85,908
C20ORF96,35817
C21ORF58,34347
C21ORF91,11254
C22ORF15,2886
C22ORF23,2727
C22ORF31,2293
C22ORF39,11871
C22ORF42,3765
C2CD2,11243
C2CD2L,4658
C2CD3,17037
C2CD4A,19298
C2CD4B,1623
C2CD4C,1106
C2CD4D,3097
C2CD5,71883
C2CD6,5967
C2ORF15,29287
C2ORF16,4062
C2ORF42,26080
C2ORF49,91497
C2ORF50,4049
C2ORF66,6292
C2ORF68,57501
C2ORF69,9243
C2ORF72,4501
C2ORF73,7932
C2ORF74,4145
C2ORF76,19967
C2ORF78,3757
C2ORF80,881
C2ORF81,10640
C2ORF88,5220
C2ORF92,17188
C3,41724
C3AR1,7821
C3ORF14,23636
C3ORF18,7599
C3ORF20,1228
C3ORF22,1907
C3ORF33,2973
C3ORF38,32657
C3ORF49,4407
C3ORF52,188418
C3ORF62,4363
C3ORF70,6592
C3ORF80,10197
C3ORF84,1793
C3ORF85,3608
C4BPA,2121
C4BPB,4313
C4ORF17,5211
C4ORF19,5221
C4ORF3,51627
C4ORF33,17017
C4ORF36,7941
C4ORF45,3639
C4ORF46,27063
C4ORF47,7419
C4ORF50,3492
C4ORF51,3380
C4ORF54,3614
C5,14131
C5AR1,8990
C5AR2,23203
C5ORF15,51930
C5ORF22,20571
C5ORF24,50099
C5ORF34,9544
C5ORF46,8391
C5ORF47,4645
C5ORF52,1301
C5ORF58,6304
C5ORF63,31563
C6,1206
C6ORF118,2564
C6ORF120,51616
C6ORF132,30809
C6ORF136,8872
C6ORF141,126480
C6ORF15,2404
C6ORF163,8452
C6ORF226,1167
C6ORF47,31601
C6ORF52,10291
C6ORF58,3936
C6ORF62,66666
C6ORF89,70535
C7,41059
C7ORF25,8792
C7ORF31,6818
C7ORF33,5191
C7ORF50,88255
C7ORF57,2372
C8A,2764
C8B,4064
C8G,2844
C8ORF33,40957
C8ORF34,13281
C8ORF48,7059
C8ORF58,7162
C8ORF74,4198
C8ORF82,11271
C8ORF88,8395
C8ORF89,5427
C9,5486
C9ORF131,1948
C9ORF152,24923
C9ORF153,6417
C9ORF24,1353
C9ORF40,15305
C9ORF43,7630
C9ORF50,1203
C9ORF57,1126
C9ORF64,3440
C9ORF72,33536
C9ORF78,28543
C9ORF85,21033
CA1,2443
CA10,14774
CA11,27174
CA12,336008
CA13,9720
CA14,6903
CA2,5048
CA3,3200
CA4,13099
CA5A,12824
CA5B,16069
CA6,4137
CA7,736
CA8,44932
CA9,2944
CAAP1,56399
CAB39,100959
CAB39L,33072
CABCOCO1,7610
CABIN1,49713
CABLES1,17415
CABLES2,15478
CABP1,3386
CABP2,372
CABP4,15124
CABP5,846
CABP7,1436
CABS1,7039
CABYR,6614
CACFD1,48440
CACHD1,30817
CACNA1A,3478
CACNA1B,1614
CACNA1C,6093
CACNA1D,16480
CACNA1E,920
CACNA1F,3021
CACNA1G,7269
CACNA1H,1565
CACNA1I,1157
CACNA1S,2836
CACNA2D1,24000
CACNA2D2,5198
CACNA2D3,1523
CACNA2D4,4092
CACNB1,9569
CACNB2,3020
CACNB3,11510
CACNB4,8127
CACNG1,5066
CACNG2,1542
CACNG3,1597
CACNG4,26153
CACNG5,1659
CACNG6,2453
CACNG7,1947
CACNG8,1779
CACTIN,53555
CACUL1,31769
CACYBP,50570
CAD,10670
CADM1,18137
CADM2,3157
CADM3,5283
CADM4,13351
CADPS,307
CADPS2,104991
CAGE1,3453
CALB1,5598
CALB2,1940
CALCA,1142
CALCB,9683
CALCOCO1,101089
CALCOCO2,71684
CALCR,16422
CALCRL,12455
CALD1,77935
CALHM1,1116
CALHM2,11228
CALHM3,3093
CALHM4,2385
CALHM5,5137
CALHM6,2800
CALM2,126862
CALM3,23549
CALML3,17341
CALML4,38930
CALML5,600
CALML6,1612
CALN1,4987
CALR,63011
CALR3,3967
CALU,42267
CALY,4092
CAMK1,9375
CAMK1D,30646
CAMK1G,3038
CAMK2A,3552
CAMK2B,3378
CAMK2D,30844
CAMK2G,3813
CAMK2N1,2129
CAMK2N2,918
CAMK4,4943
CAMKK1,20553
CAMKK2,11620
CAMKMT,28535
CAMKV,1300
CAMLG,34791
CAMP,2119
CAMSAP1,16209
CAMSAP2,62472
CAMSAP3,14011
CAMTA1,12608
CAMTA2,25788
CAND1,181013
CAND2,5126
CANT1,95706
CANX,78360
CAP2,12485
CAPG,47397
CAPN1,224057
CAPN11,4805
CAPN12,6626
CAPN13,62277
CAPN14,2068
CAPN15,21756
CAPN2,123279
CAPN3,2876
CAPN5,7022
CAPN6,10294
CAPN7,35584
CAPN8,53877
CAPN9,5783
CAPNS1,202767
CAPNS2,4222
CAPRIN1,50974
CAPRIN2,13601
CAPS,51490
CAPS2,38564
CAPSL,3535
CAPZA1,14982
CAPZA2,67086
CAPZA3,5857
CAPZB,44796
CARD10,27313
CARD11,5317
CARD14,5754
CARD16,5072
CARD18,4479
CARD19,5307
CARD6,8830
CARD8,22506
CARD9,40
CARF,12938
CARHSP1,5302
CARM1,19840
CARMIL1,24876
CARMIL2,27684
CARMIL3,3563
CARNMT1,26575
CARNS1,2472
CARS1,19032
CARS2,26515
CARTPT,4867
CASC3,87830
CASD1,22733
CASK,37488
CASKIN1,2522
CASKIN2,27169
CASP1,9406
CASP10,15614
CASP14,1654
CASP2,31187
CASP3,32815
CASP4,28546
CASP5,2942
CASP6,70474
CASP7,4795
CASP8,18176
CASP8AP2,45014
CASP9,23200
CASQ1,2400
CASQ2,4943
CASR,3023
CASS4,17052
CAST,38456
CASTOR1,10866
CASTOR2,3496
CASZ1,49455
CAT,57205
CATIP,1453
CATSPER2,12821
CATSPER3,5891
CATSPER4,1880
CATSPERB,755
CATSPERD,2315
CATSPERE,6304
CATSPERG,18270
CATSPERZ,3887
CAV1,31035
CAV2,31364
CAVIN1,11969
CAVIN2,12167
CAVIN3,6948
CAVIN4,2340
CBARP,1584
CBFA2T2,24555
CBFA2T3,30317
CBFB,48521
CBL,16301
CBLB,44894
CBLC,7934
CBLIF,3656
CBLL1,36312
CBLL2,6447
CBLN1,2745
CBLN2,3742
CBLN3,10594
CBLN4,5403
CBR1,43640
CBR3,9062
CBR4,51948
CBS,12233
CBX1,39643
CBX2,2162
CBX3,5436
CBX4,46039
CBX5,94417
CBX6,11320
CBX7,59282
CBX8,4278
CBY1,40526
CBY2,3140
CBY3,1857
CC2D1A,39715
CC2D1B,33744
CC2D2A,34087
CC2D2B,6529
CCAR1,89819
CCAR2,21952
CCBE1,7850
CCDC102A,4362
CCDC102B,14574
CCDC105,730
CCDC106,14605
CCDC107,4811
CCDC110,8036
CCDC112,37446
CCDC113,11557
CCDC115,45017
CCDC116,3917
CCDC117,77507
CCDC12,9371
CCDC120,24378
CCDC121,9238
CCDC122,13399
CCDC124,15952
CCDC125,105722
CCDC126,14611
CCDC127,42666
CCDC13,10545
CCDC134,10793
CCDC136,8006
CCDC137,15731
CCDC138,12042
CCDC14,49002
CCDC141,5614
CCDC142,2868
CCDC146,27605
CCDC148,15069
CCDC149,43396
CCDC15,6878
CCDC150,4694
CCDC152,5769
CCDC153,3885
CCDC154,2497
CCDC157,6618
CCDC158,13124
CCDC159,45178
CCDC160,8067
CCDC163,7267
CCDC167,20904
CCDC168,4332
CCDC169,8190
CCDC17,10663
CCDC170,20661
CCDC171,11340
CCDC172,6046
CCDC174,338
CCDC175,7864
CCDC177,2317
CCDC178,5171
CCDC179,2800
CCDC18,16360
CCDC180,16837
CCDC181,2705
CCDC182,2124
CCDC183,130
CCDC184,3899
CCDC185,2486
CCDC186,55959
CCDC187,2759
CCDC188,614
CCDC190,5050
CCDC191,25323
CCDC192,4024
CCDC194,863
CCDC195,4127
CCDC196,5743
CCDC197,1573
CCDC198,4846
CCDC200,1490
CCDC201,4622
CCDC22,8742
CCDC24,42794
CCDC25,2341
CCDC27,345
CCDC28A,6299
CCDC28B,246
CCDC3,10746
CCDC30,29412
CCDC32,29578
CCDC33,3507
CCDC34,39055
CCDC38,2671
CCDC39,2633
CCDC40,18241
CCDC42,1551
CCDC43,12618
CCDC47,121567
CCDC50,75227
CCDC51,9953
CCDC54,4856
CCDC57,28373
CCDC59,11696
CCDC6,106059
CCDC60,2499
CCDC61,9604
CCDC62,4409
CCDC63,3035
CCDC65,2955
CCDC66,15745
CCDC68,8036
CCDC69,11065
CCDC7,39455
CCDC70,3978
CCDC71,14562
CCDC71L,12496
CCDC73,3921
CCDC74A,27314
CCDC74B,34340
CCDC77,23636
CCDC78,4954
CCDC8,29291
CCDC80,18231
CCDC81,4470
CCDC82,22152
CCDC83,3105
CCDC85A,2874
CCDC85B,18184
CCDC85C,11394
CCDC86,72778
CCDC87,7556
CCDC88A,22563
CCDC88B,7035
CCDC88C,81194
CCDC89,3786
CCDC9,27396
CCDC90B,19383
CCDC91,71773
CCDC92,47310
CCDC93,40834
CCDC96,5840
CCDC97,49681
CCDC9B,14862
CCER1,2500
CCER2,763
CCHCR1,7952
CCIN,1861
CCK,1261
CCKAR,4287
CCKBR,3137
CCL1,3431
CCL11,875
CCL13,6701
CCL14,2105
CCL15,603
CCL16,6130
CCL17,3343
CCL18,7820
CCL19,4389
CCL2,2036
CCL20,2680
CCL21,1212
CCL22,13234
CCL23,1829
CCL24,1947
CCL25,2426
CCL26,2418
CCL27,4880
CCL28,35795
CCL3,4563
CCL3L3,2843
CCL4,2038
CCL4L2,2979
CCL5,1880
CCL7,2098
CCL8,9715
CCM2,21421
CCM2L,6305
CCN1,110439
CCN2,136392
CCN3,9599
CCN4,9972
CCN5,4571
CCN6,8477
CCNA1,3500
CCNA2,24648
CCNB1,2312
CCNB1IP1,23772
CCNB2,30074
CCNB3,4209
CCNC,84817
CCND1,2725339
CCND2,787
CCND3,15619
CCNDBP1,77494
CCNE1,7332
CCNE2,7807
CCNF,18346
CCNG1,56712
CCNG2,230835
CCNH,22514
CCNI,124264
CCNI2,3789
CCNJ,9406
CCNJL,3838
CCNK,22178
CCNL1,172090
CCNL2,182174
CCNO,24069
CCNP,21273
CCNQ,10842
CCNT1,15367
CCNT2,36890
CCNY,92234
CCNYL1,17049
CCP110,45482
CCPG1,64651
CCR1,1238
CCR10,1262
CCR2,6720
CCR3,2827
CCR4,5131
CCR5,5486
CCR6,1797
CCR7,3065
CCR8,2879
CCR9,2403
CCRL2,3737
CCS,24096
CCSAP,16940
CCSER1,10073
CCSER2,76381
CCT2,387174
CCT3,191374
CCT4,44645
CCT5,53023
CCT6A,113910
CCT6B,3033
CCT8,2155
CCT8L2,2372
CD101,6224
CD109,17261
CD14,22885
CD151,179029
CD160,4851
CD163,17527
CD163L1,6391
CD164,154103
CD164L2,1616
CD177,1428
CD180,4763
CD19,885
CD1A,2110
CD1B,2520
CD1C,8193
CD1D,2855
CD1E,6249
CD2,6195
CD200,9806
CD200R1,8337
CD200R1L,8170
CD207,9804
CD209,907
CD22,8373
CD226,7200
CD24,164781
CD244,5141
CD247,10872
CD248,25468
CD27,6037
CD274,2121
CD276,63418
CD28,6758
CD2AP,88441
CD2BP2,63621
CD300A,6214
CD300C,9547
CD300E,5974
CD300LB,6975
CD300LD,1431
CD300LF,3664
CD300LG,10569
CD302,4048
CD320,1171
CD33,8041
CD34,9114
CD36,28503
CD37,9235
CD38,286
CD3D,10461
CD3E,14975
CD3G,3429
CD4,21440
CD40,8409
CD40LG,5195
CD44,85328
CD46,244457
CD47,144099
CD48,12404
CD5,10751
CD52,27299
CD53,6661
CD55,37104
CD58,14821
CD59,231329
CD5L,424
CD6,6098
CD68,20989
CD69,6834
CD7,4496
CD70,4642
CD72,7620
CD74,20839
CD79A,5273
CD79B,867
CD80,6284
CD81,5208
CD82,34693
CD83,3647
CD84,9538
CD86,9921
CD8A,6216
CD8B,3633
CD8B2,854
CD9,126404
CD93,15311
CD96,6312
CD99L2,35959
CDA,3140
CDADC1,10956
CDAN1,10328
CDC123,105681
CDC14A,15859
CDC14B,11483
CDC14C,368
CDC16,118403
CDC20,6120
CDC20B,4182
CDC23,15374
CDC25A,1190
CDC25B,5992
CDC25C,10987
CDC26,18678
CDC27,37760
CDC34,17604
CDC37,57260
CDC37L1,18260
CDC40,42749
CDC42,22111
CDC42BPA,14021
CDC42BPB,105130
CDC42BPG,6032
CDC42EP1,13011
CDC42EP2,15429
CDC42EP3,6807
CDC42EP4,154935
CDC42EP5,3147
CDC42SE1,173441
CDC42SE2,57882
CDC45,7036
CDC5L,74850
CDC6,10007
CDC7,13735
CDC73,52388
CDCA2,7344
CDCA3,12774
CDCA4,24459
CDCA5,22806
CDCA7,4669
CDCA7L,12194
CDCA8,9747
CDCP1,3105
CDCP2,3247
CDH1,444560
CDH10,2492
CDH11,55988
CDH12,6749
CDH13,15275
CDH15,809
CDH16,1973
CDH17,7140
CDH18,3326
CDH19,4609
CDH2,5945
CDH20,1326
CDH22,2486
CDH23,5307
CDH24,5849
CDH26,6849
CDH3,20669
CDH4,980
CDH5,21345
CDH6,6260
CDH7,6051
CDH8,2618
CDH9,4428
CDHR1,1678
CDHR2,1623
CDHR3,15074
CDHR4,1950
CDHR5,1655
CDIN1,14616
CDIP1,7404
CDIPT,39607
CDK1,20165
CDK11A,9085
CDK11B,26768
CDK12,49412
CDK13,94336
CDK14,22623
CDK15,4372
CDK16,172690
CDK17,56671
CDK18,17121
CDK19,59203
CDK2,16787
CDK20,10741
CDK2AP1,2855
CDK2AP2,7536
CDK3,13821
CDK4,62978
CDK5,28736
CDK5R1,7211
CDK5R2,1893
CDK5RAP1,25841
CDK5RAP2,36459
CDK5RAP3,240653
CDK6,15365
CDK7,32613
CDK8,11691
CDK9,59111
CDKAL1,48833
CDKL1,8961
CDKL2,14224
CDKL3,1045
CDKL4,5405
CDKL5,19009
CDKN1A,44951
CDKN1B,315300
CDKN1C,9203
CDKN2A,20102
CDKN2AIP,49952
CDKN2AIPNL,4996
CDKN2B,17606
CDKN2C,15868
CDKN2D,22950
CDKN3,3350
CDNF,2879
CDO1,10789
CDON,49562
CDPF1,2138
CDR2,86320
CDR2L,62002
CDRT15,2486
CDRT15L2,2109
CDRT4,2902
CDS1,60086
CDS2,38609
CDSN,3639
CDT1,7647
CDV3,167405
CDX1,2213
CDX2,1919
CDX4,6055
CDYL,43000
CDYL2,29774
CEACAM1,4538
CEACAM16,2550
CEACAM19,7225
CEACAM20,1216
CEACAM21,2491
CEACAM3,7708
CEACAM4,3067
CEACAM5,2794
CEACAM6,1868
CEACAM7,5432
CEACAM8,3563
CEBPA,13369
CEBPB,49540
CEBPD,114109
CEBPE,760
CEBPG,17856
CEBPZ,95710
CEBPZOS,37669
CECR2,11615
CELA1,1874
CELA2A,402
CELA2B,2762
CELA3B,2156
CELF1,60114
CELF2,17352
CELF3,6257
CELF4,5407
CELF5,6991
CELF6,1301
CELSR1,198124
CELSR2,201890
CELSR3,6452
CEMIP,756
CEMIP2,31333
CEMP1,548
CENATAC,25793
CEND1,645
CENPA,10105
CENPB,81800
CENPC,17187
CENPE,25619
CENPF,43027
CENPH,11808
CENPI,9507
CENPJ,16638
CENPK,6568
CENPL,13141
CENPM,7015
CENPN,13719
CENPO,19662
CENPP,9038
CENPQ,15648
CENPS,14475
CENPT,45441
CENPU,20586
CENPV,6384
CENPVL3,2318
CENPW,17880
CENPX,45102
CEP104,15929
CEP112,12211
CEP120,49933
CEP126,21516
CEP128,16444
CEP131,7335
CEP135,33725
CEP152,14299
CEP162,10752
CEP164,25017
CEP170,31708
CEP170B,32881
CEP19,7995
CEP192,29055
CEP20,67688
CEP250,53674
CEP290,25744
CEP295,22175
CEP295NL,5998
CEP350,101421
CEP41,22370
CEP43,31932
CEP44,45811
CEP55,29898
CEP57,29372
CEP57L1,12693
CEP68,17800
CEP70,46274
CEP72,12157
CEP76,31974
CEP78,11399
CEP83,30611
CEP85,18551
CEP85L,9714
CEP89,45272
CEP95,77479
CEP97,21439
CEPT1,52384
CER1,2000
CERCAM,48620
CERK,13541
CERKL,2775
CERS1,1317
CERS2,409436
CERS3,6394
CERS4,153540
CERS5,21447
CERS6,43135
CERT1,9185
CES1,612
CES2,30674
CES3,1480
CES4A,14987
CES5A,2584
CETN1,3925
CETN2,39597
CETN3,69953
CETP,2154
CFAP100,1637
CFAP107,2823
CFAP119,9936
CFAP126,2789
CFAP141,1445
CFAP144,1363
CFAP157,11369
CFAP161,2677
CFAP20,35557
CFAP206,12916
CFAP20DC,9891
CFAP210,4386
CFAP221,3489
CFAP251,10804
CFAP276,6505
CFAP298,24266
CFAP300,6667
CFAP36,111080
CFAP410,2804
CFAP418,16423
CFAP43,14984
CFAP44,7463
CFAP45,11447
CFAP46,7533
CFAP47,3642
CFAP52,3127
CFAP53,8137
CFAP54,6107
CFAP57,4302
CFAP58,934
CFAP61,11856
CFAP68,13832
CFAP69,17058
CFAP70,6152
CFAP73,1598
CFAP74,2964
CFAP77,2752
CFAP90,9760
CFAP91,3237
CFAP92,4807
CFAP95,4825
CFAP97,56262
CFAP97D1,2592
CFAP97D2,2410
CFAP99,1403
CFB,21190
CFC1B,188
CFD,4883
CFDP1,71294
CFH,51362
CFHR1,21812
CFHR2,5182
CFHR3,6271
CFHR4,1065
CFHR5,6925
CFI,2759
CFL1,2275
CFL2,27797
CFLAR,121851
CFP,4179
CFTR,4411
CGA,853
CGAS,11246
CGB5,926
CGB7,608
CGGBP1,60261
CGN,107137
CGNL1,17764
CGREF1,31190
CGRRF1,16448
CH25H,4797
CHAC1,13805
CHAC2,11344
CHAD,235975
CHADL,2587
CHAF1A,22698
CHAF1B,4844
CHAMP1,34439
CHAT,1179
CHCHD10,11054
CHCHD2,100690
CHCHD3,3896
CHCHD4,21355
CHCHD5,25810
CHCHD6,18233
CHCHD7,34130
CHCT1,5455
CHD1,108349
CHD2,154288
CHD3,116488
CHD4,15621
CHD5,1688
CHD6,124150
CHD7,95777
CHD8,30521
CHD9,98068
CHD9NB,10883
CHDH,15557
CHEK1,16816
CHEK2,27003
CHERP,54471
CHFR,28671
CHGA,2495
CHGB,2427
CHI3L1,8610
CHI3L2,2651
CHIA,3479
CHIC1,8058
CHIC2,53185
CHID1,67430
CHIT1,3139
CHKA,18708
CHL1,9867
CHM,19658
CHML,21806
CHMP1A,34494
CHMP1B,14969
CHMP2A,32406
CHMP2B,42038
CHMP3,62019
CHMP4B,30553
CHMP4C,47203
CHMP5,17495
CHMP6,17908
CHMP7,31846
CHN1,16524
CHN2,8174
CHODL,8055
CHORDC1,23102
CHP1,131560
CHP2,1754
CHPF,25567
CHPF2,41752
CHPT1,49577
CHRAC1,9172
CHRD,7096
CHRDL1,15315
CHRDL2,2733
CHRM1,2547
CHRM2,3135
CHRM3,3541
CHRM4,820
CHRM5,4195
CHRNA1,3923
CHRNA10,1690
CHRNA2,953
CHRNA3,2806
CHRNA4,3328
CHRNA5,6216
CHRNA6,5494
CHRNA7,3939
CHRNA9,3618
CHRNB1,4014
CHRNB2,2979
CHRNB3,4350
CHRNB4,1146
CHRND,1051
CHRNE,1865
CHRNG,1141
CHST1,2227
CHST10,8826
CHST11,16973
CHST12,17511
CHST13,112
CHST14,25323
CHST15,69974
CHST2,5113
CHST3,10495
CHST4,1597
CHST5,4221
CHST6,1480
CHST7,12125
CHST8,969
CHST9,8188
CHSY1,38673
CHSY3,4746
CHTF18,9412
CHTF8,14976
CHTOP,59522
CHUK,29186
CHURC1,17136
CIAO1,124355
CIAO2A,80217
CIAO2B,32631
CIAO3,40356
CIAPIN1,34038
CIART,16923
CIB1,101976
CIB2,3218
CIB3,721
CIB4,2104
CIBAR1,9133
CIBAR2,5199
CIC,26739
CIDEA,2114
CIDEB,16904
CIDEC,620
CIITA,16855
CILK1,23948
CILP,4418
CILP2,2632
CINP,37597
CIP2A,14714
CIPC,23320
CIR1,69245
CIRBP,330015
CIROP,2746
CISD1,29979
CISD2,93279
CISD3,10601
CISH,6929
CIT,11507
CITED1,23493
CITED2,141589
CITED4,7583
CIZ1,23002
CKAP2,27686
CKAP2L,13505
CKAP4,28423
CKAP5,47142
CKB,12419
CKLF,28817
CKM,1017
CKMT1B,6131
CKMT2,1757
CKS1B,39659
CKS2,12001
CLASP1,88463
CLASP2,9194
CLASRP,41978
CLBA1,22744
CLC,3049
CLCA1,2385
CLCA2,4096
CLCA4,4138
CLCC1,91596
CLCF1,11669
CLCN1,2898
CLCN2,15385
CLCN3,142484
CLCN4,2324
CLCN5,8199
CLCN6,24936
CLCN7,77250
CLCNKA,23
CLCNKB,1006
CLDN1,14725
CLDN10,6824
CLDN11,34328
CLDN12,14027
CLDN14,4681
CLDN15,10528
CLDN16,3652
CLDN17,3326
CLDN18,3437
CLDN19,2473
CLDN2,3439
CLDN20,2770
CLDN22,7545
CLDN23,2681
CLDN24,1255
CLDN25,894
CLDN3,8221
CLDN34,3929
CLDN4,31235
CLDN5,3301
CLDN7,103777
CLDN8,1696
CLDN9,84
CLDND1,151060
CLDND2,1474
CLEC10A,14668
CLEC11A,8534
CLEC12A,7537
CLEC12B,4195
CLEC14A,20204
CLEC16A,21423
CLEC17A,1629
CLEC18A,3597
CLEC18B,9456
CLEC19A,2932
CLEC1A,5150
CLEC1B,2496
CLEC20A,1948
CLEC2A,5463
CLEC2B,13318
CLEC2D,42778
CLEC2L,805
CLEC3A,3712
CLEC3B,11926
CLEC4A,5553
CLEC4C,3162
CLEC4D,3870
CLEC4E,3855
CLEC4F,18254
CLEC4G,1503
CLEC4M,3395
CLEC5A,9658
CLEC6A,4568
CLEC7A,9769
CLEC9A,7159
CLGN,28097
CLHC1,38983
CLIC1,14423
CLIC2,12665
CLIC3,782
CLIC4,11306
CLIC5,8660
CLIC6,29392
CLINT1,98305
CLIP1,85416
CLIP2,3410
CLIP3,5481
CLIP4,17629
CLK1,214129
CLK2,90123
CLK3,30467
CLK4,69963
CLMN,54327
CLMP,10229
CLN3,6526
CLN5,70351
CLN6,23347
CLN8,21547
CLNK,4093
CLNS1A,91389
CLOCK,55642
CLPB,14215
CLPP,51725
CLPS,1283
CLPSL1,1946
CLPSL2,8420
CLPTM1,64264
CLPTM1L,108735
CLPX,83631
CLRN1,5934
CLRN2,2879
CLRN3,1243
CLSPN,12290
CLSTN1,60443
CLSTN2,27825
CLSTN3,60900
CLTA,9963
CLTB,19510
CLTC,601524
CLTCL1,4978
CLTRN,9804
CLU,2133
CLUAP1,26377
CLUH,27042
CLUL1,5173
CLVS1,3912
CLVS2,8716
CLXN,4923
CLYBL,11515
CMA1,4967
CMAS,15217
CMBL,39894
CMC1,32236
CMC2,43612
CMIP,23297
CMKLR1,9149
CMKLR2,3203
CMPK1,267061
CMPK2,9839
CMSS1,27926
CMTM1,6182
CMTM2,3804
CMTM3,22398
CMTM4,25215
CMTM5,7649
CMTM6,165412
CMTM7,12429
CMTM8,13140
CMTR1,21703
CMTR2,34287
CMYA5,24448
CNBD1,8385
CNBP,53503
CNDP1,3292
CNDP2,92928
CNEP1R1,21113
CNFN,1571
CNGA1,7268
CNGA2,2232
CNGA3,1419
CNGA4,3361
CNGB1,4764
CNGB3,2201
CNIH1,188690
CNIH2,3378
CNIH3,3788
CNIH4,40027
CNKSR1,17431
CNKSR2,5857
CNKSR3,262
CNMD,2229
CNN1,5363
CNN3,6461
CNNM1,3417
CNNM2,24451
CNNM3,25047
CNNM4,36653
CNOT1,98572
CNOT10,27659
CNOT11,59646
CNOT2,132836
CNOT3,63463
CNOT4,49433
CNOT6,60556
CNOT6L,27706
CNOT7,8054
CNOT8,93881
CNOT9,51299
CNP,42175
CNPPD1,8259
CNPY2,1683
CNPY3,60281
CNPY4,14942
CNR1,2216
CNR2,3202
CNRIP1,12042
CNST,36400
CNTD1,4495
CNTF,5916
CNTFR,6288
CNTLN,16462
CNTN1,5776
CNTN2,2186
CNTN3,6673
CNTN4,4852
CNTN5,998
CNTN6,4493
CNTNAP1,4364
CNTNAP2,1933
CNTNAP3B,5600
CNTNAP4,7424
CNTNAP5,2874
CNTRL,28403
CNTROB,19633
COA1,50743
COA3,40328
COA4,13676
COA5,47068
COA6,4362
COA7,16054
COA8,24888
COASY,25909
COBL,62600
COBLL1,16679
COCH,4612
COG1,209449
COG2,32255
COG3,40612
COG4,37602
COG5,35181
COG6,34139
COG7,86735
COG8,10375
COIL,114408
COL10A1,12279
COL11A1,4800
COL11A2,2021
COL12A1,13113
COL13A1,2574
COL14A1,18516
COL15A1,43749
COL16A1,19313
COL17A1,26460
COL18A1,27433
COL19A1,7705
COL1A1,17742
COL1A2,28157
COL20A1,2400
COL21A1,7567
COL22A1,3147
COL23A1,688
COL24A1,7062
COL25A1,7463
COL26A1,2266
COL27A1,16556
COL28A1,11068
COL2A1,3226
COL3A1,97926
COL4A1,75575
COL4A2,60430
COL4A3,2509
COL4A4,3048
COL4A5,31962
COL4A6,4163
COL5A1,48857
COL5A2,57706
COL5A3,9361
COL6A1,130631
COL6A2,110071
COL6A3,46212
COL6A5,4566
COL6A6,12880
COL7A1,12426
COL8A1,2526
COL8A2,12683
COL9A1,3789
COL9A2,7101
COL9A3,32666
COLEC10,1778
COLEC11,4333
COLEC12,27037
COLGALT1,105745
COLGALT2,6747
COLQ,4342
COMMD1,51379
COMMD10,65829
COMMD2,9338
COMMD3,24162
COMMD4,9718
COMMD5,6499
COMMD6,72601
COMMD7,34161
COMMD8,26675
COMMD9,15428
COMP,10007
COMT,30124
COMTD1,1622
COP1,87064
COPA,112406
COPB1,155059
COPB2,14215
COPE,28076
COPG1,129888
COPG2,32548
COPRS,184545
COPS2,102725
COPS3,25842
COPS4,62873
COPS5,105995
COPS6,45133
COPS7A,63657
COPS7B,43754
COPS8,36736
COPS9,32756
COPZ1,32965
COPZ2,8540
COQ10A,4387
COQ10B,27536
COQ2,16669
COQ3,12707
COQ4,120319
COQ5,13241
COQ6,15521
COQ7,5485
COQ8A,26040
COQ8B,20089
COQ9,78194
CORIN,3196
CORO1A,8279
CORO1B,39526
CORO1C,13599
CORO2A,22981
CORO2B,3536
CORO6,2452
CORO7,5787
CORT,4830
COTL1,15924
COX10,23239
COX11,100454
COX14,17901
COX15,42344
COX16,780
COX17,3730
COX18,31572
COX19,21579
COX20,26834
COX4I1,70857
COX4I2,3257
COX5A,23953
COX5B,2066
COX6B1,28692
COX6B2,1792
COX6C,83961
COX7A1,5228
COX7A2,10147
COX7A2L,7847
COX7B,14693
COX7B2,4234
COX7C,99145
COX8A,4109
COX8C,19
CP,4455
CPA1,9
CPA2,54
CPA3,3695
CPA4,1997
CPA5,2524
CPA6,5401
CPAMD8,2386
CPB1,2114
CPB2,5761
CPD,106567
CPE,106083
CPEB1,1878
CPEB2,33183
CPEB3,18002
CPEB4,76911
CPED1,15556
CPHXL,4048
CPHXL2,3322
CPLANE1,39117
CPLANE2,4145
CPLX1,17504
CPLX2,5232
CPLX3,1141
CPLX4,8358
CPM,15867
CPN1,2612
CPN2,2265
CPNE1,41990
CPNE2,36581
CPNE3,106061
CPNE4,2067
CPNE5,4438
CPNE6,3337
CPNE7,2417
CPNE8,13789
CPNE9,1352
CPO,3082
CPOX,29761
CPPED1,11146
CPQ,28881
CPS1,8037
CPSF1,17573
CPSF2,37939
CPSF3,72059
CPSF4,50080
CPSF4L,21307
CPSF6,185881
CPSF7,235998
CPT1A,56748
CPT1B,99372
CPT1C,5699
CPT2,6454
CPTP,43611
CPVL,8270
CPXCR1,2398
CPXM1,17582
CPXM2,10559
CR1,5733
CR1L,3330
CR2,2513
CRABP1,6184
CRABP2,56712
CRACD,13494
CRACDL,17239
CRACR2A,75634
CRACR2B,43798
CRADD,12741
CRAMP1,47623
CRAT,7400
CRB1,5592
CRB2,1671
CRB3,24846
CRBN,54006
CRCP,58168
CRCT1,1628
CREB1,27897
CREB3L1,26537
CREB3L2,39869
CREB3L3,1869
CREB3L4,87505
CREB5,5810
CREBBP,71134
CREBL2,85263
CREBRF,51014
CREBZF,74925
CREG1,93274
CREG2,2887
CRELD1,15477
CRELD2,40779
CREM,44488
CRH,7235
CRHBP,6564
CRHR1,4104
CRHR2,1698
CRIM1,40059
CRIP2,63419
CRIP3,3973
CRIPT,75045
CRISP1,4218
CRISP2,3408
CRISP3,6693
CRISPLD1,18228
CRISPLD2,27688
CRK,33398
CRKL,33511
CRLF1,6890
CRLF2,2882
CRLF3,25300
CRMP1,2376
CRNKL1,73071
CRNN,3536
CROCC,31035
CROCC2,662
CROT,27355
CRP,1609
CRPPA,20595
CRTAC1,505
CRTAM,3587
CRTAP,43803
CRTC1,12360
CRTC2,74387
CRTC3,19857
CRX,2866
CRY1,25477
CRY2,14163
CRYAB,19514
CRYBA1,5511
CRYBA2,2463
CRYBA4,1414
CRYBB1,2323
CRYBB2,255
CRYBB3,1731
CRYBG1,60291
CRYBG2,1572
CRYBG3,23429
CRYGA,1435
CRYGB,940
CRYGC,2059
CRYGD,1603
CRYGN,785
CRYGS,8677
CRYL1,29602
CRYM,2803
CRYZ,33250
CRYZL1,13321
CS,28946
CSAD,32054
CSAG1,369
CSDC2,1953
CSDE1,240220
CSE1L,68613
CSF1,16478
CSF1R,23110
CSF2,2429
CSF2RA,5374
CSF2RB,10533
CSF3,2194
CSF3R,6473
CSGALNACT1,4640
CSGALNACT2,63676
CSK,53538
CSKMT,9672
CSMD1,1020
CSMD2,4891
CSMD3,8557
CSN1S1,2953
CSN2,4496
CSN3,1390
CSNK1A1,224744
CSNK1A1L,3195
CSNK1D,60912
CSNK1E,74929
CSNK1G1,44896
CSNK1G2,23321
CSNK1G3,30144
CSNK2A1,47450
CSNK2A2,59874
CSNKA2IP,4226
CSPG4,6129
CSPG5,2087
CSPP1,66488
CSRNP1,16042
CSRNP2,31519
CSRNP3,6043
CSRP1,104651
CSRP2,6390
CSRP3,2555
CST1,579
CST11,2539
CST2,2691
CST3,43131
CST4,365
CST5,1246
CST6,1794
CST7,10496
CST8,1143
CST9,9700
CST9L,4792
CSTA,1941
CSTB,27796
CSTF1,34725
CSTF2,14082
CSTF2T,25659
CSTF3,51616
CSTL1,1606
CSTPP1,20840
CT47B1,634
CT47C1,1444
CT55,8390
CT83,1677
CTAGE1,6257
CTAGE9,3035
CTBP2,67238
CTBS,64206
CTC1,27568
CTCF,42923
CTCFL,4253
CTDNEP1,5869
CTDP1,20458
CTDSP1,71701
CTDSP2,38254
CTDSPL,43631
CTDSPL2,25742
CTF1,1142
CTH,12335
CTHRC1,27207
CTIF,17017
CTLA4,5450
CTNNA1,189156
CTNNA2,1443
CTNNA3,4256
CTNNAL1,14616
CTNNB1,94935
CTNNBIP1,51901
CTNNBL1,75721
CTNND1,407080
CTNND2,4595
CTNS,12311
CTPS1,5667
CTPS2,162578
CTR9,59590
CTRB1,27
CTRB2,995
CTRC,1281
CTRL,2199
CTSA,100428
CTSB,82636
CTSC,32380
CTSE,1150
CTSF,98620
CTSG,8118
CTSH,131113
CTSK,42709
CTSL,31984
CTSO,53735
CTSS,37997
CTSV,8244
CTSW,3602
CTSZ,15511
CTTN,253516
CTTNBP2,3731
CTTNBP2NL,45577
CTU1,4696
CTU2,4784
CTXN1,22078
CTXN2,5966
CTXN3,6479
CTXND1,1952
CTXND2,9478
CUBN,6587
CUEDC1,127778
CUEDC2,18632
CUL1,17796
CUL2,40396
CUL3,59880
CUL4A,102790
CUL4B,62594
CUL5,56815
CUL7,32808
CUL9,26807
CUTA,95470
CUTC,11815
CUX1,149946
CUX2,2465
CWC15,73268
CWC22,35151
CWC25,20699
CWC27,25170
CWF19L1,27870
CWF19L2,21605
CWH43,4671
CX3CL1,23835
CX3CR1,8584
CXADR,2872
CXCL1,3719
CXCL10,9146
CXCL11,8655
CXCL12,138679
CXCL13,31887
CXCL14,20322
CXCL16,11897
CXCL17,1615
CXCL2,8086
CXCL3,7132
CXCL5,8154
CXCL6,5250
CXCL8,5351
CXCL9,24001
CXCR1,3075
CXCR2,3036
CXCR3,868
CXCR4,17252
CXCR5,2302
CXCR6,2334
CXXC1,27117
CXXC4,28985
CXXC5,206900
CXORF38,38093
CXORF58,3218
CXORF65,2587
CXORF66,3018
CYB561,268712
CYB561A3,58519
CYB561D1,9801
CYB561D2,16702
CYB5A,10752
CYB5B,89590
CYB5D1,8073
CYB5D2,16699
CYB5R1,75571
CYB5R2,14369
CYB5R3,42863
CYB5R4,33438
CYB5RL,10260
CYBA,22525
CYBB,26292
CYBC1,37809
CYBRD1,19111
CYC1,62191
CYCS,10195
CYFIP1,24663
CYFIP2,5644
CYGB,21345
CYLC1,3596
CYLC2,3856
CYLD,43534
CYP11A1,2828
CYP11B1,1010
CYP11B2,2132
CYP17A1,2051
CYP19A1,2953
CYP1A1,5199
CYP1A2,753
CYP1B1,9401
CYP20A1,36589
CYP21A2,5067
CYP24A1,8216
CYP26A1,2331
CYP26B1,5113
CYP26C1,2430
CYP27A1,105844
CYP27B1,29508
CYP27C1,2952
CYP2A13,1513
CYP2A6,2165
CYP2A7,3352
CYP2B6,2769
CYP2C18,2860
CYP2C19,4700
CYP2C8,4512
CYP2C9,9429
CYP2D6,2418
CYP2E1,2378
CYP2F1,1233
CYP2J2,31176
CYP2R1,30457
CYP2S1,3630
CYP2U1,7341
CYP2W1,1294
CYP39A1,8087
CYP3A4,3113
CYP3A43,5135
CYP3A5,11315
CYP3A7,483
CYP46A1,3124
CYP4A11,529
CYP4A22,4675
CYP4B1,1769
CYP4F11,19764
CYP4F12,3138
CYP4F2,1984
CYP4F22,4966
CYP4F3,789
CYP4F8,3149
CYP4V2,60815
CYP4X1,36835
CYP4Z1,2718
CYP7A1,7744
CYP7B1,14388
CYP8B1,2882
CYREN,51952
FAM49A,9309
CYRIB,80058
CYS1,5484
CYSLTR1,5701
CYSLTR2,3046
CYSRT1,3571
CYSTM1,33343
CYTH1,46076
CYTH2,53687
CYTH3,21467
CYTH4,11119
CYTIP,6592
CYTL1,6270
CYYR1,15116
CZIB,9149
D2HGDH,27919
DAAM1,97027
DAAM2,4480
DAB1,2732
DAB2,42233
DAB2IP,14366
DACH1,74500
DACH2,1505
DACT1,4529
DACT2,4190
DACT3,6610
DAD1,91789
DAG1,57292
DAGLA,21887
DAGLB,15807
DALRD3,24456
DAND5,3479
DAO,2690
DAOA,2892
DAP,326050
DAPK1,15042
DAPK2,11501
DAPK3,28867
DAPL1,5666
DAPP1,7741
DARS1,104113
DARS2,23756
DAW1,365
DAXX,29910
DAZ2,11
DAZAP1,101365
DAZAP2,184662
DAZL,3450
DBF4,13208
DBF4B,4835
DBH,1074
DBI,73492
DBN1,14288
DBNDD1,24668
DBNDD2,8233
DBNL,135778
DBP,31919
DBR1,31973
DBT,38459
DBX1,919
DBX2,1449
DCAF1,26142
DCAF10,50178
DCAF11,55640
DCAF12,136617
DCAF12L1,4989
DCAF12L2,3246
DCAF13,11658
DCAF15,13789
DCAF16,32427
DCAF17,11211
DCAF4,10095
DCAF4L1,4003
DCAF4L2,2127
DCAF5,12592
DCAF6,66663
DCAF7,155709
DCAF8,17565
DCAF8L1,2237
DCAF8L2,2584
DCAKD,26336
DCBLD1,14201
DCBLD2,6268
DCC,1206
DCD,1105
DCDC1,8525
DCDC2,28470
DCDC2B,1554
DCDC2C,3163
DCHS1,16173
DCHS2,2319
DCK,63739
DCLK1,17356
DCLK2,11777
DCLK3,2572
DCLRE1A,23058
DCLRE1B,1455
DCLRE1C,16963
DCN,10943
DCP1A,23188
DCP1B,51266
DCP2,32380
DCPS,13899
DCST1,5198
DCST2,6248
DCSTAMP,4394
DCT,2364
DCTD,52993
DCTN1,99031
DCTN2,77007
DCTN3,24989
DCTN4,101336
DCTN5,40153
DCTN6,5648
DCTPP1,47196
DCUN1D1,57075
DCUN1D2,14607
DCUN1D3,811
DCUN1D4,38484
DCUN1D5,21142
DCX,3293
DCXR,6221
DDA1,56031
DDAH1,48901
DDAH2,135099
DDB1,275542
DDB2,24065
DDC,3298
DDHD1,21258
DDHD2,38223
DDI1,2759
DDI2,107510
DDIAS,5560
DDIT3,21075
DDIT4,27964
DDIT4L,5676
DDN,2973
DDO,3870
DDOST,65366
DDR1,92287
DDR2,7099
DDRGK1,84280
DDT,34849
DDTL,19834
DDX1,100115
DDX10,12359
DDX17,156055
DDX18,10220
DDX19A,1924
DDX19B,20358
DDX20,23122
DDX21,42926
DDX23,27934
DDX24,24136
DDX25,2199
DDX27,53835
DDX28,11713
DDX31,5012
DDX39A,68921
DDX39B,308973
DDX3X,160260
DDX3Y,99
DDX4,3925
DDX41,59185
DDX42,340341
DDX43,3912
DDX46,52537
DDX49,32782
DDX5,292331
DDX50,70219
DDX51,17664
DDX52,26337
DDX53,5265
DDX54,43649
DDX55,27665
DDX56,82883
DDX59,56114
DDX6,91106
DDX60,301
DDX60L,41711
DEAF1,37392
DECR1,44191
DECR2,19069
DEDD,51299
DEDD2,18787
DEF6,19602
DEF8,19787
DEFA3,580
DEFA4,801
DEFA5,2404
DEFB1,7643
DEFB110,3546
DEFB112,4631
DEFB113,2745
DEFB114,3232
DEFB115,749
DEFB118,1982
DEFB119,2067
DEFB121,1537
DEFB123,1302
DEFB124,232
DEFB125,1607
DEFB126,519
DEFB127,1517
DEFB128,3038
DEFB129,2933
DEFB131A,8213
DEFB131B,34
DEFB132,3190
DEFB134,820
DEFB135,1253
DEFB136,252
DEFB4B,177
DEGS1,29097
DEGS2,16393
DEK,113023
DELE1,40303
DENND10,2572
DENND11,25507
DENND1A,54579
DENND1B,74019
DENND1C,4619
DENND2A,9355
DENND2B,18773
DENND2C,5162
DENND2D,69506
DENND3,8575
DENND4A,40092
DENND4B,19307
DENND4C,37792
DENND5A,39821
DENND5B,17364
DENND6A,49997
DENND6B,15325
DENR,9950
DEPDC1,28424
DEPDC1B,8442
DEPDC4,4081
DEPDC5,1944
DEPDC7,3560
DEPP1,45140
DEPTOR,97122
DERA,23688
DERL1,17690
DERL2,31787
DERL3,7253
DES,1301
DESI1,38602
DESI2,18984
DET1,7422
DEUP1,11180
DEXI,7036
DFFA,42385
DFFB,7295
DGAT1,19818
DGAT2,7279
DGAT2L6,2309
DGCR2,33653
DGCR6,15092
DGCR8,13946
DGKA,16073
DGKB,4174
DGKD,46831
DGKE,81332
DGKG,4056
DGKH,11293
DGKI,1091
DGKK,2757
DGKQ,36574
DGKZ,34570
DGLUCY,31446
DGUOK,46421
DHCR24,339985
DHCR7,26411
DHDDS,29086
DHDH,2827
DHFR,37967
DHFR2,17591
DHH,3671
DHODH,6563
DHPS,1209
DHRS1,35410
DHRS11,10700
DHRS12,25790
DHRS13,21241
DHRS2,10654
DHRS3,8479
DHRS4,5060
DHRS7,93754
DHRS7B,16661
DHRS7C,787
DHRS9,2692
DHTKD1,58867
DHX15,82986
DHX16,35362
DHX29,26095
DHX30,46124
DHX32,31053
DHX33,6430
DHX34,23843
DHX35,27017
DHX36,26353
DHX37,12816
DHX38,31581
DHX40,171343
DHX57,7234
DHX58,7592
DHX8,29566
DHX9,39615
DIABLO,1635
DIAPH1,98645
DIAPH2,10346
DIAPH3,16947
DICER1,93426
DIDO1,136426
DIMT1,33426
DIO1,3938
DIO2,14913
DIO3,1992
DIP2A,40850
DIP2B,34272
DIP2C,20383
DIPK1A,11890
DIPK1B,26227
DIPK1C,4198
DIPK2A,36104
DIPK2B,6459
DIRAS1,10156
DIRAS2,215
DIRAS3,12406
DIS3,48412
DIS3L,47768
DIS3L2,51813
DISC1,3676
DISP1,11998
DISP2,2294
DISP3,1565
DIXDC1,39102
DKC1,32121
DKK1,12119
DKK2,4347
DKK3,48702
DKK4,2262
DKKL1,190
DLAT,29614
DLC1,2373
DLD,22665
DLEC1,8447
DLEU7,5723
DLG1,128183
DLG2,8858
DLG3,68563
DLG4,10511
DLG5,204121
DLGAP1,4343
DLGAP2,3482
DLGAP3,1042
DLGAP4,33017
DLGAP5,15526
DLK1,3008
DLK2,1510
DLL1,20035
DLL3,3902
DLL4,7321
DLST,39328
DLX1,3887
DLX2,4527
DLX3,3728
DLX4,12853
DLX5,2593
DLX6,3069
DMAC1,1932
DMAC2,36493
DMAC2L,40229
DMAP1,29771
DMBT1,1778
DMBX1,3924
DMC1,6675
DMD,14351
DMGDH,8322
DMKN,5449
DMP1,3517
DMPK,34814
DMRT1,1288
DMRT2,3755
DMRT3,2734
DMRTA1,5085
DMRTA2,2285
DMRTB1,3982
DMRTC2,6328
DMTF1,134576
DMTN,18367
DMWD,19268
DMXL1,51884
DMXL2,31474
DNA2,14736
DNAAF1,5528
DNAAF10,27751
DNAAF11,56285
DNAAF2,41031
DNAAF3,2707
DNAAF4,12
DNAAF5,13842
DNAAF6,3225
DNAAF8,3761
DNAAF9,1541
DNAH1,6969
DNAH10,3850
DNAH11,3963
DNAH12,5154
DNAH14,53742
DNAH17,815
DNAH3,1228
DNAH6,7918
DNAH7,11050
DNAH8,2504
DNAH9,5612
DNAI1,8426
DNAI2,1938
DNAI3,3373
DNAI4,52197
DNAI7,12261
DNAJA1,35617
DNAJA3,50954
DNAJA4,172661
DNAJB1,28132
DNAJB11,34080
DNAJB12,74858
DNAJB13,7318
DNAJB14,50347
DNAJB2,95046
DNAJB4,46043
DNAJB5,3027
DNAJB6,8367
DNAJB8,2129
DNAJB9,53460
DNAJC1,50504
DNAJC10,70238
DNAJC11,48180
DNAJC12,68237
DNAJC13,30995
DNAJC14,9147
DNAJC15,45045
DNAJC16,34143
DNAJC18,8010
DNAJC19,9834
DNAJC2,79020
DNAJC21,58132
DNAJC22,9756
DNAJC24,25155
DNAJC25,9512
DNAJC27,22409
DNAJC28,8257
DNAJC3,154656
DNAJC30,32151
DNAJC4,33842
DNAJC5,63356
DNAJC5B,2946
DNAJC5G,3627
DNAJC6,6667
DNAJC7,57518
DNAJC9,20339
DNAL1,17574
DNAL4,12348
DNALI1,58706
DNASE1,25847
DNASE1L1,16144
DNASE1L2,3235
DNASE1L3,2993
DNASE2,63302
DNASE2B,6492
DND1,1982
DNER,2204
DNHD1,3114
DNLZ,5338
DNM1,24418
DNM1L,30293
DNM2,17847
DNM3,5193
DNMBP,19461
DNMT1,78624
DNMT3A,92507
DNMT3B,3929
DNMT3L,242
DNPEP,83802
DNPH1,30477
DNTT,1839
DNTTIP1,27903
DNTTIP2,43102
DOC2A,5602
DOC2B,32313
DOCK1,59118
DOCK10,26561
DOCK11,22203
DOCK2,12618
DOCK3,4353
DOCK4,15088
DOCK5,49072
DOCK6,20253
DOCK7,30630
DOCK8,21810
DOCK9,97151
DOHH,3711
DOK1,11683
DOK2,2843
DOK3,5764
DOK4,2739
DOK5,3453
DOK6,5519
DOK7,9438
DOLK,11571
DOLPP1,8808
DONSON,22351
DOP1A,18931
DOP1B,58432
DOT1L,58782
DPAGT1,24269
DPCD,33977
DPEP1,154
DPEP2,3896
DPEP2NB,3496
DPEP3,2988
DPF1,1962
DPF2,19813
DPF3,2479
DPH1,30965
DPH2,22390
DPH3,14728
DPH5,30388
DPH6,38534
DPH7,26794
DPM1,101503
DPM2,67871
DPM3,8192
DPP10,2965
DPP3,13599
DPP4,5736
DPP6,1790
DPP7,40878
DPP8,43476
DPP9,25855
DPPA3,1087
DPPA4,1030
DPPA5,1270
DPRX,1239
DPT,8972
DPY19L1,23687
DPY19L2,44704
DPY19L3,39923
DPY19L4,73472
DPY30,34044
DPYD,17344
DPYS,2046
DPYSL2,42315
DPYSL3,10404
DPYSL4,2140
DPYSL5,1716
DQX1,17807
DR1,70352
DRAM1,9809
DRAM2,49109
DRAP1,23370
DRAXIN,5504
DRC1,1190
DRC3,3753
DRC7,4343
DRD1,1793
DRD2,1135
DRD3,2010
DRD4,4124
DRD5,16251
DRG1,22238
DRG2,18458
DRGX,1159
DRICH1,11023
DROSHA,37583
DRP2,1292
DSC1,4831
DSC2,34094
DSC3,10582
DSCAM,936
DSCAML1,1099
DSCC1,12983
DSE,12573
DSEL,11702
DSG1,6023
DSG2,72206
DSG3,14546
DSG4,2863
DSN1,21296
DSP,823025
DSPP,4593
DST,169066
DSTN,89193
DSTYK,29041
DTD1,20537
DTD2,26249
DTHD1,2323
DTL,1258
DTNA,64856
DTNB,18752
DTNBP1,33050
DTWD1,10849
DTWD2,25793
DTX1,4235
DTX3,12840
DTX3L,78605
DTX4,5103
DTYMK,20045
DUOX1,5213
DUOX2,751
DUOXA1,7424
DUOXA2,2757
DUS1L,38513
DUS2,3708
DUS3L,15847
DUS4L,32066
DUSP1,36294
DUSP10,30900
DUSP11,55056
DUSP12,20063
DUSP13,3164
DUSP14,24835
DUSP15,1297
DUSP16,78555
DUSP18,13502
DUSP19,4183
DUSP2,7641
DUSP21,2628
DUSP22,68107
DUSP23,153946
DUSP26,2009
DUSP28,4061
DUSP29,1024
DUSP3,20687
DUSP4,28825
DUSP5,53061
DUSP6,48816
DUSP7,4361
DUSP8,17040
DUSP9,463
DUT,3115
DUX4,580
DUXA,2418
DUXB,2658
DVL1,26886
DVL2,27477
DVL3,59669
DXO,14702
DYDC1,4161
DYDC2,3307
DYM,54342
DYNAP,2987
DYNC1H1,37723
DYNC1I1,6518
DYNC1LI1,24512
DYNC1LI2,52017
DYNC2H1,24503
DYNC2I1,56280
DYNC2I2,74694
DYNC2LI1,62485
DYNLL1,25878
DYNLL2,234015
DYNLRB1,8593
DYNLRB2,8593
DYNLT1,79554
DYNLT2,5214
DYNLT2B,17819
DYNLT3,176526
DYNLT4,1909
DYNLT5,2367
DYRK1A,94432
DYRK1B,31147
DYRK2,76599
DYRK3,4730
DYRK4,6122
DYSF,10717
DYTN,3522
DZANK1,13003
DZIP1,16442
DZIP1L,21780
DZIP3,22480
E2F1,13871
E2F2,10910
E2F3,11539
E2F4,52771
E2F5,10955
E2F6,46547
E2F7,4188
E2F8,13787
E4F1,26035
EAF1,8140
EAF2,10321
EAPP,54060
EARS2,28777
EBAG9,52369
EBF1,21505
EBF2,4559
EBF3,4219
EBF4,14119
EBI3,456
EBLN2,21537
EBNA1BP2,16965
EBP,9730
EBPL,4421
ECD,16862
ECE1,520011
ECE2,7561
ECEL1,2775
ECH1,11123
ECHDC1,35421
ECHDC2,69053
ECHDC3,11150
ECHS1,117029
ECI1,91568
ECI2,25009
ECM1,15303
ECM2,22794
ECPAS,84788
ECRG4,29935
ECSCR,4237
ECSIT,28157
ECT2,29733
ECT2L,748
EDA,6530
EDA2R,7172
EDAR,4045
EDARADD,21775
EDC3,30361
EDC4,40313
EDDM13,2349
EDDM3A,1964
EDDM3B,10019
EDEM1,36402
EDEM2,39905
EDEM3,74463
EDF1,20172
EDIL3,9011
EDN1,11216
EDN2,1000
EDN3,8223
EDNRA,11803
EDNRB,18714
EDRF1,5544
EEA1,47857
EED,25105
EEF1A2,148798
EEF1AKMT1,16092
EEF1AKMT2,36837
EEF1AKMT3,93161
EEF1AKMT4,11510
EEF1B2,12736
EEF1D,39362
EEF1E1,1072
EEF1G,2490
EEF2,58503
EEF2K,12611
EEF2KMT,4896
EEFSEC,11276
EEIG1,273907
EEIG2,53178
EEPD1,12261
EFCAB10,12713
EFCAB11,22388
EFCAB12,3055
EFCAB13,16113
EFCAB14,50132
EFCAB2,22090
EFCAB3,9341
EFCAB6,10328
EFCAB7,16526
EFCAB8,2971
EFCAB9,3519
EFCC1,1209
EFEMP1,12641
EFEMP2,6828
EFHB,3585
EFHC1,43363
EFHC2,9715
EFHD1,49487
EFHD2,41023
EFL1,19969
EFNA1,346238
EFNA2,3032
EFNA3,21659
EFNA4,8476
EFNA5,16481
EFNB1,4936
EFNB2,17191
EFNB3,2664
EFR3A,43968
EFR3B,6594
EFS,4858
EFTUD2,36137
EGF,9432
EGFL6,4773
EGFL7,56284
EGFL8,39480
EGFLAM,15418
EGFR,12871
EGLN1,31502
EGLN2,2539
EGLN3,11599
EGR1,73572
EGR2,16984
EGR3,24199
EGR4,977
EHBP1,44219
EHBP1L1,72287
EHD1,11331
EHD2,18745
EHD3,13055
EHD4,57300
EHF,35610
EHHADH,7669
EHMT1,87188
EHMT2,33256
EI24,7047
EID1,290989
EID2,35384
EID2B,8423
EID3,10437
EIF1,60121
EIF1AD,27329
EIF1AY,56
EIF1B,78038
EIF2A,66292
EIF2AK1,67675
EIF2AK2,20644
EIF2AK3,77623
EIF2AK4,80914
EIF2B1,35161
EIF2B2,19936
EIF2B3,12597
EIF2B4,43445
EIF2B5,42986
EIF2D,16365
EIF2S1,63948
EIF2S3,85635
EIF3A,120596
EIF3B,95912
EIF3D,32387
EIF3E,27217
EIF3F,5672
EIF3G,32684
EIF3H,11837
EIF3I,19895
EIF3K,46309
EIF3L,38574
EIF3M,27564
EIF4A2,51800
EIF4A3,30008
EIF4E,32983
EIF4E1B,6909
EIF4E2,18596
EIF4E3,17626
EIF4EBP1,30597
EIF4EBP2,121357
EIF4EBP3,14286
EIF4ENIF1,30237
EIF4G1,167205
EIF4G2,290829
EIF4G3,5479
EIF4H,50815
EIF5,40785
EIF5A,2882
EIF5A2,9359
EIF5B,14635
EIF6,35480
EIPR1,3371
ELAC1,9729
ELAC2,25445
ELANE,1421
ELAPOR1,756196
ELAPOR2,47763
ELAVL1,51974
ELAVL2,2531
ELAVL3,2095
ELAVL4,2355
ELF1,158858
ELF2,147178
ELF3,5673
ELF4,14902
ELF5,19074
ELFN1,428
ELFN2,1789
ELK1,14351
ELK3,42493
ELK4,108023
ELL,13252
ELL2,11161
ELL3,22451
ELMO1,12564
ELMO2,27786
ELMO3,40577
ELMOD1,2506
ELMOD2,62557
ELMOD3,29263
ELN,15695
ELOA,57705
ELOA2,2616
ELOB,12281
ELOC,40657
ELOF1,41100
ELOVL1,59337
ELOVL2,155254
ELOVL3,1363
ELOVL4,4986
ELOVL5,67608
ELOVL6,14981
ELOVL7,7506
ELP1,13870
ELP2,438980
ELP3,25550
ELP4,20015
ELP5,17715
ELP6,22877
ELSPBP1,2539
EMB,18683
EMC1,22495
EMC10,121551
EMC2,74879
EMC3,25421
EMC4,38580
EMC6,5579
EMC7,42406
EMC8,34755
EMC9,28102
EMCN,21857
EMD,69068
EME1,13128
EME2,20157
EMG1,23808
EMID1,8249
EMILIN1,31885
EMILIN2,17369
EMILIN3,2463
EML1,15297
EML2,33831
EML4,7313
EML5,9406
EML6,3047
EMP1,45973
EMP2,102945
EMP3,7531
EMSY,31634
EMX1,4694
EMX2,3516
EN1,3454
EN2,1781
ENAH,17183
ENAM,2378
ENC1,34644
ENDOD1,54621
ENDOG,15187
ENDOU,1139
ENDOV,15633
ENG,52285
ENGASE,7228
ENHO,3541
ENKD1,6259
ENKUR,5574
ENO1,8864
ENO2,10547
ENO3,1950
ENO4,1461
ENOPH1,129813
ENOSF1,94969
ENOX1,4242
ENOX2,12524
ENPEP,7184
ENPP1,44541
ENPP2,21966
ENPP3,4554
ENPP4,17629
ENPP5,33891
ENPP6,4790
ENPP7,10
ENSA,59335
ENSG00000170846,37526
ENSG00000187186,115
ENSG00000188897,2552
ENSG00000226690,21874
ENSG00000236543,1411
ENSG00000250803,4509
ENSG00000268655,624
ENSG00000283205,4648
ENSG00000283536,1065
ENSG00000283599,1016
ENSG00000284188,914
ENSG00000284691,8304
ENSG00000284779,538
ENSG00000284797,2481
ENSG00000284934,801
ENSG00000285566,11702
ENSG00000285938,1268
ENTHD1,6299
ENTPD1,22497
ENTPD2,26898
ENTPD3,3733
ENTPD4,51017
ENTPD5,30913
ENTPD6,77513
ENTPD7,37976
ENTPD8,1362
ENTR1,66235
ENTREP1,9452
ENTREP2,4620
ENTREP3,36169
ENY2,9211
EOGT,25244
EOLA1,24578
EOLA2,33899
EOMES,5410
EP300,136146
EP400,34789
EPAS1,119523
EPB41,71817
EPB41L1,49045
EPB41L2,12704
EPB41L3,10424
EPB41L4A,47091
EPB41L4B,9346
EPB41L5,57841
EPB42,2725
EPC1,59252
EPC2,9050
EPCAM,277965
EPDR1,18456
EPG5,14312
EPGN,8108
EPHA1,10156
EPHA10,3976
EPHA2,7225
EPHA3,4850
EPHA4,6970
EPHA5,2301
EPHA6,3085
EPHA7,2621
EPHA8,4863
EPHB1,3449
EPHB2,4863
EPHB3,57466
EPHB4,81266
EPHB6,3750
EPHX1,21113
EPHX2,12267
EPHX3,2923
EPHX4,129
EPM2A,1477
EPM2AIP1,29525
EPN1,45697
EPN2,60501
EPN3,69303
EPO,753
EPOP,2485
EPOR,10027
EPPIN,8088
EPPK1,30671
EPRS1,69658
EPS15,134494
EPS15L1,121418
EPS8,48186
EPS8L1,91346
EPS8L2,139082
EPS8L3,3333
EPSTI1,14047
EPX,4182
EPYC,2924
EQTN,8074
ERAL1,38707
ERAP1,31360
ERAP2,19951
ERAS,2225
ERBB2,8620
ERBB3,166101
ERBB4,36579
ERBIN,137069
ERC1,12770
ERC2,930
ERCC1,68493
ERCC2,10233
ERCC3,111523
ERCC4,17865
ERCC5,38788
ERCC6,49688
ERCC6L,3775
ERCC6L2,44294
ERCC8,17040
EREG,6384
ERF,26747
ERFE,1306
ERFL,2433
ERG,6776
ERG28,14101
ERGIC1,111322
ERGIC2,86039
ERGIC3,125866
ERH,24835
ERI1,16849
ERI2,42286
ERI3,28470
ERICH1,9249
ERICH2,3051
ERICH3,1687
ERICH4,766
ERICH5,4823
ERICH6,5628
ERICH6B,3523
ERLEC1,73897
ERLIN1,36108
ERLIN2,15067
ERMAP,8752
ERMARD,29313
ERMN,4977
ERMP1,65787
ERN1,64712
ERN2,1159
ERO1A,113754
ERO1B,49625
ERP27,3847
ERP29,24192
ERP44,106312
ERRFI1,376650
ERV3-1,85381
ERVFRD-1,6084
ERVH48-1,13077
ERVK3-1,9837
ERVMER34-1,7823
ERVV-1,461
ERVV-2,2203
ERVW-1,5985
ESAM,14382
ESCO1,27751
ESCO2,7606
ESD,8265
ESF1,33498
ESM1,7919
ESPL1,8337
ESPNL,990
ESR1,145312
ESR2,1941
ESRP1,140952
ESRP2,77466
ESRRA,8557
ESRRB,895
ESRRG,3440
ESS2,10707
ESX1,557
ESYT1,80243
ESYT2,47139
ESYT3,5850
ETAA1,36239
ETDC,32
ETF1,2881
ETFA,41035
ETFBKMT,14999
ETFDH,39180
ETHE1,9386
ETNK1,66766
ETNK2,29333
ETNPPL,7200
ETS1,42945
ETS2,42637
ETV1,9274
ETV2,125
ETV3,13318
ETV3L,3175
ETV4,6570
ETV5,4249
ETV6,54607
ETV7,4310
EVA1A,7123
EVA1B,146408
EVA1C,17583
EVC,13142
EVC2,9154
EVI2A,11673
EVI2B,17523
EVI5,55817
EVI5L,6508
EVL,266900
EVPL,92008
EVPLL,13
EVX1,5152
EVX2,2001
EWSR1,28310
EXD1,3680
EXD2,28472
EXD3,12314
EXO1,5109
EXO5,6236
EXOC1,29086
EXOC1L,4900
EXOC2,134909
EXOC3,99794
EXOC3L1,1894
EXOC3L2,5773
EXOC3L4,545
EXOC4,68084
EXOC5,30721
EXOC6,41448
EXOC6B,24721
EXOC7,130094
EXOC8,19278
EXOG,10287
EXOSC1,54065
EXOSC10,36595
EXOSC2,50198
EXOSC4,11857
EXOSC5,619
EXOSC6,121377
EXOSC7,11893
EXOSC8,20621
EXOSC9,59377
EXPH5,14273
EXT1,4684
EXT2,45638
EXTL1,3323
EXTL2,15602
EXTL3,733
EYA1,28736
EYA2,5866
EYA3,55513
EYA4,3653
EYS,4453
EZH1,32713
EZH2,30416
EZHIP,2313
EZR,210016
F10,4783
F11,5741
F12,5261
F13A1,24454
F13B,7780
F2,1126
F2R,29779
F2RL1,7926
F2RL2,20566
F2RL3,2919
F3,21716
F5,3921
F7,2272
F8,10955
F9,7151
FA2H,9274
FAAH,30276
FAAH2,17809
FAAP100,6890
FAAP20,11009
FAAP24,11087
FABP1,1135
FABP12,3499
FABP2,7625
FABP3,2856
FABP4,19300
FABP5,17076
FABP6,1034
FABP7,7650
FABP9,5029
FADD,37386
FADS1,24840
FADS2,46594
FADS3,10846
FADS6,5790
FAF1,54782
FAF2,19440
FAH,8634
FAHD1,79902
FAHD2A,17140
FAHD2B,49148
FAIM,55723
FAIM2,1511
FAM104A,113608
FAM104B,23844
FAM107A,4232
FAM107B,15493
FAM110A,27344
FAM110B,10146
FAM110C,55534
FAM110D,1568
FAM111A,106675
FAM111B,23904
FAM114A1,17638
FAM114A2,33896
FAM117A,25592
FAM117B,14468
FAM118A,65579
FAM118B,8087
FAM120A,6726
FAM120AOS,58792
FAM120B,68560
FAM120C,6010
FAM124A,9725
FAM124B,2801
FAM131A,33368
FAM131B,2999
FAM131C,2170
FAM133A,4356
FAM133B,30329
FAM135A,13104
FAM135B,2993
FAM136A,12390
FAM13A,17916
FAM13B,62936
FAM13C,1123
FAM149A,4771
FAM149B1,10873
FAM151A,809
FAM151B,10566
FAM153A,23454
FAM161A,7727
FAM161B,13159
FAM162A,84336
FAM162B,8182
FAM163A,2358
FAM163B,3622
FAM166A,3154
FAM166B,3189
FAM166C,3130
FAM167A,12554
FAM167B,3406
FAM168A,25179
FAM168B,26112
FAM169A,7820
FAM170A,3649
FAM170B,858
FAM171A1,7006
FAM171A2,2491
FAM171B,29268
FAM172A,42204
FAM174A,64464
FAM174B,96896
FAM174C,20712
FAM177A1,72878
FAM177B,4839
FAM178B,3077
FAM180A,9211
FAM180B,3906
FAM181A,702
FAM181B,1758
FAM184A,13829
FAM185A,17267
FAM186A,2989
FAM186B,1869
FAM187B,4544
FAM193A,38998
FAM193B,65428
FAM199X,6125
FAM200A,18029
FAM200B,20565
FAM200C,10229
FAM204A,71560
FAM205A,2510
FAM205C,3416
FAM209A,2011
FAM209B,2577
FAM20A,25960
FAM20B,81484
FAM20C,8826
FAM210A,21950
FAM210B,39925
FAM216A,4523
FAM216B,5278
FAM217A,5967
FAM217B,23603
FAM219A,40909
FAM219B,44201
FAM221A,16541
FAM221B,3843
FAM222A,4301
FAM222B,22959
FAM227A,15643
FAM227B,11026
FAM228A,2727
FAM228B,23401
FAM229A,13458
FAM229B,17847
FAM234A,98468
FAM234B,4906
FAM237A,7420
FAM237B,3346
FAM240A,3062
FAM240B,3273
FAM240C,2079
FAM241A,47667
FAM241B,7877
FAM24A,5844
FAM24B,8038
FAM25A,470
FAM32A,34556
FAM3A,17465
FAM3B,11388
FAM3C,34302
FAM3D,1438
FAM43A,7030
FAM43B,2964
FAM47A,2665
FAM47B,1044
FAM47C,2488
FAM47E,29711
FAM50A,68456
FAM50B,5532
FAM53A,9920
FAM53B,34676
FAM53C,63782
FAM72D,2361
FAM76A,30015
FAM76B,26673
FAM78A,3718
FAM78B,1736
FAM81A,10298
FAM81B,4057
FAM83A,2445
FAM83B,50411
FAM83C,2019
FAM83D,8739
FAM83E,618
FAM83F,22440
FAM83G,1845
FAM83H,71991
FAM89A,6386
FAM89B,22467
FAM8A1,32209
FAM90A1,1364
FAM90A26,105
FAM90A7,162
FAM91A1,21754
FAM98A,50125
FAM98B,29635
FAM98C,1561
FAM9A,2988
FAM9B,5319
FAM9C,13684
FAN1,17564
FANCA,9964
FANCB,10835
FANCC,20981
FANCD2,10718
FANCD2OS,2921
FANCE,4015
FANCF,40983
FANCG,5734
FANCI,23274
FANCL,43734
FANCM,28712
FANK1,29020
FAP,12403
FAR1,70752
FAR2,3859
FARP1,264016
FARP2,17668
FARS2,23012
FARSA,47729
FARSB,22667
FAS,13191
FASLG,4867
FASN,91064
FASTK,9386
FASTKD1,14791
FASTKD2,40186
FASTKD3,18993
FASTKD5,23934
FAT1,7851
FAT2,12617
FAT3,1931
FAT4,10552
FATE1,1606
FAXC,18761
FAXDC2,133741
FBF1,36349
FBH1,99521
FBL,34117
FBLIM1,20122
FBLL1,193
FBLN1,7005
FBLN2,15897
FBLN5,29433
FBLN7,34781
FBN1,47535
FBN2,820
FBN3,1442
FBP1,43140
FBP2,2344
FBRS,88857
FBRSL1,19541
FBXL12,14710
FBXL13,9690
FBXL15,910
FBXL16,20638
FBXL17,22176
FBXL18,5007
FBXL19,35080
FBXL2,6834
FBXL20,13630
FBXL22,9116
FBXL3,112927
FBXL4,43953
FBXL5,99231
FBXL6,38161
FBXL7,12568
FBXL8,55253
FBXO10,2073
FBXO11,54637
FBXO15,5704
FBXO16,6728
FBXO17,2338
FBXO2,284
FBXO21,21033
FBXO22,52284
FBXO24,3474
FBXO25,13550
FBXO27,2103
FBXO28,54267
FBXO3,5647
FBXO30,32738
FBXO31,14656
FBXO32,61409
FBXO33,25941
FBXO34,51022
FBXO36,12926
FBXO38,56623
FBXO39,2010
FBXO4,14791
FBXO40,3587
FBXO41,13111
FBXO42,26776
FBXO43,5379
FBXO44,22284
FBXO45,39600
FBXO46,30864
FBXO47,4266
FBXO48,10142
FBXO5,26988
FBXO6,6279
FBXO7,101867
FBXO8,21712
FBXO9,104513
FBXW10,1117
FBXW10B,13720
FBXW11,16994
FBXW12,1952
FBXW2,44669
FBXW4,15234
FBXW5,95190
FBXW7,23462
FBXW8,17999
FBXW9,9709
FCAMR,3292
FCAR,2467
FCER1A,9484
FCER1G,19762
FCER2,3416
FCF1,11035
FCGBP,2247
FCGR1A,12567
FCGR2A,37815
FCGR2B,1596
FCGR3A,17749
FCGR3B,4771
FCGRT,84912
FCHO1,3795
FCHO2,69337
FCHSD1,10585
FCHSD2,44862
FCMR,12635
FCN1,3463
FCN2,692
FCN3,3502
FCRL1,2882
FCRL2,5416
FCRL3,3007
FCRL4,1765
FCRL5,5188
FCRL6,3363
FCRLA,5024
FCRLB,7496
FCSK,36618
FDCSP,5342
FDFT1,36534
FDPS,59700
FDX1,5890
FDX2,7944
FDXACB1,3337
FDXR,28115
FECH,25558
FEM1A,50045
FEM1B,129712
FEM1C,52463
FEN1,17690
FER,13919
FER1L5,3741
FER1L6,720
FERD3L,666
FERMT1,6605
FERMT2,11648
FERMT3,7738
FES,6245
FETUB,4780
FEV,1657
FEZ1,2701
FEZ2,25394
FEZF1,2363
FEZF2,911
FFAR1,3802
FFAR2,2119
FFAR3,450
FFAR4,7297
FGA,2989
FGB,3471
FGD1,17330
FGD2,4250
FGD3,16567
FGD4,46188
FGD5,6643
FGD6,18495
FGF1,9098
FGF10,6720
FGF12,4374
FGF13,9078
FGF14,4298
FGF16,3341
FGF17,1290
FGF18,5254
FGF19,13691
FGF2,8302
FGF20,3497
FGF21,1934
FGF22,2265
FGF23,2531
FGF3,1999
FGF4,32364
FGF5,2796
FGF6,87
FGF7,32614
FGF8,888
FGF9,4352
FGFBP1,3194
FGFBP2,4034
FGFBP3,6289
FGFR1,112185
FGFR1OP2,41749
FGFR2,70852
FGFR3,9021
FGFR4,2011
FGFRL1,49691
FGG,3553
FGGY,4262
FGL1,3422
FGL2,40850
FGR,2774
FH,39986
FHAD1,9962
FHDC1,14192
FHIP1A,24964
FHIP1B,9401
FHIP2A,32535
FHIP2B,26306
FHIT,6715
FHL1,18333
FHL2,31632
FHL3,7462
FHL5,6603
FHOD1,33619
FHOD3,9025
FIBCD1,1861
FIBIN,6778
FIBP,69551
FICD,10909
FIG4,10640
FIGLA,1546
FIGN,5524
FIGNL1,7942
FIGNL2,3175
FILIP1,7987
FILIP1L,30090
FIP1L1,73471
FIS1,134414
FITM2,15161
FIZ1,9255
FJX1,3324
FKBP10,1140
FKBP11,14675
FKBP14,38318
FKBP15,10924
FKBP1A,40838
FKBP1B,2604
FKBP1C,949
FKBP3,20258
FKBP4,18484
FKBP5,130000
FKBP6,4289
FKBP7,11786
FKBP8,9011
FKBP9,9866
FKBPL,4843
FKRP,14276
FKTN,3381
FLACC1,3469
FLAD1,67854
FLCN,33767
FLG,4569
FLG2,4408
FLI1,15027
FLII,61571
FLNA,43370
FLNB,357647
FLNC,1031
FLOT1,72335
FLOT2,117178
FLRT1,2850
FLRT2,11597
FLRT3,2252
FLT1,32143
FLT3,25651
FLT3LG,2692
FLT4,8288
FLVCR1,20308
FLVCR2,2204
FLYWCH2,19446
FMC1,3733
FMN1,126323
FMN2,9340
FMNL1,15546
FMNL2,8525
FMNL3,3351
FMO1,18816
FMO2,33785
FMO3,4032
FMO4,12000
FMO5,20482
FMOD,14584
FMR1,62473
FMR1NB,4972
FN1,44199
FN3K,21583
FN3KRP,25914
FNBP1,24643
FNBP1L,127541
FNBP4,81000
FNDC1,10228
FNDC10,6319
FNDC11,1331
FNDC3A,103811
FNDC3B,69076
FNDC4,5976
FNDC5,5892
FNDC7,5033
FNDC8,3083
FNDC9,3024
FNIP1,57718
FNIP2,40632
FNTA,12328
FNTB,3801
FOCAD,26187
FOLH1,18975
FOLR1,1273
FOLR2,5076
FOLR3,5769
FOS,52532
FOSB,5368
FOSL1,1120
FOSL2,108040
FOXA1,568219
FOXA2,1146
FOXA3,1744
FOXB1,5625
FOXB2,724
FOXC1,7866
FOXC2,2180
FOXD1,20445
FOXD2,1510
FOXD3,2598
FOXD4,2947
FOXD4L1,4110
FOXD4L5,33733
FOXE1,4164
FOXE3,2444
FOXF1,7568
FOXF2,4993
FOXG1,7418
FOXH1,1485
FOXI1,3849
FOXI2,2795
FOXI3,481
FOXJ1,2522
FOXJ2,44552
FOXJ3,56950
FOXK1,17626
FOXK2,14381
FOXL1,2704
FOXL2,6830
FOXL2NB,3873
FOXL3,616
FOXM1,15272
FOXN1,3311
FOXN2,17606
FOXN3,24221
FOXN4,2987
FOXO3,8159
FOXO4,9789
FOXO6,9545
FOXP1,18637
FOXP2,13524
FOXP3,2215
FOXP4,26887
FOXQ1,2749
FOXR1,1718
FOXR2,4503
FOXRED1,9275
FOXRED2,14525
FOXS1,5692
FPGS,60234
FPGT,25290
FPR1,3853
FPR2,1551
FPR3,8428
FRA10AC1,53319
FRAS1,9138
FRAT1,25122
FRAT2,23155
FREM1,8888
FREM2,1140
FREM3,3174
FREY1,3478
FRG1,24751
FRG2,965
FRG2B,569
FRG2C,813
FRK,21101
FRMD1,3547
FRMD3,6073
FRMD4A,11074
FRMD4B,14025
FRMD5,1598
FRMD6,35660
FRMD7,2400
FRMD8,10058
FRMPD1,3149
FRMPD2,25086
FRMPD3,3762
FRMPD4,3384
FRRS1,15988
FRRS1L,2976
FRS2,396661
FRS3,3813
FRY,20534
FRYL,64614
FRZB,20513
FSBP,5318
FSCB,4252
FSCN1,24433
FSCN3,805
FSD1,2174
FSD1L,10337
FSD2,4237
FSHB,2471
FSHR,3343
FSIP1,4142
FSIP2,3082
FST,13631
FSTL1,53004
FSTL3,4436
FSTL4,2817
FSTL5,4146
FTCD,4201
FTCDNL1,14462
FTH1,319416
FTHL17,121
FTL,29728
FTMT,1683
FTO,67595
FTSJ1,21251
FTSJ3,125963
FUBP1,102711
FUBP3,31088
FUCA1,71283
FUCA2,52979
FUNDC1,33813
FUNDC2,13730
FUOM,3315
FURIN,61262
FUS,297517
FUT1,4574
FUT10,16123
FUT11,34427
FUT2,11398
FUT3,4176
FUT4,4181
FUT6,2181
FUT7,1201
FUT8,22377
FUT9,4913
FUZ,21799
FXN,23245
FXR1,42055
FXR2,27629
FXYD1,1251
FXYD3,52268
FXYD4,2146
FXYD5,14586
FXYD6,22767
FXYD7,1274
FYB1,8418
FYB2,37306
FYCO1,28068
FYN,18067
FYTTD1,54791
FZD1,37563
FZD10,721
FZD2,1725
FZD3,5916
FZD4,24700
FZD5,14093
FZD6,55285
FZD7,6307
FZD8,12695
FZD9,337
FZR1,64612
G0S2,2365
G2E3,6183
G3BP1,17932
G3BP2,33446
G6PC1,2510
G6PC2,2707
G6PC3,19040
G6PD,37374
GAA,42677
GAB1,34004
GAB2,2505
GAB3,7258
GAB4,3056
GABARAP,10350
GABARAPL1,21367
GABBR1,64181
GABBR2,3789
GABPA,13634
GABPB2,54309
GABRA1,2321
GABRA2,9542
GABRA3,4744
GABRA4,3837
GABRA5,2568
GABRA6,4080
GABRB1,4093
GABRB2,3719
GABRB3,2077
GABRD,1723
GABRE,3302
GABRG1,4487
GABRG2,3104
GABRG3,5479
GABRP,31086
GABRQ,2913
GABRR1,2924
GABRR2,1446
GABRR3,5411
GAD1,4054
GAD2,4440
GADD45A,2762
GADD45B,13600
GADD45G,6825
GADL1,3708
GAGE1,2665
GAK,205054
GAL,2178
GAL3ST1,2565
GAL3ST3,4062
GAL3ST4,5488
GALC,63027
GALE,50052
GALK1,38967
GALK2,40168
GALM,7684
GALNS,14704
GALNT1,67063
GALNT10,45037
GALNT11,35358
GALNT12,3356
GALNT13,2622
GALNT14,1238
GALNT15,7382
GALNT16,18717
GALNT17,4149
GALNT18,11016
GALNT2,17609
GALNT3,59178
GALNT5,2860
GALNT6,35020
GALNT7,120007
GALNT8,5185
GALNT9,1767
GALNTL5,7193
GALNTL6,2461
GALP,4512
GALR1,3726
GALR2,943
GALR3,891
GALT,38042
GAMT,11133
GAN,32408
GANAB,111516
GANC,15952
GAP43,1159
GAPDH,57885
GAPDHS,1338
GAPT,4949
GAPVD1,33381
GAR1,18194
GAREM1,7303
GAREM2,12264
GARIN1A,6733
GARIN1B,3516
GARIN2,2632
GARIN3,2003
GARIN4,443
GARIN5A,3925
GARIN5B,343
GARIN6,1177
GARNL3,24379
GARRE1,43395
GARS1,96979
GART,62183
GAS1,39006
GAS2,8956
GAS2L1,4824
GAS2L3,4798
GAS6,67417
GAS7,27081
GAS8,54160
GASK1A,1704
GASK1B,184831
GAST,534
GATA1,1935
GATA2,37096
GATA3,808018
GATA4,6279
GATA5,2341
GATA6,16551
GATAD1,103621
GATAD2A,89641
GATAD2B,58777
GATB,18774
GATC,30787
GATD1,28090
GATD3,11842
GATM,15550
GBA1,30449
GBA2,16885
GBE1,10887
GBF1,35376
GBGT1,22571
GBP1,19708
GBP2,40385
GBP3,33508
GBP4,10624
GBP5,9757
GBP6,3698
GBP7,4045
GBX1,1494
GBX2,2571
GC,2915
GCA,14162
GCAT,28965
GCC1,14863
GCC2,105685
GCDH,24402
GCFC2,34088
GCG,2596
GCGR,1064
GCH1,20744
GCHFR,11325
GCK,3489
GCKR,4300
GCLC,37709
GCLM,17502
GCM1,5288
GCM2,3167
GCN1,73303
GCNA,9379
GCNT1,18735
GCNT2,7361
GCNT3,7298
GCNT4,9554
GCNT7,3096
GCOM1,22325
GCSAM,8827
GCSAML,5901
GCSH,14139
GDA,4246
GDAP1,18881
GDAP1L1,3361
GDAP2,38898
GDE1,35642
GDF10,3271
GDF11,1267
GDF15,31552
GDF2,1672
GDF3,674
GDF5,1425
GDF6,2983
GDF7,4804
GDF9,4842
GDI1,82521
GDI2,6140
GDNF,3376
GDPD1,34938
GDPD2,2758
GDPD3,8694
GDPD4,3336
GDPD5,2480
GDPGP1,20614
GEM,89392
GEMIN2,18741
GEMIN4,12157
GEMIN5,27951
GEMIN6,36315
GEMIN7,29801
GEMIN8,16163
GEN1,15634
GET1,35118
GET3,61546
GFAP,1472
GFER,14536
GFI1,5495
GFI1B,3643
GFM1,40106
GFM2,33442
GFOD1,14570
GFOD2,32146
GFPT1,113262
GFPT2,7218
GFRA1,136194
GFRA2,2269
GFRA3,2460
GFRA4,1334
GFRAL,4021
GFUS,88681
GFY,2914
GGA1,42887
GGA2,169869
GGA3,122651
GGACT,13328
GGCT,28182
GGCX,28919
GGH,17268
GGN,272
GGNBP2,164955
GGPS1,44894
GGT1,5542
GGT5,6353
GGT6,7287
GGT7,11822
GGTLC1,848
GGTLC2,28525
GH1,3190
GH2,8716
GHDC,19892
GHITM,160255
GHR,15113
GHRH,1079
GHRHR,4793
GHRL,1224
GHSR,2242
GID4,19844
GID8,103652
GIGYF1,150022
GIGYF2,60281
GIMAP1,2219
GIMAP2,12999
GIMAP4,23896
GIMAP5,1143
GIMAP6,8389
GIMAP7,24303
GIMAP8,11337
GIMD1,8395
GIN1,11911
GINM1,62180
GINS1,18401
GINS2,91530
GINS3,10353
GINS4,7670
GIP,1529
GIPC1,46828
GIPC2,9170
GIPC3,5822
GIPR,39829
GIT1,33770
GIT2,23100
GJA1,3672
GJA10,5065
GJA3,3574
GJA4,4166
GJA5,8041
GJA8,1163
GJA9,2003
GJB1,1551
GJB2,723
GJB3,2536
GJB4,1716
GJB5,1901
GJB6,1677
GJB7,4750
GJC1,5112
GJC2,502
GJC3,2414
GJD2,1472
GJD3,2112
GJD4,961
GJE1,5051
GK,5251
GK2,4447
GK3,1231
GK5,64239
GKAP1,61531
GKN1,822
GKN2,3464
GLA,19951
GLB1,33816
GLB1L,10642
GLB1L2,5872
GLB1L3,3455
GLCCI1,24461
GLCE,54956
GLDC,4923
GLDN,4165
GLE1,34604
GLG1,13631
GLI1,3721
GLI2,7999
GLI3,25219
GLI4,13986
GLIPR1,22968
GLIPR1L1,14997
GLIPR1L2,12974
GLIPR2,6361
GLIS1,2122
GLIS2,12064
GLIS3,4170
GLMN,20642
GLMP,72332
GLOD4,46617
GLOD5,3356
GLP1R,4497
GLP2R,1675
GLRA1,3067
GLRA2,3183
GLRA3,114633
GLRB,23237
GLRX,881
GLRX2,21211
GLRX3,33587
GLRX5,14596
GLS,38439
GLS2,918
GLT1D1,2867
GLT6D1,2932
GLT8D1,16718
GLT8D2,27567
GLTP,12612
GLTPD2,352
GLUD1,182765
GLUD2,6113
GLUL,2277
GLYAT,3727
GLYATL1,3127
GLYATL1B,381
GLYATL2,2329
GLYATL3,3691
GLYCTK,5341
GLYR1,40098
GM2A,63111
GMCL1,25072
GMCL2,6110
GMDS,21654
GMEB1,23121
GMEB2,13318
GMFB,59212
GMFG,12321
GMIP,15074
GML,2178
GMNC,3531
GMNN,64468
GMPPA,61379
GMPPB,32219
GMPR,4475
GMPR2,85720
GMPS,70722
GNA11,39366
GNA12,27068
GNA13,281038
GNA14,49104
GNA15,13169
GNAI1,10051
GNAI2,43477
GNAI3,67746
GNAL,8060
GNAO1,8245
GNAQ,51230
GNAS,645711
GNAT1,1312
GNAT2,4721
GNAT3,6818
GNAZ,9066
GNB1,136856
GNB1L,5221
GNB2,70541
GNB3,8235
GNB4,50386
GNB5,28197
GNE,21639
GNG11,5064
GNG12,107609
GNG13,532
GNG14,840
GNG2,11081
GNG3,3049
GNG4,1902
GNG5,25972
GNG7,14162
GNGT1,6791
GNGT2,7889
GNL1,34036
GNL2,52702
GNL3,24053
GNL3L,57708
GNLY,2338
GNMT,8250
GNPAT,41744
GNPDA1,30947
GNPDA2,36547
GNPTAB,14103
GNPTG,40195
GNRH1,9137
GNRH2,765
GNRHR,4202
GNS,877075
GOLGA1,62480
GOLGA2,105587
GOLGA3,90210
GOLGA4,42832
GOLGA5,36900
GOLGA6D,14787
GOLGA6L2,1343
GOLGA6L22,2668
GOLGA6L4,38462
GOLGA6L6,8245
GOLGA6L7,617
GOLGA7,44723
GOLGA7B,5868
GOLGA8A,50932
GOLGA8B,20302
GOLGA8K,33290
GOLGA8Q,5101
GOLGA8R,24445
GOLGB1,196279
GOLIM4,50844
GOLM1,85483
GOLM2,63985
GOLPH3,149911
GOLPH3L,56979
GOLT1A,4673
GOLT1B,37869
GON4L,124332
GON7,20819
GOPC,33771
GORAB,13789
GORASP1,20976
GORASP2,57524
GOSR1,76825
GOSR2,198291
GOT1,20039
GOT1L1,3306
GOT2,2792
GP1BA,2737
GP1BB,3751
GP2,3301
GP5,4520
GP6,3113
GP9,1534
GPA33,4101
GPAA1,29465
GPALPP1,33109
GPAM,16081
GPANK1,45619
GPAT2,1317
GPAT3,4742
GPAT4,35891
GPATCH1,16748
GPATCH11,37872
GPATCH2,6795
GPATCH2L,45901
GPATCH3,8209
GPATCH4,29577
GPATCH8,59774
GPBAR1,4377
GPBP1,185835
GPBP1L1,106633
GPC1,24181
GPC2,6049
GPC3,1276
GPC4,4837
GPC5,4298
GPC6,5209
GPCPD1,23262
GPD1,2053
GPD1L,56581
GPD2,18777
GPER1,9625
GPHA2,857
GPHB5,1280
GPHN,12089
GPI,55248
GPIHBP1,2920
GPKOW,21392
GPLD1,9501
GPM6A,922
GPM6B,30985
GPN1,62472
GPN2,19181
GPN3,20687
GPNMB,740
GPR101,3409
GPR107,92271
GPR108,29512
GPR119,2082
GPR12,2591
GPR132,2663
GPR135,4159
GPR137,49116
GPR137B,20057
GPR137C,10513
GPR139,5176
GPR141,4114
GPR142,6961
GPR143,4892
GPR146,3970
GPR148,2319
GPR149,6995
GPR15,2770
GPR150,5440
GPR151,5241
GPR152,694
GPR153,11480
GPR155,3962
GPR156,6578
GPR157,13961
GPR158,3123
GPR15LG,971
GPR160,97720
GPR161,6709
GPR162,2554
GPR17,2636
GPR171,7710
GPR173,5288
GPR174,4476
GPR176,5512
GPR179,3918
GPR18,6863
GPR180,12385
GPR182,1718
GPR183,20328
GPR19,2126
GPR20,911
GPR22,4619
GPR26,4785
GPR27,8469
GPR3,4990
GPR31,5180
GPR32,712
GPR33,6451
GPR34,16722
GPR35,3273
GPR37,1674
GPR37L1,7912
GPR39,2546
GPR4,5994
GPR42,1263
GPR45,3428
GPR55,1948
GPR6,1311
GPR61,2728
GPR62,289
GPR63,526
GPR65,10626
GPR68,8198
GPR75,6593
GPR78,1415
GPR82,7692
GPR83,410
GPR84,1925
GPR85,4665
GPR87,5883
GPR88,8868
GPR89A,36859
GPRASP1,21372
GPRASP2,11749
GPRC5A,24922
GPRC5B,11392
GPRC5C,37522
GPRC5D,3619
GPRC6A,3556
GPRIN1,5172
GPRIN2,1927
GPRIN3,12299
GPS1,36075
GPS2,45479
GPSM1,28390
GPSM2,20911
GPSM3,19757
GPT,509
GPT2,6374
GPX1,18217
GPX2,645
GPX3,2658
GPX4,115914
GPX5,2612
GPX6,2937
GPX7,8048
GPX8,4476
GRAMD1A,109271
GRAMD1B,6481
GRAMD1C,30238
GRAMD2A,5098
GRAMD2B,48002
GRAMD4,45621
GRAP,4803
GRAP2,8842
GRB10,26711
GRB14,1144
GRB2,303402
GRB7,33430
GREB1,135050
GREB1L,23883
GREM1,8252
GREM2,5495
GRHL1,51170
GRHL2,183915
GRHL3,2701
GRHPR,64606
GRIA1,2760
GRIA2,26013
GRIA3,4807
GRIA4,5830
GRID1,5583
GRID2,2614
GRID2IP,5116
GRIFIN,2431
GRIK1,3066
GRIK2,2408
GRIK3,42546
GRIK4,3385
GRIK5,2720
GRIN1,1691
GRIN2A,4325
GRIN2B,1398
GRIN2C,2192
GRIN2D,664
GRIN3A,4476
GRIN3B,1032
GRINA,170444
GRIP1,4252
GRIP2,2079
GRIPAP1,37121
GRK1,1415
GRK2,173025
GRK3,4219
GRK4,17135
GRK5,18600
GRK6,42428
GRK7,1526
GRM1,2152
GRM2,396
GRM3,3636
GRM4,1617
GRM5,2273
GRM6,918
GRM7,2652
GRM8,2128
GRN,189566
GRP,10181
GRPEL1,37839
GRPEL2,11772
GRPR,47892
GRSF1,134050
GRTP1,51954
GRWD1,21178
GRXCR1,3424
GRXCR2,5701
GSAP,45691
GSC,12469
GSC2,314
GSDMA,1656
GSDMB,15023
GSDMC,5208
GSDMD,102627
GSDME,4023
GSE1,42338
GSG1,3169
GSG1L,17922
GSG1L2,1243
GSK3A,32272
GSK3B,91437
GSKIP,26096
GSN,49333
GSPT1,30710
GSPT2,12199
GSR,59051
GSS,25678
GSTA2,1246
GSTA3,478
GSTA4,9923
GSTA5,2857
GSTCD,46119
GSTK1,49382
GSTM1,23
GSTM2,10415
GSTM3,19786
GSTM4,10697
GSTM5,5392
GSTO1,68883
GSTO2,35914
GSTP1,5643
GSTT4,1479
GSTZ1,16177
GSX1,1959
GSX2,3501
GTDC1,6378
GTF2A1,22442
GTF2A1L,821
GTF2A2,6492
GTF2B,45314
GTF2E1,19929
GTF2E2,30844
GTF2F1,32151
GTF2H1,82578
GTF2H2C,4061
GTF2H3,32221
GTF2H4,11826
GTF2H5,32677
GTF2I,213572
GTF2IRD1,21432
GTF2IRD2,84205
GTF3C1,70877
GTF3C2,56083
GTF3C3,15516
GTF3C4,23437
GTF3C5,32090
GTF3C6,1054
GTPBP1,29847
GTPBP10,18295
GTPBP2,50356
GTPBP3,11958
GTPBP4,61898
GTPBP8,27209
GTSE1,12752
GTSF1,1405
GTSF1L,2635
GUCA1A,1857
GUCA1B,4116
GUCA1C,1867
GUCA2A,940
GUCA2B,225
GUCD1,101203
GUCY1A1,169062
GUCY1A2,5899
GUCY1B1,2649
GUCY2C,5432
GUCY2F,3340
GUF1,39052
GUK1,15217
GULP1,18146
GUSB,145057
GVQW3,10325
GXYLT1,20123
GXYLT2,10255
GYG2,3453
GYPA,12528
GYPB,1399
GYPC,11964
GYPE,6639
GYS1,53409
GYS2,12
GZF1,15358
GZMA,4895
GZMB,4459
GZMH,3295
GZMK,9892
GZMM,887
H1-0,118998
H1-1,3209
H1-10,43595
H1-2,9532
H1-4,112143
H1-5,97162
H1-7,927
H1-8,839
H2AC1,198
H2AC11,23025
H2AC13,9796
H2AC6,205686
H2AC8,61917
H2AJ,34431
H2AL3,4870
H2AP,15360
H2AX,2052
H2AZ1,66753
H2AZ2,225321
H2BC14,3356
H2BC15,29129
H2BC21,78866
H2BC26,15407
H2BC3,2701
H2BC8,27211
H2BC9,31537
H2BK1,1505
H2BW1,1062
H2BW2,6378
H3-3A,70671
H3-4,233
H3C10,29985
H3C11,5392
H3C12,5552
H3C2,84842
H3C6,12550
H3C8,14452
H3Y1,1370
H3Y2,1179
H4C16,36054
H4C2,17882
H4C3,19320
H4C5,10559
H4C7,1561
H4C9,1110
H6PD,54807
HAAO,3386
HABP2,3026
HABP4,20490
HACD1,8278
HACD2,77152
HACD3,5077
HACD4,14462
HACE1,21302
HACL1,7922
HADH,30169
HADHA,66230
HADHB,31315
HAGH,96427
HAL,527
HAMP,410
HAND1,2380
HAND2,4336
HAO1,969
HAO2,2584
HAP1,2440
HAPLN1,4017
HAPLN2,4213
HAPLN3,12828
HAPLN4,1471
HAPSTR1,162015
HARBI1,5893
HARS1,41256
HARS2,34317
HAS1,464
HAS2,1979
HAS3,6807
HASPIN,4771
HAT1,33873
HAUS1,22979
HAUS2,35463
HAUS3,31737
HAUS4,18649
HAUS5,25390
HAUS6,18160
HAUS7,4075
HAUS8,14272
HAVCR1,3169
HAVCR2,4546
HAX1,35018
HBB,4902
HBD,1692
HBE1,2846
HBEGF,15972
HBG1,913
HBG2,1500
HBM,1456
HBP1,71128
HBS1L,68011
HBZ,1239
HCAR1,22213
HCAR2,985
HCAR3,403
HCCS,10745
HCFC1,47297
HCFC1R1,25678
HCFC2,9100
HCK,5596
HCLS1,15969
HCN1,3356
HCN2,1292
HCN3,8177
HCN4,1878
HCRT,299
HCRTR1,1500
HCRTR2,4107
HCST,3561
HDAC1,42159
HDAC11,30026
HDAC2,55936
HDAC3,23210
HDAC4,19521
HDAC5,10871
HDAC6,86299
HDAC7,10267
HDAC8,34126
HDAC9,4866
HDC,4854
HDDC2,45733
HDDC3,31113
HDGF,44945
HDGFL1,2865
HDGFL2,60273
HDGFL3,63384
HDHD2,78701
HDHD3,2426
HDHD5,30556
HDX,7468
HEATR1,26413
HEATR3,91358
HEATR4,1556
HEATR5A,17576
HEATR5B,54804
HEATR6,125944
HEATR9,2794
HEBP1,34365
HEBP2,80329
HECA,41761
HECTD1,63476
HECTD2,29582
HECTD3,26860
HECTD4,42425
HECW1,2104
HECW2,11045
HEG1,15630
HELB,12213
HELLS,18523
HELQ,36599
HELT,2200
HELZ,243299
HELZ2,10856
HEMGN,2617
HEMK1,14669
HENMT1,11357
HEPACAM,797
HEPACAM2,12476
HEPH,9826
HEPHL1,4762
HEPN1,1816
HERC1,57617
HERC2,46919
HERC3,33513
HERC4,57091
HERC5,9043
HERC6,17898
HERPUD1,108631
HERPUD2,58184
HES1,32013
HES2,8898
HES3,435
HES4,84173
HES5,514
HES6,1699
HES7,1922
HESX1,5593
HEXA,62206
HEXB,55323
HEXD,27993
HEXIM1,39344
HEXIM2,3598
HEY1,15620
HEY2,8238
HEYL,8140
HFE,5165
HFM1,11175
HGD,6889
HGF,6607
HGFAC,750
HGH1,11439
HGS,34962
HGSNAT,41219
HHAT,26107
HHATL,1237
HHEX,10012
HHIP,2648
HHIPL1,3578
HHIPL2,3169
HHLA1,5995
HHLA2,4555
HIBADH,46014
HIBCH,16333
HIC1,4556
HIC2,4841
HID1,376209
HIF1A,10315
HIF1AN,48825
HIF3A,4421
HIGD1A,73518
HIGD1B,2646
HIGD1C,762
HIGD2A,29699
HIGD2B,5190
HIKESHI,2775
HILPDA,31138
HINFP,16441
HINT1,7709
HINT2,7178
HINT3,34487
HIP1,47584
HIP1R,26034
HIPK1,54735
HIPK2,74871
HIPK3,208457
HIPK4,1967
HIRA,7616
HIRIP3,22110
HIVEP2,13170
HIVEP3,22547
HJURP,13803
HJV,5635
HK1,65769
HK2,26349
HK3,594
HKDC1,856
HLA-A,9126
HLA-B,22675
HLA-C,4452
HLA-DMA,1132
HLA-DMB,6514
HLA-DOB,4045
HLA-DPA1,9104
HLA-DPB1,6089
HLA-DQA1,120
HLA-DQA2,278
HLA-DQB1,3147
HLA-DQB2,2086
HLA-DRA,14907
HLA-DRB1,96
HLA-DRB5,5665
HLA-E,48636
HLA-F,8783
HLA-G,636
HLCS,56115
HLF,21135
HLTF,32209
HLX,3594
HM13,133997
HMBOX1,42598
HMBS,16798
HMCES,40277
HMCN1,20928
HMCN2,2534
HMG20A,28917
HMG20B,176335
HMGA1,37434
HMGA2,24441
HMGB1,124757
HMGB2,77339
HMGB3,63973
HMGB4,2309
HMGCL,50200
HMGCLL1,3963
HMGCR,58689
HMGCS1,15932
HMGCS2,2736
HMGN1,64900
HMGN2,17655
HMGN3,31135
HMGN4,63123
HMGN5,13452
HMGXB3,40026
HMGXB4,32398
HMHB1,2106
HMMR,7153
HMOX1,9303
HMOX2,56316
HMSD,3277
HMX1,645
HMX2,2837
HMX3,6851
HNF1A,3466
HNF1B,1365
HNF4A,2033
HNF4G,9360
HNMT,23901
HNRNPA0,23489
HNRNPA1,868
HNRNPA2B1,303238
HNRNPAB,13118
HNRNPC,47635
HNRNPCL3,3071
HNRNPD,145359
HNRNPF,410013
HNRNPH2,63631
HNRNPH3,24702
HNRNPK,28850
HNRNPL,17723
HNRNPLL,27060
HNRNPM,118641
HNRNPR,4304
HNRNPU,266449
HNRNPUL1,166432
HNRNPUL2,29654
HOATZ,4913
HOGA1,3254
HOMER1,13077
HOMER2,112807
HOMER3,14438
HOMEZ,47074
HOOK1,57742
HOOK2,98029
HOOK3,136528
HOPX,23549
HORMAD1,1670
HORMAD2,2710
HOXA1,3877
HOXA10,47804
HOXA11,2559
HOXA13,11297
HOXA2,5276
HOXA3,14377
HOXA4,6877
HOXA5,5960
HOXA6,5102
HOXA7,6973
HOXA9,3185
HOXB1,2388
HOXB13,8880
HOXB2,54908
HOXB3,43352
HOXB4,25030
HOXB5,15540
HOXB6,26650
HOXB7,34124
HOXB8,4031
HOXB9,3972
HOXC10,60698
HOXC11,9717
HOXC12,2752
HOXC13,6865
HOXC4,34001
HOXC5,13242
HOXC6,35159
HOXC8,24045
HOXC9,18622
HOXD1,1088
HOXD10,6791
HOXD11,2336
HOXD12,1767
HOXD13,3847
HOXD3,5895
HOXD4,8355
HOXD8,11977
HOXD9,13726
HP,4036
HP1BP3,80468
HPCA,2322
HPCAL1,24468
HPCAL4,3557
HPD,943
HPDL,3524
HPF1,15213
HPGD,13386
HPGDS,5638
HPN,5889
HPR,832
HPRT1,13313
HPS1,17011
HPS3,42166
HPS4,58995
HPS5,18563
HPS6,24590
HPSE,3286
HPSE2,4327
HPX,4462
HR,14137
HRAS,33729
HRC,4271
HRCT1,1456
HRG,3595
HRH1,4402
HRH2,1718
HRH3,2476
HRH4,6270
HRK,3638
HRNR,9934
HROB,3645
HS1BP3,39475
HS2ST1,18337
HS3ST1,4028
HS3ST2,5437
HS3ST3A1,6480
HS3ST3B1,2303
HS3ST4,2201
HS3ST5,2911
HS6ST1,44948
HS6ST2,4673
HS6ST3,6290
HSBP1,29437
HSBP1L1,76453
HSCB,32309
HSD11B1,3428
HSD11B1L,2927
HSD11B2,7902
HSD17B1,4820
HSD17B10,51343
HSD17B11,33706
HSD17B12,31109
HSD17B13,7630
HSD17B14,23706
HSD17B2,3830
HSD17B4,66442
HSD17B6,3849
HSD17B8,22136
HSD3B1,10568
HSD3B2,3546
HSD3B7,1980
HSDL1,42308
HSDL2,88539
HSF1,82167
HSF2BP,13077
HSF4,73112
HSF5,851
HSFX3,2458
HSH2D,6743
HSP90B1,26534
HSPA12A,4199
HSPA12B,7543
HSPA13,20706
HSPA14,14752
HSPA1A,58280
HSPA1B,185506
HSPA1L,6768
HSPA2,9767
HSPA4,43066
HSPA4L,9008
HSPA5,109074
HSPA6,1551
HSPA8,108722
HSPA9,13620
HSPB1,98196
HSPB2,1021
HSPB3,3086
HSPB6,7827
HSPB7,2538
HSPB8,33289
HSPB9,829
HSPBAP1,25164
HSPBP1,10589
HSPD1,38242
HSPE1,14144
HSPG2,106457
HSPH1,39905
HTATIP2,46641
HTATSF1,39750
HTN1,5425
HTN3,13586
HTR1A,818
HTR1B,1540
HTR1D,6096
HTR1E,1534
HTR1F,9846
HTR2A,3371
HTR2B,1784
HTR2C,3761
HTR3A,1409
HTR3B,1214
HTR3C,4262
HTR3D,2959
HTR3E,3844
HTR4,9907
HTR5A,3490
HTR6,3046
HTR7,5335
HTRA1,31651
HTRA2,4435
HTRA3,23599
HTRA4,4966
HTT,83288
HUNK,3002
HUS1,41263
HUS1B,29583
HUWE1,103486
HVCN1,6324
HYAL1,1910
HYAL2,10889
HYAL3,557
HYAL4,5040
HYCC1,16156
HYCC2,23098
HYDIN,3375
HYI,81793
HYKK,16373
HYLS1,9107
HYOU1,150882
HYPK,18260
IAH1,101600
IAPP,1839
IARS1,53440
IARS2,118709
IBA57,9887
IBSP,4159
IBTK,34490
ICA1,92989
ICA1L,6700
ICAM1,31487
ICAM2,4585
ICAM3,7204
ICAM4,1198
ICAM5,6236
ICE2,68004
ICMT,45139
ICOS,8603
ICOSLG,8710
ID1,24274
ID2,64012
ID3,10126
ID4,41737
IDE,10786
IDH1,52335
IDH2,115048
IDH3A,35900
IDH3B,22389
IDH3G,52811
IDI1,4783
IDI2,5724
IDNK,18662
IDO1,5566
IDO2,2766
IDS,11596
IDUA,46316
IER2,16713
IER3,18715
IER3IP1,200991
IER5,155546
IER5L,25302
IFFO1,7634
IFFO2,114028
IFI16,68460
IFI27,6009
IFI27L1,1577
IFI27L2,10524
IFI30,653
IFI35,6199
IFI44,23438
IFI44L,16661
IFI6,1437
IFIH1,27446
IFIT1,12505
IFIT1B,4962
IFIT2,15929
IFIT3,19118
IFIT5,17832
IFITM1,8960
IFITM10,9283
IFITM2,15406
IFITM3,6895
IFITM5,1193
IFNA1,4356
IFNA10,459
IFNA13,5007
IFNA14,1204
IFNA16,4447
IFNA17,8437
IFNA2,5786
IFNA21,1162
IFNA4,5719
IFNA5,1147
IFNA6,2426
IFNA7,3925
IFNA8,2368
IFNAR1,38303
IFNAR2,18750
IFNB1,2638
IFNE,4562
IFNG,17897
IFNGR1,112488
IFNGR2,49545
IFNK,4685
IFNL1,1171
IFNL2,742
IFNL3,2385
IFNLR1,4143
IFNW1,5170
IFRD1,24038
IFRD2,18222
IFT122,84897
IFT140,74196
IFT172,24044
IFT20,25593
IFT22,29312
IFT25,33777
IFT27,3287
IFT43,33372
IFT46,3037
IFT52,36474
IFT57,21494
IFT81,18624
IFT88,29498
IFTAP,15868
IGBP1,49322
IGBP1C,9745
IGDCC3,584
IGDCC4,2592
IGF1,20363
IGF1R,184200
IGF2,11280
IGF2BP1,3425
IGF2BP2,1615
IGF2BP3,2628
IGF2R,109509
IGFALS,1800
IGFBP1,3906
IGFBP2,18212
IGFBP3,6765
IGFBP4,111298
IGFBP5,29514
IGFBP6,2938
IGFBP7,25458
IGFBPL1,9260
IGFL1,2223
IGFL2,4786
IGFL3,2281
IGFL4,3228
IGFLR1,3204
IGFN1,3713
IGHA1,26679
IGHA2,16753
IGHD,1208
IGHE,1547
IGHG1,19852
IGHG2,14101
IGHG3,2589
IGHG4,1437
IGHM,17362
IGIP,10253
IGKC,17534
IGLC7,16653
IGLL1,6654
IGLON5,1594
IGSF1,8323
IGSF11,3192
IGSF21,2118
IGSF22,1575
IGSF23,3174
IGSF3,39714
IGSF5,4700
IGSF6,6254
IGSF8,117180
IGSF9,14034
IGSF9B,1810
IHH,263
IHO1,6850
IK,34710
IKBIP,18432
IKBKB,54420
IKBKE,10038
IKBKG,3430
IKZF1,14351
IKZF2,24476
IKZF3,9574
IKZF4,4645
IKZF5,31315
IL10,4832
IL10RA,16773
IL10RB,42105
IL11,5491
IL11RA,6533
IL12A,6518
IL12B,4025
IL12RB1,3189
IL12RB2,5034
IL13,3445
IL13RA1,58154
IL13RA2,3246
IL15,15345
IL15RA,7840
IL16,20631
IL17A,1479
IL17B,6933
IL17C,856
IL17D,6075
IL17F,1114
IL17RA,6043
IL17RB,33852
IL17RC,14385
IL17RD,11291
IL17RE,3744
IL17REL,1430
IL18,5749
IL18BP,7634
IL18R1,7334
IL18RAP,2938
IL19,6282
IL1A,4620
IL1B,2697
IL1F10,1811
IL1R1,34833
IL1R2,6583
IL1RAP,9560
IL1RAPL1,4499
IL1RAPL2,4297
IL1RL1,5891
IL1RL2,3128
IL1RN,4358
IL2,6062
IL20,13290
IL20RA,43471
IL20RB,2072
IL21,3872
IL21R,1732
IL22,13555
IL22RA1,3166
IL22RA2,4757
IL23A,1327
IL23R,2622
IL24,2811
IL25,4480
IL26,23086
IL27,2808
IL27RA,13830
IL2RA,4418
IL2RB,4206
IL2RG,5250
IL3,2940
IL31,1600
IL31RA,3769
IL32,1400
IL33,14588
IL34,2593
IL36A,3343
IL36B,5019
IL36G,2215
IL36RN,1316
IL37,3244
IL3RA,18605
IL4,3563
IL4I1,3454
IL4R,25961
IL5,5512
IL5RA,5198
IL6,7775
IL6R,7419
IL6ST,285781
IL7,7079
IL7R,5646
IL9,1008
ILDR1,14160
ILDR2,3439
ILF2,40142
ILF3,161049
ILK,113759
ILKAP,17227
ILRUN,57790
ILVBL,14655
IMMP1L,15229
IMMP2L,22911
IMMT,39543
IMP3,11638
IMP4,18060
IMPA1,34643
IMPA2,24230
IMPACT,61072
IMPDH1,9899
IMPDH2,4915
IMPG1,5827
IMPG2,3824
INA,3045
INAFM1,2487
INAFM2,14259
INAVA,8178
INCA1,2945
INCENP,16065
INF2,35451
ING1,32901
ING2,23664
ING3,18484
ING4,52193
ING5,17315
INHA,621
INHBA,10724
INHBB,78817
INHBC,1518
INHBE,1908
INIP,34795
INKA1,1933
INKA2,10118
INMT,9236
INO80,70028
INO80B,22346
INO80C,6208
INO80D,16816
INO80E,84126
INPP1,14067
INPP4A,25298
INPP4B,52303
INPP5A,29562
INPP5B,17625
INPP5D,14237
INPP5E,28739
INPP5F,16962
INPP5J,13941
INPP5K,5039
INPPL1,85568
INSC,1465
INSIG1,21281
INSIG2,39915
INSL3,2245
INSL4,1315
INSL5,2591
INSL6,3222
INSM1,3144
INSM2,4715
INSR,96364
INSRR,3926
INSYN1,22700
INSYN2A,5673
INSYN2B,3639
INTS1,47919
INTS10,20216
INTS11,58948
INTS12,28509
INTS13,55551
INTS14,56180
INTS15,29670
INTS2,68023
INTS3,31163
INTS4,12730
INTS5,18168
INTS6,55858
INTS6L,16538
INTS7,29310
INTS8,49413
INTS9,7891
INTU,6759
INVS,23153
IP6K1,19828
IP6K2,50292
IP6K3,3072
IPCEF1,14562
IPMK,9805
IPO11,40449
IPO13,10732
IPO4,19332
IPO5,103983
IPO8,29041
IPO9,54556
IPP,31668
IPPK,31496
IQANK1,22435
IQCA1,7291
IQCA1L,2653
IQCB1,13516
IQCC,6919
IQCD,9320
IQCE,43099
IQCF1,1305
IQCF2,397
IQCF3,3701
IQCF5,1393
IQCF6,109
IQCG,21455
IQCH,17307
IQCJ,16953
IQCK,13440
IQCM,4136
IQCN,7960
IQGAP1,164141
IQGAP2,6939
IQGAP3,12946
IQSEC1,16999
IQSEC2,57839
IQSEC3,4899
IQUB,9782
IRAG1,7665
IRAG2,5786
IRAK1,60378
IRAK1BP1,18437
IRAK2,4801
IRAK3,13616
IRAK4,11347
IREB2,60965
IRF1,30358
IRF2,35912
IRF2BP1,41568
IRF2BP2,292339
IRF2BPL,52418
IRF3,29363
IRF4,6724
IRF5,12246
IRF6,38270
IRF7,11843
IRF8,21055
IRF9,25830
IRGC,1222
IRGM,2426
IRGQ,15363
IRS1,99357
IRS2,45034
IRS4,1358
IRX1,8896
IRX2,5118
IRX3,235996
IRX4,3422
IRX5,141934
IRX6,1741
ISCA1,70742
ISCA2,15818
ISCU,65660
ISG15,3635
ISG20,24923
ISG20L2,41049
ISL1,1622
ISL2,2357
ISLR,6495
ISLR2,1222
ISM1,5326
ISM2,1568
ISOC1,19815
ISOC2,5054
IST1,673434
ISX,3640
ISY1,32115
ISYNA1,120589
ITCH,119259
ITFG1,105982
ITFG2,29212
ITGA1,35627
ITGA10,19548
ITGA11,3882
ITGA2,79025
ITGA2B,2559
ITGA3,115876
ITGA4,19508
ITGA5,11528
ITGA6,166973
ITGA7,6338
ITGA8,6990
ITGA9,10434
ITGAD,3005
ITGAE,2217
ITGAL,11026
ITGAM,5604
ITGAV,63007
ITGAX,10161
ITGB1,181914
ITGB1BP1,50836
ITGB1BP2,4862
ITGB2,45462
ITGB3,10434
ITGB3BP,20849
ITGB4,84280
ITGB5,245485
ITGB6,6225
ITGB7,3356
ITGBL1,19280
ITIH1,3005
ITIH2,2556
ITIH3,1608
ITIH4,2863
ITIH5,15765
ITIH6,6540
ITK,4569
ITLN1,2131
ITLN2,5187
ITM2A,19902
ITM2B,50655
ITM2C,776
ITPA,54699
ITPK1,7487
ITPKA,1311
ITPKB,25235
ITPKC,24848
ITPR1,25093
ITPR2,62376
ITPR3,36561
ITPRID1,4691
ITPRID2,75247
ITPRIP,13112
ITPRIPL1,3692
ITPRIPL2,33648
ITSN1,28360
ITSN2,23811
IVD,35450
IVL,3815
IVNS1ABP,66460
IWS1,42719
IYD,23
IZUMO1,3988
IZUMO1R,366
IZUMO2,439
IZUMO3,3018
IZUMO4,3478
JADE1,14517
JADE2,30630
JADE3,23914
JAG1,140231
JAG2,2902
JAGN1,27422
JAK1,79707
JAK2,31233
JAK3,6531
JAKMIP1,2365
JAKMIP2,2925
JAKMIP3,2704
JAM2,19963
JAM3,13639
JAML,9337
JARID2,36649
JAZF1,33104
JCAD,3157
JCHAIN,10873
JDP2,23591
JHY,12700
JKAMP,49400
JMJD1C,36666
JMJD4,18268
JMJD6,17774
JMJD8,44075
JMY,26494
JOSD1,16202
JOSD2,20127
JPH1,4805
JPH2,3551
JPH3,1804
JPH4,2429
JPT1,24068
JPT2,201620
JRK,6186
JRKL,15042
JTB,34550
JUN,178911
JUNB,8731
JUND,24848
JUP,4755
KALRN,13663
KANK1,24102
KANK2,52429
KANK3,7365
KANK4,2163
KANSL1,30574
KANSL1L,30877
KANSL2,20064
KANSL3,75777
KANTR,8681
KARS,20948
KASH5,1063
KAT14,31420
KAT2A,33939
KAT2B,10956
KAT5,43775
KAT6A,80062
KAT6B,60820
KAT7,14040
KAT8,54533
KATNA1,29875
KATNAL1,32065
KATNAL2,741
KATNB1,5787
KATNBL1,1532
KATNIP,28217
KAZALD1,6989
KAZN,7071
KBTBD11,4388
KBTBD12,3362
KBTBD13,1413
KBTBD2,66198
KBTBD3,10574
KBTBD4,16031
KBTBD6,17641
KBTBD7,7806
KBTBD8,3928
KCMF1,57346
KCNA1,5235
KCNA10,3099
KCNA2,2900
KCNA3,3214
KCNA4,2506
KCNA5,1280
KCNA7,3620
KCNAB1,6241
KCNAB2,13531
KCNAB3,2989
KCNB1,5491
KCNB2,2688
KCNC1,6232
KCNC2,11902
KCNC3,19801
KCNC4,10002
KCND1,5213
KCND2,2546
KCND3,22214
KCNE1,1763
KCNE2,5860
KCNE3,7105
KCNE4,3792
KCNE5,3773
KCNF1,1598
KCNG1,1726
KCNG3,1198
KCNG4,2741
KCNH1,5932
KCNH2,848
KCNH3,1654
KCNH4,2202
KCNH5,2378
KCNH6,4265
KCNH7,2163
KCNH8,4957
KCNIP1,1389
KCNIP2,9221
KCNIP3,2066
KCNIP4,3858
KCNJ1,2509
KCNJ10,9357
KCNJ11,31454
KCNJ12,4936
KCNJ13,3135
KCNJ14,6165
KCNJ15,6337
KCNJ16,7545
KCNJ18,2279
KCNJ2,9777
KCNJ3,33192
KCNJ4,1099
KCNJ5,3942
KCNJ6,1911
KCNJ8,4510
KCNJ9,3923
KCNK1,8885
KCNK10,3272
KCNK12,3830
KCNK13,3009
KCNK15,7127
KCNK16,1516
KCNK17,2722
KCNK18,6356
KCNK2,6337
KCNK3,5470
KCNK4,596
KCNK5,3094
KCNK6,33399
KCNK7,2321
KCNMA1,13070
KCNMB1,6230
KCNMB2,2222
KCNMB3,44485
KCNMB4,11432
KCNN1,2081
KCNN2,4075
KCNN3,2586
KCNN4,8394
KCNQ1,4510
KCNQ2,2437
KCNQ3,5248
KCNQ4,736
KCNQ5,2405
KCNRG,2716
KCNS1,3341
KCNS2,2470
KCNS3,14025
KCNT1,1398
KCNT2,5559
KCNU1,3567
KCNV1,4144
KCNV2,2423
KCP,1389
KCTD1,38524
KCTD10,23043
KCTD11,4503
KCTD12,4042
KCTD13,39830
KCTD14,4399
KCTD15,7991
KCTD16,5389
KCTD17,4403
KCTD18,12736
KCTD19,2019
KCTD2,56814
KCTD20,28939
KCTD21,8989
KCTD3,123531
KCTD4,7285
KCTD5,36351
KCTD6,60512
KCTD7,14050
KCTD8,574
KCTD9,12141
KDELR1,73606
KDELR2,103016
KDELR3,38205
KDF1,26298
KDM1A,54590
KDM1B,33567
KDM2A,223003
KDM2B,16677
KDM3A,46558
KDM3B,35863
KDM4A,52449
KDM4B,82217
KDM4C,35909
KDM4D,3990
KDM4E,1707
KDM4F,1461
KDM5A,180382
KDM5B,113486
KDM5C,27910
KDM5D,67
KDM6A,49768
KDM6B,55383
KDM7A,57185
KDM8,11626
KDR,33061
KDSR,116307
KEAP1,34884
KEL,3592
KERA,5207
KHDC1,2579
KHDC1L,2020
KHDC3L,1644
KHDC4,151718
KHDRBS1,172977
KHDRBS2,2729
KHDRBS3,17054
KHK,5367
KHNYN,57751
KHSRP,65686
KIAA0040,15356
KIAA0232,44755
KIAA0319,2664
KIAA0319L,143618
KIAA0408,6553
KIAA0513,17635
KIAA0586,39759
KIAA0753,22767
KIAA0825,18800
KIAA0930,104861
KIAA1143,16809
KIAA1191,23068
KIAA1210,3350
KIAA1217,58833
KIAA1328,35410
KIAA1522,119968
KIAA1549,20089
KIAA1549L,6300
KIAA1586,21703
KIAA1614,4441
KIAA1671,86179
KIAA1755,11390
KIAA1958,20598
KIAA2012,2753
KIAA2013,4031
KIAA2026,49542
KICS2,66099
KIDINS220,113679
KIF11,15436
KIF12,141672
KIF13A,103799
KIF13B,38362
KIF14,12649
KIF15,6397
KIF16B,155174
KIF17,2350
KIF18A,7287
KIF18B,6783
KIF19,1282
KIF1A,1000
KIF1B,37416
KIF1C,39018
KIF20A,4802
KIF20B,12474
KIF21A,17686
KIF21B,2290
KIF22,35919
KIF23,28460
KIF24,18893
KIF25,5217
KIF26A,2405
KIF26B,3618
KIF27,25529
KIF2A,57115
KIF2B,7057
KIF2C,7037
KIF3A,18139
KIF3B,61533
KIF3C,23661
KIF4A,11135
KIF4B,4706
KIF5A,2511
KIF5B,220895
KIF5C,10721
KIF6,2873
KIF7,5006
KIF9,16071
KIFAP3,28285
KIFBP,32796
KIFC1,18189
KIFC2,38497
KIFC3,7800
KIN,23231
KIR2DL1,1126
KIR2DL3,1844
KIR2DL4,1370
KIR3DL1,3303
KIR3DL2,1850
KIR3DL3,1167
KIRREL1,8780
KIRREL2,1409
KIRREL3,1080
KISS1,1238
KISS1R,2980
KIT,37144
KITLG,8874
KIZ,16717
KL,3182
KLB,4692
KLC1,69138
KLC2,24896
KLC3,10866
KLC4,6344
KLF1,356
KLF10,34742
KLF12,9878
KLF13,38413
KLF14,2943
KLF15,23276
KLF16,45627
KLF17,2684
KLF18,3208
KLF2,34268
KLF3,83930
KLF4,69736
KLF5,14520
KLF6,21939
KLF7,36746
KLF8,2662
KLF9,8555
KLHDC1,30156
KLHDC10,73537
KLHDC2,119610
KLHDC3,47452
KLHDC4,15671
KLHDC7A,4828
KLHDC7B,3611
KLHDC8A,4160
KLHDC8B,11673
KLHDC9,11777
KLHL1,2769
KLHL10,5041
KLHL11,23639
KLHL12,41270
KLHL13,30598
KLHL14,5296
KLHL15,10260
KLHL17,26055
KLHL18,9389
KLHL2,15636
KLHL20,28910
KLHL21,31489
KLHL22,13045
KLHL23,16855
KLHL24,67171
KLHL25,21776
KLHL26,13026
KLHL28,9567
KLHL29,9234
KLHL3,9650
KLHL30,587
KLHL31,5729
KLHL32,4059
KLHL33,2291
KLHL34,4469
KLHL35,2576
KLHL36,36008
KLHL38,4437
KLHL4,4610
KLHL40,1789
KLHL41,1838
KLHL42,15809
KLHL5,20887
KLHL6,5964
KLHL7,5850
KLHL8,24497
KLHL9,70367
KLK1,698
KLK10,10974
KLK11,8835
KLK12,2073
KLK13,1274
KLK14,2943
KLK15,4351
KLK2,2537
KLK3,2319
KLK4,728
KLK5,7212
KLK6,3578
KLK7,4143
KLK8,487
KLK9,334
KLKB1,6932
KLLN,3663
KLRB1,13620
KLRC1,7126
KLRC2,2270
KLRC3,865
KLRC4,9186
KLRD1,7619
KLRF1,6590
KLRF2,6731
KLRG1,4480
KLRG2,1150
KLRK1,7218
KMO,6991
KMT2A,17777
KMT2B,43874
KMT2C,36354
KMT2D,49365
KMT2E,179137
KMT5A,45665
KMT5B,91281
KMT5C,3651
KNCN,863
KNDC1,2540
KNG1,1008
KNL1,18024
KNOP1,958
KNSTRN,21309
KNTC1,5685
KPNA1,47733
KPNA2,47260
KPNA3,61626
KPNA4,37050
KPNA5,29578
KPNA6,24465
KPNA7,9410
KPNB1,181771
KPRP,1942
KPTN,4533
KRAS,47082
KRBA1,7777
KRBA2,684
KRBOX1,4069
KRBOX4,91548
KRBOX5,21582
KRCC1,74539
KREMEN1,14526
KREMEN2,1341
KRI1,33686
KRIT1,8236
KRR1,74735
KRT1,1798
KRT10,7943
KRT12,1132
KRT13,4286
KRT14,2655
KRT15,17804
KRT16,5996
KRT17,16900
KRT18,76478
KRT19,39045
KRT2,1209
KRT20,1368
KRT222,2841
KRT23,13890
KRT24,3076
KRT25,2209
KRT26,2772
KRT27,1393
KRT28,3221
KRT3,831
KRT31,281
KRT32,473
KRT33A,484
KRT33B,1619
KRT35,1250
KRT36,1648
KRT37,613
KRT38,1659
KRT39,2495
KRT4,888
KRT40,1841
KRT5,25842
KRT6A,652
KRT6B,1506
KRT6C,3380
KRT7,4147
KRT71,1542
KRT72,1457
KRT73,2435
KRT74,1351
KRT75,1148
KRT76,2791
KRT77,1233
KRT78,2683
KRT79,1524
KRT8,35545
KRT80,16635
KRT81,4643
KRT82,1906
KRT84,1666
KRT85,1428
KRT86,2735
KRT9,948
KRTAP1-1,1996
KRTAP1-3,721
KRTAP1-5,4107
KRTAP10-10,1867
KRTAP10-11,2072
KRTAP10-2,1699
KRTAP10-3,879
KRTAP10-5,594
KRTAP10-7,454
KRTAP10-9,848
KRTAP11-1,2341
KRTAP12-1,2970
KRTAP12-2,22
KRTAP12-3,298
KRTAP13-1,496
KRTAP13-2,2000
KRTAP13-3,4650
KRTAP13-4,2768
KRTAP15-1,5604
KRTAP16-1,1154
KRTAP17-1,1386
KRTAP19-1,1309
KRTAP19-2,2343
KRTAP19-3,952
KRTAP19-4,1004
KRTAP19-5,1878
KRTAP19-6,1509
KRTAP19-7,1440
KRTAP19-8,918
KRTAP2-2,363
KRTAP2-3,1865
KRTAP2-4,637
KRTAP20-1,1284
KRTAP20-2,1241
KRTAP20-4,643
KRTAP21-1,1030
KRTAP21-2,2484
KRTAP22-1,2391
KRTAP22-2,2015
KRTAP24-1,4052
KRTAP25-1,4227
KRTAP26-1,4043
KRTAP27-1,2870
KRTAP29-1,1426
KRTAP3-1,675
KRTAP3-2,2289
KRTAP3-3,1630
KRTAP4-1,3753
KRTAP4-11,1987
KRTAP4-12,1757
KRTAP4-16,6116
KRTAP4-2,2519
KRTAP4-3,1219
KRTAP4-4,2215
KRTAP4-5,1426
KRTAP4-6,1492
KRTAP4-7,4605
KRTAP4-8,1511
KRTAP4-9,3317
KRTAP5-1,2395
KRTAP5-10,1849
KRTAP5-11,918
KRTAP5-2,708
KRTAP5-3,416
KRTAP5-4,1491
KRTAP5-5,1625
KRTAP5-6,1246
KRTAP5-7,1629
KRTAP5-8,1242
KRTAP5-9,2580
KRTAP6-1,2588
KRTAP6-2,846
KRTAP6-3,2877
KRTAP7-1,1181
KRTAP8-1,2287
KRTAP9-4,1802
KRTAP9-6,234
KRTAP9-8,1574
KRTAP9-9,1590
KRTCAP2,5726
KRTCAP3,63862
KRTDAP,1047
KSR1,9574
KSR2,1281
KTI12,13804
KTN1,179015
KXD1,33013
KY,1991
KYAT1,1099
KYAT3,41815
L1CAM,3189
L2HGDH,26372
L3HYPDH,25263
L3MBTL1,53348
L3MBTL2,23530
L3MBTL3,10256
L3MBTL4,13098
LACC1,19737
LACRT,434
LACTB,12901
LACTB2,21216
LACTBL1,1108
LAD1,15792
LAG3,2332
LAGE3,11223
LAIR1,16279
LAIR2,3912
LALBA,2498
LAMA1,5331
LAMA2,40080
LAMA3,59002
LAMA4,37451
LAMA5,54018
LAMB1,145528
LAMB2,345
LAMB3,25167
LAMB4,971
LAMC1,50934
LAMC2,4861
LAMC3,12231
LAMP1,165146
LAMP2,57575
LAMP3,2209
LAMP5,2717
LAMTOR1,164104
LAMTOR2,129204
LAMTOR3,34611
LAMTOR4,40402
LAMTOR5,113531
LANCL1,24496
LANCL2,12655
LANCL3,2346
LAP3,21906
LAPTM4A,25323
LAPTM4B,67694
LAPTM5,59242
LARGE1,7204
LARGE2,3935
LARP1,49000
LARP1B,15069
LARP4,66631
LARP4B,113787
LARP6,6579
LARP7,39340
LARS,94779
LARS2,11732
LAS1L,39034
LASP1,146236
LASP1NB,6937
LAT,4963
LAT2,7318
LATS1,94382
LATS2,13424
LAX1,4114
LAYN,2304
LBH,23511
LBHD1,3619
LBHD2,1019
LBP,2921
LBX1,1940
LBX2,1922
LCA5,27336
LCA5L,8260
LCAT,6748
LCE1A,1525
LCE1B,5359
LCE1C,484
LCE1D,381
LCE2A,364
LCE2B,1160
LCE2C,961
LCE2D,814
LCE3C,426
LCE3D,993
LCE3E,1403
LCE4A,1846
LCE5A,3149
LCE6A,1115
LCE7A,789
LCK,9040
LCLAT1,23341
LCMT1,34768
LCMT2,12014
LCN1,673
LCN12,1317
LCN15,2845
LCN2,4912
LCN6,3543
LCN8,2359
LCN9,1343
LCNL1,1637
LCOR,61432
LCORL,35080
LCP1,9564
LCP2,17910
LCT,1856
LDAF1,45970
LDAH,27010
LDB1,111828
LDB2,22481
LDB3,2516
LDHA,12845
LDHAL6A,1963
LDHAL6B,7750
LDHB,12375
LDHC,11555
LDHD,14657
LDLR,59309
LDLRAD1,2784
LDLRAD3,2520
LDLRAD4,121781
LDLRAP1,29150
LDOC1,32064
LEAP2,3549
LECT2,7594
LEF1,16245
LEFTY1,2243
LEFTY2,3332
LEKR1,20176
LELP1,1936
LEMD1,4692
LEMD2,49221
LEMD3,357277
LENEP,5750
LENG1,5214
LENG8,211127
LENG9,5746
LEO1,100964
LEP,4553
LEPR,21750
LEPROT,29981
LEPROTL1,42198
LETM1,17067
LETM2,8175
LETMD1,24222
LEUTX,688
LEXM,665
LFNG,106448
LGALS1,10524
LGALS12,2677
LGALS13,1385
LGALS14,2530
LGALS16,780
LGALS2,5477
LGALS3,69660
LGALS3BP,1925
LGALS4,1985
LGALS7B,2151
LGALS8,28908
LGALS9,1414
LGALSL,16952
LGI1,7331
LGI2,3580
LGI3,717
LGI4,5999
LGMN,36449
LGR4,37090
LGR5,6439
LGR6,4732
LGSN,2233
LHCGR,4601
LHFPL1,659
LHFPL2,35046
LHFPL3,4831
LHFPL4,1031
LHFPL6,30686
LHFPL7,3674
LHPP,1559
LHX1,1282
LHX2,3205
LHX3,1651
LHX4,1266
LHX5,1079
LHX6,6983
LHX8,1445
LHX9,3845
LIAS,20268
LIF,10266
LIFR,58621
LIG1,21317
LIG3,42617
LIG4,30991
LILRA1,4978
LILRA2,3381
LILRA4,4890
LILRA5,788
LILRA6,3177
LILRB1,3122
LILRB2,3864
LILRB3,4152
LILRB4,1392
LILRB5,5332
LIM2,1670
LIMA1,8927
LIMCH1,7780
LIMD1,32852
LIMD2,9669
LIME1,15649
LIMK1,13655
LIMK2,44484
LIMS1,73295
LIMS2,15681
LIN28A,2400
LIN28B,3818
LIN37,5004
LIN52,8161
LIN54,31703
LIN7A,13929
LIN7B,2954
LIN7C,45204
LIN9,20535
LINC02218,4098
LINGO1,3332
LINGO2,1927
LINGO3,2762
LINGO4,5700
LINS1,46472
LIPA,20982
LIPC,1812
LIPE,391
LIPF,1615
LIPG,4020
LIPH,32144
LIPI,4758
LIPJ,5963
LIPK,4113
LIPM,3633
LIPN,5210
LIPT1,21741
LIPT2,7516
LITAF,84709
LITAFD,321
LIX1,3100
LIX1L,14240
LLCFC1,3409
LLGL1,9708
LLGL2,162526
LLPH,16023
LMAN1,69802
LMAN1L,367
LMAN2,151251
LMAN2L,56498
LMBR1,76247
LMBR1L,7970
LMBRD1,22911
LMBRD2,17
LMF1,33515
LMF2,28629
LMLN,21655
LMNA,128615
LMNB1,45534
LMNB2,16897
LMNTD1,5125
LMNTD2,2814
LMO1,4858
LMO2,8764
LMO3,4736
LMO4,41693
LMO7,6175
LMOD1,11501
LMOD2,3218
LMTK2,27228
LMTK3,4418
LMX1A,1627
LMX1B,96262
LNP1,8899
LNPEP,86396
LNPK,43078
LNX1,15861
LNX2,44238
LONP1,38544
LONP2,86559
LONRF1,9471
LONRF2,46186
LONRF3,3831
LORICRIN,968
LOX,8922
LOXHD1,3623
LOXL1,9294
LOXL2,15654
LOXL3,1278
LOXL4,561
LPA,8931
LPAR1,16555
LPAR2,46266
LPAR3,4296
LPAR4,4317
LPAR5,9063
LPAR6,54106
LPCAT1,37670
LPCAT2,24440
LPCAT3,35865
LPCAT4,7380
LPGAT1,21339
LPIN1,16462
LPIN2,30567
LPIN3,32330
LPL,6243
LPO,5620
LPP,113504
LPXN,25217
LRAT,2881
LRATD1,6722
LRATD2,49298
LRBA,175343
LRCH1,40890
LRCH2,3252
LRCH3,22256
LRCH4,33830
LRCOL1,369
LRFN1,6742
LRFN2,3283
LRFN3,4828
LRFN4,6522
LRFN5,3561
LRG1,5457
LRGUK,5734
LRIF1,15355
LRIG1,172042
LRIG2,54219
LRIG3,29989
LRIT1,1480
LRIT2,2510
LRIT3,7330
LRMDA,17726
LRP1,111014
LRP10,95942
LRP11,23008
LRP12,11457
LRP1B,1850
LRP2,11463
LRP2BP,8153
LRP3,2770
LRP4,4568
LRP5,50092
LRP6,63853
LRP8,2045
LRPAP1,43139
LRPPRC,78514
LRR1,20625
LRRC1,35073
LRRC10,9802
LRRC10B,1196
LRRC14,36615
LRRC14B,2184
LRRC15,2823
LRRC17,11933
LRRC18,1630
LRRC19,9103
LRRC2,5559
LRRC20,7652
LRRC23,14379
LRRC24,446
LRRC25,5237
LRRC27,33939
LRRC28,25460
LRRC3,6726
LRRC30,444
LRRC31,11748
LRRC32,18659
LRRC34,11906
LRRC36,7907
LRRC37A3,17136
LRRC37B,21141
LRRC38,2104
LRRC39,9401
LRRC3B,3727
LRRC3C,1585
LRRC4,3799
LRRC40,14757
LRRC41,24989
LRRC42,20767
LRRC43,3070
LRRC45,22037
LRRC46,3913
LRRC47,32820
LRRC49,8297
LRRC4B,291
LRRC4C,1964
LRRC51,18683
LRRC52,2415
LRRC53,3019
LRRC55,3180
LRRC56,2327
LRRC57,23499
LRRC58,23247
LRRC59,170471
LRRC61,3198
LRRC63,4952
LRRC66,2447
LRRC69,9122
LRRC7,5212
LRRC70,2895
LRRC71,4593
LRRC72,3138
LRRC73,1033
LRRC74A,2143
LRRC74B,1606
LRRC75A,1405
LRRC75B,7976
LRRC8A,62373
LRRC8B,15221
LRRC8C,13776
LRRC8D,21216
LRRC8E,8043
LRRC9,6172
LRRCC1,45281
LRRD1,11003
LRRFIP1,23247
LRRFIP2,43849
LRRIQ1,2922
LRRIQ3,10377
LRRIQ4,3073
LRRK1,20999
LRRK2,18514
LRRN1,9878
LRRN2,938
LRRN3,5416
LRRN4,4931
LRRN4CL,1927
LRRTM1,944
LRRTM2,1952
LRRTM3,3433
LRRTM4,2867
LRSAM1,46360
LRTM2,3067
LRWD1,11278
LSAMP,2308
LSG1,39558
LSM1,44164
LSM10,16494
LSM11,7575
LSM12,11061
LSM14A,25671
LSM14B,105132
LSM4,50209
LSM5,26946
LSM6,44126
LSM7,22266
LSM8,53259
LSMEM1,8526
LSMEM2,3355
LSP1,72935
LSR,101077
LSS,29755
LST1,491
LTA,3545
LTA4H,28134
LTB,9711
LTB4R,13903
LTB4R2,6519
LTBP1,13807
LTBP2,67676
LTBP3,42215
LTBP4,40384
LTBR,91159
LTC4S,3914
LTF,7134
LTK,6300
LTN1,67624
LTO1,211849
LTV1,36127
LUC7L,99407
LUC7L2,33861
LUC7L3,230603
LUM,81968
LURAP1,6172
LURAP1L,86257
LUZP1,18826
LUZP2,2353
LUZP4,1829
LVRN,2557
LXN,27929
LY6D,709
LY6E,3942
LY6G5B,15731
LY6G5C,3904
LY6G6C,3532
LY6G6D,656
LY6K,4110
LY6L,737
LY75,14061
LY86,7124
LY9,7698
LY96,5307
LYAR,17873
LYG1,4047
LYL1,12504
LYN,16030
LYNX1,8931
LYPD1,3116
LYPD2,711
LYPD3,14492
LYPD4,3084
LYPD5,5126
LYPD6,5513
LYPD6B,13880
LYPD8,2136
LYPLA1,19495
LYPLAL1,20702
LYRM1,22689
LYRM2,11794
LYRM4,20016
LYRM7,16490
LYRM9,27181
LYSET,23636
LYSMD1,10949
LYSMD2,11584
LYSMD3,60789
LYSMD4,10848
LYST,18734
LYVE1,15687
LYZ,20117
LYZL1,833
LYZL2,1141
LYZL4,1297
LYZL6,3777
LZIC,55674
LZTFL1,18742
LZTR1,27532
LZTS1,7831
LZTS2,81792
LZTS3,8727
M1AP,3731
MAB21L1,7492
MAB21L2,1014
MAB21L3,2988
MAB21L4,9003
MACC1,43319
MACF1,39104
MACIR,29153
MACO1,94453
MACROD1,45270
MACROD2,29158
MACROH2A1,125062
MACROH2A2,11121
MAD1L1,4794
MAD2L1BP,5484
MADCAM1,2870
MADD,27955
MAEA,82290
MAEL,5495
MAF,44809
MAF1,95789
MAFA,1775
MAFB,38228
MAFF,19952
MAFG,12567
MAFK,24838
MAG,1758
MAGEA1,1939
MAGEA10,2015
MAGEA11,2261
MAGEA12,3182
MAGEA3,2053
MAGEA4,4327
MAGEA6,518
MAGEA8,420
MAGEA9B,1057
MAGEB1,3468
MAGEB10,3660
MAGEB16,4089
MAGEB17,2347
MAGEB18,2646
MAGEB2,3020
MAGEB3,2503
MAGEB4,4009
MAGEB5,2637
MAGEB6,3753
MAGEB6B,1773
MAGEC1,1955
MAGEC2,3041
MAGEC3,3612
MAGED1,44723
MAGED2,459510
MAGEE1,3029
MAGEE2,926
MAGEF1,61667
MAGEH1,32260
MAGEL2,2453
MAGI1,20197
MAGI2,5036
MAGI3,35402
MAGIX,8119
MAGOH,857
MAGOHB,8515
MAGT1,44364
MAIP1,15272
MAJIN,3325
MAK,4169
MAK16,19980
MAL,5664
MAL2,197890
MALL,4267
MALRD1,3261
MALSU1,29045
MALT1,22916
MAMDC2,18058
MAML1,32364
MAML2,4543
MAML3,40033
MAMLD1,4120
MAMSTR,1959
MAN1A1,93796
MAN1B1,113482
MAN1C1,19462
MAN2A1,83675
MAN2A2,48643
MAN2B1,47761
MAN2B2,60261
MANBA,94567
MANBAL,33006
MANEA,21933
MANEAL,5382
MANF,46660
MANSC1,33240
MANSC4,2463
MAOA,70244
MAOB,16846
MAP10,7537
MAP1A,10060
MAP1B,6929
MAP1LC3A,28048
MAP1LC3B,170086
MAP1LC3C,4847
MAP1S,17462
MAP2,3043
MAP2K1,19312
MAP2K2,16044
MAP2K3,30270
MAP2K4,45394
MAP2K5,19047
MAP2K6,17057
MAP2K7,72344
MAP3K1,41035
MAP3K10,38237
MAP3K11,37099
MAP3K12,15500
MAP3K13,3999
MAP3K14,11431
MAP3K15,2346
MAP3K19,4128
MAP3K2,79161
MAP3K20,41572
MAP3K21,7722
MAP3K3,184993
MAP3K4,43010
MAP3K5,25884
MAP3K6,20162
MAP3K7,30992
MAP3K7CL,8096
MAP3K8,27133
MAP3K9,6273
MAP4,163218
MAP4K1,4572
MAP4K2,20587
MAP4K3,71401
MAP4K4,31243
MAP4K5,95565
MAP6,4003
MAP6D1,1305
MAP7,62248
MAP7D1,36165
MAP7D2,5320
MAP7D3,12711
MAP9,48874
MAPK1,50824
MAPK10,10317
MAPK11,5639
MAPK12,5490
MAPK13,82899
MAPK14,41653
MAPK15,436
MAPK1IP1L,86166
MAPK3,88020
MAPK4,3405
MAPK6,69489
MAPK7,6857
MAPK8,20148
MAPK8IP1,10660
MAPK8IP2,39843
MAPK8IP3,64962
MAPK9,110924
MAPKAP1,62044
MAPKAPK2,262833
MAPKAPK3,35001
MAPKAPK5,33015
MAPKBP1,25081
MAPRE1,17730
MAPRE2,10059
MAPRE3,53128
MAPT,28174
MARCHF1,8264
MARCHF10,2814
MARCHF11,5140
MARCHF2,39352
MARCHF3,4420
MARCHF4,2450
MARCHF5,54345
MARCHF6,109282
MARCHF7,62432
MARCHF8,40966
MARCHF9,95758
MARCKS,305442
MARCKSL1,23270
MARCO,3048
MARCOL,1678
MARF1,37456
MARK1,20210
MARK2,31784
MARK3,112783
MARK4,44705
MARS1,50115
MARS2,12364
MARVELD1,20721
MARVELD2,75522
MARVELD3,28792
MAS1,2427
MAS1L,3573
MASP1,2677
MASP2,3811
MAST1,2524
MAST2,19396
MAST3,13461
MAST4,67569
MASTL,26258
MAT1A,7809
MAT2A,85970
MAT2B,103831
MATCAP1,17835
MATCAP2,31434
MATK,4330
MATN1,2602
MATN2,14273
MATN3,3931
MATN4,218
MAU2,19037
MAVS,55937
MAX,104867
MAZ,45599
MB,3501
MB21D2,10703
MBD1,63016
MBD2,253643
MBD3,8675
MBD3L1,2614
MBD3L2B,440
MBD3L5,67
MBD4,63471
MBD5,32475
MBD6,86464
MBIP,43157
MBL2,1567
MBLAC2,20328
MBNL1,114403
MBNL2,78084
MBNL3,8984
MBOAT1,72708
MBOAT2,46045
MBOAT4,5553
MBOAT7,67125
MBP,19704
MBTD1,137405
MBTPS1,144418
MBTPS2,19845
MC1R,13785
MC2R,3216
MC3R,3168
MC4R,5706
MC5R,3759
MCAM,9792
MCAT,19600
MCC,26129
MCCC1,44697
MCCC2,294621
MCCD1,1176
MCEE,35646
MCEMP1,1475
MCF2,7021
MCF2L,109889
MCF2L2,10471
MCFD2,1349
MCHR1,1407
MCHR2,4744
MCIDAS,8580
MCL1,164273
MCM10,14966
MCM2,27446
MCM3,64539
MCM3AP,47965
MCM4,57574
MCM5,43616
MCM6,25902
MCM7,103007
MCM8,20456
MCM9,7813
MCMBP,33516
MCMDC2,4154
MCOLN1,27746
MCOLN2,7290
MCOLN3,18416
MCPH1,10745
MCRIP1,24185
MCRIP2,16206
MCRS1,42701
MCTP1,14952
MCTP2,8786
MCTS1,56769
MCU,10730
MCUB,15601
MCUR1,60934
MDC1,28751
MDFI,24833
MDFIC,40592
MDFIC2,2736
MDGA1,3440
MDGA2,5360
MDH1,7020
MDH1B,7573
MDH2,127371
MDK,919
MDM1,99926
MDM2,764805
MDM4,99903
MDN1,26029
MDP1,33913
ME1,12646
ME2,37326
ME3,22146
MEA1,61223
MEAF6,35808
MEAK7,23502
MECOM,12309
MECP2,19585
MECR,16983
MED1,19418
MED10,71446
MED11,9501
MED12,29761
MED12L,12398
MED13,337690
MED13L,158431
MED14,92399
MED15,22570
MED16,43949
MED17,65427
MED18,22125
MED19,12587
MED20,7018
MED21,38200
MED22,37650
MED23,26951
MED24,37587
MED25,88296
MED26,22520
MED27,5801
MED28,50611
MED29,39079
MED30,30453
MED31,9872
MED4,3852
MED6,37102
MED7,35277
MED8,27899
MED9,12742
MEDAG,3852
MEF2A,95777
MEF2B,732
MEF2C,8294
MEF2D,135260
MEFV,4507
MEGF10,13122
MEGF11,4153
MEGF6,6729
MEGF8,17080
MEGF9,129615
MEI1,6436
MEI4,4427
MEIG1,5071
MEIKIN,341
MEIOB,2377
MEIOC,4041
MEIOSIN,3443
MEIS1,15653
MEIS2,19617
MEIS3,17466
MELK,22147
MELTF,14462
MEMO1,16039
MEN1,37245
MEOX1,7397
MEOX2,11387
MEP1A,3885
MEP1B,3817
MEPCE,16284
MEPE,2153
MERTK,11499
MESD,76231
MESP1,6839
MESP2,3802
MEST,13280
MET,27032
METAP1D,8470
METRN,90670
METRNL,27641
METTL1,80419
METTL13,11976
METTL14,50604
METTL15,14613
METTL16,22829
METTL17,64560
METTL18,14821
METTL21A,33839
METTL21C,2482
METTL22,11488
METTL23,10281
METTL24,546
METTL25,18619
METTL25B,32651
METTL26,30796
METTL27,13664
METTL2A,9079
METTL2B,49027
METTL3,11968
METTL4,16543
METTL5,34287
METTL6,14089
METTL7A,34382
METTL7B,1320
METTL8,7208
METTL9,25388
MEX3A,11173
MEX3B,10039
MEX3C,52926
MEX3D,41303
MFAP1,34481
MFAP2,9688
MFAP3,362
MFAP3L,19492
MFAP4,20882
MFAP5,6027
MFF,9514
MFGE8,5378
MFHAS1,7605
MFN1,55517
MFN2,57552
MFNG,1222
MFRP,2695
MFSD1,127052
MFSD10,34902
MFSD11,18842
MFSD12,35457
MFSD13A,2309
MFSD14A,13
MFSD14B,71970
MFSD2A,3211
MFSD2B,1247
MFSD3,8136
MFSD4A,4114
MFSD4B,15760
MFSD5,12116
MFSD6,32711
MFSD6L,2458
MFSD8,50275
MFSD9,9562
MGA,33999
MGAM,2907
MGAM2,3177
MGARP,3247
MGAT1,91672
MGAT2,36776
MGAT3,2005
MGAT4A,108857
MGAT4B,39431
MGAT4C,3915
MGAT4D,6797
MGAT5,41671
MGAT5B,2737
MGLL,1402
MGME1,59015
MGMT,38350
MGP,9338
MGRN1,106249
MGST2,522
MGST3,24896
MIA,2369
MIA2,1437
MIA3,48430
MIB1,73044
MIB2,4080
MICA,7078
MICAL1,19775
MICAL2,33385
MICAL3,11976
MICALL1,9921
MICALL2,46665
MICB,40364
MICOS13,28568
MICU1,25091
MICU2,54403
MICU3,10069
MID1,13319
MID1IP1,29644
MID2,21758
MIDEAS,25860
MIDN,84552
MIEF1,14999
MIEF2,9835
MIEN1,6893
MIER1,77433
MIER2,25899
MIER3,10206
MIF,51015
MIF4GD,61643
MIGA1,61318
MIGA2,18619
MIIP,31228
MILR1,20137
MINAR1,2209
MINAR2,4736
MINDY1,94686
MINDY2,35998
MINDY3,7073
MINDY4,4184
MINDY4B,3995
MINK1,64941
MINPP1,18556
MIOS,35112
MIOX,873
MIP,825
MIPEP,7441
MIPOL1,40496
MIS12,21370
MIS18A,31427
MIS18BP1,39987
MISFA,10707
MISP,7454
MITD1,57816
MITF,12573
MIX23,9622
MIXL1,4962
MKI67,31619
MKKS,61225
MKLN1,76719
MKNK1,25082
MKNK2,95966
MKRN1,25401
MKRN2,23597
MKRN2OS,10824
MKRN3,6366
MKS1,31349
MKX,5783
MLANA,4934
MLC1,2829
MLEC,978
MLF1,31949
MLF2,48761
MLH1,31873
MLH3,45811
MLIP,2786
MLKL,18466
MLLT1,64668
MLLT10,55272
MLLT11,9753
MLLT3,27381
MLLT6,122559
MLN,84
MLNR,1782
MLPH,567891
MLST8,22129
MLX,26857
MLXIP,9025
MLXIPL,5256
MMAA,11769
MMAB,32055
MMACHC,12671
MMADHC,66465
MMD,20327
MMD2,1679
MME,17315
MMEL1,1903
MMGT1,14967
MMP1,2625
MMP10,2326
MMP11,5423
MMP12,3531
MMP13,4309
MMP14,63591
MMP15,10654
MMP16,10173
MMP17,581
MMP19,6451
MMP2,55414
MMP20,2902
MMP21,7248
MMP23B,4154
MMP24,3171
MMP24OS,118178
MMP25,2405
MMP26,2764
MMP27,4596
MMP28,4341
MMP3,6533
MMP7,3237
MMP8,5756
MMP9,7072
MMRN1,12036
MMRN2,16656
MMS19,42226
MMS22L,16136
MMUT,29856
MN1,10016
MNAT1,56698
MND1,1636
MNDA,16874
MNS1,7251
MNX1,21010
MOAP1,28361
MOB1A,29458
MOB1B,38402
MOB2,35744
MOB3A,25991
MOB3B,11744
MOB3C,6779
MOB4,9787
MOBP,3077
MOCOS,23134
MOCS1,11232
MOCS2,75176
MOCS3,14191
MOG,2386
MOGAT1,7106
MOGAT2,1465
MOGAT3,2007
MOGS,3969
MOK,26496
MON1A,9250
MON1B,31366
MON2,42313
MORC1,4367
MORC2,47956
MORC3,98819
MORC4,17476
MORN2,37855
MORN3,2134
MORN4,14045
MORN5,5538
MOS,664
MOSMO,16840
MOSPD1,12223
MOSPD2,27518
MOSPD3,19695
MOV10,72606
MOV10L1,2752
MOXD1,8028
MPC1,23231
MPC1L,1220
MPC2,83451
MPDU1,26017
MPDZ,31982
MPEG1,11113
MPG,2960
MPHOSPH10,47884
MPHOSPH6,53683
MPHOSPH8,37637
MPHOSPH9,18501
MPI,26186
MPIG6B,4017
MPL,1886
MPLKIP,13332
MPND,19896
MPO,4412
MPP1,4321
MPP2,3220
MPP3,12326
MPP4,3197
MPP7,130240
MPPE1,34692
MPPED1,1778
MPPED2,25611
MPRIP,25026
MPST,57453
MPV17,85848
MPV17L,39120
MPV17L2,5817
MPZ,3213
MPZL1,28369
MPZL2,21523
MPZL3,19770
MR1,19391
MRAP,3499
MRAP2,10390
MRAS,8311
MRC1,16367
MRC2,14520
MRE11,26068
MREG,114928
MRFAP1,2588
MRFAP1L1,121184
MRGBP,5581
MRGPRD,1501
MRGPRE,1558
MRGPRF,24908
MRGPRG,1106
MRGPRX1,3334
MRGPRX2,3739
MRGPRX3,2499
MRGPRX4,4843
MRI1,24977
MRLN,5712
MRM1,13293
MRM2,7411
MRM3,4854
MRNIP,53094
MRO,4829
MROH1,31821
MROH2A,1032
MROH2B,3702
MROH6,2643
MROH7,5296
MROH9,5628
MRRF,18455
MRS2,23367
MRTFA,20872
MRTFB,115398
MS4A1,6526
MS4A10,2870
MS4A12,3580
MS4A13,8368
MS4A14,3267
MS4A15,5609
MS4A18,4082
MS4A2,5805
MS4A3,5994
MS4A4A,13763
MS4A4E,10096
MS4A5,6109
MS4A6A,13577
MS4A6E,1651
MS4A7,20162
MS4A8,6355
MSANTD1,5591
MSANTD2,21565
MSANTD3,43252
MSANTD4,11099
MSANTD5,2224
MSC,3442
MSGN1,3355
MSH2,64643
MSH3,33196
MSH4,4857
MSH5,8247
MSH6,72176
MSI1,2509
MSI2,478141
MSL1,98663
MSL2,51328
MSL3,8945
MSLN,1477
MSLNL,1687
MSMB,251369
MSMO1,61065
MSMP,1214
MSN,13062
MSR1,15880
MSRA,23510
MSRB1,24829
MSRB2,41162
MSRB3,35404
MSS51,6882
MST1,1410
MST1R,19022
MSTN,2766
MSTO1,4821
MSX1,1352
MSX2,6205
MT1A,2321
MT1B,3431
MT1E,2090
MT1F,8099
MT1G,5287
MT1H,1508
MT1M,2923
MT1X,2937
MT2A,48369
MT3,800
MT4,372
MTA1,69675
MTA2,55576
MTAP,56009
MTARC1,53537
MTARC2,30266
MTBP,1962
MTCH1,38400
MTCH2,48166
MTCL1,3260
MTCP1,3495
MTDH,40418
MTERF1,6972
MTERF2,11735
MTERF3,56171
MTERF4,22863
MTF1,10020
MTF2,11486
MTFMT,10428
MTFP1,5431
MTFR1,41976
MTFR1L,20872
MTFR2,7521
MTG1,21953
MTG2,7067
MTHFD1,67735
MTHFD1L,8558
MTHFD2,112568
MTHFD2L,12962
MTHFR,28079
MTHFS,12869
MTHFSD,23017
MTIF2,28967
MTIF3,57619
MTLN,21160
MTM1,17662
MTMR1,49566
MTMR10,64761
MTMR11,12272
MTMR12,100881
MTMR14,23302
MTMR2,12072
MTMR3,25110
MTMR4,53465
MTMR6,12159
MTMR7,1113
MTMR8,4538
MTMR9,3368
MTNR1A,4205
MTNR1B,1520
MTO1,13245
MTOR,21235
MTPAP,22800
MTPN,70972
MTR,76543
MTRES1,4226
MTREX,48378
MTRF1,11152
MTRF1L,10159
MTRFR,8720
MTRR,49219
MTSS1,44762
MTSS2,53282
MTTP,5616
MTURN,35569
MTUS1,47712
MTUS2,2331
MTX1,5783
MTX2,35262
MTX3,30749
MUC1,166441
MUC12,3067
MUC13,6300
MUC15,8567
MUC16,2525
MUC17,4876
MUC19,3772
MUC2,212
MUC20,4576
MUC21,3046
MUC22,2237
MUC3A,4393
MUC4,1665
MUC5AC,1227
MUC5B,1489
MUC6,1195
MUC7,3715
MUCL1,3836
MUCL3,2357
MUL1,14988
MUS81,41662
MUSK,3400
MUSTN1,6283
MUTYH,3039
MVB12A,38788
MVB12B,30205
MVD,6125
MVK,9397
MVP,48884
MX1,29854
MX2,8617
MXD1,16695
MXD3,8249
MXD4,18321
MXI1,126613
MXRA5,3143
MXRA7,42605
MXRA8,37314
MYADM,18071
MYADML2,2013
MYB,191591
MYBBP1A,12529
MYBL1,17042
MYBL2,12334
MYBPC1,11939
MYBPC2,424
MYBPC3,830
MYBPH,568
MYBPHL,4137
MYC,106701
MYCBP,10659
MYCBP2,14910
MYCBPAP,48599
MYCL,9425
MYCN,5260
MYCT1,15084
MYD88,8856
MYDGF,75900
MYEF2,88323
MYEOV,17361
MYF5,2015
MYF6,2098
MYG1,36638
MYH1,4655
MYH10,58074
MYH11,10633
MYH13,829
MYH14,32714
MYH15,4617
MYH2,3373
MYH3,2667
MYH4,2699
MYH6,3812
MYH7,1781
MYH7B,3261
MYH8,3086
MYH9,493292
MYL1,2083
MYL10,2714
MYL11,793
MYL12A,41916
MYL12B,77028
MYL2,2399
MYL3,2927
MYL4,9619
MYL5,10791
MYL6,87645
MYL6B,16376
MYL7,1321
MYL9,13879
MYLIP,77461
MYLK,63627
MYLK2,7734
MYLK3,1368
MYLK4,2741
MYMK,1511
MYMX,3302
MYNN,31504
MYO15A,629
MYO15B,226441
MYO16,7584
MYO18A,39444
MYO18B,1385
MYO19,14802
MYO1A,2410
MYO1B,39803
MYO1C,29812
MYO1D,42893
MYO1E,9264
MYO1F,7605
MYO1G,4698
MYO1H,3760
MYO3A,7174
MYO3B,1557
MYO5A,25772
MYO5B,12520
MYO5C,153928
MYO6,53199
MYO7B,463
MYO9A,43781
MYO9B,72056
MYOC,4832
MYOCD,1032
MYOCOS,4866
MYOD1,1289
MYOF,93238
MYOG,1032
MYOM1,1260
MYOM2,1807
MYOM3,2527
MYORG,9422
MYOT,2673
MYOZ1,4071
MYOZ2,9612
MYOZ3,4128
MYPN,3308
MYPOP,15645
MYRF,5434
MYRFL,21980
MYRIP,3753
MYSM1,63092
MYT1,7017
MYT1L,2009
MYZAP,3313
MZB1,16797
MZF1,19484
MZT1,26960
MZT2A,26443
MZT2B,36902
N4BP1,58384
N4BP2,10964
N4BP2L1,21065
N4BP2L2,65143
N4BP3,10723
N6AMT1,54031
NAA10,33384
NAA11,2860
NAA15,117476
NAA16,32102
NAA20,63913
NAA25,36077
NAA30,36388
NAA35,32179
NAA38,17620
NAA40,22371
NAA60,51172
NAA80,6540
NAAA,25026
NAALAD2,7190
NAALADL1,4800
NAALADL2,71889
NAB1,27527
NAB2,21784
NABP1,19482
NABP2,19323
NACA,4741
NACA2,26048
NACAD,2838
NACC1,39893
NACC2,16630
NADK,108200
NADK2,44556
NAE1,22693
NAF1,15751
NAGA,40801
NAGK,73043
NAGLU,11144
NAGPA,10286
NAGS,2611
NAIF1,8088
NAIP,37654
NALCN,7488
NALF1,2032
NALF2,5022
NAMPT,83173
NANOG,10212
NANOGNB,1820
NANOGP8,4695
NANOS1,5012
NANOS2,3999
NANOS3,693
NANP,6821
NANS,65766
NAP1L1,207210
NAP1L2,6781
NAP1L3,6695
NAP1L4,182715
NAP1L5,17826
NAPA,207247
NAPB,8870
NAPEPLD,41319
NAPG,55909
NAPRT,12663
NAPSA,1918
NARF,20916
NARS,123236
NARS2,22074
NASP,889
NAT1,25693
NAT10,6053
NAT14,2407
NAT16,3607
NAT2,3638
NAT8,5820
NAT8L,2865
NAT9,27724
NATD1,7952
NAV1,37549
NAV2,15116
NAV3,7122
NAXD,77760
NAXE,63779
NBAS,68639
NBDY,19326
NBEA,16071
NBEAL1,28724
NBEAL2,48907
NBL1,20152
NBN,59693
NBPF15,103019
NBPF3,5914
NBR1,56984
NCALD,8369
NCAM1,1171
NCAM2,7591
NCAN,1717
NCAPD2,16086
NCAPD3,17521
NCAPG,11653
NCAPG2,25257
NCAPH,14475
NCAPH2,19278
NCBP1,23200
NCBP2,78386
NCBP2AS2,45132
NCBP2L,5036
NCBP3,44849
NCCRP1,1795
NCDN,35928
NCEH1,11482
NCF1,14963
NCF2,7559
NCF4,6763
NCK1,34739
NCK2,55793
NCKAP1,23829
NCKAP1L,12693
NCKAP5,18079
NCKAP5L,1799
NCKIPSD,26174
NCL,50443
NCLN,68181
NCMAP,7400
NCOA1,29781
NCOA2,73442
NCOA3,74155
NCOA4,55560
NCOA5,42102
NCOA6,76146
NCOA7,3800
NCOR1,192174
NCOR2,102338
NCR1,1964
NCR2,6147
NCR3,1721
NCR3LG1,7270
NCS1,7325
NCSTN,37032
NDC1,20456
NDC80,13288
NDE1,92796
NDEL1,67755
NDFIP1,135760
NDFIP2,91790
NDN,9062
NDNF,10197
NDOR1,12564
NDP,3780
NDRG1,32812
NDRG2,34361
NDRG3,19963
NDRG4,382
NDST1,44804
NDST2,37442
NDST3,6131
NDST4,4665
NDUFA1,27881
NDUFA10,100578
NDUFA11,24034
NDUFA12,10256
NDUFA13,13184
NDUFA2,23854
NDUFA3,221
NDUFA4,36152
NDUFA4L2,2449
NDUFA5,81630
NDUFA7,4426
NDUFA8,51455
NDUFA9,16035
NDUFAB1,38740
NDUFAF1,18122
NDUFAF2,4634
NDUFAF3,7267
NDUFAF4,12488
NDUFAF5,16088
NDUFAF6,51469
NDUFAF7,28399
NDUFAF8,13764
NDUFB1,52991
NDUFB10,77733
NDUFB11,946
NDUFB2,2063
NDUFB3,1222
NDUFB5,67593
NDUFB6,13837
NDUFB7,43922
NDUFB8,23290
NDUFC1,140297
NDUFC2,8726
NDUFS1,89175
NDUFS2,78713
NDUFS3,48067
NDUFS4,59375
NDUFS5,20580
NDUFS6,14992
NDUFS7,42100
NDUFS8,99610
NDUFV1,31882
NDUFV2,21745
NDUFV3,45519
NEB,5149
NEBL,14639
NECAB1,16271
NECAB2,4638
NECAB3,89698
NECAP1,68885
NECAP2,21865
NECTIN1,21819
NECTIN2,331655
NECTIN3,11849
NECTIN4,69191
NEDD1,16068
NEDD4,17528
NEDD4L,122715
NEDD8,9647
NEDD9,30711
NEFH,2945
NEFL,855
NEFM,3330
NEGR1,4017
NEIL1,69788
NEIL2,15083
NEIL3,8226
NEK1,41120
NEK10,54668
NEK11,46943
NEK2,1869
NEK3,20193
NEK4,28000
NEK6,33427
NEK7,20492
NEK8,14046
NEK9,68709
NELFA,44561
NELFB,51621
NELFCD,66623
NELFE,19630
NELL1,930
NELL2,4132
NEMF,50967
NEMP1,22981
NEMP2,7937
NENF,20590
NEO1,58927
NEPRO,45465
NES,82783
NET1,48137
NETO1,4997
NETO2,10717
NEU1,96941
NEU2,539
NEU3,10329
NEU4,598
NEURL1,13983
NEURL1B,23423
NEURL2,1694
NEURL3,9462
NEURL4,17455
NEUROD1,2166
NEUROD2,1866
NEUROD4,2262
NEUROD6,3608
NEUROG1,248
NEUROG2,5374
NEUROG3,388
NEXMIF,9694
NEXN,15921
NF1,97640
NF2,25708
NFAM1,5652
NFASC,12573
NFAT5,57455
NFATC1,10022
NFATC2,25299
NFATC2IP,67628
NFATC3,64348
NFATC4,19046
NFE2,2450
NFE2L1,107701
NFE2L2,108776
NFE2L3,6268
NFIA,42851
NFIB,66335
NFIC,141056
NFIL3,19444
NFIX,117085
NFKB1,96469
NFKB2,49088
NFKBIA,18801
NFKBIB,19886
NFKBID,8675
NFKBIE,7226
NFKBIL1,36962
NFKBIZ,370027
NFRKB,20248
NFS1,17216
NFU1,38350
NFX1,125457
NFXL1,24804
NFYA,10489
NFYB,47005
NFYC,31305
NGB,647
NGDN,49103
NGEF,1300
NGF,2655
NGFR,16357
NGLY1,32302
NGRN,34406
NHEJ1,11074
NHERF1,1936095
NHERF2,256347
NHERF4,886
NHLH1,5112
NHLH2,6142
NHLRC1,2816
NHLRC2,44482
NHLRC3,45499
NHLRC4,3927
NHP2,28986
NHS,5519
NHSL1,11984
NHSL2,5242
NIBAN1,100408
NIBAN2,106184
NIBAN3,4775
NICN1,12033
NID1,11506
NID2,12190
NIF3L1,13981
NIFK,11317
NIM1K,4193
NIN,76346
NINJ1,62118
NINJ2,8648
NINL,14200
NIP7,15737
NIPA1,33215
NIPA2,73917
NIPAL1,3070
NIPAL2,10154
NIPAL3,19441
NIPAL4,1021
NIPBL,49618
NIPSNAP1,67501
NIPSNAP2,62032
NIPSNAP3A,16446
NIPSNAP3B,12278
NISCH,34501
NIT1,23763
NIT2,63634
NKAIN1,32199
NKAIN2,2999
NKAIN3,3528
NKAIN4,1737
NKAP,26929
NKAPD1,28546
NKAPL,3622
NKD1,3698
NKD2,7630
NKG7,2880
NKIRAS1,14439
NKIRAS2,31003
NKPD1,2404
NKRF,14372
NKTR,130485
NKX1-2,5204
NKX2-1,4763
NKX2-2,4691
NKX2-3,2197
NKX2-4,2513
NKX2-5,2245
NKX2-6,163
NKX2-8,4197
NKX3-1,2691
NKX3-2,3151
NKX6-1,5343
NKX6-2,3021
NKX6-3,1114
NLE1,6188
NLGN1,5356
NLGN2,21607
NLGN3,1446
NLGN4X,3477
NLGN4Y,79
NLK,52229
NLN,22825
NLRC3,2097
NLRC4,6617
NLRC5,13133
NLRP1,15152
NLRP10,3699
NLRP11,2154
NLRP12,2445
NLRP13,2935
NLRP14,2023
NLRP2,1487
NLRP2B,3468
NLRP3,3466
NLRP4,3050
NLRP5,1616
NLRP6,1367
NLRP7,2898
NLRP8,2079
NLRP9,1778
NLRX1,14039
NMB,3104
NMBR,2632
NMD3,66278
NME1,191862
NME2,16590
NME3,11337
NME4,106580
NME5,10110
NME6,16427
NME7,11371
NME8,3451
NME9,3851
NMI,18395
NMNAT1,19927
NMNAT2,5448
NMNAT3,9954
NMRAL1,53599
NMRK1,59035
NMRK2,568
NMS,1010
NMT1,20608
NMT2,11760
NMU,3559
NMUR1,3077
NMUR2,3822
NNAT,2288
NNMT,39551
NNT,16772
NOA1,62083
NOB1,2734
NOBOX,2526
NOC3L,16508
NOC4L,6444
NOCT,38300
NOD1,10506
NOD2,5976
NODAL,2167
NOG,20454
NOL10,32771
NOL11,9637
NOL12,10726
NOL3,4216
NOL4,3947
NOL4L,30455
NOL6,30645
NOL7,23247
NOL8,43389
NOL9,17525
NOLC1,55273
NOM1,44097
NONO,9164
NOP10,13921
NOP14,69817
NOP16,6709
NOP2,30124
NOP53,34725
NOP56,44935
NOP58,11069
NOP9,47677
NOPCHAP1,31925
NOS1,1159
NOS1AP,25024
NOS2,1352
NOS3,6927
NOSIP,31760
NOSTRIN,22338
NOTCH1,29934
NOTCH2,147131
NOTCH3,88350
NOTCH4,10224
NOTO,3358
NOTUM,409
NOVA1,14372
NOVA2,956
NOX1,3181
NOX3,1866
NOX4,6378
NOX5,13398
NOXA1,21631
NOXO1,1348
NOXRED1,4209
NPAP1,2700
NPAS1,387
NPAS2,6531
NPAS3,6111
NPAS4,5081
NPAT,21288
NPB,1391
NPBWR1,6604
NPBWR2,138
NPC1,14632
NPC1L1,3367
NPC2,58729
NPDC1,76551
NPEPL1,45658
NPEPPS,177394
NPFF,318
NPFFR1,4487
NPFFR2,7210
NPHP1,14204
NPHP3,101106
NPHP4,14806
NPHS1,1653
NPHS2,2098
NPIPB11,5
NPIPB15,7899
NPL,3548
NPLOC4,42933
NPM1,435541
NPM2,1081
NPM3,21411
NPNT,72973
NPPA,1856
NPPB,1741
NPPC,511
NPR1,8312
NPR2,8397
NPR3,4971
NPRL2,7825
NPRL3,40779
NPS,1274
NPSR1,10752
NPTN,95781
NPTX1,104
NPTX2,2139
NPTXR,18204
NPVF,4406
NPY,1227
NPY1R,119191
NPY2R,2285
NPY5R,3657
NQO1,250642
NQO2,6850
NR0B1,2627
NR1D1,25170
NR1D2,49610
NR1H2,35460
NR1H3,20320
NR1H4,5165
NR1I2,1713
NR1I3,3138
NR2C1,8396
NR2C2,26363
NR2C2AP,11170
NR2E1,3437
NR2E3,6596
NR2F1,37566
NR2F2,15072
NR2F6,57697
NR3C1,51370
NR3C2,19379
NR4A1,80693
NR4A2,8695
NR4A3,8305
NR5A1,866
NR5A2,8813
NR6A1,21465
NRAP,3239
NRARP,28975
NRAS,29994
NRBF2,29394
NRBP1,70893
NRBP2,27211
NRCAM,1672
NRDC,89894
NRDE2,22166
NREP,15313
NRF1,16201
NRG1,5299
NRG2,1226
NRG3,2932
NRG4,6456
NRGN,6839
NRIP1,197074
NRIP3,5997
NRK,6494
NRL,2488
NRM,4817
NRN1,17334
NRN1L,6824
NRP1,17977
NRP2,5695
NRROS,3454
NRSN1,7508
NRSN2,20199
NRXN1,16800
NRXN2,3807
NRXN3,2729
NSA2,81843
NSD1,35621
NSD2,95561
NSD3,5849
NSDHL,18621
NSFL1C,32757
NSG1,6586
NSG2,2389
NSL1,33167
NSMAF,27533
NSMCE1,70281
NSMCE2,48555
NSMCE3,18142
NSMCE4A,57773
NSMF,15028
NSRP1,33451
NSUN2,76130
NSUN3,9882
NSUN4,35037
NSUN6,39741
NSUN7,9114
NT5C,162338
NT5C1A,1144
NT5C2,78804
NT5C3A,34605
NT5C3B,30268
NT5DC1,8
NT5DC2,24557
NT5DC3,15094
NT5DC4,4507
NT5E,9432
NT5M,6207
NTAN1,16102
NTAQ1,25478
NTF3,4115
NTF4,4297
NTHL1,1817
NTM,2657
NTMT1,11947
NTMT2,2412
NTN1,3230
NTN3,855
NTN4,15531
NTNG1,4626
NTNG2,2844
NTPCR,29360
NTRK1,1602
NTRK2,7526
NTRK3,4411
NTS,2815
NTSR1,3892
NTSR2,1724
NUAK1,14358
NUAK2,14911
NUB1,83307
NUBP1,6527
NUBP2,61573
NUBPL,43253
NUCB1,23658
NUCB2,185109
NUCKS1,133328
NUDC,9539
NUDCD1,23155
NUDCD2,12637
NUDCD3,33703
NUDT1,6946
NUDT10,17944
NUDT11,4009
NUDT12,6653
NUDT13,11495
NUDT14,7365
NUDT15,17474
NUDT16,26137
NUDT16L1,47861
NUDT17,6140
NUDT18,10591
NUDT19,4466
NUDT2,72569
NUDT21,30613
NUDT22,9492
NUDT3,35309
NUDT4,38955
NUDT5,59096
NUDT7,3650
NUDT8,705
NUDT9,65822
NUF2,17558
NUFIP1,7017
NUFIP2,139123
NUGGC,3919
NUMA1,164665
NUMB,46038
NUMBL,13134
NUP107,147296
NUP133,41455
NUP153,64125
NUP155,30460
NUP160,25404
NUP188,37218
NUP205,42880
NUP210,44750
NUP210L,3065
NUP214,51896
NUP35,23985
NUP37,22806
NUP42,30138
NUP43,50422
NUP50,27883
NUP54,53678
NUP58,64809
NUP62,20831
NUP62CL,8984
NUP85,126647
NUP88,59710
NUP93,22374
NUP98,87699
NUPR2,6248
NUS1,65938
NUSAP1,33143
NUTF2,4240
NUTM1,2071
NUTM2A,4648
NUTM2E,5944
NUTM2G,3970
NVL,40431
NWD1,4093
NWD2,5584
NXF1,93856
NXF2B,1061
NXF3,3412
NXN,9040
NXNL1,746
NXNL2,3371
NXPE1,2716
NXPE2,3260
NXPE3,47596
NXPE4,2709
NXPH1,2991
NXPH2,1300
NXPH3,6891
NXPH4,2100
NXT1,8402
NXT2,37431
NYAP1,2933
NYAP2,2937
NYNRIN,6081
NYX,3942
OAF,27223
OARD1,28178
OAS1,7212
OAS2,13359
OAS3,13114
OASL,3165
OAT,67560
OAZ1,101048
OAZ2,7527
OAZ3,10949
OBI1,19017
OBP2A,2334
OBSCN,20222
OBSL1,123153
OC90,266
OCA2,2924
OCEL1,40574
OCIAD1,72704
OCIAD2,80242
OCLN,53678
OCM,3192
OCM2,3853
OCRL,16416
OCSTAMP,2934
ODAD1,3819
ODAD2,3126
ODAD3,2496
ODAD4,3961
ODAM,5875
ODAPH,7301
ODC1,2592
ODF1,2807
ODF2,96909
ODF2L,15821
ODF3,1476
ODF3L1,1770
ODF3L2,2014
ODF4,3987
ODR4,31114
OFD1,42255
OGA,189485
OGDH,48370
OGDHL,1170
OGFOD1,29373
OGFOD3,13253
OGFR,24792
OGFRL1,94604
OGG1,984
OGN,17045
OGT,218622
OIP5,11903
OIT3,2306
OLAH,5127
OLFM1,34487
OLFM2,3088
OLFM3,3193
OLFM4,3427
OLFML1,8121
OLFML2A,25552
OLFML2B,23070
OLFML3,20336
OLIG1,2657
OLIG2,3775
OLIG3,1951
OLR1,7160
OMA1,46930
OMD,14098
OMG,2954
OMP,705
ONECUT1,4044
ONECUT2,25010
ONECUT3,1294
OOEP,983
OOSP1,5324
OOSP2,3491
OOSP3,4172
OOSP4B,4811
OPA1,47935
OPA3,14608
OPALIN,3224
OPCML,1635
OPHN1,50380
OPLAH,12493
OPN1MW,3760
OPN1SW,3659
OPN3,16284
OPN4,1559
OPN5,907
OPRD1,2864
OPRK1,3583
OPRL1,6112
OPRM1,1319
OPRPN,3444
OPTC,250
OPTN,74509
OR10A2,3009
OR10A3,4422
OR10A4,4187
OR10A5,5774
OR10A6,4515
OR10A7,2912
OR10AD1,1189
OR10AG1,3444
OR10C1,2201
OR10D3,1311
OR10G2,4099
OR10G3,3062
OR10G4,3624
OR10G6,2028
OR10G7,1542
OR10G8,1969
OR10G9,2158
OR10H1,3855
OR10H2,1004
OR10H3,609
OR10H4,2750
OR10H5,1599
OR10J1,3148
OR10J5,6819
OR10K1,2699
OR10K2,4292
OR10P1,2176
OR10Q1,1386
OR10R2,4178
OR10S1,1624
OR10T2,1809
OR10V1,3909
OR10W1,3679
OR10X1,641
OR10Z1,3457
OR11A1,2991
OR11G2,1846
OR11H1,3420
OR11H12,6889
OR11H2,673
OR11H4,8497
OR11H6,3403
OR11L1,2365
OR12D2,4595
OR12D3,1495
OR13A1,2425
OR13C2,5079
OR13C3,3835
OR13C4,3960
OR13C5,4260
OR13C8,7266
OR13C9,3736
OR13D1,397
OR13F1,3374
OR13G1,3263
OR13H1,3536
OR13J1,1702
OR14A16,4216
OR14A2,4648
OR14C36,2463
OR14I1,2552
OR14J1,3863
OR14K1,3527
OR1A1,1467
OR1A2,1929
OR1B1,1011
OR1C1,3561
OR1D2,2645
OR1D5,1529
OR1E1,1747
OR1E2,298
OR1G1,1484
OR1I1,1849
OR1J1,6431
OR1K1,1998
OR1L1,4743
OR1L3,4523
OR1L4,251
OR1L6,2520
OR1L8,4747
OR1M1,3213
OR1N1,3892
OR1N2,1946
OR1Q1,2482
OR1R1P,834
OR1S1,795
OR1S2,1627
OR2A12,1869
OR2A14,2164
OR2A2,2735
OR2A25,3150
OR2A4,1955
OR2A42,8243
OR2A5,3234
OR2AE1,5084
OR2AG1,3069
OR2AG2,312
OR2AJ1,4751
OR2AK2,3135
OR2AP1,2952
OR2AT4,2726
OR2B11,5573
OR2B2,1687
OR2B3,3309
OR2B6,8750
OR2C1,6574
OR2C3,4560
OR2D3,3778
OR2F1,5590
OR2F2,3606
OR2G2,2979
OR2G3,1682
OR2G6,4635
OR2H1,2785
OR2H2,3654
OR2I1P,3645
OR2J1,5656
OR2J2,3016
OR2K2,6674
OR2L13,2470
OR2L2,3280
OR2L3,2564
OR2L5,6169
OR2L8,803
OR2M2,3842
OR2M3,3379
OR2M4,7186
OR2M5,357
OR2M7,897
OR2S2,746
OR2T1,5057
OR2T10,2671
OR2T11,2578
OR2T12,8414
OR2T2,2654
OR2T27,2621
OR2T3,1430
OR2T33,8089
OR2T34,473
OR2T35,3317
OR2T4,3001
OR2T6,4437
OR2T8,1165
OR2V1,6324
OR2V2,2370
OR2W1,5085
OR2Y1,3409
OR2Z1,1386
OR3A1,2266
OR3A2,2824
OR3A3,777
OR4A15,549
OR4A16,4287
OR4A47,6257
OR4A5,664
OR4B1,3802
OR4C11,110
OR4C12,746
OR4C13,8593
OR4C15,6243
OR4C16,2284
OR4C3,8566
OR4C46,221
OR4C5,4861
OR4C6,2030
OR4D1,6793
OR4D10,6339
OR4D11,2717
OR4D2,6886
OR4D5,1617
OR4D6,3489
OR4D9,3587
OR4E1,4600
OR4E2,2404
OR4F15,3526
OR4F17,2046458
OR4F21,4862
OR4F4,2935
OR4F5,1003
OR4F6,7341
OR4K1,4627
OR4K13,3459
OR4K14,4500
OR4K15,5328
OR4K17,3812
OR4K2,3623
OR4K5,4244
OR4L1,3048
OR4M1,2557
OR4M2,15
OR4M2B,2062
OR4N2,8369
OR4N4,1823
OR4N4C,7409
OR4N5,6362
OR4P4,48
OR4Q3,75
OR4S1,3859
OR4S2,67
OR4X1,1582
OR4X2,3957
OR51A2,1154
OR51A4,1553
OR51A7,3815
OR51B5,949
OR51B6,3342
OR51C1P,1620
OR51D1,3490
OR51E1,5356
OR51E2,3419
OR51F1,4277
OR51F2,3946
OR51G1,2861
OR51G2,2485
OR51L1,3404
OR51Q1,2832
OR51S1,3022
OR51T1,3191
OR51V1,1819
OR52A1,2238
OR52A5,3033
OR52B2,3524
OR52B4,3192
OR52B6,3189
OR52D1,2420
OR52E2,4032
OR52E4,1987
OR52E5,2854
OR52E8,1457
OR52H1,2280
OR52I1,2214
OR52I2,2355
OR52J3,3179
OR52K1,1083
OR52K2,1584
OR52L1,1646
OR52M1,2231
OR52N1,2540
OR52N2,2597
OR52N4,2505
OR52N5,5634
OR52R1,2515
OR52W1,2337
OR56A1,5049
OR56A3,1547
OR56A4,5901
OR56A5,2431
OR56B1,4830
OR56B4,3456
OR5A1,3120
OR5A2,3731
OR5AC2,5342
OR5AK2,2565
OR5AN1,5185
OR5AP2,5036
OR5AR1,2229
OR5AS1,2803
OR5AU1,1946
OR5B12,5931
OR5B17,6547
OR5B2,4217
OR5B21,6385
OR5B3,7084
OR5BS1P,1989
OR5C1,898
OR5D13,3701
OR5D14,4202
OR5D16,3077
OR5D18,3579
OR5D3P,5467
OR5F1,862
OR5H1,2001
OR5H14,1479
OR5H15,2358
OR5H2,6886
OR5H6,986
OR5I1,4483
OR5J2,5199
OR5K1,2884
OR5K2,1344
OR5K3,5089
OR5K4,1574
OR5L1,5479
OR5L2,1089
OR5M1,5015
OR5M10,3552
OR5M11,2763
OR5M3,1128
OR5M8,4592
OR5M9,4047
OR5P2,1998
OR5T1,4007
OR5T2,4620
OR5T3,2277
OR5V1,4875
OR5W2,4087
OR6A2,572
OR6B1,2860
OR6B2,5180
OR6B3,1394
OR6C1,3315
OR6C2,3749
OR6C3,4319
OR6C4,2689
OR6C6,4216
OR6C65,4788
OR6C68,3447
OR6C70,5532
OR6C74,4506
OR6C75,1790
OR6C76,3169
OR6F1,3573
OR6J1,4505
OR6K2,4280
OR6K3,4751
OR6K6,1157
OR6M1,1820
OR6N1,2293
OR6N2,4543
OR6P1,3191
OR6Q1,3112
OR6S1,3250
OR6T1,1507
OR6V1,1791
OR6X1,2858
OR6Y1,2063
OR7A10,2194
OR7A17,2624
OR7A5,3075
OR7C1,5908
OR7C2,3964
OR7D2,3705
OR7D4,4552
OR7E24,1925
OR7G1,3924
OR7G2,6480
OR7G3,2604
OR8A1,1579
OR8B12,2819
OR8B2,549
OR8B3,1546
OR8B4,3759
OR8B8,1781
OR8D1,901
OR8D2,2384
OR8D4,3142
OR8G1,3634
OR8G5,2366
OR8H1,6756
OR8H2,4617
OR8H3,4078
OR8I2,3948
OR8J1,5351
OR8J3,6093
OR8K1,4467
OR8K3,3572
OR8K5,3380
OR8S1,2324
OR8U1,2236
OR8U3,4640
OR9A4,7397
OR9G1,2634
OR9G4,3925
OR9I1,4112
OR9K2,4533
OR9Q1,5304
OR9Q2,7101
ORAI1,1538
ORAI2,17468
ORAI3,26097
ORC1,9454
ORC2,37099
ORC3,22532
ORC4,42143
ORC5,43078
ORC6,25184
ORM1,1419
ORM2,856
ORMDL1,66292
ORMDL2,18020
ORMDL3,43694
OS9,133451
OSBP,91932
OSBP2,13400
OSBPL10,9742
OSBPL11,24090
OSBPL1A,14031
OSBPL2,36425
OSBPL3,13268
OSBPL5,46388
OSBPL6,3137
OSBPL7,17055
OSBPL8,178637
OSBPL9,21939
OSCAR,4063
OSCP1,16083
OSER1,29550
OSGEP,3219
OSGEPL1,6803
OSGIN1,2608
OSGIN2,31571
OSM,2572
OSMR,13111
OSR1,12561
OSR2,9483
OST4,94486
OSTC,90992
OSTF1,103271
OSTM1,26173
OSTN,5447
OTC,4285
OTOA,1698
OTOF,2224
OTOG,1893
OTOGL,3089
OTOL1,4343
OTOP1,252
OTOP2,5862
OTOP3,8013
OTOR,1217
OTOS,1402
OTP,2155
OTUB1,16578
OTUB2,6335
OTUD1,39733
OTUD3,20445
OTUD4,14915
OTUD5,63504
OTUD6A,1794
OTUD6B,36477
OTUD7A,2951
OTUD7B,64715
OTULIN,53475
OTULINL,10709
OTX1,4801
OTX2,1949
OVCH1,6484
OVCH2,15077
OVGP1,454
OVOL1,10924
OVOL2,12595
OVOL3,1655
OXA1L,43704
OXCT1,18462
OXCT2,1057
OXER1,5522
OXGR1,7067
OXLD1,12155
OXNAD1,8017
OXR1,17818
OXSM,3607
OXSR1,15851
OXT,780
OXTR,8821
P2RX1,1400
P2RX2,732
P2RX3,2842
P2RX4,25529
P2RX5,2449
P2RX6,2612
P2RX7,7230
P2RY1,8138
P2RY10,8945
P2RY12,4541
P2RY13,13835
P2RY14,5011
P2RY2,5656
P2RY6,3409
P3H1,11569
P3H2,12144
P3H3,26013
P3H4,7419
P3R3URF,1657
P4HA1,49257
P4HA2,11522
P4HA3,2616
P4HB,226812
P4HTM,61522
PA2G4,3296
PAAF1,11563
PABIR1,38692
PABIR2,41886
PABIR3,15265
PABPC1,42680
PABPC1L,70311
PABPC1L2A,779
PABPC1L2B,581
PABPC3,2209
PABPC4,7541
PABPC4L,5360
PABPC5,4801
PABPN1L,326
PACC1,13487
PACRG,3837
PACRGL,28723
PACS1,21907
PACS2,73988
PACSIN1,3020
PACSIN2,36578
PACSIN3,22950
PADI1,585
PADI2,7591
PADI3,761
PADI4,4683
PADI6,2472
PAEP,1362
PAF1,61330
PAFAH1B1,25126
PAFAH1B2,82417
PAFAH1B3,8575
PAFAH2,16252
PAG1,4833
PAGE1,2905
PAGE2,560
PAGE2B,750
PAGE3,1779
PAGE4,2409
PAGE5,1541
PAGR1,9943
PAH,1882
PAIP2,96127
PAIP2B,19393
PAK1,21665
PAK1IP1,20857
PAK2,32330
PAK3,3602
PAK4,109567
PAK5,4463
PAK6,5426
PALB2,22958
PALD1,3125
PALLD,58792
PALM,37949
PALM2AKAP2,41314
PALM3,11919
PALMD,28059
PALS1,34034
PALS2,10255
PAM,91980
PAM16,5412
PAMR1,5836
PAN2,34773
PAN3,88802
PANK1,5549
PANK2,20897
PANK3,49144
PANK4,14930
PANO1,892
PANX1,6348
PANX2,17411
PANX3,3585
PAOX,2399
PAPLN,8811
PAPOLA,498
PAPOLB,6554
PAPOLG,18354
PAPPA,2915
PAPPA2,2698
PAPSS1,91878
PAPSS2,9191
PAQR3,14447
PAQR4,42379
PAQR5,1615
PAQR6,8494
PAQR7,6942
PAQR8,7025
PAQR9,4944
PARD3,69937
PARD3B,26104
PARD6A,4300
PARD6B,68947
PARD6G,6677
PARG,1390
PARK7,213447
PARL,27833
PARM1,27279
PARN,33291
PARP1,21391
PARP10,16218
PARP11,33357
PARP12,57098
PARP14,82275
PARP15,5657
PARP16,9304
PARP2,41512
PARP3,8372
PARP4,50621
PARP6,79015
PARP8,16204
PARP9,37904
PARPBP,11511
PARS2,2860
PARVA,11351
PARVB,10385
PARVG,8743
PASD1,3388
PASK,21413
PATE1,1222
PATE2,2110
PATE3,4738
PATE4,2899
PATJ,148760
PATL1,25503
PATL2,6578
PATZ1,18385
PAWR,188407
PAX1,1923
PAX2,1227
PAX3,855
PAX4,4548
PAX5,3498
PAX6,4462
PAX7,2536
PAX8,5412
PAX9,10942
PAXBP1,49063
PAXIP1,43368
PAXX,8652
PBDC1,19616
PBK,10233
PBLD,22131
PBOV1,7172
PBRM1,59367
PBX1,104124
PBX2,72451
PBX3,48426
PBX4,10926
PBXIP1,170529
PC,5795
PCARE,2440
PCBD1,8298
PCBD2,1624
PCBP3,2188
PCBP4,3547
PCCA,62870
PCCB,37979
PCDH1,66045
PCDH10,13505
PCDH11X,1938
PCDH11Y,10
PCDH12,7303
PCDH15,3216
PCDH17,16453
PCDH18,50838
PCDH19,6018
PCDH20,2998
PCDH7,6902
PCDH8,6008
PCDH9,2464
PCDHA10,2616
PCDHA11,3078
PCDHA12,1971
PCDHA13,3494
PCDHA2,2281
PCDHA3,4410
PCDHA4,4410
PCDHA5,4003
PCDHA6,2179
PCDHA7,1424
PCDHA8,3178
PCDHA9,3411
PCDHAC1,2614
PCDHB1,2582
PCDHB10,8638
PCDHB11,4001
PCDHB12,9490
PCDHB13,7846
PCDHB14,11672
PCDHB15,5311
PCDHB16,8795
PCDHB2,7138
PCDHB3,4736
PCDHB4,8921
PCDHB5,5119
PCDHB6,3748
PCDHB7,3487
PCDHB8,3056
PCDHB9,6314
PCDHGA1,3008
PCDHGA10,7520
PCDHGA11,3539
PCDHGA12,4125
PCDHGA2,4647
PCDHGA3,5479
PCDHGA5,8200
PCDHGA6,11126
PCDHGA7,6306
PCDHGA8,9547
PCDHGA9,17552
PCDHGB2,10487
PCDHGB6,16974
PCDHGB7,18148
PCDHGC3,12164
PCDHGC4,7751
PCDHGC5,1813
PCED1A,43257
PCED1B,8289
PCF11,79214
PCGF1,17203
PCGF2,12012
PCGF3,137325
PCGF5,63692
PCGF6,12021
PCID2,93904
PCIF1,60098
PCK1,2326
PCK2,11135
PCLAF,6169
PCLO,8319
PCM1,20626
PCMT1,110874
PCMTD1,167325
PCMTD2,167807
PCNA,45092
PCNT,18235
PCNX1,19650
PCNX2,16837
PCNX3,7989
PCNX4,59845
PCOLCE,10622
PCOLCE2,2850
PCP2,27356
PCP4,5297
PCP4L1,4437
PCSK1,4060
PCSK1N,1950
PCSK2,999
PCSK4,6678
PCSK5,3812
PCSK6,63460
PCSK7,21031
PCSK9,754
PCTP,66314
PCYOX1,155348
PCYOX1L,12865
PCYT1A,164084
PCYT1B,4726
PCYT2,30541
PDC,6382
PDCD1,1360
PDCD10,86172
PDCD11,33843
PDCD1LG2,3471
PDCD2L,17447
PDCD4,84795
PDCD6,71535
PDCD6IP,100831
PDCD7,46955
PDCL,49239
PDCL2,5884
PDE10A,12198
PDE11A,795
PDE12,19409
PDE1A,445
PDE1B,5222
PDE1C,5776
PDE2A,10284
PDE3A,7711
PDE3B,11971
PDE4A,5142
PDE4B,5054
PDE4C,547
PDE4D,2169
PDE4DIP,182253
PDE5A,31027
PDE6A,2650
PDE6B,10342
PDE6C,3684
PDE6D,9686
PDE6G,448
PDE6H,1297
PDE7A,50978
PDE7B,4950
PDE8A,55133
PDE8B,12688
PDE9A,7646
PDGFA,27773
PDGFB,57593
PDGFC,47761
PDGFD,17957
PDGFRA,58608
PDGFRB,17330
PDGFRL,7666
PDHA1,30378
PDHA2,2715
PDHB,54111
PDHX,44041
PDIA2,719
PDIA3,78163
PDIA4,62181
PDIA5,25153
PDIA6,85285
PDIK1L,45110
PDILT,3821
PDK1,20985
PDK2,89885
PDK3,31473
PDK4,63707
PDLIM2,10940
PDLIM3,20186
PDLIM4,5172
PDLIM5,42740
PDLIM7,23633
PDP1,15674
PDP2,12608
PDPK1,18066
PDPN,12309
PDPR,61807
PDRG1,48753
PDS5A,226765
PDS5B,14469
PDSS1,10182
PDSS2,20601
PDX1,2751
PDXDC1,33211
PDXK,95438
PDXP,5174
PDYN,1044
PDZD11,81503
PDZD2,12105
PDZD4,5296
PDZD7,6117
PDZD8,51259
PDZD9,3449
PDZK1,28240
PDZK1IP1,768
PDZRN3,2529
PDZRN4,1659
PEA15,199848
PEAK1,29337
PEAK3,30
PEAR1,6198
PEBP1,25780
PEBP4,2420
PECAM1,66306
PECR,13590
PEDS1,68301
PEF1,75758
PEG10,11389
PEG3,5167
PELI1,43533
PELI2,17783
PELI3,22717
PELO,31149
PELP1,13215
PEMT,4046
PENK,1428
PEPD,14000
PER1,38098
PER2,9425
PER3,72543
PERCC1,1843
PERM1,5777
PERP,232587
PES1,19950
PET100,1582
PET117,8066
PEX1,33607
PEX10,32639
PEX11A,33208
PEX11B,43418
PEX11G,8381
PEX12,15225
PEX13,29030
PEX14,15090
PEX16,9673
PEX19,30126
PEX2,46844
PEX26,45935
PEX3,10896
PEX5,7854
PEX5L,5733
PEX6,8416
PEX7,32795
PF4,1586
PF4V1,2306
PFAS,3831
PFDN1,13654
PFDN2,19998
PFDN4,6663
PFDN6,55377
PFKFB1,7006
PFKFB2,27091
PFKFB3,58830
PFKFB4,5360
PFKL,48430
PFKM,29484
PFKP,11257
PFN1,2371
PFN2,37890
PFN3,699
PFN4,6471
PGA3,54979
PGA5,772
PGAM1,2804
PGAM2,1884
PGAM4,975
PGAM5,19934
PGAP1,7340
PGAP2,30500
PGAP3,18024
PGAP4,3701
PGAP6,46770
PGBD1,16972
PGBD2,17959
PGBD4,8767
PGBD5,2805
PGC,1888
PGD,90580
PGF,6146
PGGHG,64980
PGGT1B,31728
PGK1,18547
PGK2,3714
PGLS,13584
PGLYRP1,935
PGLYRP2,2280
PGLYRP3,2193
PGLYRP4,2292
PGM1,26064
PGM2,55827
PGM2L1,3460
PGM3,34891
PGM5,7097
PGP,41160
PGPEP1,17970
PGPEP1L,2963
PGR,34066
PGRMC1,15186
PGRMC2,33156
PGS1,27841
PHACTR1,7247
PHACTR2,40797
PHACTR3,1782
PHACTR4,48163
PHAF1,39185
PHAX,51726
PHB1,47938
PHC2,76396
PHC3,65306
PHETA1,6096
PHETA2,4816
PHEX,6124
PHF1,73554
PHF10,52041
PHF11,69142
PHF12,30055
PHF13,30345
PHF14,55246
PHF19,15552
PHF2,45655
PHF20,34000
PHF20L1,125982
PHF21A,64650
PHF21B,4041
PHF23,20720
PHF24,1563
PHF3,143743
PHF6,19749
PHF8,61150
PHGDH,5430
PHGR1,3268
PHIP,114811
PHKA1,25393
PHKA2,9410
PHKB,4258
PHKG1,7512
PHKG2,78286
PHLDA1,55761
PHLDA2,11299
PHLDA3,9467
PHLDB1,77362
PHLDB2,27668
PHLDB3,19951
PHLPP1,7131
PHLPP2,22977
PHOSPHO1,6020
PHOSPHO2,39614
PHOX2A,665
PHOX2B,4123
PHPT1,73272
PHRF1,16668
PHTF1,39794
PHTF2,43466
PHYH,26971
PHYHD1,13433
PHYHIP,2461
PHYHIPL,1074
PHYKPL,96374
PI15,9705
PI16,6251
PI3,1903
PI4K2B,34184
PI4KA,51209
PI4KB,70240
PIANP,3620
PIAS1,67324
PIAS2,34428
PIAS3,69310
PIAS4,19905
PIBF1,52052
PICALM,103529
PICK1,42563
PID1,5472
PIDD1,19684
PIERCE1,11037
PIERCE2,10658
PIEZO1,95366
PIEZO2,6607
PIF1,10897
PIFO,11607
PIGA,16355
PIGB,17989
PIGC,8540
PIGF,36796
PIGG,34725
PIGH,21722
PIGK,15973
PIGL,12368
PIGM,44931
PIGN,25855
PIGO,17622
PIGP,46273
PIGQ,8296
PIGR,2316
PIGS,51951
PIGT,153647
PIGU,5251
PIGV,13760
PIGW,8190
PIGX,92549
PIGZ,4924
PIH1D1,41431
PIH1D2,4168
PIK3AP1,6204
PIK3C2A,82004
PIK3C2B,20710
PIK3C2G,13661
PIK3C3,47756
PIK3CA,60704
PIK3CB,19731
PIK3CD,7719
PIK3CG,14789
PIK3IP1,83479
PIK3R1,147846
PIK3R2,74233
PIK3R3,8441
PIK3R4,30460
PIK3R5,4728
PIK3R6,2694
PIKFYVE,43558
PILRA,599
PILRB,15720
PIM1,13979
PIM2,36593
PIM3,214279
PIMREG,8377
PIN1,40999
PIN4,7839
PINK1,42367
PINLYP,3088
PINX1,6421
PIP,36445
PIP4K2A,107493
PIP4K2B,18337
PIP4K2C,20
PIP4P1,46649
PIP4P2,15170
PIP5K1A,219166
PIP5K1B,9874
PIP5K1C,42249
PIP5KL1,7841
PIPOX,1375
PIR,27950
PIRT,162
PISD,69756
PITHD1,38947
PITPNA,26191
PITPNB,58106
PITPNC1,122013
PITPNM1,14623
PITPNM2,3800
PITPNM3,3356
PITRM1,69938
PITX1,4442
PITX2,5686
PITX3,1160
PIWIL1,1359
PIWIL2,3948
PIWIL3,4761
PIWIL4,6364
PJA1,9921
PJA2,125728
PJVK,6945
PKD1,79605
PKD1L1,3918
PKD1L3,3773
PKD2,17306
PKD2L1,2900
PKD2L2,3644
PKDCC,8605
PKDREJ,3881
PKHD1,3286
PKHD1L1,6843
PKIA,8512
PKIB,109727
PKIG,34598
PKLR,3381
PKM,310287
PKMYT1,2266
PKN1,89021
PKN2,97526
PKN3,14756
PKNOX1,14367
PKNOX2,2125
PKP1,2783
PKP2,3395
PKP3,50721
PKP4,26375
PLA1A,5848
PLA2G10,3773
PLA2G12A,41515
PLA2G12B,1646
PLA2G15,26906
PLA2G1B,1540
PLA2G2A,2142
PLA2G2C,3766
PLA2G2D,1729
PLA2G2E,602
PLA2G2F,1920
PLA2G3,643
PLA2G4A,7913
PLA2G4B,59982
PLA2G4C,19611
PLA2G4D,2854
PLA2G4E,3157
PLA2G4F,6773
PLA2G5,2511
PLA2G6,16440
PLA2G7,8994
PLA2R1,29495
PLAA,105032
PLAAT1,8978
PLAAT2,3504
PLAAT3,62675
PLAAT4,17881
PLAAT5,2367
PLAC1,2386
PLAC8,11129
PLAC8L1,4381
PLAC9,798
PLAG1,5956
PLAGL1,31214
PLAGL2,12901
PLAT,689329
PLAU,11131
PLAUR,7967
PLB1,3677
PLBD1,13783
PLBD2,20327
PLCB1,12789
PLCB2,14811
PLCB3,56164
PLCB4,27801
PLCD1,13144
PLCD3,4300
PLCD4,4961
PLCE1,2985
PLCG1,60628
PLCG2,6701
PLCH1,4673
PLCH2,44134
PLCL1,27218
PLCL2,7847
PLCXD2,3087
PLCXD3,5122
PLCZ1,4865
PLD1,12932
PLD2,18959
PLD3,78342
PLD4,6129
PLD5,3310
PLD6,15085
PLEC,201928
PLEK,147
PLEK2,6620
PLEKHA1,21449
PLEKHA2,23273
PLEKHA3,18843
PLEKHA4,21971
PLEKHA5,37018
PLEKHA6,31078
PLEKHA7,16024
PLEKHA8,29162
PLEKHB1,9663
PLEKHB2,49209
PLEKHD1,2155
PLEKHF1,2480
PLEKHF2,143502
PLEKHG1,18932
PLEKHG2,7624
PLEKHG3,28795
PLEKHG4,9096
PLEKHG4B,4051
PLEKHG5,22438
PLEKHG6,6860
PLEKHG7,1825
PLEKHH1,31749
PLEKHH2,45864
PLEKHH3,11375
PLEKHJ1,308
PLEKHM1,17360
PLEKHM2,38522
PLEKHM3,32754
PLEKHN1,7016
PLEKHO1,24865
PLEKHO2,25307
PLEKHS1,24777
PLET1,2978
PLG,1996
PLGLB1,29039
PLGRKT,8430
PLIN1,12122
PLIN2,5572
PLIN3,22424
PLIN4,8676
PLIN5,24130
PLK1,15896
PLK2,72350
PLK3,20702
PLK4,13812
PLK5,5490
PLLP,19426
PLN,3871
PLOD1,10907
PLOD2,40514
PLOD3,25917
PLP1,6558
PLP2,115910
PLPBP,29673
PLPP1,14651
PLPP2,133327
PLPP3,115662
PLPP4,4238
PLPP5,49652
PLPP6,13029
PLPP7,6304
PLPPR1,4672
PLPPR2,38599
PLPPR3,3332
PLPPR4,4633
PLPPR5,5987
PLRG1,79081
PLS1,41596
PLS3,48690
PLSCR1,65596
PLSCR2,7741
PLSCR3,6855
PLSCR4,13595
PLSCR5,6036
PLTP,17094
PLVAP,18655
PLXDC1,15275
PLXDC2,7249
PLXNA1,3398
PLXNA2,5853
PLXNA3,25252
PLXNA4,4974
PLXNB1,49635
PLXNB2,105309
PLXNC1,14682
PLXND1,109335
PM20D1,3853
PM20D2,12477
PMAIP1,49329
PMCH,3187
PMEL,1761
PMEPA1,15170
PMF1,27919
PMFBP1,3288
PMIS2,3819
PML,35020
PMM1,40838
PMM2,67276
PMP2,5521
PMP22,264963
PMPCA,37718
PMPCB,103797
PMS1,12016
PMS2,15338
PMVK,82251
PNCK,1528
PNISR,87454
PNKD,28968
PNLDC1,5368
PNLIPRP1,1708
PNLIPRP3,4091
PNMA1,31772
PNMA2,1851
PNMA3,2753
PNMA5,2532
PNMA6A,1510
PNMA6E,950
PNMA6F,972
PNMA8A,5221
PNMA8B,2991
PNMA8C,2928
PNMT,593
PNN,79214
PNO1,23555
PNOC,2503
PNP,40238
PNPLA1,2972
PNPLA2,142830
PNPLA3,7138
PNPLA4,14148
PNPLA5,922
PNPLA6,3486
PNPLA7,19931
PNPLA8,73262
PNPO,54657
PNPT1,23812
PNRC1,88077
POC1A,4891
POC1B,13390
POC5,9994
PODN,18833
PODNL1,4261
PODXL,34423
PODXL2,48032
POF1B,4606
POFUT1,23874
POFUT2,41004
POGK,28330
POGLUT1,9014
POGLUT2,9605
POGLUT3,11100
POGZ,199205
POLA1,21462
POLA2,73752
POLB,48081
POLD1,15838
POLD2,20705
POLD3,13546
POLD4,17265
POLDIP2,87428
POLDIP3,47664
POLE,22615
POLE2,16352
POLE3,46478
POLE4,38582
POLG,59194
POLG2,87274
POLH,31119
POLI,46731
POLK,31292
POLL,28070
POLM,40935
POLN,2024
POLQ,9792
POLR1A,25753
POLR1B,17199
POLR1C,9097
POLR1D,23865
POLR1E,20298
POLR1F,12224
POLR1G,3013
POLR1H,21964
POLR2A,88512
POLR2B,54600
POLR2C,45844
POLR2D,20990
POLR2E,49070
POLR2F,38815
POLR2G,29643
POLR2H,132667
POLR2I,16258
POLR2J2,31344
POLR2J3,33040
POLR2K,110172
POLR2L,29015
POLR2M,65712
POLR3A,33308
POLR3B,14234
POLR3C,24150
POLR3D,20254
POLR3E,50101
POLR3F,16586
POLR3G,17365
POLR3GL,43177
POLR3H,16221
POLR3K,9740
POLRMT,19659
POM121,5448
POM121C,11969
POM121L12,1221
POM121L2,4110
POMC,3059
POMGNT1,74680
POMGNT2,6176
POMP,24400
POMT1,27246
POMT2,16883
PON1,7105
PON2,52453
PON3,5774
POP1,12436
POP4,31551
POP5,8694
POP7,45691
POPDC2,10629
POPDC3,2797
POR,45320
PORCN,3364
POSTN,114528
POT1,22635
POTEC,106582
POTEE,14047
POTEF,29262
POTEI,33712
POTEM,10376
POU1F1,3465
POU2AF1,5193
POU2AF2,4009
POU2AF3,5814
POU2F1,29997
POU2F2,8675
POU2F3,2288
POU3F1,1582
POU3F2,4651
POU3F3,4626
POU3F4,2516
POU4F1,2638
POU4F2,4399
POU4F3,2303
POU5F1,4713
POU5F1B,859
POU5F2,11296
POU6F1,3920
POU6F2,3275
PP2D1,2903
PPA1,1780
PPA2,62532
PPAN,20930
PPARA,3415
PPARD,7965
PPARG,12588
PPARGC1A,7830
PPARGC1B,3401
PPAT,8177
PPBP,2710
PPCDC,29973
PPCS,25674
PPDPF,11846
PPDPFL,8960
PPEF1,4310
PPEF2,3956
PPFIA2,4108
PPFIA3,4195
PPFIA4,6273
PPFIBP1,52943
PPFIBP2,19308
PPHLN1,69344
PPIA,12972
PPIAL4A,2961
PPIAL4G,52342
PPIAL4H,10149
PPIB,30043
PPIC,60544
PPID,56348
PPIE,17079
PPIF,60291
PPIG,26930
PPIH,26196
PPIL1,21818
PPIL2,40163
PPIL3,23014
PPIL4,46622
PPIL6,19054
PPIP5K1,3988
PPIP5K2,75816
PPL,42062
PPM1A,186617
PPM1B,10485
PPM1D,41207
PPM1E,7815
PPM1F,33745
PPM1G,74792
PPM1H,55036
PPM1J,20130
PPM1K,52288
PPM1L,21677
PPM1M,4752
PPM1N,3338
PPME1,29956
PPOX,30538
PPP1CA,108519
PPP1CB,71146
PPP1R10,77459
PPP1R11,31834
PPP1R12A,45473
PPP1R12B,36410
PPP1R12C,81762
PPP1R13B,41587
PPP1R13L,65019
PPP1R14A,1060
PPP1R14B,32910
PPP1R14C,4291
PPP1R14D,5738
PPP1R15A,25881
PPP1R15B,49413
PPP1R16A,1366
PPP1R16B,991
PPP1R17,2494
PPP1R18,29703
PPP1R1A,3292
PPP1R1B,5881
PPP1R1C,1147
PPP1R2,77071
PPP1R21,39146
PPP1R26,11666
PPP1R27,133
PPP1R2B,2537
PPP1R2C,2010
PPP1R32,2202
PPP1R35,22778
PPP1R36,4159
PPP1R37,51915
PPP1R3A,8128
PPP1R3B,42484
PPP1R3C,7297
PPP1R3D,31367
PPP1R3E,16080
PPP1R3F,3072
PPP1R3G,2204
PPP1R42,9202
PPP1R7,73210
PPP1R8,40712
PPP1R9A,53582
PPP1R9B,117903
PPP2CA,27129
PPP2R1A,85632
PPP2R1B,15002
PPP2R2A,61825
PPP2R2B,1561
PPP2R2C,2762
PPP2R2D,79911
PPP2R3A,19766
PPP2R3C,51602
PPP2R5A,143145
PPP2R5B,16525
PPP2R5C,2499
PPP2R5D,42076
PPP2R5E,23285
PPP3CA,14734
PPP3CB,65042
PPP3CC,25526
PPP3R1,115316
PPP3R2,4538
PPP4C,100026
PPP4R1,41268
PPP4R2,23334
PPP4R3A,76889
PPP4R3B,90055
PPP4R3C,5169
PPP4R4,25230
PPP5C,58027
PPP6C,78728
PPP6R1,89335
PPP6R2,81157
PPP6R3,126993
PPRC1,46089
PPT1,105617
PPT2,11388
PPTC7,17290
PPWD1,29316
PPY,699
PQBP1,47729
PRAC1,4648
PRAC2,1048
PRADC1,16272
PRAF2,19656
PRAG1,11365
PRAM1,2270
PRAME,20917
PRAMEF1,625
PRAMEF10,1923
PRAMEF11,917
PRAMEF12,3461
PRAMEF13,8421
PRAMEF14,4119
PRAMEF15,1673
PRAMEF17,1478
PRAMEF18,1299
PRAMEF19,2767
PRAMEF2,98
PRAMEF20,1367
PRAMEF27,2111
PRAMEF33,1632
PRAMEF4,5173
PRAMEF5,1605
PRAMEF7,611
PRAMEF9,15672
PRAP1,695
PRB2,878
PRB3,2286
PRB4,2501
PRC1,63890
PRCC,59046
PRCD,6082
PRCP,48213
PRDM1,13985
PRDM10,6046
PRDM11,3084
PRDM12,3510
PRDM13,1569
PRDM14,981
PRDM15,6088
PRDM16,1339
PRDM2,83466
PRDM4,14296
PRDM5,32162
PRDM6,1316
PRDM7,525
PRDM8,8328
PRDM9,2090
PRDX1,1567
PRDX2,105132
PRDX3,1272
PRDX4,8718
PREB,95951
PRELID2,40831
PRELID3A,37268
PRELID3B,38069
PRELP,22672
PREP,47308
PREPL,80205
PREX1,354807
PREX2,17283
PRF1,4069
PRG2,3217
PRG3,2311
PRG4,5573
PRH1,12858
PRH2,5390
PRICKLE1,12990
PRICKLE2,11904
PRICKLE3,13132
PRIM1,10916
PRIM2,10032
PRIMA1,3557
PRIMPOL,15934
PRKAA1,65029
PRKAA2,18179
PRKAB1,26848
PRKAB2,8538
PRKACA,50017
PRKACB,56354
PRKACG,1378
PRKAG1,27409
PRKAG2,28040
PRKAG3,2728
PRKAR1A,370996
PRKAR1B,7084
PRKAR2A,19130
PRKAR2B,18728
PRKCA,12073
PRKCB,6078
PRKCD,70640
PRKCE,15906
PRKCG,1499
PRKCH,17395
PRKCI,44903
PRKCQ,6690
PRKCSH,24784
PRKCZ,9398
PRKD1,9072
PRKD2,62541
PRKD3,25067
PRKDC,77767
PRKG1,23519
PRKG2,5087
PRKN,2169
PRKRA,38294
PRKX,17328
PRL,6402
PRLHR,1548
PRLR,50740
PRM2,353
PRM3,1447
PRMT1,25939
PRMT2,74833
PRMT3,45863
PRMT5,26532
PRMT6,18437
PRMT7,45531
PRMT8,2707
PRMT9,24291
PRND,4060
PRNP,63469
PROB1,3949
PROC,631
PROCA1,4523
PROCR,10842
PRODH,8457
PRODH2,836
PROK1,3250
PROK2,3571
PROKR1,5426
PROM1,31101
PROM2,52273
PROP1,1972
PRORP,3263
PROS1,5617
PROSER1,27906
PROSER2,25248
PROSER3,8260
PROX1,4797
PROX2,958
PROZ,4028
PRPF18,24788
PRPF19,668103
PRPF3,60921
PRPF31,16584
PRPF38A,32672
PRPF38B,216779
PRPF39,48563
PRPF4,30895
PRPF40A,21248
PRPF40B,12096
PRPF4B,2421
PRPF6,120753
PRPF8,142588
PRPH,1699
PRPH2,2587
PRPS1,15318
PRPS1L1,6135
PRPS2,33923
PRPSAP1,168664
PRPSAP2,15501
PRR11,25187
PRR12,42581
PRR13,73246
PRR14,34039
PRR14L,56285
PRR15,93216
PRR15L,90874
PRR16,6178
PRR18,5753
PRR19,6875
PRR20G,1157
PRR22,477
PRR23A,7703
PRR23B,6315
PRR23C,3624
PRR23E,367
PRR27,5722
PRR29,10852
PRR3,6693
PRR30,2111
PRR32,3967
PRR33,1294
PRR35,660
PRR36,31375
PRR4,5380
PRR5,5523
PRR5L,6509
PRR7,196
PRR9,5724
PRRC1,52617
PRRC2A,139189
PRRC2B,72851
PRRC2C,8328
PRRG1,3189
PRRG2,12627
PRRG3,4049
PRRG4,6117
PRRT1,6915
PRRT1B,5525
PRRT2,9372
PRRT4,1792
PRRX1,19445
PRRX2,4060
PRSS1,2049
PRSS12,10264
PRSS16,2595
PRSS2,224
PRSS21,1776
PRSS22,15797
PRSS23,59097
PRSS27,1966
PRSS3,1116
PRSS33,1325
PRSS35,3615
PRSS36,3152
PRSS37,3981
PRSS38,2574
PRSS41,1741
PRSS48,3486
PRSS51,1731
PRSS53,6543
PRSS54,1462
PRSS55,2386
PRSS56,673
PRSS58,2528
PRSS8,33008
PRTFDC1,15396
PRTG,3842
PRUNE1,49150
PRUNE2,3809
PRX,5225
PRXL2A,130169
PRXL2B,23871
PRXL2C,2931
PSAP,240075
PSAPL1,2390
PSAT1,2436
PSCA,2242
PSD,2472
PSD2,2404
PSD3,16175
PSD4,16579
PSEN1,39590
PSEN2,1582
PSENEN,17712
PSG11,549
PSG2,1374
PSG3,5137
PSG5,2421
PSG6,5702
PSG7,10468
PSG9,510
PSIP1,3091
PSKH1,30575
PSKH2,3908
PSMA1,38988
PSMA2,3840
PSMA3,52176
PSMA4,75253
PSMA7,48266
PSMA8,4325
PSMB1,88527
PSMB10,3172
PSMB11,4046
PSMB2,29422
PSMB3,925
PSMB4,107167
PSMB5,164171
PSMB6,31847
PSMB7,105477
PSMB8,63342
PSMB9,8526
PSMC1,4082
PSMC2,2602
PSMC3,384
PSMC3IP,9176
PSMC4,62414
PSMC5,124976
PSMC6,56636
PSMD1,25473
PSMD10,28284
PSMD11,45638
PSMD12,42999
PSMD13,27655
PSMD14,21883
PSMD2,87504
PSMD3,50726
PSMD4,74948
PSMD5,9965
PSMD6,41001
PSMD8,1959
PSMD9,19272
PSME1,44566
PSME2,5613
PSME3,30498
PSME3IP1,68223
PSME4,123297
PSMF1,64440
PSMG1,14080
PSMG2,120672
PSMG3,61315
PSMG4,30657
PSORS1C1,3915
PSORS1C2,4456
PSPC1,23806
PSPH,10111
PSPN,5897
PSRC1,9373
PSTK,4801
PSTPIP1,5004
PSTPIP2,29150
PTAFR,1402
PTAR1,58141
PTBP1,40435
PTBP2,42121
PTBP3,46953
PTCD1,16372
PTCD2,13451
PTCH1,12863
PTCH2,2811
PTCHD1,2912
PTCHD4,3858
PTCRA,1667
PTDSS1,35372
PTDSS2,6575
PTEN,2503
PTER,9738
PTF1A,3125
PTGDR,7237
PTGDR2,6432
PTGDS,206
PTGER1,1555
PTGER2,2871
PTGER3,39373
PTGER4,11108
PTGES,58482
PTGES2,67192
PTGES3L,6760
PTGFR,2190
PTGFRN,62460
PTGIR,3426
PTGIS,8503
PTGR1,11302
PTGR2,21835
PTGR3,34191
PTGS1,5076
PTGS2,6944
PTH,7374
PTH1R,1985
PTH2R,10142
PTHLH,18663
PTK2,14384
PTK2B,22439
PTK6,1645
PTK7,23324
PTMA,471483
PTMS,22358
PTN,21096
PTOV1,69235
PTP4A1,15696
PTP4A2,79827
PTP4A3,42566
PTPA,60149
PTPDC1,20078
PTPMT1,4404
PTPN1,69404
PTPN11,5383
PTPN12,150938
PTPN13,19923
PTPN14,21573
PTPN18,157186
PTPN2,23294
PTPN20,2654
PTPN21,13671
PTPN22,7887
PTPN23,20519
PTPN3,32974
PTPN4,71392
PTPN5,4960
PTPN6,49903
PTPN7,8800
PTPN9,33670
PTPRA,91060
PTPRB,19313
PTPRC,12730
PTPRD,1625
PTPRE,30310
PTPRF,115939
PTPRG,6528
PTPRH,2485
PTPRJ,42588
PTPRK,82737
PTPRM,42894
PTPRN,481
PTPRN2,1346
PTPRO,4936
PTPRQ,5668
PTPRR,14034
PTPRS,21077
PTPRT,22773
PTPRU,12406
PTPRZ1,7538
PTRH1,6251
PTRH2,73366
PTRHD1,16003
PTS,39230
PTTG1,4133
PTTG1IP,187366
PTTG2,6901
PTX3,5759
PTX4,239
PUDP,19934
PUF60,37335
PUM1,137870
PUM2,219384
PUM3,22880
PURA,69574
PURB,58052
PURG,2775
PUS1,10353
PUS10,16213
PUS3,9346
PUS7,30962
PUS7L,18349
PUSL1,21176
PVALB,1514
PVALEF,499
PVR,32469
PVRIG,22269
PWP1,21947
PWWP2A,7819
PWWP2B,50721
PWWP3A,69014
PWWP3B,7126
PWWP4,3626
PXDC1,10566
PXDN,4960
PXDNL,1836
PXK,28832
PXMP2,20867
PXMP4,7876
PXN,35129
PXT1,3447
PXYLP1,10744
PYCARD,20618
PYCR1,32073
PYCR2,73865
PYCR3,35019
PYDC1,2937
PYDC2,486
PYGB,82038
PYGL,12120
PYGM,3864
PYGO1,9334
PYHIN1,11302
PYM1,16993
PYROXD2,13882
PYY,577
PZP,2968
QARS,18998
QDPR,14797
QKI,51872
QPCT,8578
QPCTL,12094
QPRT,6466
QRFP,2032
QRFPR,4319
QRICH1,70938
QRICH2,13084
QRSL1,14739
QSER1,41247
QSOX1,42791
QSOX2,6157
QTRT1,10082
QTRT2,17795
R3HCC1,19963
R3HCC1L,8104
R3HDM1,18010
R3HDM2,41230
R3HDM4,67932
R3HDML,3025
RAB10,28496
RAB11A,170439
RAB11B,44760
RAB11FIP1,145927
RAB11FIP2,21295
RAB11FIP3,50234
RAB11FIP4,42644
RAB11FIP5,13075
RAB12,91740
RAB13,55501
RAB14,93172
RAB17,35541
RAB18,209116
RAB19,9249
RAB1A,24416
RAB1B,248792
RAB20,23102
RAB21,227434
RAB22A,57803
RAB23,24154
RAB24,22845
RAB25,194749
RAB26,17862
RAB27A,17394
RAB27B,29745
RAB28,28002
RAB29,18283
RAB2A,131274
RAB2B,46484
RAB30,32691
RAB31,36526
RAB32,16928
RAB33A,1484
RAB33B,20923
RAB34,21520
RAB35,22692
RAB36,8320
RAB37,18871
RAB38,4756
RAB39A,185
RAB39B,6101
RAB3A,4926
RAB3B,363
RAB3C,3061
RAB3D,18541
RAB3GAP1,41633
RAB3GAP2,40018
RAB3IL1,9489
RAB3IP,147419
RAB40A,7530
RAB40B,9512
RAB40C,20779
RAB41,3749
RAB42,6851
RAB43,10428
RAB44,430
RAB4A,80506
RAB4B,9254
RAB5A,40675
RAB5B,114757
RAB5C,21086
RAB5IF,4187
RAB6A,44106
RAB6B,1578
RAB6C,4697
RAB6D,3693
RAB7A,368776
RAB7B,3856
RAB8A,41279
RAB8B,30095
RAB9A,71111
RAB9B,3611
RABAC1,1389
RABEP1,165608
RABEP2,55446
RABEPK,35918
RABGAP1,161447
RABGAP1L,10056
RABGEF1,46420
RABGGTA,22992
RABGGTB,72152
RABIF,19772
RABL2A,83023
RABL2B,29869
RABL3,24439
RABL6,17521
RAC1,67076
RAC2,18778
RAC3,19285
RACGAP1,548
RACK1,72274
RAD1,7562
RAD17,5412
RAD18,27262
RAD21,4137
RAD21L1,4350
RAD23A,6791
RAD23B,5132
RAD50,53196
RAD51,11500
RAD51AP1,1722
RAD51AP2,3975
RAD51B,12354
RAD51C,91493
RAD51D,14706
RAD52,16415
RAD54B,13761
RAD54L,7958
RAD54L2,20340
RAD9A,19335
RAD9B,4582
RADIL,23066
RADX,10779
RAE1,32829
RAET1E,2697
RAET1G,6266
RAET1L,2036
RAF1,36313
RAG1,1984
RAG2,6341
RAI1,27272
RAI14,16434
RAI2,15059
RALA,15179
RALB,96738
RALBP1,28458
RALGAPA1,36470
RALGAPA2,10311
RALGAPB,81380
RALGDS,59421
RALGPS1,32180
RALGPS2,122021
RALY,69747
RALYL,1576
RAMAC,3515
RAMACL,15832
RAMP1,16940
RAMP2,27804
RAMP3,3811
RAN,141636
RANBP1,693
RANBP10,18282
RANBP17,6407
RANBP2,164664
RANBP3,46947
RANBP3L,6713
RANBP6,23478
RANBP9,122066
RANGAP1,92343
RANGRF,7589
RAP1A,84979
RAP1GAP,58012
RAP1GAP2,7440
RAP1GDS1,43345
RAP2A,39211
RAP2B,31903
RAP2C,44707
RAPGEF1,24932
RAPGEF2,55613
RAPGEF3,19303
RAPGEF4,5911
RAPGEF5,26507
RAPGEF6,39132
RAPGEFL1,35779
RAPH1,52932
RAPSN,1832
RARA,26280
RARB,10791
RARG,31978
RARRES1,21281
RARRES2,4651
RARS1,44356
RARS2,72440
RASA1,59172
RASA2,38128
RASA3,18276
RASAL1,4671
RASAL2,9157
RASAL3,4525
RASD1,13518
RASD2,4211
RASEF,58360
RASGEF1A,2770
RASGEF1B,20733
RASGEF1C,2019
RASGRF1,6153
RASGRF2,7104
RASGRP1,6565
RASGRP2,8899
RASGRP3,15443
RASGRP4,2238
RASIP1,17735
RASL10A,1915
RASL10B,4590
RASL11A,4442
RASL11B,6724
RASL12,5636
RASSF1,57990
RASSF10,10238
RASSF2,14050
RASSF3,724079
RASSF4,8515
RASSF5,8042
RASSF6,15985
RASSF7,22598
RASSF8,38291
RASSF9,8136
RAVER1,22039
RAVER2,14065
RAX,3365
RAX2,1206
RB1,104765
RB1CC1,63501
RBAK,18011
RBBP5,32704
RBBP6,34259
RBBP7,46935
RBBP8,152262
RBBP8NL,7997
RBBP9,19586
RBCK1,42847
RBFA,49410
RBFOX1,1430
RBFOX2,23115
RBFOX3,2829
RBIS,35038
RBKS,5116
RBL1,18594
RBL2,120879
RBM10,46994
RBM11,13410
RBM12,37101
RBM12B,18214
RBM14,48137
RBM15,66605
RBM15B,44855
RBM17,51133
RBM18,64716
RBM19,43768
RBM20,6508
RBM22,47760
RBM23,11332
RBM24,2630
RBM25,46097
RBM26,94534
RBM27,7469
RBM28,32702
RBM3,108737
RBM33,154296
RBM38,36559
RBM39,86781
RBM4,20441
RBM41,21683
RBM42,6434
RBM43,15082
RBM44,6507
RBM45,9844
RBM46,5881
RBM47,103369
RBM48,28087
RBM4B,20956
RBM5,135574
RBM6,71951
RBM7,12211
RBM8A,2567
RBMS2,21810
RBMS3,12140
RBMX,90674
RBMX2,2869
RBMXL1,17532
RBMXL2,4527
RBMXL3,796
RBP1,11131
RBP2,3320
RBP3,916
RBP4,2094
RBP5,4272
RBP7,29918
RBPJ,49400
RBPJL,4247
RBPMS,31127
RBPMS2,5119
RBSN,4644
RBX1,55647
RC3H1,57969
RC3H2,27375
RCAN1,30834
RCAN2,7848
RCAN3,57496
RCBTB1,51565
RCBTB2,11316
RCC1,28787
RCC1L,33990
RCC2,12043
RCCD1,27960
RCE1,24692
RCHY1,65415
RCL1,43964
RCN1,12358
RCN2,107051
RCN3,23319
RCOR1,41672
RCOR2,2372
RCOR3,96045
RCSD1,3774
RCVRN,1203
RD3,3305
RD3L,3660
RDH10,43054
RDH11,13153
RDH12,2541
RDH13,43091
RDH14,73155
RDH16,1943
RDH5,594
RDH8,1716
RDM1,6275
REC114,5929
REC8,7607
RECK,17264
RECQL,35941
RECQL4,15550
RECQL5,45729
REELD1,2101
REEP1,6538
REEP2,1421
REEP3,118351
REEP4,53280
REEP5,151705
REEP6,36908
REG3A,965
REG3G,2285
REG4,3887
REL,121722
RELA,29984
RELB,8526
RELCH,56157
RELL1,120967
RELL2,4567
RELN,8186
RELT,13370
REM1,5017
REM2,3252
REN,1290
RENBP,13432
REP15,5260
REPIN1,152758
REPS1,13074
REPS2,67835
RER1,141005
RERE,31097
RERG,89952
RERGL,6050
RESF1,57902
RESP18,713
REST,31735
RET,66434
RETN,478
RETNLB,3087
RETREG1,100695
RETREG2,41956
RETREG3,81557
RETSAT,52210
REV1,44011
REV3L,27921
REX1BD,23280
REXO1,2311
REXO2,62281
REXO4,6223
REXO5,13794
RFC1,42414
RFC2,27834
RFC3,20016
RFC4,26256
RFC5,1428
RFESD,7155
RFFL,35255
RFLNA,7216
RFLNB,3528
RFNG,7164
RFPL1,1798
RFPL2,4708
RFPL3,1543
RFPL4A,4622
RFPL4AL1,1217
RFPL4B,3278
RFT1,12455
RFTN1,12127
RFTN2,6324
RFWD3,35873
RFX1,21420
RFX2,10310
RFX3,16273
RFX4,1717
RFX5,42846
RFX6,2754
RFX7,37300
RFX8,3187
RFXANK,9376
RFXAP,18863
RGCC,15356
RGL1,19669
RGL2,114226
RGL3,22936
RGL4,2251
RGMA,21386
RGMB,16481
RGN,6428
RGP1,28548
RGR,9654
RGS1,33961
RGS10,40499
RGS11,3365
RGS12,20067
RGS13,1460
RGS14,6357
RGS16,17209
RGS17,3122
RGS18,6652
RGS19,24289
RGS2,49551
RGS20,6058
RGS21,7203
RGS22,2522
RGS3,20646
RGS4,5465
RGS5,17294
RGS6,5081
RGS7,10289
RGS7BP,2572
RGS8,3378
RGS9,37388
RGS9BP,3731
RGSL1,3844
RHAG,3857
RHBDD1,31876
RHBDD2,69264
RHBDD3,13294
RHBDF1,25810
RHBDF2,34369
RHBDL1,7880
RHBDL2,8664
RHBDL3,1359
RHBG,1616
RHCE,2039
RHCG,414
RHD,5830
RHEB,4769
RHEBL1,7094
RHEX,4984
RHNO1,32757
RHO,3496
RHOA,40072
RHOB,4884
RHOBTB1,20123
RHOBTB2,8295
RHOBTB3,44650
RHOC,3674
RHOD,19798
RHOF,17935
RHOG,25226
RHOH,182906
RHOJ,15324
RHOQ,18199
RHOT1,29044
RHOT2,33681
RHOU,27638
RHOV,18038
RHOXF1,2271
RHPN1,657
RHPN2,4552
RIBC1,11896
RIBC2,8164
RIC1,42085
RIC3,13821
RIC8A,40908
RIC8B,25419
RICTOR,46003
RIDA,50748
RIF1,6248
RIGI,41291
RIIAD1,3556
RILP,7127
RILPL1,13396
RILPL2,26665
RIMBP2,1062
RIMBP3,196
RIMKLA,3741
RIMKLB,23549
RIMOC1,20645
RIMS2,5170
RIMS3,3707
RIMS4,6062
RIN1,6507
RIN2,27657
RIN3,12228
RING1,18222
RINL,2769
RINT1,25739
RIOK1,11662
RIOK2,12359
RIOK3,76346
RIOX1,16545
RIOX2,15431
RIPK1,29467
RIPK2,34333
RIPK3,3322
RIPK4,14662
RIPOR1,29648
RIPOR2,23713
RIPOR3,5630
RIPPLY1,3663
RIPPLY2,1934
RIPPLY3,5028
RIT1,51913
RIT2,2033
RITA1,14594
RLBP1,4275
RLF,45584
RLIM,12953
RLN1,1368
RLN2,3640
RLN3,712
RMC1,25047
RMDN1,50427
RMDN2,18681
RMDN3,26428
RMI1,31934
RMI2,30541
RMND1,84295
RMND5A,94264
RMND5B,50697
RNASE1,611
RNASE10,2491
RNASE11,6602
RNASE12,437
RNASE13,3276
RNASE2,2631
RNASE3,2840
RNASE4,4516
RNASE6,8360
RNASE7,5712
RNASE8,1111
RNASE9,2908
RNASEH1,14151
RNASEH2A,943
RNASEH2B,49146
RNASEH2C,35976
RNASEL,13691
RNASET2,46012
RND1,7561
RND2,2158
RND3,10813
RNF10,148174
RNF103,159924
RNF11,157408
RNF111,63093
RNF112,2792
RNF113A,21581
RNF113B,2954
RNF114,17189
RNF115,38653
RNF121,23059
RNF122,6237
RNF123,20484
RNF125,12841
RNF126,19596
RNF128,2379
RNF13,63911
RNF130,51096
RNF133,12174
RNF135,22149
RNF138,86262
RNF139,106049
RNF14,34171
RNF141,93429
RNF144A,18478
RNF144B,12959
RNF145,5836
RNF146,48106
RNF148,14983
RNF149,68032
RNF150,7395
RNF151,1673
RNF152,28549
RNF157,15184
RNF165,15235
RNF166,10201
RNF167,64976
RNF168,85287
RNF169,13017
RNF17,2830
RNF170,33972
RNF175,6595
RNF180,14242
RNF181,2691
RNF182,2352
RNF183,12618
RNF185,19817
RNF186,5285
RNF187,203542
RNF19A,38731
RNF19B,19589
RNF2,39493
RNF20,32222
RNF208,14911
RNF212,3556
RNF212B,5794
RNF213,18245
RNF214,18532
RNF215,16588
RNF216,56981
RNF217,15544
RNF220,17754
RNF223,2359
RNF224,1468
RNF227,7663
RNF24,20615
RNF25,14168
RNF26,19282
RNF31,52565
RNF32,9118
RNF34,16742
RNF38,57147
RNF39,9539
RNF4,23006
RNF40,45701
RNF41,31300
RNF43,48157
RNF44,53439
RNF5,30150
RNF6,22370
RNF7,120424
RNF8,23277
RNFT2,6227
RNGTT,34677
RNH1,37415
RNLS,10252
RNMT,59290
RNPC3,76569
RNPEP,99445
RNPEPL1,9848
RO60,75596
ROBO1,4081
ROBO2,4016
ROBO3,1632
ROBO4,2990
ROCK1,180808
ROCK2,68345
ROGDI,46440
ROM1,1045
ROMO1,34421
ROPN1,8349
ROPN1B,4809
ROPN1L,7171
ROR1,5038
ROR2,10776
RORA,11251
RORB,3018
RORC,37216
ROS1,3079
RP1L1,884
RP2,41340
RP9,15982
RPA1,36503
RPA2,5647
RPA3,2174
RPA4,3611
RPAP1,16940
RPAP2,63199
RPAP3,20339
RPE,8271
RPE65,2753
RPEL1,4095
RPF1,29049
RPF2,38538
RPGR,34211
RPGRIP1,4608
RPGRIP1L,7264
RPH3A,556
RPH3AL,7646
RPIA,27281
RPL36AL,44885
RPN1,86901
RPN2,109251
RPP14,2875
RPP21,11148
RPP25,9584
RPP25L,11990
RPP30,9269
RPP38,21677
RPP40,10676
RPRD1A,75881
RPRD1B,61090
RPRD2,65611
RPRM,1747
RPRML,1196
RPTN,3909
RPTOR,24412
RPUSD1,652
RPUSD2,11101
RPUSD3,7460
RPUSD4,14444
RRAD,3331
RRAGA,32335
RRAGB,33633
RRAGD,30205
RRAS,26002
RRAS2,10400
RRBP1,48817
RREB1,107565
RRH,8042
RRM1,58134
RRM2,25503
RRM2B,52184
RRN3,3769
RRP1,25523
RRP12,13525
RRP15,44567
RRP1B,21193
RRP36,72611
RRP7A,15301
RRP8,9534
RRP9,645
RRS1,21429
RS1,1106
RSAD1,115014
RSAD2,7502
RSBN1,53604
RSBN1L,60662
RSF1,41628
RSL1D1,55905
RSPH1,8636
RSPH14,2391
RSPH3,51139
RSPH4A,2686
RSPH6A,2141
RSPH9,3728
RSPO1,6190
RSPO2,4692
RSPO3,12135
RSPO4,2143
RSPRY1,47835
RSRC1,49855
RSRC2,89778
RSRP1,152161
RSU1,51103
RTBDN,3678
RTCA,28198
RTCB,69125
RTEL1,14620
RTF1,60116
RTF2,43717
RTKN,29168
RTKN2,31653
RTL1,2494
RTL10,3130
RTL3,2176
RTL4,3517
RTL5,5026
RTL6,15464
RTL8A,16858
RTL8B,9484
RTL8C,18352
RTL9,2946
RTN1,4810
RTN2,12362
RTN4,49731
RTN4IP1,8358
RTN4R,1855
RTN4RL1,2665
RTN4RL2,8784
RTP1,1878
RTP2,2202
RTP3,4051
RTP4,10406
RTP5,93
RTRAF,4673
RTTN,16358
RUBCN,19494
RUBCNL,2173
RUFY1,68882
RUFY2,25247
RUFY3,31111
RUFY4,1478
RUNDC1,34556
RUNDC3A,1150
RUNDC3B,5658
RUNX1,253122
RUNX1T1,22073
RUNX2,9065
RUNX3,6870
RUSC1,66726
RUSC2,12717
RUSF1,68376
RUVBL1,35730
RUVBL2,14124
RWDD1,13962
RWDD2A,10327
RWDD2B,26459
RWDD4,24328
RXFP1,8004
RXFP2,3999
RXFP3,2646
RXFP4,1447
RXRA,73716
RXRB,13257
RXRG,1413
RXYLT1,7496
RYBP,63658
RYK,1290
RYR1,2696
RYR2,1125
RYR3,3569
S100A1,16630
S100A10,63571
S100A11,69768
S100A13,117051
S100A14,6637
S100A16,16260
S100A2,6990
S100A3,1469
S100A4,3291
S100A5,3753
S100A6,20856
S100A7,1230
S100A7A,3192
S100A8,2548
S100A9,4894
S100B,2855
S100G,12023
S100P,6600
S100PBP,33643
S100Z,4195
S1PR1,15039
S1PR2,7342
S1PR3,10254
S1PR4,1021
S1PR5,5242
SAA1,5547
SAA2,10740
SAA4,2306
SAAL1,21498
SAC3D1,1034
SACM1L,34448
SACS,14674
SAE1,77216
SAFB,76921
SAFB2,148540
SAG,816
SAGE1,3824
SALL1,2230
SALL2,3639
SALL3,5081
SALL4,3408
SAMD1,28650
SAMD10,8693
SAMD11,3896
SAMD12,32413
SAMD13,10266
SAMD14,8012
SAMD15,11567
SAMD3,15642
SAMD4A,9720
SAMD4B,11791
SAMD5,18379
SAMD7,4947
SAMD8,23828
SAMD9,13869
SAMD9L,15730
SAMHD1,48182
SAMM50,34153
SAMSN1,8280
SANBR,23293
SAP130,18927
SAP18,10659
SAP30,31844
SAP30BP,200532
SAP30L,44271
SAPCD1,6452
SAPCD2,24442
SAR1A,34875
SAR1B,65159
SARAF,2859
SARDH,8372
SARM1,18487
SARNP,1295
SARS1,45801
SARS2,6846
SART1,35697
SART3,28710
SASH1,29425
SASH3,3568
SASS6,31964
SAT1,177071
SAT2,44902
SATB1,40318
SATB2,1635
SAV1,67641
SAXO1,3018
SAXO2,8898
SAYSD1,28821
SBF1,11189
SBF2,70678
SBK1,10517
SBK3,595
SBNO1,62874
SBNO2,28844
SBSN,2206
SBSPON,13292
SC5D,28586
SCAF1,67895
SCAF11,39853
SCAF4,61796
SCAF8,56364
SCAI,15207
SCAMP1,57585
SCAMP2,96084
SCAMP3,79521
SCAMP4,31374
SCAMP5,9430
SCAND1,6614
SCAND3,5962
SCAP,18907
SCAPER,42382
SCARA3,5936
SCARA5,2714
SCARB1,27416
SCARB2,310597
SCARF1,7992
SCARF2,8166
SCART1,5704
SCCPDH,173301
SCD,177978
SCD5,62788
SCEL,2839
SCFD1,99223
SCFD2,25471
SCG2,3605
SCG3,3369
SCG5,3309
SCGB1A1,983
SCGB1D1,791
SCGB1D2,2701
SCGB1D4,2841
SCGB2A1,2900
SCGB2A2,9172
SCGB2B2,5410
SCGB3A1,1208
SCGB3A2,4345
SCGN,2261
SCHIP1,9910
SCIMP,13833
SCIN,4023
SCLT1,21446
SCLY,11782
SCMH1,22243
SCML1,12749
SCML2,4741
SCML4,8526
SCN10A,3040
SCN11A,2990
SCN1A,5646
SCN1B,8802
SCN2A,4574
SCN2B,3224
SCN3A,4481
SCN3B,3184
SCN4A,3727
SCN4B,6444
SCN5A,1473
SCN7A,9149
SCN8A,4448
SCN9A,7943
SCNM1,64582
SCNN1A,96674
SCNN1B,11774
SCNN1D,9744
SCNN1G,2655
SCO1,13113
SCO2,277
SCOC,192432
SCP2,147085
SCP2D1,3063
SCPEP1,81674
SCRG1,2223
SCRIB,68879
SCRN1,23653
SCRN2,35902
SCRN3,27487
SCRT1,2575
SCRT2,2692
SCT,432
SCTR,4091
SCUBE1,8194
SCUBE2,424070
SCUBE3,3643
SCX,3269
SCYGR4,2358
SCYGR8,2089
SCYL1,60985
SCYL2,7001
SCYL3,28518
SDAD1,15417
SDC1,12025
SDC2,26396
SDC3,42202
SDC4,164466
SDCBP,31930
SDCBP2,6894
SDCCAG8,101436
SDE2,38964
SDF2,60742
SDF2L1,37787
SDF4,121897
SDHA,78852
SDHAF1,27341
SDHAF2,56998
SDHAF3,6718
SDHAF4,45271
SDHB,50878
SDHC,54341
SDHD,13076
SDK1,9735
SDK2,142771
SDR16C5,9906
SDR39U1,24349
SDR42E1,18350
SDR9C7,729
SDS,1298
SDSL,7405
SEC11A,26349
SEC11C,113296
SEC13,51564
SEC14L1,52582
SEC14L2,39922
SEC14L3,2043
SEC14L4,1204
SEC14L5,2766
SEC14L6,1468
SEC16A,44032
SEC16B,22510
SEC22A,21626
SEC22B,88033
SEC22C,39985
SEC23A,70777
SEC23B,123317
SEC23IP,14923
SEC24A,70292
SEC24B,67409
SEC24C,94208
SEC24D,123824
SEC31A,27606
SEC31B,27676
SEC61A1,69579
SEC61A2,30077
SEC61B,3363
SEC61G,5402
SEC62,93104
SEC63,84470
SECISBP2,135431
SECISBP2L,9258
SECTM1,2087
SEH1L,40627
SEL1L,10758
SEL1L2,2732
SEL1L3,32237
SELE,11670
SELENBP1,143348
SELENOF,265728
SELENOH,5300
SELENOI,26777
SELENOK,4116
SELENOM,24427
SELENON,54305
SELENOO,31039
SELENOP,23857
SELENOS,165112
SELENOT,42761
SELENOV,2903
SELENOW,82901
SELL,6781
SELP,10250
SELPLG,6597
SEM1,44602
SEMA3A,6445
SEMA3B,45944
SEMA3C,86935
SEMA3D,8121
SEMA3E,4572
SEMA3F,34285
SEMA3G,18221
SEMA4A,16747
SEMA4B,103942
SEMA4C,36550
SEMA4D,44296
SEMA4F,6519
SEMA4G,3420
SEMA5A,18398
SEMA5B,2538
SEMA6A,6281
SEMA6B,17464
SEMA6C,14145
SEMA6D,6239
SEMA7A,3145
SEMG1,2312
SEMG2,2812
SENP1,18487
SENP2,53971
SENP3,15439
SENP5,75164
SENP6,61306
SENP7,69043
SENP8,13489
SEPHS1,18502
SEPHS2,117832
SEPSECS,15762
SEPTIN1,5773
SEPTIN10,11044
SEPTIN11,8637
SEPTIN12,2884
SEPTIN14,4667
SEPTIN2,43334
SEPTIN3,9355
SEPTIN4,18107
SEPTIN5,41765
SEPTIN6,13966
SEPTIN7,16170
SEPTIN8,45055
SEPTIN9,39145
SERAC1,13562
SERBP1,40178
SERF2,56018
SERGEF,28996
SERINC1,148501
SERINC2,102074
SERINC3,97377
SERINC4,3981
SERINC5,69563
SERP1,4048
SERP2,4252
SERPINA1,240546
SERPINA10,2281
SERPINA11,8846
SERPINA12,2010
SERPINA3,5403
SERPINA4,2556
SERPINA5,31516
SERPINA6,40640
SERPINA7,5514
SERPINA9,2001
SERPINB1,64935
SERPINB10,4305
SERPINB11,3914
SERPINB12,2929
SERPINB13,6431
SERPINB2,4509
SERPINB3,1984
SERPINB4,4031
SERPINB5,12685
SERPINB6,161773
SERPINB7,3055
SERPINB8,9554
SERPINB9,10279
SERPINC1,1379
SERPIND1,3631
SERPINE1,5322
SERPINE2,10755
SERPINE3,6573
SERPINF1,7200
SERPINF2,1127
SERPING1,25981
SERPINH1,11602
SERPINI1,10117
SERPINI2,4490
SERTAD1,17627
SERTAD2,23908
SERTAD3,26194
SERTAD4,31713
SERTM1,1885
SERTM2,4136
SESN1,55280
SESN2,10966
SESN3,50785
SESTD1,51329
SETBP1,70330
SETD1A,9875
SETD1B,39356
SETD2,58789
SETD3,33333
SETD4,48870
SETD5,63518
SETD6,14654
SETD7,122413
SETD9,11991
SETDB1,102155
SETDB2,16300
SETMAR,11960
SETSIP,57370
SETX,125267
SEZ6,1759
SEZ6L,2034
SEZ6L2,23022
SF1,94860
SF3A1,75149
SF3A2,91574
SF3A3,7972
SF3B1,154166
SF3B2,57256
SF3B3,66294
SF3B4,22828
SF3B5,3568
SF3B6,13978
SFI1,32206
SFMBT1,32765
SFMBT2,46335
SFN,979
SFPQ,48313
SFRP1,84758
SFRP2,8867
SFRP4,32268
SFRP5,1757
SFSWAP,42700
SFT2D1,120247
SFT2D2,54691
SFT2D3,14492
SFTA2,3263
SFTPA1,4861
SFTPA2,1558
SFTPB,591
SFTPC,6157
SFTPD,1812
SFXN1,39435
SFXN2,65456
SFXN3,50326
SFXN5,32216
SGCA,5610
SGCB,34183
SGCD,9871
SGCE,9256
SGCG,1165
SGF29,17762
SGIP1,5095
SGK1,61889
SGK2,2935
SGK3,97107
SGMS1,45203
SGMS2,19722
SGO1,8504
SGO2,13568
SGPL1,126870
SGPP1,5246
SGPP2,6559
SGSH,18654
SGSM1,5267
SGSM2,38294
SGSM3,7629
SGTA,52635
SGTB,4394
SH2B1,9053
SH2B2,608
SH2B3,4050
SH2D1A,8606
SH2D1B,4330
SH2D2A,9333
SH2D3A,12629
SH2D3C,12355
SH2D4A,6320
SH2D4B,2140
SH2D5,2911
SH2D6,2216
SH2D7,3026
SH3BGR,594
SH3BGRL,72597
SH3BGRL2,18039
SH3BGRL3,7175
SH3BP1,2921
SH3BP2,32867
SH3BP4,14224
SH3BP5,82084
SH3BP5L,28399
SH3D19,29369
SH3D21,31740
SH3GL1,46761
SH3GL2,2149
SH3GL3,5700
SH3GLB1,80728
SH3GLB2,120839
SH3KBP1,63287
SH3PXD2A,5630
SH3PXD2B,38663
SH3RF1,63432
SH3RF2,4964
SH3RF3,4388
SH3TC1,9346
SH3TC2,8979
SH3YL1,88699
SHANK1,2825
SHANK2,31763
SHANK3,26903
SHARPIN,23296
SHB,11067
SHBG,1466
SHC1,132161
SHC2,52832
SHC3,5931
SHC4,6521
SHCBP1,3763
SHCBP1L,7883
SHD,723
SHE,14732
SHF,11020
SHFL,12881
SHH,4226
SHISA2,7073
SHISA3,5264
SHISA4,12460
SHISA5,41510
SHISA6,7661
SHISA7,593
SHISA8,1161
SHISA9,3456
SHISAL1,2454
SHISAL2A,483
SHISAL2B,2336
SHKBP1,11958
SHLD1,13422
SHLD2,13097
SHLD3,13945
SHMT1,18523
SHMT2,19917
SHOC1,6190
SHOC2,43211
SHOX2,6287
SHPK,902
SHPRH,29150
SHQ1,34941
SHROOM1,61647
SHROOM2,9080
SHROOM3,203839
SHROOM4,10709
SHTN1,104906
SI,3711
SIAE,17217
SIAH1,22719
SIAH2,66039
SIAH3,4620
SIDT1,36711
SIDT2,34882
SIGIRR,40282
SIGLEC1,5946
SIGLEC10,2325
SIGLEC11,3106
SIGLEC12,3732
SIGLEC14,2381
SIGLEC15,286210
SIGLEC5,2025
SIGLEC6,2598
SIGLEC7,1903
SIGLEC8,3070
SIGLEC9,28525
SIGLECL1,2794
SIGMAR1,48520
SIK2,26278
SIK3,5318
SIKE1,52649
SIL1,25570
SIM1,4093
SIM2,2531
SIMC1,8694
SIN3A,75469
SIN3B,23303
SIPA1,12161
SIPA1L1,22599
SIPA1L2,37602
SIPA1L3,82336
SIRPA,33781
SIRPB1,2712
SIRPB2,3647
SIRPD,2036
SIRPG,2369
SIRT1,72655
SIRT2,25033
SIRT3,17162
SIRT4,1365
SIRT5,20800
SIRT6,2233
SIRT7,20768
SIT1,2623
SIVA1,675
SIX1,23796
SIX2,6516
SIX3,15134
SIX4,24539
SIX5,4920
SIX6,539
SKA1,6989
SKA2,34886
SKA3,13677
SKAP1,20500
SKAP2,42482
SKI,83320
SKIC2,34237
SKIC3,72337
SKIC8,118617
SKIDA1,3576
SKIL,23744
SKOR1,3293
SKOR2,1923
SKP1,35331
SKP2,13643
SLA,14265
SLA2,4396
SLAIN1,3529
SLAIN2,72937
SLAMF1,3829
SLAMF6,3632
SLAMF7,11791
SLAMF8,3755
SLAMF9,1468
SLBP,82900
SLC10A1,4829
SLC10A2,4223
SLC10A3,4709
SLC10A4,6792
SLC10A5,7910
SLC10A6,4297
SLC10A7,36261
SLC11A1,3689
SLC11A2,11974
SLC12A1,2115
SLC12A2,151608
SLC12A3,2773
SLC12A4,8633
SLC12A5,4801
SLC12A6,29697
SLC12A7,20164
SLC12A8,6994
SLC12A9,12882
SLC13A1,2854
SLC13A2,4755
SLC13A3,1705
SLC13A4,1031
SLC13A5,649
SLC14A1,4753
SLC14A2,2101
SLC15A1,2818
SLC15A2,9512
SLC15A3,11816
SLC15A4,13949
SLC15A5,6172
SLC16A1,10425
SLC16A10,4172
SLC16A11,8910
SLC16A12,1873
SLC16A13,7606
SLC16A14,5773
SLC16A2,16429
SLC16A3,6313
SLC16A4,12772
SLC16A5,13847
SLC16A6,15893
SLC16A7,11572
SLC16A8,1142
SLC16A9,6784
SLC17A1,2603
SLC17A2,967
SLC17A3,1969
SLC17A4,4730
SLC17A5,12784
SLC17A6,4341
SLC17A7,3889
SLC17A8,1840
SLC17A9,13144
SLC18A1,1666
SLC18A2,5135
SLC18A3,177
SLC18B1,11654
SLC19A1,12763
SLC19A2,82374
SLC19A3,1975
SLC1A1,12828
SLC1A2,13408
SLC1A3,5433
SLC1A4,28536
SLC1A5,125825
SLC1A6,1213
SLC1A7,3566
SLC20A1,103242
SLC20A2,37739
SLC22A1,1757
SLC22A10,3205
SLC22A11,2131
SLC22A12,1323
SLC22A13,2162
SLC22A14,2297
SLC22A15,40900
SLC22A16,3942
SLC22A17,675
SLC22A18,4320
SLC22A2,2970
SLC22A23,33179
SLC22A24,2450
SLC22A25,1915
SLC22A3,3373
SLC22A31,356
SLC22A4,3007
SLC22A5,41729
SLC22A6,1171
SLC22A7,1038
SLC22A8,744
SLC22A9,2505
SLC23A1,1279
SLC23A2,12629
SLC23A3,7557
SLC24A2,997
SLC24A3,62468
SLC24A4,1508
SLC24A5,6751
SLC25A1,49068
SLC25A10,2634
SLC25A11,15465
SLC25A12,10361
SLC25A13,32284
SLC25A14,9315
SLC25A15,27164
SLC25A16,22580
SLC25A17,34726
SLC25A18,2489
SLC25A19,22940
SLC25A2,3624
SLC25A20,9201
SLC25A21,5046
SLC25A22,13367
SLC25A23,39918
SLC25A24,106860
SLC25A25,18674
SLC25A26,12394
SLC25A27,14271
SLC25A28,33325
SLC25A29,98838
SLC25A3,48677
SLC25A30,40033
SLC25A31,6630
SLC25A32,42983
SLC25A33,5775
SLC25A34,3276
SLC25A35,10763
SLC25A36,71058
SLC25A37,2701
SLC25A38,35821
SLC25A39,42239
SLC25A4,30292
SLC25A40,45193
SLC25A41,2815
SLC25A42,8991
SLC25A43,13907
SLC25A44,41853
SLC25A45,8734
SLC25A46,33786
SLC25A47,756
SLC25A48,4813
SLC25A5,28944
SLC25A51,13841
SLC25A52,4840
SLC25A53,4859
SLC26A1,7252
SLC26A11,9345
SLC26A2,30090
SLC26A3,4591
SLC26A4,4496
SLC26A5,7708
SLC26A6,3524
SLC26A7,6815
SLC26A8,2561
SLC26A9,1263
SLC27A1,30310
SLC27A2,14425
SLC27A3,26338
SLC27A4,42747
SLC27A5,3913
SLC27A6,6193
SLC28A1,4267
SLC28A2,1515
SLC28A3,1360
SLC29A1,46744
SLC29A2,195630
SLC29A3,11582
SLC29A4,6675
SLC2A1,45861
SLC2A10,71778
SLC2A11,13483
SLC2A12,5885
SLC2A13,10884
SLC2A14,1039
SLC2A2,4807
SLC2A3,26655
SLC2A4,3360
SLC2A4RG,37491
SLC2A5,4464
SLC2A6,2236
SLC2A7,940
SLC2A8,16488
SLC2A9,5117
SLC30A1,54098
SLC30A10,1624
SLC30A2,1624
SLC30A3,3517
SLC30A4,8714
SLC30A5,62629
SLC30A6,35013
SLC30A7,17544
SLC30A8,9573
SLC30A9,111749
SLC31A1,45984
SLC31A2,52695
SLC32A1,1490
SLC33A1,2162
SLC34A1,3303
SLC34A2,4561
SLC34A3,684
SLC35A1,50079
SLC35A2,33328
SLC35A3,77204
SLC35A4,14599
SLC35B1,30980
SLC35B2,21516
SLC35B3,35555
SLC35B4,10545
SLC35C1,16211
SLC35C2,37076
SLC35D1,57734
SLC35D2,10370
SLC35D3,3083
SLC35E1,112209
SLC35E2B,129572
SLC35E3,63727
SLC35E4,6067
SLC35F1,4085
SLC35F2,7760
SLC35F3,4436
SLC35F4,3975
SLC35F5,230221
SLC35F6,82142
SLC35G1,3379
SLC35G2,11712
SLC35G3,2690
SLC35G4,3150
SLC35G5,866
SLC35G6,3687
SLC36A1,17651
SLC36A2,2409
SLC36A3,2399
SLC36A4,29263
SLC37A1,23542
SLC37A2,4253
SLC37A3,15097
SLC37A4,19161
SLC38A1,75649
SLC38A10,41626
SLC38A11,6847
SLC38A2,46249
SLC38A3,1592
SLC38A4,2223
SLC38A5,5382
SLC38A6,22547
SLC38A7,16567
SLC38A8,1824
SLC38A9,8317
SLC39A1,35496
SLC39A10,61872
SLC39A11,199496
SLC39A12,4517
SLC39A13,9342
SLC39A14,9942
SLC39A2,3590
SLC39A3,6612
SLC39A5,1188
SLC39A6,336009
SLC39A7,141814
SLC39A8,9091
SLC39A9,34926
SLC3A1,5427
SLC3A2,60520
SLC40A1,125148
SLC41A1,8509
SLC41A2,37735
SLC41A3,12259
SLC43A1,3368
SLC43A2,25263
SLC43A3,5453
SLC44A1,140918
SLC44A2,99948
SLC44A3,5813
SLC44A4,129385
SLC44A5,5755
SLC45A1,3455
SLC45A2,3533
SLC45A3,2714
SLC45A4,7058
SLC46A1,8911
SLC46A2,876
SLC46A3,14944
SLC47A1,1852
SLC47A2,1941
SLC48A1,17243
SLC49A3,8518
SLC49A4,28189
SLC4A1,3802
SLC4A10,4281
SLC4A11,5030
SLC4A1AP,50628
SLC4A2,49004
SLC4A3,3723
SLC4A4,3974
SLC4A5,6569
SLC4A7,153300
SLC4A8,13291
SLC4A9,1338
SLC50A1,101484
SLC51A,2598
SLC51B,3866
SLC52A1,4976
SLC52A2,48303
SLC52A3,12473
SLC5A1,3620
SLC5A10,3707
SLC5A11,710
SLC5A12,4877
SLC5A2,2533
SLC5A3,30245
SLC5A4,5093
SLC5A5,839
SLC5A6,27946
SLC5A7,3157
SLC5A8,6287
SLC5A9,1534
SLC66A1,18304
SLC66A2,35898
SLC66A3,60284
SLC6A1,3135
SLC6A11,3830
SLC6A12,3603
SLC6A13,4001
SLC6A14,6186
SLC6A15,6207
SLC6A16,6546
SLC6A17,3067
SLC6A18,1389
SLC6A19,2047
SLC6A2,3454
SLC6A20,6044
SLC6A3,33815
SLC6A4,3889
SLC6A5,2596
SLC6A6,22754
SLC6A7,2163
SLC6A8,24631
SLC6A9,3658
SLC7A1,6128
SLC7A10,3564
SLC7A11,12532
SLC7A13,6701
SLC7A14,2755
SLC7A2,207206
SLC7A3,4210
SLC7A4,870
SLC7A5,17331
SLC7A6,35366
SLC7A6OS,23980
SLC7A7,5737
SLC7A8,24391
SLC7A9,1580
SLC8A1,13161
SLC8A2,2851
SLC8A3,4425
SLC8B1,17262
SLC9A1,13113
SLC9A2,2509
SLC9A3,4521
SLC9A4,3041
SLC9A5,4630
SLC9A6,6889
SLC9A7,31626
SLC9A8,33352
SLC9A9,9930
SLC9B1,39707
SLC9B2,20528
SLC9C1,4567
SLC9C2,9184
SLCO1A2,6426
SLCO1B3,2368
SLCO1C1,5762
SLCO2A1,8541
SLCO2B1,18296
SLCO3A1,7418
SLCO4A1,3967
SLCO4C1,3162
SLCO5A1,3444
SLCO6A1,5468
SLF1,9802
SLF2,67192
SLFN11,12201
SLFN12,7599
SLFN12L,3588
SLFN13,14893
SLFN14,8953
SLFN5,26533
SLFNL1,3211
SLIRP,23545
SLIT1,1563
SLIT2,36643
SLIT3,14577
SLITRK1,1763
SLITRK2,2946
SLITRK4,8107
SLITRK6,31287
SLK,77367
SLMAP,53824
SLN,2307
SLPI,3013
SLTM,85520
SLU7,42638
SLURP1,2233
SLURP2,853
SLX4,18991
SLX4IP,82661
SLX9,29644
SMAD1,29647
SMAD2,130251
SMAD3,41209
SMAD4,33577
SMAD5,71107
SMAD6,8695
SMAD7,48146
SMAD9,5247
SMAGP,14341
SMAP1,35042
SMAP2,78082
SMARCA1,18991
SMARCA2,147333
SMARCA4,117538
SMARCA5,149445
SMARCAD1,6606
SMARCAL1,28069
SMARCB1,64650
SMARCC1,110808
SMARCC2,109195
SMARCD1,21302
SMARCD2,127022
SMARCD3,17733
SMARCE1,23938
SMC1A,105064
SMC1B,5726
SMC2,5453
SMC3,11847
SMC4,100837
SMC5,85370
SMC6,21518
SMCHD1,56325
SMCO1,5160
SMCO2,3872
SMCO3,4915
SMCO4,14243
SMCP,1639
SMCR8,24970
SMDT1,44774
SMG1,406730
SMG5,109462
SMG6,21866
SMG7,37012
SMG8,39971
SMG9,31278
SMIM10,5480
SMIM10L1,27692
SMIM10L2A,4292
SMIM10L2B,2843
SMIM12,37433
SMIM13,6565
SMIM14,496328
SMIM15,54805
SMIM17,2373
SMIM18,2229
SMIM19,38858
SMIM2,3035
SMIM20,33365
SMIM21,3139
SMIM22,9438
SMIM23,2699
SMIM24,3547
SMIM26,18574
SMIM27,15936
SMIM28,1105
SMIM29,31718
SMIM3,15047
SMIM30,68779
SMIM31,18718
SMIM32,135
SMIM33,3089
SMIM35,2060
SMIM36,9091
SMIM38,17528
SMIM41,657
SMIM43,2462
SMIM47,11
SMIM5,16776
SMIM6,2677
SMIM7,98440
SMIM8,11585
SMIM9,1791
SMKR1,7221
SMLR1,5627
SMN1,3024
SMNDC1,43688
SMO,6078
SMOC1,3487
SMOC2,50807
SMOX,3873
SMPD1,7463
SMPD2,13984
SMPD3,20160
SMPD4,117235
SMPDL3A,39119
SMPDL3B,8032
SMPX,3924
SMR3A,1811
SMR3B,2771
SMS,29749
SMTN,15444
SMTNL1,2043
SMTNL2,1690
SMU1,9073
SMUG1,21937
SMURF1,81390
SMURF2,90524
SMYD1,4013
SMYD2,18187
SMYD3,33602
SMYD4,16700
SMYD5,27457
SNAI1,7808
SNAI2,7231
SNAI3,1317
SNAP23,81493
SNAP25,1027
SNAP29,41619
SNAP47,57523
SNAP91,1215
SNAPC1,19882
SNAPC2,10736
SNAPC3,51160
SNAPC4,25245
SNAPC5,18042
SNAPIN,10071
SNCA,14987
SNCAIP,9459
SNCB,1848
SNCG,2691
SND1,273989
SNED1,44379
SNF8,13660
SNIP1,14173
SNN,11992
SNORC,2529
SNPH,2997
SNRK,29429
SNRNP200,120964
SNRNP25,5343
SNRNP27,35687
SNRNP35,21084
SNRNP40,10359
SNRNP48,23884
SNRNP70,158571
SNRPA,34736
SNRPA1,7728
SNRPB,65723
SNRPB2,21918
SNRPC,3555
SNRPD1,14174
SNRPD2,741
SNRPD3,841
SNRPE,5035
SNRPF,2810
SNRPG,3570
SNRPN,23154
SNTA1,8847
SNTB1,7863
SNTB2,28314
SNTG1,5061
SNTG2,12522
SNTN,4254
SNU13,28226
SNUPN,21056
SNW1,19229
SNX1,126241
SNX10,88535
SNX11,18338
SNX12,54055
SNX13,61787
SNX14,266626
SNX15,9944
SNX16,19407
SNX17,98059
SNX18,31468
SNX19,15141
SNX2,101679
SNX20,6129
SNX21,28338
SNX22,5037
SNX24,47152
SNX25,46481
SNX27,69500
SNX29,49419
SNX3,39122
SNX30,42647
SNX31,2479
SNX32,2136
SNX33,56419
SNX4,39570
SNX5,24847
SNX6,65389
SNX7,11389
SNX8,26261
SNX9,67285
SOAT1,16732
SOAT2,1984
SOBP,13928
SOCS1,3196
SOCS2,13759
SOCS3,30828
SOCS4,43869
SOCS5,10490
SOCS6,23569
SOCS7,13449
SOD1,39738
SOD2,20572
SOD3,7334
SOGA1,38485
SOGA3,6173
SOHLH1,2588
SOHLH2,4133
SON,156874
SORBS1,15780
SORBS2,30093
SORBS3,60838
SORCS1,5398
SORCS2,2033
SORCS3,1517
SORD,2345
SORL1,21305
SORT1,80131
SOS1,93230
SOS2,118026
SOST,3205
SOSTDC1,8123
SOWAHA,6181
SOWAHB,3873
SOWAHC,48123
SOWAHD,798
SOX1,3147
SOX10,9554
SOX11,4130
SOX12,21713
SOX13,84087
SOX14,982
SOX15,1270
SOX17,8873
SOX18,6919
SOX2,5802
SOX21,3740
SOX3,3550
SOX30,3058
SOX4,200576
SOX5,5417
SOX6,2523
SOX7,4283
SOX8,2596
SOX9,77750
SP1,89562
SP100,69337
SP110,21438
SP140,7269
SP140L,13630
SP2,35332
SP3,35810
SP4,10144
SP5,5449
SP6,3731
SP7,1873
SP8,5331
SP9,3374
SPA17,8512
SPAAR,7479
SPACA1,83
SPACA3,1705
SPACA4,134
SPACA5,13
SPACA6,7109
SPACA7,2360
SPACA9,1683
SPACDR,1445
SPADH,1744
SPAG1,13788
SPAG11A,364
SPAG16,28291
SPAG17,5574
SPAG4,3485
SPAG5,5729
SPAG6,3210
SPAG7,15879
SPAG8,5252
SPAG9,214136
SPAM1,2506
SPANXB1,2322
SPANXN1,1777
SPANXN2,18008
SPANXN3,1479
SPANXN4,2106
SPANXN5,965
SPARC,21731
SPARCL1,67431
SPART,65326
SPAST,53974
SPATA1,510
SPATA12,2275
SPATA16,3230
SPATA17,10807
SPATA18,21637
SPATA19,2541
SPATA2,15351
SPATA20,302720
SPATA21,2621
SPATA22,5025
SPATA24,7208
SPATA2L,18658
SPATA3,1825
SPATA31A1,5261
SPATA31A6,2268
SPATA31D1,3971
SPATA31D3,3524
SPATA31D4,3492
SPATA31E1,358
SPATA32,1038
SPATA33,26051
SPATA4,9187
SPATA45,3308
SPATA46,2846
SPATA48,1816
SPATA5,42154
SPATA5L1,28903
SPATA6,19566
SPATA6L,11346
SPATA7,14053
SPATA9,8559
SPATC1,1933
SPATC1L,17251
SPATS1,777
SPATS2,53630
SPATS2L,34224
SPC24,20755
SPC25,10544
SPCS1,21976
SPCS2,6725
SPCS3,66161
SPDEF,66925
SPDL1,17923
SPDYA,1677
SPDYC,2950
SPDYE1,3130
SPDYE16,27556
SPDYE21,10491
SPDYE4,1318
SPDYE6,22041
SPECC1,17244
SPECC1L,87669
SPEF1,1527
SPEF2,26233
SPEG,13755
SPEGNB,1693
SPEM1,358
SPEM2,219
SPEM3,3512
SPEN,27089
SPESP1,3760
SPG11,105161
SPG21,105401
SPG7,121798
SPHK1,11565
SPHK2,14442
SPHKAP,2886
SPI1,5371
SPIB,2180
SPIC,9333
SPICE1,73329
SPIDR,55011
SPIN1,97799
SPIN3,20527
SPIN4,19323
SPINDOC,25949
SPINK1,2094
SPINK13,4168
SPINK14,697
SPINK2,6639
SPINK4,2402
SPINK5,1084
SPINK6,5000
SPINK7,3749
SPINK8,2301
SPINK9,4828
SPINT1,187326
SPINT2,82108
SPINT3,1554
SPINT4,3376
SPIRE1,21149
SPIRE2,71697
SPN,2228
SPNS1,12969
SPNS2,9385
SPNS3,3178
SPO11,6923
SPOCD1,17541
SPOCK1,14068
SPOCK2,2733
SPOCK3,3637
SPON1,9518
SPON2,8103
SPOP,23561
SPOPL,25927
SPOUT1,24245
SPP1,18310
SPP2,3242
SPPL2A,17
SPPL2B,43851
SPPL2C,1026
SPPL3,23739
SPR,52749
SPRED1,39979
SPRED2,68804
SPRED3,5011
SPRING1,20545
SPRN,538
SPRR1A,121
SPRR1B,1378
SPRR2A,1502
SPRR2B,1632
SPRR2D,816
SPRR2E,368
SPRR2F,2713
SPRR2G,839
SPRR3,769
SPRR4,3011
SPRR5,1780
SPRTN,26644
SPRY1,96759
SPRY2,55690
SPRY3,5515
SPRY4,15227
SPRYD3,26363
SPRYD4,15240
SPRYD7,9568
SPSB1,12605
SPSB2,13788
SPSB3,53243
SPSB4,5000
SPTA1,1907
SPTAN1,368957
SPTB,1636
SPTBN1,265402
SPTBN2,47750
SPTBN4,4260
SPTBN5,6490
SPTLC1,61546
SPTLC2,73415
SPTLC3,6050
SPTSSA,73440
SPTSSB,52073
SPTY2D1,33711
SPX,2137
SPZ1,4572
SQLE,43991
SQOR,50967
SQSTM1,120307
SRA1,17482
SRARP,22790
SRBD1,49950
SRC,27795
SRCAP,72661
SRCIN1,10280
SRD5A1,18338
SRD5A2,3537
SRD5A3,62227
SREBF1,108089
SREBF2,122493
SREK1IP1,9450
SRF,24404
SRFBP1,40319
SRGAP1,19645
SRGAP2,43661
SRGAP2B,17355
SRGAP3,9085
SRGN,13360
SRI,86701
SRL,3799
SRM,26949
SRMS,1017
SRP14,57820
SRP19,46239
SRP54,124423
SRP68,235576
SRP72,44381
SRP9,314374
SRPK1,34637
SRPK2,53089
SRPK3,8835
SRPRA,140600
SRPRB,17025
SRPX,40738
SRPX2,14001
SRR,10438
SRRD,24228
SRRM2,99303
SRRM3,2110
SRRM4,1412
SRRM5,1992
SRRT,71853
SRSF1,146610
SRSF10,5555
SRSF11,70373
SRSF12,3929
SRSF2,208764
SRSF3,127803
SRSF4,168396
SRSF5,104262
SRSF7,18333
SRSF8,25955
SRXN1,2637
SRY,75
SS18,45456
SS18L1,22703
SS18L2,18631
SSBP2,10078
SSBP3,55510
SSBP4,8949
SSC4D,1195
SSC5D,6992
SSH1,18951
SSH2,44410
SSH3,35879
SSMEM1,2114
SSNA1,32782
SSPN,17749
SSR1,49601
SSR2,80537
SSR3,87594
SSR4,23960
SSRP1,26009
SST,1370
SSTR1,2147
SSTR2,3880
SSTR3,3111
SSTR4,1192
SSTR5,721
SSU72,36049
SSU72L1,2754
SSU72L2,956
SSU72L6,3201
SSUH2,3517
SSX1,5923
SSX2IP,21558
SSX3,7966
SSX5,4477
SSX7,1456
ST14,57684
ST18,3600
ST3GAL1,29038
ST3GAL2,17641
ST3GAL3,5654
ST3GAL4,29560
ST3GAL5,14076
ST3GAL6,12206
ST6GAL1,15718
ST6GAL2,2361
ST6GALNAC1,4093
ST6GALNAC2,83092
ST6GALNAC3,4763
ST6GALNAC4,1988
ST6GALNAC5,4753
ST6GALNAC6,3758
ST7,41884
ST7L,35515
ST8SIA1,16159
ST8SIA2,2774
ST8SIA3,4260
ST8SIA4,22310
ST8SIA5,1497
ST8SIA6,48827
STAB1,23337
STAB2,2702
STAC,4181
STAC2,14377
STAC3,3769
STAG1,62658
STAG2,40866
STAG3,2529
STAM,26014
STAM2,84494
STAMBP,37971
STAMBPL1,6787
STAP1,3892
STAP2,79471
STAR,2426
STARD10,704455
STARD13,17803
STARD3,32387
STARD3NL,43913
STARD4,395
STARD5,2926
STARD6,9150
STARD8,3688
STARD9,4196
STAT1,75812
STAT2,45525
STAT3,122303
STAT4,8338
STAT5A,13179
STAT5B,30137
STAT6,107868
STATH,10703
STAU1,59128
STAU2,57859
STBD1,22797
STC1,5427
STC2,765112
STEAP1,9708
STEAP1B,2579
STEAP2,21418
STEAP3,28802
STEAP4,93291
STEEP1,9298
STH,1816
STIL,11222
STIM1,35189
STIM2,75436
STING1,30409
STIP1,1801
STK10,24526
STK11,47140
STK11IP,9889
STK16,64412
STK17A,71427
STK17B,32002
STK19,1799
STK24,87379
STK25,36025
STK26,19929
STK3,64055
STK31,6745
STK32A,2604
STK32B,2675
STK32C,14953
STK33,4361
STK35,26619
STK36,36937
STK38,60927
STK38L,36476
STK39,45380
STK4,11557
STK40,45904
STKLD1,2317
STMN1,4199
STMN2,8206
STMN3,11503
STMN4,2476
STMND1,28398
STMP1,91832
STN1,42238
STOM,157289
STOML1,5983
STOML2,4154
STOML3,3746
STON1,11976
STON2,11398
STOX1,35244
STOX2,6873
STPG1,2642
STPG2,10295
STPG3,1956
STRA6,13669
STRA8,5980
STRADB,39826
STRAP,46767
STRBP,18789
STRIP1,52646
STRIP2,5325
STRIT1,4191
STRN,29242
STRN3,49133
STRN4,65108
STS,24172
STT3A,99833
STT3B,160072
STUB1,104121
STUM,12166
STX10,32588
STX11,5925
STX12,35594
STX16,91297
STX17,57198
STX18,19999
STX19,7043
STX1A,22402
STX1B,4398
STX2,16538
STX3,130796
STX4,60653
STX5,72809
STX6,52271
STX7,24447
STX8,19416
STXBP1,139
STXBP3,93814
STXBP4,75272
STXBP5,30604
STXBP5L,4003
STXBP6,4635
STYK1,4022
STYX,69936
STYXL1,57359
STYXL2,2102
SUB1,147576
SUCLA2,19201
SUCLG1,58868
SUCLG2,509
SUCNR1,5795
SUCO,112072
SUDS3,53358
SUFU,17466
SUGCT,5872
SUGP1,18037
SUGP2,90642
SUGT1,43528
SULF1,26992
SULF2,20060
SULT1A1,29890
SULT1B1,2490
SULT1C2,5799
SULT1C3,6414
SULT1C4,8580
SULT1E1,9
SULT2A1,4071
SULT2B1,79316
SULT4A1,2351
SULT6B1,7224
SUMF1,4131
SUMF2,138097
SUMO2,66308
SUMO3,12953
SUMO4,46059
SUN1,161796
SUN2,71563
SUN3,6342
SUN5,2638
SUOX,11612
SUPT16H,2095
SUPT20H,28265
SUPT3H,24269
SUPT4H1,17730
SUPT5H,123162
SUPT6H,68978
SUPT7L,20980
SUPV3L1,39435
SURF1,47860
SURF2,24842
SURF6,21778
SUSD1,13674
SUSD2,17172
SUSD3,693
SUSD4,11948
SUSD5,1473
SUSD6,36519
SUV39H1,6269
SUV39H2,20116
SUZ12,86101
SV2A,5681
SV2B,3826
SV2C,3215
SVBP,20783
SVEP1,41931
SVIL,38532
SVIP,52703
SVOP,1299
SVOPL,3108
SWAP70,4669
SWI5,60051
SWSAP1,9254
SWT1,29648
SYAP1,266490
SYBU,7839
SYCE1,1675
SYCE1L,3038
SYCE2,10303
SYCE3,6095
SYCN,424
SYCP1,3209
SYCP2,22579
SYCP2L,3941
SYCP3,5631
SYDE1,6395
SYDE2,133033
SYF2,112438
SYK,16347
SYMPK,39325
SYN1,4150
SYN2,3046
SYN3,6300
SYNC,7667
SYNDIG1,1723
SYNDIG1L,2514
SYNE1,12282
SYNE2,44563
SYNE3,11875
SYNE4,14514
SYNGAP1,41954
SYNGR1,23972
SYNGR2,95487
SYNGR3,5174
SYNGR4,739
SYNJ1,14819
SYNJ2,26630
SYNJ2BP,35145
SYNM,51161
SYNPO,22135
SYNPO2,76611
SYNPO2L,1939
SYNPR,2590
SYNRG,24618
SYP,8209
SYPL1,94349
SYPL2,1966
SYS1,58990
SYT1,2069
SYT10,5206
SYT11,9855
SYT12,14718
SYT13,3189
SYT14,4685
SYT16,3128
SYT17,4429
SYT2,3538
SYT3,2085
SYT4,4924
SYT5,969
SYT6,890
SYT7,275163
SYT8,6494
SYT9,4747
SYTL1,48161
SYTL2,130223
SYTL3,13960
SYTL4,107911
SYTL5,61231
SYVN1,44433
SZRD1,77331
SZT2,16922
TAAR1,8429
TAAR2,4256
TAAR5,2505
TAAR6,4713
TAAR8,3224
TAAR9,4600
TAB1,14030
TAB2,76940
TAB3,36846
TAC1,1485
TAC3,2878
TAC4,2017
TACC1,45823
TACC2,34329
TACC3,20474
TACO1,8624
TACR1,5268
TACR2,3815
TACR3,3726
TACSTD2,79578
TADA1,4256
TADA2A,16745
TADA2B,39021
TADA3,24425
TAF1,33739
TAF10,10689
TAF11,30670
TAF11L11,1734
TAF11L12,10108
TAF11L14,2286
TAF11L3,36
TAF12,34629
TAF13,64021
TAF15,56439
TAF1A,11889
TAF1B,36628
TAF1C,44180
TAF1D,11897
TAF1L,1513
TAF2,16898
TAF3,38290
TAF4,8428
TAF4B,6105
TAF5,13965
TAF5L,24389
TAF6,14826
TAF6L,17378
TAF7,120753
TAF7L,64
TAF8,20720
TAF9,53376
TAF9B,15895
TAFA1,1526
TAFA2,5452
TAFA3,5213
TAFA4,3527
TAFA5,3493
TAFAZZIN,17384
TAGAP,5749
TAGLN,106820
TAGLN2,5931
TAGLN3,3557
TAL1,6188
TAL2,5099
TAMALIN,17214
TAMM41,26093
TANC1,35315
TANC2,132731
TANGO2,24901
TANGO6,9421
TANK,41948
TAOK1,73209
TAOK2,42506
TAOK3,16201
TAP1,55855
TAP2,17153
TAPBP,4578
TAPBPL,21212
TAPT1,32057
TARBP1,60970
TARBP2,4107
TARDBP,40248
TARM1,1505
TARS1,60608
TARS2,6272
TARS3,19737
TAS1R1,979
TAS1R2,2087
TAS1R3,2263
TAS2R1,6599
TAS2R14,8566
TAS2R16,6012
TAS2R30,44887
TAS2R31,11164
TAS2R38,3836
TAS2R39,4003
TAS2R4,13112
TAS2R40,5290
TAS2R42,3377
TAS2R50,12421
TAS2R7,2778
TAS2R8,8266
TAS2R9,6998
TASL,7283
TASOR,34822
TASOR2,44289
TASP1,25959
TAT,29913
TATDN1,18551
TATDN2,13178
TATDN3,18207
TAX1BP1,45406
TBATA,3487
TBC1D1,5858
TBC1D10A,28527
TBC1D10B,22300
TBC1D10C,6472
TBC1D12,15742
TBC1D13,12119
TBC1D14,68313
TBC1D15,53170
TBC1D16,28007
TBC1D17,20912
TBC1D19,29419
TBC1D2,18028
TBC1D20,23971
TBC1D21,2175
TBC1D22A,49254
TBC1D22B,20554
TBC1D23,62260
TBC1D24,26249
TBC1D25,12408
TBC1D26,980
TBC1D28,2457
TBC1D2B,52008
TBC1D30,286331
TBC1D31,30154
TBC1D32,9252
TBC1D4,68216
TBC1D5,35497
TBC1D7,37810
TBC1D8,62879
TBC1D8B,9340
TBC1D9,1180759
TBC1D9B,88923
TBCB,14522
TBCC,15114
TBCCD1,25503
TBCD,49145
TBCE,62481
TBCEL,11517
TBCK,59774
TBK1,201614
TBKBP1,7088
TBL1X,26681
TBL1XR1,81259
TBL2,32038
TBL3,23460
TBP,24645
TBPL1,23185
TBPL2,7295
TBR1,2127
TBRG1,36089
TBRG4,52576
TBX1,13439
TBX10,963
TBX15,9533
TBX18,4566
TBX19,7303
TBX2,12628
TBX21,1391
TBX22,1817
TBX3,33663
TBX4,4291
TBX5,1954
TBX6,11201
TBXA2R,3308
TBXAS1,14467
TBXT,2582
TC2N,122806
TCAF1,19780
TCAF2,4158
TCAIM,23426
TCAP,403
TCEA2,15856
TCEA3,118525
TCEAL1,51805
TCEAL2,5129
TCEAL3,25727
TCEAL4,1754
TCEAL5,1439
TCEAL6,2275
TCEAL7,8366
TCEAL8,54802
TCEAL9,62388
TCEANC,14504
TCEANC2,5159
TCERG1,48178
TCERG1L,5116
TCF12,28883
TCF15,2164
TCF19,6607
TCF20,89288
TCF21,2655
TCF23,5838
TCF24,4420
TCF25,36045
TCF3,10957
TCF4,29409
TCF7,12214
TCF7L1,17478
TCF7L2,34911
TCFL5,24453
TCHH,3205
TCHHL1,4721
TCHP,18837
TCIM,36686
TCIRG1,26582
TCL1A,2639
TCL1B,3457
TCN1,20049
TCN2,3013
TCOF1,36680
TCP1,49363
TCP10L,749
TCP11,3841
TCP11L1,20036
TCP11L2,21975
TCP11X1,2004
TCTA,13954
TCTE1,1949
TCTN1,22333
TCTN2,34354
TCTN3,40426
TDGF1,5225
TDO2,4163
TDP1,22480
TDP2,51501
TDRD1,3981
TDRD10,8046
TDRD12,3498
TDRD15,6297
TDRD3,33675
TDRD5,11865
TDRD6,3268
TDRD7,3817
TDRD9,5658
TDRKH,16150
TDRP,13968
TEAD1,15596
TEAD2,23668
TEAD3,28172
TEAD4,9741
TEC,4005
TECPR1,15703
TECPR2,19516
TECR,391
TECRL,5185
TECTA,2546
TECTB,2681
TEDC1,398
TEDC2,5307
TEDDM1,1987
TEF,16699
TEFM,25496
TEK,10664
TEKT1,1864
TEKT2,8829
TEKT3,7356
TEKT5,3724
TELO2,30888
TEN1,52959
TENM1,5333
TENM2,6684
TENM3,3202
TENM4,6891
TENT2,56406
TENT4A,26942
TENT4B,72723
TENT5A,18119
TENT5B,5506
TENT5C,32444
TENT5D,5253
TEP1,28033
TEPP,3028
TEPSIN,8364
TERB1,6137
TERB2,5780
TERF1,11674
TERF2,30195
TERF2IP,50265
TERT,1879
TES,49465
TESC,9000
TESK1,16793
TESK2,5635
TESMIN,67411
TESPA1,4249
TET1,10442
TET2,59037
TET3,34749
TEX10,9645
TEX101,3726
TEX11,3515
TEX12,3873
TEX13A,1066
TEX13B,2304
TEX13C,3106
TEX13D,3024
TEX14,9766
TEX15,4376
TEX19,1165
TEX2,128609
TEX22,4673
TEX26,2949
TEX261,91311
TEX264,19656
TEX29,3020
TEX30,19778
TEX33,1562
TEX35,3788
TEX36,794
TEX37,1122
TEX38,1708
TEX43,4592
TEX44,1325
TEX45,3831
TEX46,848
TEX47,5312
TEX48,557
TEX49,3426
TEX50,1969
TEX51,315
TEX52,1102
TEX53,1639
TEX54,598
TEX55,2733
TEX9,34555
TFAM,73745
TFAP2A,71019
TFAP2B,40159
TFAP2C,48514
TFAP2D,1040
TFAP2E,4155
TFAP4,26963
TFB1M,10401
TFB2M,10538
TFCP2,53872
TFCP2L1,131192
TFDP1,15180
TFDP2,4397
TFDP3,2230
TFE3,13989
TFEB,5867
TFEC,10884
TFF1,806795
TFF2,2608
TFF3,503755
TFG,1714
TFIP11,32869
TFPI,16591
TFPI2,84011
TFPT,25842
TFR2,5049
TFRC,80689
TG,1323
TGDS,18331
TGFA,8839
TGFB1,13412
TGFB1I1,11854
TGFB2,6994
TGFB3,21901
TGFBI,5176
TGFBR1,35047
TGFBR2,80624
TGFBR3,31412
TGFBR3L,2709
TGFBRAP1,58134
TGIF1,83908
TGIF2,49239
TGIF2LX,1136
TGIF2LY,282
TGM1,2245
TGM2,9158
TGM3,676
TGM4,2094
TGM5,4096
TGM6,1649
TGM7,2314
TGOLN2,198334
TGS1,24627
TH,1869
THADA,44517
THAP1,24964
THAP10,9916
THAP11,25988
THAP12,23576
THAP2,42199
THAP3,5343
THAP4,12509
THAP5,34388
THAP6,74538
THAP7,32470
THAP8,7189
THAP9,23219
THBD,16301
THBS1,221858
THBS2,52784
THBS3,60890
THBS4,17910
THEG,2211
THEGL,2256
THEM4,19818
THEM5,2523
THEM6,11005
THEMIS,10165
THEMIS2,12032
THG1L,14071
THNSL1,8811
THNSL2,50564
THOC1,35626
THOC2,61757
THOC3,5934
THOC5,35022
THOC6,28616
THOC7,35230
THOP1,15389
THPO,3414
THRA,46461
THRAP3,14071
THRB,3615
THRSP,3396
THSD1,3350
THSD4,202228
THSD7A,6274
THSD7B,5236
THSD8,280
THUMPD1,46543
THUMPD2,9306
THUMPD3,32568
THY1,26482
THYN1,29089
TIA1,230141
TIAL1,85360
TIAM1,24136
TIAM2,5400
TICAM1,6715
TICAM2,3251
TICRR,9323
TIE1,5222
TIFA,16128
TIFAB,4388
TIGAR,12112
TIGD1,10574
TIGD2,24457
TIGD3,1900
TIGD4,9426
TIGD5,6111
TIGD6,9475
TIGD7,11080
TIGIT,9443
TIMD4,2671
TIMELESS,15658
TIMM10,20049
TIMM10B,28601
TIMM13,5046
TIMM17A,90538
TIMM17B,26696
TIMM21,23020
TIMM22,10499
TIMM23,50249
TIMM29,8104
TIMM44,32156
TIMM50,16569
TIMM8A,7081
TIMM9,33152
TIMMDC1,72217
TIMP1,14174
TIMP2,26352
TIMP3,202727
TIMP4,2944
TINAG,5999
TINAGL1,20189
TINCR,2534
TINF2,67827
TIPARP,57408
TIPIN,11426
TIPRL,38138
TIRAP,13918
TJAP1,44705
TJP1,96228
TJP2,81911
TJP3,47402
TK1,8610
TK2,71448
TKFC,91637
TKT,85205
TKTL1,4569
TKTL2,3446
TLCD1,4381
TLCD2,18420
TLCD3A,9207
TLCD3B,1481
TLCD4,5857
TLCD5,16119
TLDC2,8375
TLE1,33210
TLE2,31769
TLE3,75221
TLE4,13506
TLE5,76903
TLE6,4940
TLE7,2285
TLK1,31946
TLL1,7447
TLL2,1820
TLN1,92970
TLN2,11201
TLNRD1,46962
TLR1,7209
TLR10,6907
TLR2,9121
TLR3,9281
TLR4,14252
TLR5,10666
TLR6,5535
TLR7,10738
TLR8,7458
TLR9,1828
TLX1,1681
TLX2,4686
TLX3,215
TM2D1,53892
TM2D2,25369
TM2D3,23677
TM4SF1,51734
TM4SF18,11282
TM4SF19,10231
TM4SF20,6731
TM4SF4,6111
TM4SF5,902
TM6SF1,7871
TM6SF2,2039
TM7SF2,14509
TM7SF3,13190
TM9SF1,3869
TM9SF2,183902
TM9SF3,119849
TM9SF4,63928
TMA16,50487
TMA7,78163
TMA7B,2141
TMBIM1,83445
TMBIM4,67992
TMBIM6,7508
TMC2,3782
TMC3,6539
TMC4,15052
TMC5,6435
TMC6,24954
TMC7,6028
TMC8,12113
TMCC1,94355
TMCC2,5816
TMCC3,6453
TMCO1,51368
TMCO2,2880
TMCO3,232014
TMCO4,19093
TMCO5A,7220
TMCO6,11539
TMDD1,1981
TMED1,5248
TMED10,44274
TMED2,101290
TMED3,77822
TMED4,188292
TMED5,77472
TMED6,3973
TMED7,52922
TMED8,10786
TMED9,56830
TMEFF1,100
TMEFF2,4523
TMEM100,8768
TMEM101,10367
TMEM102,16021
TMEM104,54152
TMEM106A,12711
TMEM106B,36612
TMEM106C,11630
TMEM107,18651
TMEM108,5423
TMEM109,113450
TMEM11,18865
TMEM114,1378
TMEM115,14058
TMEM116,25300
TMEM117,2924
TMEM119,14455
TMEM120A,33489
TMEM120B,24510
TMEM121,3682
TMEM121B,2554
TMEM123,30271
TMEM125,6188
TMEM126A,16613
TMEM126B,23964
TMEM127,7308
TMEM128,37444
TMEM129,17515
TMEM130,2722
TMEM131,44588
TMEM131L,17966
TMEM132A,123092
TMEM132B,2233
TMEM132C,4533
TMEM132D,942
TMEM132E,2365
TMEM134,27154
TMEM135,38773
TMEM138,13074
TMEM140,4636
TMEM141,21047
TMEM143,11889
TMEM144,50581
TMEM145,2430
TMEM147,2787
TMEM14A,35110
TMEM14B,14189
TMEM14C,135585
TMEM150A,17743
TMEM150B,327
TMEM150C,195271
TMEM151A,2684
TMEM151B,3182
TMEM154,24237
TMEM156,11179
TMEM158,4526
TMEM161A,19394
TMEM161B,3067
TMEM163,3124
TMEM164,161946
TMEM165,171322
TMEM167A,59315
TMEM167B,98807
TMEM168,16984
TMEM169,3453
TMEM17,7282
TMEM170A,32543
TMEM170B,1846
TMEM171,5963
TMEM174,3519
TMEM175,13115
TMEM176A,19209
TMEM176B,6453
TMEM177,22406
TMEM178A,14069
TMEM178B,2520
TMEM179,5005
TMEM179B,64998
TMEM18,28882
TMEM181,35049
TMEM182,10298
TMEM183A,25679
TMEM184A,27336
TMEM184B,45012
TMEM184C,58440
TMEM185A,17839
TMEM185B,56782
TMEM186,25679
TMEM187,6456
TMEM19,45566
TMEM191C,14289
TMEM192,61717
TMEM196,4890
TMEM198,1401
TMEM199,21217
TMEM200A,3942
TMEM200B,5701
TMEM200C,8640
TMEM201,4525
TMEM202,3135
TMEM203,57450
TMEM204,11092
TMEM205,52031
TMEM207,5778
TMEM208,58300
TMEM209,26852
TMEM210,610
TMEM212,3922
TMEM213,2847
TMEM214,55159
TMEM215,1691
TMEM216,57788
TMEM217,5063
TMEM218,14742
TMEM219,58268
TMEM220,5074
TMEM221,4602
TMEM222,9958
TMEM223,10812
TMEM225,4405
TMEM225B,4049
TMEM229A,3577
TMEM229B,12186
TMEM230,97797
TMEM231,15167
TMEM232,6305
TMEM233,2718
TMEM234,42051
TMEM235,1780
TMEM236,5692
TMEM237,22278
TMEM238,5460
TMEM238L,647
TMEM239,1111
TMEM240,4778
TMEM241,8172
TMEM242,20188
TMEM243,41961
TMEM244,5535
TMEM245,61414
TMEM247,2174
TMEM248,33748
TMEM249,2612
TMEM25,17559
TMEM250,19441
TMEM252,1181
TMEM253,6922
TMEM254,38169
TMEM255A,3602
TMEM255B,5239
TMEM256,2280
TMEM258,1520
TMEM259,61586
TMEM26,5674
TMEM260,17158
TMEM262,677
TMEM263,60827
TMEM265,33870
TMEM266,945
TMEM267,26670
TMEM268,57625
TMEM269,2743
TMEM270,2579
TMEM271,3901
TMEM272,6370
TMEM273,6484
TMEM275,1676
TMEM30B,57036
TMEM31,4181
TMEM33,23199
TMEM35A,3081
TMEM35B,6002
TMEM37,3627
TMEM38A,3127
TMEM38B,5807
TMEM39A,32540
TMEM39B,9788
TMEM40,2146
TMEM41A,11731
TMEM41B,39818
TMEM42,13153
TMEM43,34433
TMEM44,6495
TMEM45A,9997
TMEM45B,3904
TMEM47,9810
TMEM50B,70693
TMEM51,20503
TMEM52,8843
TMEM52B,1196
TMEM53,19939
TMEM54,60533
TMEM59,37063
TMEM59L,2625
TMEM60,30355
TMEM61,681
TMEM62,49265
TMEM63A,137189
TMEM63B,36458
TMEM63C,3214
TMEM64,125737
TMEM65,31250
TMEM67,18395
TMEM68,67574
TMEM69,25118
TMEM70,48083
TMEM71,1729
TMEM72,1639
TMEM74,1983
TMEM74B,2939
TMEM79,52889
TMEM80,26509
TMEM81,5746
TMEM82,834
TMEM86A,11194
TMEM86B,802
TMEM87A,111168
TMEM87B,28836
TMEM88,547
TMEM89,1460
TMEM8B,10725
TMEM9,17352
TMEM91,24162
TMEM92,4327
TMEM94,68621
TMEM95,3520
TMEM97,29188
TMEM98,6466
TMEM9B,75337
TMF1,27361
TMIE,1858
TMIGD1,4684
TMIGD2,2450
TMIGD3,3779
TMLHE,22058
TMOD1,8589
TMOD2,16795
TMOD3,38548
TMOD4,4557
TMPO,25402
TMPPE,4784
TMPRSS11A,6186
TMPRSS11B,7736
TMPRSS11D,5196
TMPRSS11E,4885
TMPRSS11F,8857
TMPRSS12,4390
TMPRSS13,14725
TMPRSS15,4920
TMPRSS2,16768
TMPRSS3,2329
TMPRSS4,1943
TMPRSS5,2236
TMPRSS6,6145
TMPRSS7,3132
TMPRSS9,1246
TMSB15A,1436
TMSB15B,7752
TMSB4X,303453
TMSB4Y,292
TMTC1,19942
TMTC2,41773
TMTC3,10107
TMTC4,41073
TMUB1,45724
TMUB2,21733
TMX1,23120
TMX2,223317
TMX3,20830
TMX4,16361
TNC,65923
TNF,2709
TNFAIP1,36651
TNFAIP2,30865
TNFAIP3,8590
TNFAIP6,8241
TNFAIP8,14360
TNFAIP8L1,10818
TNFAIP8L2,4813
TNFAIP8L3,5362
TNFRSF10A,13922
TNFRSF10B,16484
TNFRSF10C,6997
TNFRSF10D,3839
TNFRSF11A,6831
TNFRSF11B,4409
TNFRSF12A,15293
TNFRSF13C,4737
TNFRSF14,15073
TNFRSF17,5793
TNFRSF18,2400
TNFRSF19,3898
TNFRSF1A,101527
TNFRSF1B,9245
TNFRSF21,15785
TNFRSF4,1156
TNFRSF6B,2434
TNFRSF8,2447
TNFRSF9,7918
TNFSF10,482942
TNFSF11,5997
TNFSF12,83
TNFSF13,1521
TNFSF13B,14817
TNFSF14,4344
TNFSF15,1342
TNFSF18,7398
TNFSF4,3296
TNFSF8,9843
TNFSF9,152
TNIK,1809
TNIP1,82798
TNIP2,33534
TNIP3,3194
TNK1,11421
TNK2,63182
TNKS,19672
TNKS1BP1,132839
TNKS2,161381
TNMD,385
TNN,14054
TNNC1,1313
TNNC2,1705
TNNI1,11143
TNNI2,392
TNNI3,3180
TNNI3K,6992
TNNT1,873
TNNT2,487
TNNT3,1050
TNP1,839
TNP2,1900
TNPO1,39694
TNPO2,24967
TNPO3,93499
TNR,2084
TNRC18,132362
TNRC6A,21709
TNRC6B,25942
TNRC6C,30193
TNS1,60564
TNS2,61899
TNS3,19709
TNS4,68133
TNXB,38558
TOB1,315410
TOB2,23038
TOE1,13496
TOGARAM1,85366
TOGARAM2,3276
TOLLIP,49062
TOM1,57570
TOM1L1,68504
TOM1L2,55394
TOMM20,20486
TOMM20L,3731
TOMM22,14058
TOMM34,26731
TOMM40,15973
TOMM40L,8558
TOMM5,2703
TOMM6,46344
TOMM7,167707
TOMM70,77826
TOMT,1570
TONSL,9303
TOP1,106712
TOP1MT,31828
TOP2A,35176
TOP2B,110432
TOP3A,22000
TOP3B,21276
TOPAZ1,8376
TOPBP1,45743
TOPORS,28131
TOR1A,13315
TOR1AIP1,49757
TOR1AIP2,92388
TOR1B,18038
TOR2A,5114
TOR3A,22090
TOR4A,4283
TOX,4174
TOX2,4665
TOX3,9634
TOX4,20619
TP53,73268
TP53AIP1,3033
TP53BP1,56882
TP53BP2,18192
TP53I11,23707
TP53I3,4275
TP53INP1,44644
TP53INP2,9797
TP53RK,17042
TP53TG3D,610
TP53TG5,3290
TP63,26003
TP73,6951
TPBG,99191
TPBGL,2818
TPCN1,12738
TPCN2,41743
TPD52,248614
TPD52L1,59253
TPD52L2,133836
TPD52L3,4973
TPGS2,78107
TPH1,6002
TPH2,4140
TPI1,92741
TPK1,5714
TPM1,14830
TPM2,99248
TPM3,3791
TPM4,26118
TPMT,30452
TPO,5209
TPP1,52595
TPP2,151736
TPPP,14905
TPPP2,3591
TPPP3,20841
TPR,55623
TPRA1,12618
TPRG1,1937
TPRG1L,462
TPRKB,14933
TPRN,6577
TPRX1,5672
TPSAB1,1058
TPSB2,482
TPSD1,983
TPSG1,847
TPST1,7652
TPST2,12134
TPT1,164070
TPTE,4165
TPTE2,2015
TPX2,22381
TRA2A,98578
TRA2B,34875
TRABD,14789
TRABD2A,4448
TRABD2B,1694
TRAC,33107
TRADD,54462
TRAF1,12739
TRAF2,21119
TRAF3,16019
TRAF3IP1,20076
TRAF3IP2,95759
TRAF3IP3,15842
TRAF4,123833
TRAF5,84607
TRAF6,21436
TRAF7,104225
TRAFD1,48074
TRAIP,6541
TRAK1,54494
TRAK2,15377
TRAM1,75274
TRAM1L1,10218
TRAM2,29852
TRANK1,14525
TRAP1,81530
TRAPPC10,68854
TRAPPC11,82874
TRAPPC12,60218
TRAPPC13,31539
TRAPPC2,11642
TRAPPC2B,3795
TRAPPC2L,18215
TRAPPC3,94058
TRAPPC3L,5516
TRAPPC4,49221
TRAPPC5,7176
TRAPPC6A,66971
TRAPPC6B,72380
TRAPPC8,45983
TRAPPC9,14606
TRARG1,1866
TRAT1,6819
TRBC1,8860
TRBC2,11917
TRDC,1715
TRDMT1,5823
TRDN,2493
TREH,1632
TREM1,4073
TREM2,2065
TREML2,1271
TREML4,1768
TRERF1,5353
TREX2,436
TRH,4184
TRHDE,8442
TRHR,4238
TRIAP1,14547
TRIB1,30032
TRIB2,25384
TRIB3,13496
TRIL,25788
TRIM10,1197
TRIM11,41911
TRIM13,30331
TRIM14,13189
TRIM15,2192
TRIM16,29163
TRIM17,7432
TRIM2,9800
TRIM21,18315
TRIM22,47999
TRIM23,43480
TRIM24,48993
TRIM25,94734
TRIM26,55149
TRIM27,10396
TRIM28,65212
TRIM29,30857
TRIM3,39253
TRIM31,2783
TRIM32,17535
TRIM33,97799
TRIM34,7121
TRIM35,20893
TRIM36,23562
TRIM37,199980
TRIM38,16729
TRIM39,6594
TRIM4,33995
TRIM40,2452
TRIM41,9776
TRIM42,3966
TRIM43,4227
TRIM43B,1883
TRIM44,123549
TRIM45,11430
TRIM46,2012
TRIM47,66798
TRIM48,6164
TRIM49,414
TRIM49B,6919
TRIM49D1,180560
TRIM5,4251
TRIM50,1204
TRIM51,5074
TRIM51G,800
TRIM52,18892
TRIM54,4079
TRIM55,3125
TRIM56,47077
TRIM58,2468
TRIM59,4721
TRIM6,12596
TRIM60,6142
TRIM61,5058
TRIM62,9800
TRIM63,3109
TRIM64,1936
TRIM64B,11135
TRIM64C,2177
TRIM65,61659
TRIM66,5533
TRIM67,564
TRIM68,8817
TRIM69,5427
TRIM7,5167
TRIM71,1591
TRIM72,1979
TRIM75,4605
TRIM77,1688
TRIM8,90293
TRIM9,4381
TRIML1,2256
TRIML2,2692
TRIO,44255
TRIOBP,51666
TRIP10,9975
TRIP11,45611
TRIP12,171193
TRIP13,20791
TRIP4,41921
TRIP6,42577
TRIQK,64000
TRIR,48244
TRIT1,18783
TRMO,2025
TRMT1,5689
TRMT10A,22482
TRMT10B,19941
TRMT10C,25933
TRMT11,16481
TRMT112,70956
TRMT12,20102
TRMT13,36352
TRMT1L,38639
TRMT2A,16934
TRMT2B,19209
TRMT44,28453
TRMT5,33467
TRMT6,9010
TRMT61A,6884
TRMT61B,16656
TRMT9B,11947
TRMU,11232
TRNAU1AP,46719
TRNP1,8813
TRNT1,29499
TRO,6202
TROAP,6554
TRPA1,5800
TRPC1,13112
TRPC3,5986
TRPC4,1841
TRPC4AP,105577
TRPC5,6799
TRPC5OS,3663
TRPC6,6340
TRPC7,3423
TRPM1,1513
TRPM2,3459
TRPM3,2409
TRPM4,76469
TRPM5,3151
TRPM6,4574
TRPM7,76418
TRPM8,3009
TRPS1,207491
TRPT1,36761
TRPV1,7715
TRPV2,5328
TRPV3,1940
TRPV4,2000
TRPV5,1416
TRPV6,4320
TRRAP,22111
TRUB1,33037
TRUB2,56515
TSACC,9898
TSBP1,2926
TSC1,17011
TSC2,31505
TSC22D1,150375
TSC22D2,32546
TSC22D3,81359
TSC22D4,82786
TSEN15,33531
TSEN2,12528
TSEN34,61319
TSEN54,45350
TSFM,6539
TSG101,71559
TSGA10,48377
TSGA10IP,2217
TSGA13,1431
TSHB,5228
TSHR,5913
TSHZ1,19755
TSHZ2,37158
TSHZ3,20286
TSKS,2948
TSKU,76356
TSLP,8061
TSN,80387
TSNARE1,13482
TSNAX,80409
TSNAXIP1,2456
TSPAN1,21555
TSPAN10,3991
TSPAN11,5495
TSPAN12,4651
TSPAN13,311586
TSPAN14,49004
TSPAN15,9514
TSPAN16,3131
TSPAN17,19639
TSPAN18,8258
TSPAN19,3247
TSPAN2,6204
TSPAN3,69502
TSPAN31,220533
TSPAN32,2967
TSPAN33,9775
TSPAN4,1822
TSPAN5,47735
TSPAN6,23614
TSPAN7,15616
TSPAN8,79938
TSPAN9,17967
TSPEAR,1157
TSPO,18397
TSPO2,1716
TSPOAP1,35985
TSPYL1,55323
TSPYL2,75684
TSPYL4,32811
TSPYL5,14765
TSPYL6,2254
TSR1,22750
TSR2,13833
TSR3,34342
TSSC4,2267
TSSK1B,895
TSSK2,980
TSSK3,3091
TSSK4,1700
TSSK6,1636
TST,33689
TSTD1,128159
TSTD2,22997
TTBK1,4252
TTBK2,10694
TTC1,42867
TTC12,14814
TTC13,35282
TTC14,28554
TTC16,2670
TTC17,53730
TTC19,131960
TTC21A,12816
TTC21B,33955
TTC22,17290
TTC23,17963
TTC23L,8887
TTC24,3666
TTC26,13792
TTC27,36622
TTC28,19698
TTC29,3857
TTC3,53039
TTC30A,1203
TTC30B,5331
TTC31,38569
TTC32,29542
TTC33,42486
TTC36,1867
TTC38,54760
TTC39A,85328
TTC39B,16063
TTC39C,80436
TTC5,38802
TTC6,76742
TTC7A,18504
TTC7B,6826
TTC8,59990
TTC9,10456
TTC9B,497
TTC9C,36711
TTF1,29638
TTF2,19869
TTI1,18801
TTI2,8596
TTK,9600
TTL,14136
TTLL1,21995
TTLL10,4158
TTLL11,13041
TTLL12,78343
TTLL13,1156
TTLL2,5695
TTLL3,42282
TTLL4,31777
TTLL5,28372
TTLL6,987
TTLL7,11701
TTLL8,2913
TTLL9,4914
TTN,3167
TTPA,7709
TTPAL,2081
TTR,655
TTYH1,7262
TTYH2,16881
TTYH3,43874
TUB,3864
TUBA1A,61396
TUBA1B,9363
TUBA1C,60962
TUBA3C,959
TUBA3E,3312
TUBA4A,12221
TUBA4B,603
TUBAL3,5733
TUBB,167445
TUBB1,3547
TUBB2A,26667
TUBB2B,11354
TUBB3,1925
TUBB4A,1163
TUBB6,18776
TUBB8,3886
TUBB8B,10812
TUBD1,69005
TUBE1,15407
TUBG1,13168
TUBG2,9729
TUBGCP2,40801
TUBGCP3,56483
TUBGCP4,23385
TUBGCP5,31872
TUBGCP6,69472
TUFM,115580
TUFT1,86794
TUG1,76596
TULP1,1043
TULP2,1582
TULP3,45706
TULP4,7413
TUNAR,2626
TUSC1,11720
TUSC2,12970
TUSC3,43258
TUT1,30922
TUT4,29510
TUT7,93531
TVP23A,2658
TVP23B,15292
TVP23C,6313
TWF2,9363
TWIST1,3961
TWIST2,6093
TWNK,9973
TWSG1,27847
TXK,9129
TXLNA,56119
TXLNB,6895
TXLNG,49089
TXN,217473
TXN2,30216
TXNDC11,67595
TXNDC12,27594
TXNDC15,91483
TXNDC16,72363
TXNDC17,44089
TXNDC2,6458
TXNDC5,2181
TXNDC8,4758
TXNDC9,40622
TXNIP,21234
TXNL1,82540
TXNL4B,22131
TXNRD1,68314
TXNRD2,10512
TXNRD3,33603
TYK2,44521
TYMP,152787
TYMS,58826
TYR,2600
TYRO3,2022
TYROBP,2724
TYRP1,2296
TYSND1,29514
TYW1,12701
TYW1B,2214
TYW3,13490
TYW5,12382
U2AF1,37945
U2AF1L4,231
U2AF2,57688
U2SURP,9578
UACA,52382
UAP1,62239
UAP1L1,46194
UBA1,214551
UBA2,7772
UBA3,59572
UBA5,55121
UBA6,115440
UBA7,17086
UBAC1,53163
UBAC2,36308
UBALD1,26350
UBALD2,23214
UBAP1,58215
UBAP1L,5354
UBAP2,36344
UBAP2L,61953
UBASH3A,6316
UBASH3B,2748
UBB,17060
UBC,125307
UBD,602
UBE2A,18258
UBE2B,75174
UBE2C,6982
UBE2D1,49972
UBE2D2,139128
UBE2D3,253639
UBE2D4,15043
UBE2E1,29523
UBE2E2,7041
UBE2E3,15036
UBE2F,16172
UBE2G1,37816
UBE2G2,102548
UBE2H,234966
UBE2I,108561
UBE2J1,93006
UBE2J2,24159
UBE2K,33389
UBE2L3,41125
UBE2L5,3041
UBE2L6,37296
UBE2M,3314
UBE2N,7061
UBE2O,89442
UBE2Q1,157700
UBE2Q2,27309
UBE2QL1,1666
UBE2R2,104961
UBE2S,5822
UBE2T,23474
UBE2U,1353
UBE2V1,13843
UBE2W,56359
UBE2Z,104080
UBE3A,31897
UBE3B,20561
UBE3C,34534
UBE3D,16937
UBE4A,69889
UBE4B,108173
UBFD1,37020
UBIAD1,17699
UBL3,79310
UBL4A,13677
UBL4B,1541
UBL5,6502
UBL7,28619
UBLCP1,35499
UBN1,61885
UBN2,30950
UBOX5,17504
UBP1,82673
UBQLN1,166025
UBQLN2,58491
UBQLN3,1912
UBQLN4,23847
UBQLNL,3138
UBR1,26961
UBR2,45120
UBR3,78107
UBR4,19809
UBR5,127330
UBR7,10104
UBTD1,3211
UBTD2,21045
UBTF,59376
UBTFL1,9240
UBXN1,10706
UBXN10,7433
UBXN11,50156
UBXN2A,58590
UBXN2B,22382
UBXN4,57353
UBXN6,112963
UBXN7,20474
UBXN8,18417
UCHL1,3142
UCHL3,14678
UCHL5,23723
UCK1,30504
UCK2,28848
UCKL1,22319
UCMA,1603
UCN,622
UCN2,887
UCN3,682
UCP1,11349
UCP2,48398
UCP3,3681
UEVLD,54744
UFC1,376078
UFD1,21941
UFL1,33507
UFM1,72666
UFSP1,2165
UFSP2,35624
UGCG,153540
UGDH,374450
UGGT1,77238
UGGT2,60750
UGP2,20384
UGT1A1,1769
UGT1A10,5121
UGT1A3,274
UGT1A4,2606
UGT1A5,515
UGT1A8,4104
UGT1A9,2882
UGT2A1,5461
UGT2A2,2191
UGT2A3,2939
UGT2B10,1969
UGT2B11,13882
UGT2B15,4712
UGT2B17,1921
UGT2B28,2374
UGT2B4,4266
UGT2B7,3942
UGT3A1,5149
UGT3A2,3255
UGT8,9100
UHMK1,67948
UHRF1,46936
UHRF2,8317
UIMC1,43679
ULBP1,6837
ULBP2,1142
ULBP3,2134
ULK1,43610
ULK2,34389
ULK3,31401
ULK4,12839
UMAD1,10039
UMOD,1723
UMODL1,2054
UMPS,54520
UNC119,45603
UNC119B,17885
UNC13A,1706
UNC13B,11621
UNC13C,5275
UNC13D,13628
UNC45A,55889
UNC45B,1215
UNC50,44411
UNC5A,1343
UNC5B,7665
UNC5C,4998
UNC5CL,2169
UNC5D,658
UNC79,2247
UNC80,2597
UNC93A,3454
UNC93B1,21820
UNCX,551
UNG,29375
UNK,83358
UPB1,7863
UPF1,24321
UPF2,107897
UPF3A,68903
UPF3B,25375
UPK1A,1468
UPK1B,3082
UPK2,143
UPK3A,1931
UPK3B,4700
UPP1,7579
UPP2,1598
UPRT,11595
UQCC1,38577
UQCC2,11706
UQCC3,7931
UQCC4,14804
UQCC5,11612
UQCC6,7972
UQCR10,15798
UQCR11,40716
UQCRB,13602
UQCRC1,17273
UQCRC2,83255
UQCRFS1,5587
UQCRHL,2568
UQCRQ,39227
URAD,1112
URB1,24157
URB2,19134
URGCP,29290
URI1,26908
URM1,71732
UROC1,825
UROD,39365
UROS,71951
USB1,24065
USE1,12809
USF1,6604
USF2,20492
USF3,37936
USH1C,1120
USH1G,6780
USH2A,5489
USHBP1,4835
USO1,109900
USP1,59126
USP10,51495
USP11,34393
USP12,5259
USP13,16969
USP14,11621
USP15,65154
USP16,85440
USP17L1,7769
USP17L10,8246
USP17L13,4897
USP17L15,6257
USP17L2,2031
USP17L3,10303
USP17L7,7227
USP17L8,9356
USP18,5436
USP19,21528
USP2,3860
USP20,12209
USP21,23915
USP22,27315
USP24,44270
USP25,84926
USP26,5804
USP27X,5537
USP28,14735
USP29,3651
USP3,25059
USP30,6082
USP31,19229
USP32,179531
USP33,100920
USP34,139788
USP35,5581
USP36,29384
USP37,17759
USP38,31997
USP39,89223
USP4,59208
USP40,28229
USP42,23828
USP43,14211
USP44,6682
USP45,24914
USP46,28333
USP47,81080
USP48,142476
USP49,1207
USP5,23646
USP50,1238
USP51,9890
USP53,56070
USP54,27053
USP6,3203
USP6NL,25357
USP8,36310
USP9X,101314
USP9Y,22
USPL1,34361
UST,7027
UTF1,383
UTP11,25257
UTP14A,3252
UTP15,17917
UTP18,36046
UTP20,17901
UTP23,30014
UTP25,42852
UTP3,50262
UTP4,30932
UTP6,98212
UTRN,37367
UTS2,5165
UTS2B,6393
UTY,45
UVRAG,30422
UVSSA,52335
UXS1,29988
UXT,94631
VAC14,65027
VAMP1,13830
VAMP2,22836
VAMP3,52919
VAMP4,13978
VAMP5,5787
VAMP8,101636
VANGL1,33146
VANGL2,6310
VAPA,1754
VAPB,44062
VARS1,17748
VARS2,22848
VASH1,14608
VASH2,5601
VASN,19072
VASP,94005
VAT1,51098
VAT1L,4203
VAV1,16925
VAV2,18763
VAV3,391605
VAX1,1268
VBP1,57317
VCAM1,14677
VCAN,33635
VCL,36277
VCP,39830
VCPIP1,44863
VCPKMT,35152
VCX,1361
VDAC2,133881
VDR,4614
VEGFA,55979
VEGFB,14601
VEGFC,16864
VEGFD,9566
VENTX,1335
VEPH1,12693
VEZF1,92564
VEZT,28133
VGF,2728
VGLL1,798
VGLL2,2992
VGLL3,8502
VGLL4,93312
VHL,71462
VHLL,1860
VIL1,2239
VILL,10120
VIM,80316
VIP,4922
VIPAS39,12600
VIPR1,6169
VIPR2,19794
VIRMA,104998
VIT,5423
VKORC1,5271
VKORC1L1,39029
VLDLR,5031
VMA21,13294
VMAC,40328
VMO1,443
VMP1,169627
VN1R1,7698
VN1R2,4497
VN1R4,1882
VNN1,4151
VNN2,5836
VOPP1,32286
VPREB1,106
VPREB3,1397
VPS11,39889
VPS13A,54324
VPS13B,126533
VPS13C,51982
VPS13D,27587
VPS16,24733
VPS18,26694
VPS25,3312
VPS26A,71206
VPS26B,21212
VPS26C,36570
VPS28,84830
VPS29,54824
VPS33A,4985
VPS33B,5313
VPS35,34277
VPS35L,57848
VPS36,46240
VPS37A,34843
VPS37B,37099
VPS37C,200474
VPS37D,18242
VPS39,55679
VPS41,52011
VPS45,26317
VPS4A,14928
VPS4B,101134
VPS50,43041
VPS51,80689
VPS52,43604
VPS53,24699
VPS54,27777
VPS72,123000
VPS8,74690
VPS9D1,2544
VRK1,22871
VRK2,58707
VRK3,15621
VRTN,1032
VSIG1,4221
VSIG10,16987
VSIG10L,3625
VSIG10L2,4358
VSIG2,8887
VSIG4,9684
VSIG8,4001
VSIR,13918
VSNL1,4746
VSTM1,2211
VSTM2A,5141
VSTM2B,2525
VSTM2L,1506
VSTM4,11218
VSTM5,3004
VSX1,12088
VSX2,1151
VTA1,37648
VTCN1,42684
VTI1A,46324
VTI1B,26365
VTN,1114
VWA1,29373
VWA2,109807
VWA3A,3555
VWA3B,4429
VWA5A,11443
VWA5B1,2792
VWA5B2,2250
VWA7,4149
VWA8,19212
VWC2,616
VWC2L,2752
VWCE,2131
VWDE,2839
VWF,78000
VXN,4731
WAC,50698
WAPL,71912
WARS,57695
WARS2,13820
WAS,4555
WASF1,9441
WASF2,65839
WASF3,5633
WASHC1,41450
WASHC2A,77830
WASHC3,13060
WASHC4,36517
WASHC5,81335
WASL,69318
WBP1,6197
WBP11,3213
WBP1L,34400
WBP2,129627
WBP2NL,6188
WBP4,20301
WDCP,8431
WDFY1,27814
WDFY2,45320
WDFY3,50338
WDFY4,4336
WDHD1,13858
WDPCP,21648
WDR1,18
WDR11,69940
WDR12,7880
WDR13,23215
WDR17,10391
WDR18,7757
WDR19,52733
WDR20,40896
WDR24,10086
WDR25,12299
WDR26,130249
WDR27,31055
WDR3,30913
WDR31,13089
WDR33,23359
WDR35,30488
WDR36,28515
WDR37,13967
WDR38,686
WDR4,3821
WDR41,37088
WDR43,34871
WDR44,16125
WDR45,12499
WDR45B,63459
WDR46,25185
WDR47,13872
WDR48,16773
WDR49,4372
WDR5,24159
WDR53,26655
WDR54,5650
WDR55,37959
WDR59,32871
WDR5B,8679
WDR6,57962
WDR62,11954
WDR64,3568
WDR7,20339
WDR70,29652
WDR72,6184
WDR73,18404
WDR74,21494
WDR75,31152
WDR76,18951
WDR77,13403
WDR81,4167
WDR82,11598
WDR83,13455
WDR83OS,521
WDR86,14608
WDR87,2547
WDR88,2122
WDR89,16636
WDR90,29474
WDR91,16699
WDR93,6869
WDR97,6080
WDSUB1,29771
WDTC1,35273
WEE1,76513
WEE2,6665
WFDC1,7874
WFDC10A,3381
WFDC10B,1443
WFDC11,2524
WFDC12,7390
WFDC13,3461
WFDC2,3778
WFDC3,4930
WFDC5,2899
WFDC6,876
WFDC8,359
WFDC9,5035
WFIKKN1,3897
WFIKKN2,10860
WFS1,110995
WHAMM,37098
WHRN,38917
WIF1,15826
WIPF1,44047
WIPF2,19460
WIPF3,9835
WIPI1,123018
WIPI2,41893
WIZ,60983
WLS,83996
WNK1,109642
WNK2,80208
WNK3,12050
WNK4,27725
WNT1,2630
WNT10A,1126
WNT10B,3039
WNT11,4632
WNT16,2736
WNT2,1955
WNT2B,3313
WNT3,22567
WNT3A,2561
WNT4,5783
WNT5A,4235
WNT5B,10965
WNT6,1586
WNT7A,2580
WNT7B,2364
WNT8A,5179
WNT8B,4107
WNT9A,13497
WNT9B,17777
WRAP53,8998
WRAP73,26422
WRN,24898
WRNIP1,61297
WSB1,140952
WSB2,34068
WSCD1,1201
WSCD2,1842
WT1,2998
WTAP,78365
WTIP,9749
WWC1,14615
WWC2,87605
WWC3,52269
WWOX,22493
WWP1,58773
WWP2,31552
WWTR1,26207
XAB2,32333
XAF1,18992
XAGE2,1794
XAGE3,1712
XBP1,1190370
XCL1,8847
XCL2,946
XCR1,3118
XDH,3301
XG,6119
XIAP,32420
XIRP1,2416
XIRP2,4602
XK,6196
XKR3,2307
XKR4,3667
XKR5,1856
XKR6,14245
XKR7,1471
XKR8,4671
XKR9,7797
XKRX,4371
XNDC1N,17498
XPA,38588
XPC,12333
XPNPEP1,32277
XPNPEP2,4764
XPNPEP3,52087
XPO1,78748
XPO4,40805
XPO5,45800
XPO6,86526
XPO7,39897
XPOT,30019
XPR1,47565
XRCC1,17549
XRCC2,15890
XRCC3,10691
XRCC4,8452
XRCC5,61897
XRN1,63072
XRRA1,16140
XXYLT1,17125
XYLB,12749
XYLT1,11307
XYLT2,22897
YAE1,23706
YAF2,37137
YAP1,64788
YARS1,65780
YARS2,45398
YBEY,15722
YBX2,2717
YBX3,63240
YDJC,5547
YEATS2,15326
YEATS4,211764
YES1,59458
YIF1A,35960
YIF1B,16645
YIPF1,30895
YIPF2,60452
YIPF3,173420
YIPF4,42321
YIPF5,20839
YIPF6,48442
YIPF7,3654
YJEFN3,8107
YJU2,12398
YJU2B,27669
YKT6,32055
YME1L1,38213
YOD1,30549
YPEL1,14863
YPEL2,124060
YPEL3,37142
YPEL4,5216
YPEL5,98869
YRDC,18835
YTHDC1,119808
YTHDC2,34207
YTHDF1,21814
YTHDF2,19615
YTHDF3,53587
YWHAB,15079
YWHAG,126191
YWHAH,26788
YWHAQ,118126
YWHAZ,82387
YY1,100836
YY1AP1,185530
YY2,613
ZACN,4669
ZAN,2174
ZAP70,5721
ZAR1,88
ZAR1L,4866
ZBBX,2615
ZBED2,664
ZBED3,18014
ZBED4,27039
ZBED5,25822
ZBED6,23231
ZBP1,5267
ZBTB1,43015
ZBTB10,79171
ZBTB11,22617
ZBTB12,1083
ZBTB14,5999
ZBTB16,18179
ZBTB17,16570
ZBTB18,36447
ZBTB2,10882
ZBTB20,15547
ZBTB21,12996
ZBTB22,5514
ZBTB24,20155
ZBTB25,35731
ZBTB26,23804
ZBTB3,7309
ZBTB32,3229
ZBTB33,35453
ZBTB34,13005
ZBTB37,10405
ZBTB38,59701
ZBTB39,9140
ZBTB4,23087
ZBTB40,25670
ZBTB41,54161
ZBTB42,33191
ZBTB43,18439
ZBTB44,57331
ZBTB45,18064
ZBTB46,13956
ZBTB47,11933
ZBTB48,14542
ZBTB49,3982
ZBTB5,10654
ZBTB6,5452
ZBTB7A,88403
ZBTB7B,108472
ZBTB7C,10441
ZBTB8A,14466
ZBTB8B,1508
ZBTB8OS,19835
ZBTB9,5875
ZC2HC1A,28876
ZC2HC1C,3707
ZC3H10,10334
ZC3H11A,12646
ZC3H11B,10442
ZC3H12A,21446
ZC3H12B,4151
ZC3H12C,12936
ZC3H12D,5506
ZC3H13,31702
ZC3H14,81393
ZC3H15,11950
ZC3H18,84336
ZC3H3,2985
ZC3H4,63535
ZC3H6,39015
ZC3H7A,54548
ZC3H7B,20400
ZC3H8,9412
ZC3HAV1,122256
ZC3HAV1L,51669
ZC3HC1,5844
ZC4H2,7072
ZCCHC10,13428
ZCCHC12,729
ZCCHC13,2161
ZCCHC14,53283
ZCCHC17,42491
ZCCHC18,2572
ZCCHC2,44825
ZCCHC24,1489
ZCCHC3,12361
ZCCHC4,28797
ZCCHC7,6521
ZCCHC8,22412
ZCCHC9,15391
ZCRB1,41565
ZCWPW1,14210
ZCWPW2,3623
ZDBF2,76401
ZDHHC1,21756
ZDHHC11,7378
ZDHHC11B,7053
ZDHHC12,872
ZDHHC13,18790
ZDHHC14,5812
ZDHHC15,4297
ZDHHC16,89083
ZDHHC17,71478
ZDHHC18,28900
ZDHHC19,328
ZDHHC2,18157
ZDHHC20,17653
ZDHHC21,12881
ZDHHC22,15218
ZDHHC23,10355
ZDHHC24,14929
ZDHHC3,11229
ZDHHC4,37340
ZDHHC5,130284
ZDHHC6,67121
ZDHHC7,36185
ZDHHC8,13073
ZDHHC9,36460
ZEB1,16383
ZEB2,40986
ZER1,64459
ZFAND1,70898
ZFAND2A,39504
ZFAND2B,12210
ZFAND3,56611
ZFAND4,13183
ZFAND5,37749
ZFAND6,90407
ZFAT,9268
ZFC3H1,155014
ZFHX2,7123
ZFHX3,16894
ZFHX4,24904
ZFP1,9553
ZFP14,18397
ZFP2,4466
ZFP28,5907
ZFP3,16923
ZFP30,19603
ZFP36,18332
ZFP36L1,87931
ZFP36L2,106926
ZFP37,6553
ZFP41,16817
ZFP42,1583
ZFP57,4429
ZFP62,31115
ZFP64,20413
ZFP69,12750
ZFP69B,7482
ZFP82,10559
ZFP90,34150
ZFP92,3196
ZFPL1,27510
ZFPM2,4734
ZFR,112370
ZFR2,1888
ZFTA,25381
ZFTRAF1,8846
ZFX,77535
ZFY,82
ZFYVE1,20742
ZFYVE16,62851
ZFYVE19,22514
ZFYVE21,81775
ZFYVE26,22139
ZFYVE27,311
ZFYVE28,24046
ZFYVE9,32457
ZG16,1676
ZG16B,8887
ZGLP1,6469
ZGPAT,49030
ZGRF1,26990
ZHX1,27707
ZHX2,33019
ZHX3,15068
ZIC1,4524
ZIC2,39610
ZIC3,4053
ZIC4,5110
ZIC5,9830
ZIK1,1977
ZIM2,506
ZIM3,2556
ZKSCAN1,254594
ZKSCAN2,16528
ZKSCAN3,16767
ZKSCAN4,18980
ZKSCAN5,13169
ZKSCAN7,5862
ZKSCAN8,31775
ZMAT1,4706
ZMAT2,60784
ZMAT3,12145
ZMAT4,3418
ZMAT5,12216
ZMIZ1,145163
ZMIZ2,83419
ZMPSTE24,90983
ZMYM1,36353
ZMYM2,138268
ZMYM3,25988
ZMYM4,63079
ZMYM5,32663
ZMYM6,31384
ZMYND10,6629
ZMYND11,115121
ZMYND12,3219
ZMYND15,4274
ZMYND19,23456
ZMYND8,67383
ZNF10,11990
ZNF100,11369
ZNF101,63232
ZNF106,63450
ZNF107,13311
ZNF112,5431
ZNF114,3752
ZNF117,85667
ZNF12,36211
ZNF121,44927
ZNF124,41715
ZNF131,58191
ZNF132,4022
ZNF133,6436
ZNF134,19346
ZNF135,3487
ZNF136,11906
ZNF138,15388
ZNF14,18357
ZNF140,28624
ZNF141,29763
ZNF142,12018
ZNF143,16854
ZNF146,95499
ZNF148,49498
ZNF154,5708
ZNF155,11910
ZNF157,2810
ZNF16,17661
ZNF160,52111
ZNF165,28230
ZNF169,14123
ZNF17,6968
ZNF174,14128
ZNF175,7104
ZNF177,4607
ZNF18,5787
ZNF180,3562
ZNF181,12969
ZNF182,18963
ZNF184,18167
ZNF185,13486
ZNF189,51701
ZNF19,19780
ZNF195,61169
ZNF197,10371
ZNF2,7182
ZNF200,24426
ZNF202,8188
ZNF205,8309
ZNF207,43481
ZNF208,11211
ZNF211,8038
ZNF212,13263
ZNF213,9457
ZNF214,5400
ZNF215,3286
ZNF217,97021
ZNF219,43481
ZNF22,9536
ZNF221,6284
ZNF222,11303
ZNF223,3974
ZNF224,23756
ZNF225,5753
ZNF226,22217
ZNF227,25338
ZNF229,6163
ZNF23,17383
ZNF230,8323
ZNF232,17465
ZNF233,5413
ZNF234,9508
ZNF235,19139
ZNF236,21673
ZNF239,8376
ZNF24,137246
ZNF248,37484
ZNF25,24505
ZNF250,23134
ZNF251,26104
ZNF253,23017
ZNF254,28272
ZNF256,14097
ZNF257,1795
ZNF26,24329
ZNF260,22550
ZNF263,38515
ZNF264,40223
ZNF266,12224
ZNF267,40718
ZNF268,14075
ZNF273,8263
ZNF274,31935
ZNF275,21046
ZNF276,70990
ZNF277,43701
ZNF28,9264
ZNF280A,2476
ZNF280B,5964
ZNF280C,12045
ZNF280D,60584
ZNF281,21924
ZNF282,21285
ZNF283,24336
ZNF284,8447
ZNF285,2459
ZNF286A,6369
ZNF287,11358
ZNF292,61611
ZNF296,3665
ZNF3,27648
ZNF30,1565
ZNF300,7293
ZNF302,12858
ZNF304,13138
ZNF311,13913
ZNF316,86748
ZNF317,9854
ZNF318,19781
ZNF319,8784
ZNF32,27943
ZNF320,37537
ZNF322,15825
ZNF324,15244
ZNF324B,6846
ZNF326,57748
ZNF329,15650
ZNF330,14117
ZNF331,13570
ZNF333,11940
ZNF334,9123
ZNF335,10023
ZNF337,51921
ZNF33A,32998
ZNF33B,7342
ZNF34,14981
ZNF341,1833
ZNF343,7808
ZNF345,18055
ZNF346,40184
ZNF347,54843
ZNF35,4959
ZNF350,16877
ZNF354A,23946
ZNF354B,14099
ZNF354C,9118
ZNF358,15057
ZNF362,20724
ZNF365,7040
ZNF366,5721
ZNF367,21969
ZNF37A,9405
ZNF382,8453
ZNF383,17814
ZNF384,77933
ZNF385A,8873
ZNF385B,8243
ZNF385C,2705
ZNF385D,6151
ZNF391,5539
ZNF394,39881
ZNF395,16079
ZNF396,10539
ZNF397,48826
ZNF398,22308
ZNF404,4735
ZNF407,35922
ZNF408,2911
ZNF41,12804
ZNF410,8516
ZNF414,4300
ZNF415,3429
ZNF416,4086
ZNF417,8560
ZNF418,15399
ZNF419,9957
ZNF420,12077
ZNF423,3562
ZNF425,9837
ZNF426,12338
ZNF428,55280
ZNF429,4597
ZNF43,15375
ZNF430,24298
ZNF431,14470
ZNF432,20684
ZNF433,16333
ZNF436,30440
ZNF438,13816
ZNF439,2262
ZNF44,59258
ZNF440,21205
ZNF441,18188
ZNF442,16787
ZNF443,8427
ZNF444,15555
ZNF445,27477
ZNF446,2454
ZNF449,16001
ZNF45,10603
ZNF451,41818
ZNF454,5490
ZNF460,31736
ZNF461,5626
ZNF462,5751
ZNF467,25558
ZNF468,21032
ZNF469,4003
ZNF470,7860
ZNF471,8991
ZNF473,6966
ZNF474,3488
ZNF479,152
ZNF48,17248
ZNF480,12990
ZNF483,14695
ZNF484,48603
ZNF485,15731
ZNF486,2938
ZNF487,7265
ZNF488,3840
ZNF490,6709
ZNF491,7871
ZNF492,4539
ZNF493,57737
ZNF496,16311
ZNF497,11930
ZNF500,16192
ZNF501,6293
ZNF502,7763
ZNF503,19690
ZNF507,27467
ZNF510,25269
ZNF511,21557
ZNF512,13203
ZNF512B,40263
ZNF513,25435
ZNF514,22217
ZNF516,28143
ZNF517,6340
ZNF518A,38738
ZNF518B,14153
ZNF519,15767
ZNF521,20798
ZNF524,4529
ZNF526,11680
ZNF527,5178
ZNF528,11745
ZNF529,20141
ZNF530,5886
ZNF532,32302
ZNF534,3813
ZNF536,692
ZNF540,9521
ZNF541,2128
ZNF543,25352
ZNF544,24349
ZNF546,9744
ZNF547,3916
ZNF548,16385
ZNF549,2677
ZNF550,15495
ZNF551,8419
ZNF552,154956
ZNF554,10998
ZNF555,6018
ZNF556,2846
ZNF557,14281
ZNF558,10078
ZNF559,42044
ZNF560,2673
ZNF561,36078
ZNF562,1794
ZNF563,30816
ZNF564,4791
ZNF565,3144
ZNF566,14539
ZNF567,16330
ZNF568,13451
ZNF569,18251
ZNF57,2752
ZNF570,13149
ZNF571,14032
ZNF572,6537
ZNF573,10193
ZNF574,14779
ZNF575,4209
ZNF576,16355
ZNF577,26857
ZNF578,2427
ZNF579,6722
ZNF580,84683
ZNF581,22270
ZNF582,2212
ZNF583,3378
ZNF584,25702
ZNF585A,10649
ZNF585B,25071
ZNF586,14233
ZNF587,3987
ZNF587B,77072
ZNF589,14214
ZNF592,55338
ZNF593,9998
ZNF593OS,895
ZNF594,9232
ZNF595,11192
ZNF596,2626
ZNF597,14358
ZNF598,28926
ZNF599,6238
ZNF600,8673
ZNF605,17035
ZNF606,11208
ZNF607,16163
ZNF608,17165
ZNF609,80468
ZNF610,6881
ZNF611,25580
ZNF613,19031
ZNF614,21463
ZNF615,12235
ZNF616,8465
ZNF618,12032
ZNF619,1843
ZNF620,10323
ZNF621,25465
ZNF622,38254
ZNF623,41005
ZNF624,11959
ZNF625,6021
ZNF626,11147
ZNF627,8778
ZNF628,596
ZNF629,13119
ZNF630,25850
ZNF638,82970
ZNF639,34002
ZNF641,18381
ZNF644,76665
ZNF646,7545
ZNF648,937
ZNF649,11733
ZNF652,106395
ZNF653,10661
ZNF654,39547
ZNF655,59026
ZNF658,16429
ZNF66,12052
ZNF660,4078
ZNF662,20272
ZNF664,170055
ZNF665,4089
ZNF667,7820
ZNF668,7976
ZNF669,24897
ZNF670,26196
ZNF671,4927
ZNF672,41348
ZNF674,13084
ZNF675,53106
ZNF676,4704
ZNF677,12818
ZNF678,7033
ZNF679,390
ZNF680,93598
ZNF681,21254
ZNF682,7479
ZNF683,4058
ZNF684,4857
ZNF687,44090
ZNF688,8236
ZNF689,4214
ZNF69,18979
ZNF691,10729
ZNF692,19416
ZNF695,5366
ZNF696,17404
ZNF697,12281
ZNF699,4305
ZNF7,50672
ZNF70,16478
ZNF700,34123
ZNF701,23012
ZNF703,78716
ZNF704,20321
ZNF705A,1170
ZNF705B,197
ZNF705G,1847
ZNF706,31688
ZNF707,26381
ZNF708,34592
ZNF709,13389
ZNF71,7551
ZNF710,6174
ZNF711,4540
ZNF713,15587
ZNF714,6280
ZNF716,4390
ZNF717,15359
ZNF718,11694
ZNF721,62117
ZNF722,3189
ZNF723,5472
ZNF724,9609
ZNF726,30530
ZNF727,4694
ZNF728,1242
ZNF729,3815
ZNF730,3335
ZNF732,1226
ZNF735,3347
ZNF736,35082
ZNF737,11468
ZNF738,13066
ZNF74,1136
ZNF740,7058
ZNF746,67779
ZNF747,9180
ZNF750,7997
ZNF75A,39142
ZNF75D,22140
ZNF76,15696
ZNF763,1624
ZNF764,17209
ZNF765,19787
ZNF766,33750
ZNF768,48873
ZNF77,9204
ZNF771,14912
ZNF772,16196
ZNF773,5973
ZNF774,14163
ZNF775,6770
ZNF776,7998
ZNF777,9956
ZNF778,11775
ZNF780A,30216
ZNF780B,10953
ZNF782,5582
ZNF783,10070
ZNF784,4187
ZNF785,46516
ZNF786,15348
ZNF787,4644
ZNF789,28590
ZNF79,2086
ZNF790,15536
ZNF791,28487
ZNF792,12886
ZNF793,13965
ZNF799,8564
ZNF8,1615
ZNF80,6168
ZNF800,15776
ZNF804A,2460
ZNF804B,6585
ZNF805,18446
ZNF808,36746
ZNF81,13742
ZNF813,4116
ZNF814,47888
ZNF816,16053
ZNF821,16292
ZNF823,13293
ZNF827,33240
ZNF829,8517
ZNF83,30114
ZNF830,32505
ZNF831,6751
ZNF835,2289
ZNF836,5990
ZNF837,554
ZNF839,34561
ZNF84,19236
ZNF841,11315
ZNF843,3726
ZNF844,4951
ZNF845,15493
ZNF85,11514
ZNF850,6467
ZNF852,8338
ZNF853,14883
ZNF860,8180
ZNF862,9559
ZNF875,27279
ZNF878,5764
ZNF879,4370
ZNF880,5070
ZNF883,2931
ZNF888,12395
ZNF891,12023
ZNF892,5243
ZNF90,2439
ZNF91,327737
ZNF92,90520
ZNF93,17815
ZNF98,1949
ZNF99,789
ZNFX1,32786
ZNG1A,465745
ZNHIT1,22944
ZNHIT2,17445
ZNHIT6,83050
ZNRD2,27782
ZNRF1,29957
ZNRF2,99230
ZNRF3,15087
ZP1,6005
ZP2,3414
ZP3,7057
ZP4,3844
ZPBP,1470
ZPBP2,5864
ZPLD1,2618
ZPR1,10629
ZRANB1,56254
ZRANB2,57429
ZRANB3,5844
ZRSR2,21935
ZSCAN1,1054
ZSCAN10,1868
ZSCAN12,5451
ZSCAN16,19050
ZSCAN18,8497
ZSCAN2,39734
ZSCAN20,8168
ZSCAN21,17920
ZSCAN22,3807
ZSCAN23,553
ZSCAN25,27500
ZSCAN26,38670
ZSCAN29,36289
ZSCAN30,25396
ZSCAN31,5844
ZSCAN32,4302
ZSCAN4,2515
ZSCAN5A,4964
ZSCAN5B,3614
ZSCAN5C,661
ZSCAN9,23015
ZSWIM1,16260
ZSWIM2,4867
ZSWIM3,10262
ZSWIM4,7857
ZSWIM5,2515
ZSWIM6,9726
ZSWIM7,15031
ZSWIM8,41243
ZSWIM9,24120
ZUP1,20345
ZW10,19478
ZWILCH,16601
ZWINT,33777
ZXDA,13617
ZXDB,16986
ZXDC,78354
ZYG11A,30893
ZYG11B,34687
ZYX,51966
ZZEF1,33461
ZZZ3,43329
