gene,count
A1BG,8439
A1CF,1083
A2M,33715
A2ML1,445788
A3GALT2,1255
A4GALT,146091
A4GNT,6782
AAAS,57674
AACS,60204
AADAC,6351
AADACL2,6943
AADACL3,1170
AADACL4,4529
AADAT,36228
AAGAB,141723
AAK1,110553
AAMDC,45247
AAMP,92482
AANAT,9308
AAR2,15467
AARD,4347
AARS1,53843
AARS2,29721
AARSD1,50717
AASDH,22136
AASDHPPT,29505
AASS,33359
AATF,62635
AATK,6771
ABAT,15714
ABCA1,66738
ABCA10,6158
ABCA12,32365
ABCA13,6889
ABCA2,54460
ABCA3,16813
ABCA4,6706
ABCA5,71215
ABCA6,20637
ABCA7,29606
ABCA8,9938
ABCA9,11096
ABCB1,15453
ABCB10,1581
ABCB11,2326
ABCB4,1926
ABCB5,2593
ABCB6,1559
ABCB7,81279
ABCB8,27463
ABCB9,2111
ABCC1,30665
ABCC11,2661
ABCC12,1931
ABCC2,8276
ABCC3,29825
ABCC4,8981
ABCC5,75044
ABCC6,4137
ABCC8,3364
ABCC9,29298
ABCD1,16797
ABCD2,17869
ABCD3,49744
ABCD4,24180
ABCE1,14599
ABCF1,156415
ABCF2,20399
ABCF3,72931
ABCG1,24562
ABCG2,11729
ABCG4,2835
ABCG5,3607
ABCG8,2361
ABHD1,6056
ABHD10,60747
ABHD11,36485
ABHD12,69467
ABHD12B,1564
ABHD13,55703
ABHD14A,4117
ABHD14B,93903
ABHD15,21366
ABHD16A,24227
ABHD16B,2915
ABHD17A,15725
ABHD17B,31858
ABHD17C,58159
ABHD18,49388
ABHD2,72581
ABHD3,65722
ABHD4,42631
ABHD5,42470
ABHD6,24889
ABHD8,17040
ABI1,113271
ABI2,169254
ABI3,9564
ABI3BP,132551
ABITRAM,22366
ABL1,91593
ABL2,44965
ABLIM1,518565
ABLIM2,26959
ABLIM3,32826
ABO,3598
ABR,30764
ABRA,1890
ABRACL,7118
ABRAXAS1,24491
ABRAXAS2,72784
ABT1,28043
ABTB1,8592
ABTB2,26830
ABTB3,22994
ACAA1,88134
ACAA2,7455
ACACA,72755
ACACB,6833
ACAD10,20550
ACAD11,71833
ACAD8,36769
ACAD9,117599
ACADL,5671
ACADM,123716
ACADS,15269
ACADSB,33120
ACADVL,156081
ACAN,2194
ACAP1,65186
ACAP2,55634
ACAP3,45519
ACAT1,40937
ACAT2,141134
ACBD3,268605
ACBD4,25313
ACBD5,67458
ACBD6,102288
ACBD7,20904
ACCS,14631
ACCSL,3732
ACD,18913
ACE,43723
ACE2,4848
ACER1,1989
ACER3,31205
ACHE,29441
ACIN1,52886
ACKR1,13734
ACKR2,22239
ACKR3,7087
ACLY,45773
ACMSD,4121
ACO1,45576
ACO2,38410
ACOD1,4411
ACOT1,7475
ACOT11,54089
ACOT12,5093
ACOT13,44764
ACOT2,14432
ACOT4,6737
ACOT6,3861
ACOT7,42565
ACOT8,18013
ACOT9,60041
ACOX1,52200
ACOX2,8877
ACOX3,34517
ACOXL,3622
ACP1,61503
ACP2,50427
ACP3,10495
ACP4,2993
ACP5,103975
ACP6,38400
ACP7,10883
ACRV1,3285
ACSBG1,5184
ACSBG2,2141
ACSF2,7293
ACSF3,20659
ACSL1,65754
ACSL3,230298
ACSL4,168159
ACSL5,20364
ACSM1,4674
ACSM2A,378
ACSM2B,8158
ACSM3,8121
ACSM4,2026
ACSM5,2778
ACSM6,3913
ACSS1,16930
ACSS2,197878
ACSS3,5894
ACTA1,1712
ACTA2,25264
ACTBL2,5481
ACTC1,1688
ACTG1,377731
ACTG2,23794
ACTL10,22237
ACTL6A,111764
ACTL6B,5586
ACTL7A,4429
ACTL7B,2508
ACTL8,3507
ACTL9,629
ACTMAP,11420
ACTN1,100076
ACTN2,3553
ACTN3,2863
ACTN4,742936
ACTR10,73179
ACTR1A,100980
ACTR1B,166312
ACTR2,78525
ACTR3,146163
ACTR3B,10047
ACTR3C,9133
ACTR5,19449
ACTR6,53554
ACTR8,17432
ACTRT1,2835
ACTRT3,13100
ACVR1,24783
ACVR1B,93778
ACVR1C,6398
ACVR2A,46323
ACVR2B,11127
ACVRL1,20290
ACY1,22965
ACY3,7558
ACYP1,103741
ACYP2,30285
ADA,42220
ADA2,70275
ADAD1,4690
ADAD2,5999
ADAL,50431
ADAM10,234018
ADAM11,4541
ADAM12,74597
ADAM15,255322
ADAM17,169468
ADAM18,2105
ADAM19,70920
ADAM2,4137
ADAM20,10874
ADAM21,1365
ADAM22,17287
ADAM23,37642
ADAM28,54091
ADAM29,3902
ADAM30,4707
ADAM32,6259
ADAM33,47594
ADAM7,1162
ADAM8,81406
ADAM9,130883
ADAMDEC1,39277
ADAMTS1,90595
ADAMTS10,40334
ADAMTS12,8870
ADAMTS13,4785
ADAMTS14,3163
ADAMTS15,2974
ADAMTS16,3244
ADAMTS17,8027
ADAMTS18,3756
ADAMTS19,9993
ADAMTS2,56129
ADAMTS20,4017
ADAMTS3,3772
ADAMTS4,62074
ADAMTS5,12280
ADAMTS6,7831
ADAMTS7,3826
ADAMTS8,1979
ADAMTS9,16206
ADAMTSL1,4519
ADAMTSL2,6803
ADAMTSL3,6018
ADAMTSL4,7138
ADAMTSL5,30251
ADAP1,3920
ADAP2,10707
ADAR,311945
ADARB1,2447
ADARB2,1893
ADAT1,41439
ADAT2,25057
ADAT3,2667
ADCK2,46277
ADCK5,16493
ADCY1,24574
ADCY10,5819
ADCY2,5214
ADCY3,26069
ADCY4,6185
ADCY5,283
ADCY6,9114
ADCY7,37296
ADCY8,2397
ADCY9,57759
ADCYAP1,13126
ADCYAP1R1,3843
ADD1,131969
ADD2,6687
ADD3,209531
ADGB,1652
ADGRA1,2129
ADGRA2,25895
ADGRA3,26511
ADGRB1,8317
ADGRB2,11942
ADGRB3,2787
ADGRD1,11102
ADGRD2,1842
ADGRE1,3045
ADGRE2,12357
ADGRE3,5129
ADGRE5,94149
ADGRF1,52580
ADGRF3,2453
ADGRF4,24819
ADGRF5,8836
ADGRG1,47565
ADGRG2,4231
ADGRG3,3049
ADGRG4,5126
ADGRG5,6203
ADGRG6,14536
ADGRG7,3301
ADGRL1,17560
ADGRL2,85295
ADGRL3,3022
ADGRL4,12435
ADGRV1,4923
ADH1A,1724
ADH1B,2481
ADH1C,2847
ADH4,1481
ADH5,3965
ADH6,2786
ADH7,17086
ADHFE1,11673
ADI1,7567
ADIG,803
ADIPOQ,7229
ADIPOR1,253858
ADIPOR2,79435
ADIRF,22152
ADISSP,17485
ADK,123747
ADM,113753
ADM2,14311
ADM5,4266
ADNP,146115
ADNP2,71574
ADO,59654
ADORA1,4560
ADORA2A,6516
ADORA2B,57143
ADORA3,10796
ADPGK,97632
ADPRH,16984
ADPRHL1,4060
ADPRM,13761
ADPRS,49153
ADRA1A,5093
ADRA1B,3994
ADRA1D,3314
ADRA2A,37264
ADRA2B,5657
ADRA2C,29750
ADRB1,7699
ADRB2,38356
ADRB3,3225
ADRM1,32357
ADSL,109100
ADSS1,12699
ADSS2,135995
ADTRP,12843
AEBP1,378019
AEBP2,198162
AEN,34304
AFAP1,49881
AFAP1L1,13964
AFAP1L2,143460
AFDN,180221
AFF1,144960
AFF2,4171
AFF3,20031
AFF4,60819
AFG1L,4686
AFG3L2,60650
AFM,4845
AFP,39
AFTPH,71281
AGA,39490
AGAP1,25449
AGAP2,31359
AGAP3,17743
AGAP5,83534
AGAP9,37055
AGBL1,1819
AGBL2,4738
AGBL3,2953
AGBL4,2490
AGBL5,39539
AGER,13781
AGFG2,56836
AGGF1,6841
AGK,22895
AGL,58330
AGMAT,12190
AGMO,2008
AGO1,29572
AGO2,71925
AGO3,41904
AGO4,53314
AGPAT1,106747
AGPAT2,12738
AGPAT3,100069
AGPAT4,16674
AGPAT5,32970
AGPS,144504
AGR2,11468
AGR3,5329
AGRN,121543
AGRP,949
AGT,2364
AGTPBP1,38900
AGTR1,6096
AGTR2,10312
AGTRAP,105910
AGXT,5134
AGXT2,1189
AHCTF1,2692
AHCY,218972
AHCYL1,24322
AHCYL2,17618
AHDC1,59343
AHI1,30949
AHNAK,195466
AHNAK2,66374
AHR,62652
AHRR,3468
AHSG,5135
AHSP,3749
AICDA,2813
AIDA,45654
AIF1,23363
AIF1L,15498
AIFM1,30037
AIFM2,20437
AIFM3,6737
AIG1,69777
AIM2,72240
AIMP1,96479
AIMP2,40476
AIPL1,4559
AIRE,2648
AJAP1,4827
AJM1,6824
AJUBA,37506
AK1,31816
AK3,99317
AK4,64261
AK5,5112
AK6,27676
AK7,8665
AK8,13007
AK9,37613
AKAIN1,2095
AKAP1,105526
AKAP10,110294
AKAP11,95021
AKAP12,27645
AKAP13,303910
AKAP14,4565
AKAP3,5258
AKAP5,42147
AKAP6,6600
AKAP7,20953
AKAP8,39114
AKAP8L,91907
AKAP9,152868
AKIP1,64245
AKIRIN1,21207
AKIRIN2,176132
AKNA,87606
AKR1A1,346527
AKR1B1,166459
AKR1B10,8080
AKR1B15,8357
AKR1C1,9248
AKR1C2,5990
AKR1C3,20224
AKR1C4,4207
AKR1C8,2800
AKR1D1,1135
AKR1E2,70759
AKR7A2,36471
AKR7A3,2170
AKT1,283607
AKT1S1,24845
AKT2,105857
AKT3,74476
AKTIP,11233
ALAD,58045
ALAS1,71917
ALAS2,2928
ALB,3174
ALCAM,87279
ALDH16A1,50692
ALDH18A1,78044
ALDH1A1,2280
ALDH1A2,33128
ALDH1A3,67384
ALDH1B1,22592
ALDH1L1,31373
ALDH1L2,26034
ALDH2,387291
ALDH3A1,9298
ALDH3A2,142142
ALDH3B1,35886
ALDH3B2,73166
ALDH4A1,15462
ALDH5A1,41829
ALDH6A1,23696
ALDH7A1,10986
ALDH8A1,3028
ALDH9A1,139374
ALDOA,6471
ALDOB,575
ALDOC,18002
ALG1,29114
ALG10,9469
ALG10B,60724
ALG11,7834
ALG12,25407
ALG13,89370
ALG14,41458
ALG2,45716
ALG3,3028
ALG5,19829
ALG6,33897
ALG8,45290
ALG9,23173
ALK,1814
ALKAL1,3142
ALKAL2,7219
ALKBH1,8999
ALKBH2,35015
ALKBH3,49754
ALKBH4,12079
ALKBH5,2423
ALKBH6,12315
ALKBH7,1764
ALKBH8,15678
ALLC,2482
ALMS1,68113
ALOX12,22902
ALOX12B,20036
ALOX15,3355
ALOX15B,9243
ALOX5,51686
ALOX5AP,50605
ALOXE3,5746
ALPG,343
ALPI,1480
ALPK1,18297
ALPK2,9082
ALPK3,7527
ALPL,7902
ALPP,4983
ALS2,31345
ALS2CL,18570
ALX1,5958
ALX3,14181
ALX4,3551
ALYREF,52838
AMACR,6292
AMBN,1180
AMBP,895
AMBRA1,42283
AMD1,31480
AMDHD1,5332
AMDHD2,20638
AMELX,2968
AMER1,14756
AMER2,2463
AMER3,2124
AMFR,59963
AMH,28653
AMHR2,3400
AMIGO1,3640
AMIGO2,9134
AMMECR1,69195
AMMECR1L,12354
AMN,20879
AMN1,25507
AMOT,30846
AMOTL1,88818
AMOTL2,120831
AMPD1,2720
AMPD2,19847
AMPD3,62053
AMPH,10242
AMT,15517
AMTN,4445
AMY2B,7145
AMZ1,7311
AMZ2,41498
ANAPC1,16400
ANAPC10,26889
ANAPC11,29989
ANAPC13,33168
ANAPC15,60598
ANAPC16,173485
ANAPC2,41289
ANAPC4,59638
ANAPC5,90076
ANAPC7,107188
ANG,4637
ANGEL1,13505
ANGEL2,34285
ANGPT1,15926
ANGPT2,4678
ANGPT4,3878
ANGPTL1,13126
ANGPTL2,42865
ANGPTL3,1508
ANGPTL4,3641
ANGPTL5,4119
ANGPTL6,3586
ANGPTL7,4232
ANGPTL8,3518
ANHX,2175
ANK1,5096
ANK2,36395
ANK3,61784
ANKAR,18665
ANKDD1A,55287
ANKDD1B,4279
ANKEF1,9947
ANKFN1,3612
ANKFY1,109775
ANKH,67204
ANKHD1,377891
ANKIB1,138288
ANKK1,3433
ANKLE1,3173
ANKLE2,194674
ANKMY1,20384
ANKMY2,38798
ANKRA2,82070
ANKRD1,2812
ANKRD10,126999
ANKRD11,68355
ANKRD12,244886
ANKRD13A,175564
ANKRD13B,14903
ANKRD13C,85582
ANKRD13D,33824
ANKRD16,22636
ANKRD17,140038
ANKRD18A,8938
ANKRD18B,14162
ANKRD2,1783
ANKRD22,39382
ANKRD23,42
ANKRD24,4585
ANKRD26,30614
ANKRD27,37527
ANKRD28,96396
ANKRD29,33665
ANKRD30A,7105
ANKRD30B,902
ANKRD30BL,16689
ANKRD31,1494
ANKRD33,5188
ANKRD33B,14410
ANKRD34A,7774
ANKRD34B,9463
ANKRD34C,3800
ANKRD35,26142
ANKRD36B,16000
ANKRD36C,127897
ANKRD37,63996
ANKRD39,18062
ANKRD40,123908
ANKRD40CL,7676
ANKRD42,32418
ANKRD44,85662
ANKRD45,1714
ANKRD46,26110
ANKRD49,14978
ANKRD50,36689
ANKRD52,47247
ANKRD53,7319
ANKRD54,44587
ANKRD55,8073
ANKRD6,30599
ANKRD60,2571
ANKRD61,3560
ANKRD62,2927
ANKRD65,38872
ANKRD66,2954
ANKRD7,4676
ANKRD9,15628
ANKS1A,46300
ANKS1B,3092
ANKS3,31622
ANKS4B,4142
ANKS6,20644
ANKUB1,4422
ANKZF1,51753
ANLN,28701
ANO1,127942
ANO10,36653
ANO2,5353
ANO3,4021
ANO4,10840
ANO5,4016
ANO6,65705
ANO7,10119
ANO8,16275
ANO9,26168
ANOS1,22400
ANP32A,72112
ANP32B,47955
ANP32D,52
ANP32E,201409
ANPEP,28864
ANTKMT,44925
ANTXR1,45205
ANTXR2,45066
ANTXRL,3124
ANXA1,15794
ANXA10,5315
ANXA11,87918
ANXA13,4380
ANXA2,823972
ANXA2R,17485
ANXA3,101564
ANXA4,25391
ANXA5,464831
ANXA6,24219
ANXA7,212408
ANXA9,15372
AOAH,61562
AOC1,5116
AOC2,11713
AOC3,7377
AOX1,6111
AP1AR,98116
AP1B1,140505
AP1G1,69301
AP1G2,127804
AP1M1,86096
AP1S1,53558
AP1S3,12076
AP2A1,45401
AP2A2,40877
AP2B1,1078
AP2M1,447209
AP2S1,135306
AP3B1,223985
AP3B2,8603
AP3D1,50582
AP3M1,25269
AP3M2,36891
AP3S1,10183
AP3S2,15038
AP4B1,36104
AP4E1,23967
AP4M1,26593
AP4S1,36217
AP5M1,54627
AP5S1,3017
AP5Z1,34213
APAF1,24767
APBA1,15592
APBA2,12539
APBB1,22774
APBB1IP,70533
APBB2,39067
APBB3,20489
APC,107399
APC2,2051
APCDD1,65105
APCDD1L,4808
APCS,2180
APEH,38258
APELA,2391
APEX1,141022
APEX2,126935
APH1A,56793
APH1B,22979
API5,140830
APIP,5436
APLF,107326
APLN,4882
APLNR,5245
APLP1,6313
APLP2,22485
APMAP,67777
APOA1,609
APOA2,4333
APOA4,1205
APOA5,4582
APOB,5272
APOBEC1,2861
APOBEC2,6149
APOBEC3A,61658
APOBEC3B,45368
APOBEC3C,30318
APOBEC3D,33516
APOBEC3F,30992
APOBEC3G,85768
APOBEC3H,15539
APOBEC4,6443
APOBR,52234
APOC1,4878
APOC2,916
APOC3,1468
APOC4,2046
APOE,144327
APOF,7626
APOH,2197
APOL1,262573
APOL2,134399
APOL3,63391
APOL4,11162
APOL5,4651
APOL6,107641
APOLD1,52285
APOM,11614
APOO,22527
APOOL,115830
APP,312266
APPBP2,102786
APPL1,152120
APPL2,124356
APRT,82162
APTX,27676
AQP1,13524
AQP10,4023
AQP11,6878
AQP12B,8471
AQP2,5637
AQP4,2611
AQP5,490
AQP6,4517
AQP7,3935
AQP7B,4428
AQP8,2414
AQP9,10663
AQR,24940
AR,53449
ARAF,141002
ARAP1,80573
ARAP2,136697
ARAP3,35610
ARCN1,120359
AREG,26376
AREL1,24285
ARF1,332808
ARF5,179777
ARF6,512733
ARFGAP1,49538
ARFGAP2,57212
ARFGAP3,90559
ARFGEF1,259569
ARFGEF2,76984
ARFGEF3,9480
ARFIP1,54140
ARFIP2,57240
ARFRP1,62057
ARG1,4613
ARG2,36354
ARGFX,5878
ARGLU1,154293
ARHGAP1,183391
ARHGAP10,25964
ARHGAP11A,23006
ARHGAP11B,95150
ARHGAP12,34680
ARHGAP15,45583
ARHGAP17,150093
ARHGAP18,45205
ARHGAP19,35189
ARHGAP20,6313
ARHGAP21,131853
ARHGAP22,19266
ARHGAP23,132715
ARHGAP24,19485
ARHGAP25,60410
ARHGAP26,115262
ARHGAP27,39120
ARHGAP28,15610
ARHGAP29,2624
ARHGAP30,15204
ARHGAP31,40957
ARHGAP32,78273
ARHGAP33,57402
ARHGAP35,171313
ARHGAP36,338
ARHGAP39,18977
ARHGAP4,160505
ARHGAP40,9109
ARHGAP42,10259
ARHGAP44,5506
ARHGAP45,80145
ARHGAP5,221267
ARHGAP6,12348
ARHGAP9,35463
ARHGDIA,66972
ARHGDIB,173377
ARHGDIG,1862
ARHGEF1,103839
ARHGEF10,6307
ARHGEF10L,51286
ARHGEF11,24340
ARHGEF12,145769
ARHGEF15,9413
ARHGEF16,26088
ARHGEF17,8452
ARHGEF18,72014
ARHGEF19,70044
ARHGEF2,54766
ARHGEF25,45718
ARHGEF26,24359
ARHGEF28,70085
ARHGEF3,20748
ARHGEF33,6216
ARHGEF35,44946
ARHGEF37,17872
ARHGEF38,3691
ARHGEF39,3430
ARHGEF4,48610
ARHGEF40,21870
ARHGEF5,27543
ARHGEF6,45064
ARHGEF7,90224
ARHGEF9,39231
ARID1A,166941
ARID1B,105471
ARID2,58901
ARID3A,8386
ARID3B,10389
ARID3C,4266
ARID4A,99298
ARID4B,144470
ARID5A,47509
ARID5B,51318
ARIH1,132960
ARIH2,122828
ARL1,176967
ARL10,42344
ARL11,13559
ARL13A,6308
ARL13B,8120
ARL14,5408
ARL14EP,20224
ARL14EPL,3849
ARL15,32802
ARL16,583
ARL17B,88635
ARL2,7484
ARL2BP,58339
ARL3,79401
ARL4A,45576
ARL4C,269565
ARL4D,43456
ARL5A,26082
ARL5B,120951
ARL5C,4391
ARL6,20322
ARL6IP4,5609
ARL6IP5,15453
ARL6IP6,86223
ARL8A,76997
ARL8B,425932
ARL9,3270
ARMC1,24417
ARMC10,11094
ARMC12,2366
ARMC2,20382
ARMC3,3515
ARMC5,14141
ARMC6,19964
ARMC7,26410
ARMC8,10163
ARMC9,25287
ARMCX1,29423
ARMCX2,25362
ARMCX3,52621
ARMCX4,31318
ARMCX5,16000
ARMCX6,16037
ARMH1,5209
ARMH2,3553
ARMH3,83889
ARMH4,4571
ARMS2,1726
ARMT1,37633
ARNT,79776
ARNT2,17803
ARPC1A,3
ARPC1B,29126
ARPC2,52409
ARPC3,166546
ARPC4,5972
ARPC5,142344
ARPC5L,56465
ARPIN,47453
ARPP19,301515
ARPP21,3915
ARR3,1824
ARRB1,11138
ARRB2,116405
ARRDC1,43346
ARRDC2,171184
ARRDC3,307544
ARRDC4,22141
ARRDC5,17230
ARSA,8221
ARSB,39444
ARSD,14807
ARSF,6009
ARSG,8721
ARSH,4043
ARSI,28892
ARSJ,19237
ARSK,28128
ARSL,3847
ART1,727
ART3,8014
ART4,3906
ART5,4689
ARTN,8950
ARV1,70199
ARVCF,32732
ARX,1631
AS3MT,14347
ASAH1,148051
ASAH2,3565
ASAH2B,18609
ASAP1,168383
ASAP2,108290
ASAP3,27846
ASB1,27816
ASB10,2777
ASB11,3896
ASB12,3009
ASB13,10150
ASB14,2026
ASB15,1784
ASB16,1072
ASB17,2703
ASB18,2638
ASB2,15703
ASB3,19705
ASB4,3191
ASB5,4824
ASB6,62425
ASB7,29398
ASB8,40528
ASB9,8268
ASCC1,33839
ASCC2,25684
ASCC3,127890
ASCL1,5414
ASCL2,1950
ASCL3,2888
ASCL4,4205
ASCL5,2111
ASF1A,45765
ASF1B,58134
ASGR1,9052
ASGR2,2556
ASH1L,200880
ASH2L,77609
ASIC1,9678
ASIC2,10736
ASIC3,9004
ASIC4,3440
ASIC5,1730
ASIP,15360
ASL,21532
ASNSD1,110174
ASPA,11096
ASPDH,10772
ASPG,11811
ASPH,106343
ASPHD1,16139
ASPHD2,11880
ASPM,27460
ASPN,29681
ASPSCR1,25273
ASRGL1,8666
ASS1,62303
ASTE1,30383
ASTL,6556
ASTN1,4455
ASTN2,50276
ASXL1,199013
ASXL2,110089
ASXL3,3215
ASZ1,1926
ATAD2,134343
ATAD2B,93997
ATAD3A,11132
ATAD3B,13127
ATAD3C,3388
ATAD5,31895
ATAT1,37135
ATCAY,3952
ATE1,195819
ATF1,65721
ATF2,67434
ATF3,80358
ATF4,11568
ATF5,10173
ATF6,97240
ATF6B,131635
ATF7,44205
ATF7IP,173228
ATF7IP2,8415
ATG10,40164
ATG101,51891
ATG12,134622
ATG13,113956
ATG14,32570
ATG16L1,22826
ATG16L2,51481
ATG2A,29136
ATG2B,48693
ATG3,403617
ATG4A,48396
ATG4B,47909
ATG4C,49675
ATG4D,27598
ATG5,158156
ATG7,58352
ATG9A,37626
ATG9B,15748
ATIC,58904
ATL1,7706
ATL2,139964
ATL3,233486
ATM,80821
ATMIN,20398
ATN1,109713
ATOH1,2823
ATOH7,9672
ATOH8,13148
ATOSA,202785
ATOSB,36325
ATOX1,69851
ATP10A,6434
ATP10B,26274
ATP10D,77045
ATP11A,86049
ATP11B,323640
ATP11C,63936
ATP12A,5649
ATP13A1,69214
ATP13A2,4733
ATP13A3,178683
ATP13A4,14370
ATP13A5,2763
ATP1A1,270603
ATP1A2,5748
ATP1A4,3248
ATP1B1,10499
ATP1B2,9385
ATP1B4,4806
ATP23,23995
ATP2A1,390
ATP2A2,563443
ATP2A3,55047
ATP2B1,130188
ATP2B2,5006
ATP2B3,2009
ATP2B4,141594
ATP2C1,305481
ATP2C2,11339
ATP4A,4552
ATP4B,3768
ATP5F1A,230198
ATP5F1B,1093
ATP5F1C,95355
ATP5F1D,27348
ATP5MC1,20156
ATP5MC2,49007
ATP5MC3,29013
ATP5ME,10542
ATP5MF,5028
ATP5MG,14832
ATP5MGL,6498
ATP5MJ,37300
ATP5MK,4109
ATP5PD,5477
ATP5PF,128576
ATP5PO,3208
ATP6AP1,211428
ATP6AP2,82234
ATP6V0A1,29107
ATP6V0A2,74842
ATP6V0A4,7983
ATP6V0B,28102
ATP6V0C,4141
ATP6V0D1,5930
ATP6V0D2,4756
ATP6V0E1,68033
ATP6V0E2,16753
ATP6V1A,145271
ATP6V1B1,9287
ATP6V1B2,99726
ATP6V1C1,110974
ATP6V1C2,8758
ATP6V1D,133504
ATP6V1E1,6334
ATP6V1E2,6714
ATP6V1F,45493
ATP6V1FNB,5901
ATP6V1G1,163601
ATP6V1G2,10092
ATP6V1G3,3941
ATP6V1H,74996
ATP7A,108867
ATP7B,7246
ATP8A1,49621
ATP8A2,5432
ATP8B1,94073
ATP8B2,114100
ATP8B3,10274
ATP8B4,18513
ATP9A,67080
ATP9B,103546
ATPAF1,128990
ATPAF2,26751
ATPSCKMT,33716
ATR,72248
ATRAID,130869
ATRIP,4462
ATRN,61715
ATRNL1,6333
ATRX,184370
ATXN1,48649
ATXN10,61586
ATXN1L,38121
ATXN2,107234
ATXN2L,175598
ATXN3,102848
ATXN3L,8061
ATXN7,85292
ATXN7L1,47767
ATXN7L2,11065
ATXN7L3,73266
ATXN7L3B,33281
AUH,31179
AUNIP,33458
AUP1,191802
AURKA,40843
AURKB,65336
AURKC,6894
AUTS2,34752
AVEN,20681
AVIL,7408
AVL9,69449
AVPI1,44265
AVPR1A,57301
AVPR1B,4088
AVPR2,1349
AWAT1,4860
AWAT2,1772
AXDND1,494
AXIN1,46443
AXIN2,11699
AXL,152593
AZGP1,2278
AZI2,90430
AZIN1,130389
AZIN2,10077
AZU1,2064
B2M,1789579
B3GALNT1,32543
B3GALNT2,21860
B3GALT1,5223
B3GALT2,6221
B3GALT4,16355
B3GALT5,5630
B3GALT6,17874
B3GALT9,13569
B3GAT1,6432
B3GAT2,4341
B3GAT3,27595
B3GLCT,64927
B3GNT2,57767
B3GNT3,23497
B3GNT4,7572
B3GNT5,601598
B3GNT6,6910
B3GNT7,19157
B3GNT8,3501
B3GNT9,16351
B3GNTL1,7094
B4GALNT1,7775
B4GALNT2,6691
B4GALNT3,22815
B4GALNT4,8823
B4GALT1,145871
B4GALT2,62924
B4GALT3,67803
B4GALT4,4047
B4GALT5,70049
B4GALT6,10032
B4GALT7,39848
B4GAT1,44403
B9D1,17522
B9D2,20953
BAALC,11382
BAAT,2749
BABAM1,90884
BABAM2,40872
BACE1,32369
BACE2,140027
BACH1,444086
BACH2,26480
BAD,36532
BAG1,92593
BAG2,28665
BAG3,271604
BAG4,12671
BAG5,73781
BAG6,101442
BAHCC1,13611
BAHD1,18088
BAIAP2,55202
BAIAP2L1,102308
BAIAP2L2,1461
BAIAP3,4424
BAK1,9728
BAMBI,49067
BANF1,52362
BANF2,3299
BANK1,28895
BANP,12482
BAP1,90596
BARD1,142179
BARHL1,1556
BARHL2,2167
BARX1,1549
BARX2,15997
BASP1,16422
BATF,10480
BATF2,10213
BATF3,6852
BAX,32007
BAZ1A,181470
BAZ1B,58858
BAZ2A,170435
BAZ2B,89876
BBC3,22172
BBIP1,43383
BBLN,66373
BBOF1,20062
BBOX1,32695
BBS1,85486
BBS10,14969
BBS12,9278
BBS2,48338
BBS4,20323
BBS5,14221
BBS7,37084
BBS9,29829
BBX,98537
BCAM,5535
BCAN,4976
BCAP29,42456
BCAP31,98165
BCAR1,14827
BCAR3,28103
BCAS1,580
BCAS2,50488
BCAS3,35213
BCAS4,15140
BCAT1,1714
BCAT2,43318
BCCIP,179473
BCDIN3D,23909
BCHE,18191
BCKDHA,68330
BCKDHB,14403
BCKDK,32501
BCL10,89956
BCL11A,94695
BCL11B,111129
BCL2,67635
BCL2A1,38489
BCL2L1,395829
BCL2L10,17620
BCL2L11,70002
BCL2L12,9734
BCL2L13,70888
BCL2L15,13467
BCL2L2,181755
BCL3,267933
BCL6,33930
BCL6B,11831
BCL7A,40381
BCL7B,110452
BCL7C,13190
BCL9,48525
BCL9L,30221
BCLAF1,7951
BCLAF3,92323
BCO1,3769
BCO2,15216
BCOR,57512
BCORL1,12193
BCR,137284
BCS1L,11483
BDH1,32549
BDH2,21065
BDKRB1,16247
BDKRB2,20310
BDNF,3593
BDP1,150146
BEAN1,10876
BECN1,106565
BECN2,2350
BEGAIN,4636
BEND2,886
BEND3,11100
BEND4,3398
BEND5,4819
BEND6,14341
BEND7,5255
BEST1,11939
BEST2,8214
BEST3,11067
BEST4,5186
BET1,76442
BET1L,15098
BEX1,1558
BEX2,28183
BEX3,71928
BEX4,164507
BEX5,7227
BFAR,118708
BFSP1,7947
BFSP2,8801
BGN,14639
BHLHE22,11620
BHLHE40,877739
BHLHE41,213888
BHMT,3665
BHMT2,9717
BICC1,30958
BICD1,71039
BICD2,227100
BICDL1,183493
BICDL2,133225
BICRA,36225
BICRAL,47089
BID,68582
BIK,43740
BIN1,44541
BIN2,42411
BIN3,25634
BIRC2,104557
BIRC3,195141
BIRC5,192643
BIRC6,71956
BIRC7,665
BIVM,35761
BLACAT1,13045
BLCAP,264113
BLID,4601
BLK,17335
BLM,19480
BLMH,45031
BLNK,55094
BLOC1S1,69575
BLOC1S2,201640
BLOC1S3,20719
BLOC1S4,39649
BLOC1S5,103652
BLOC1S6,95624
BLTP1,141563
BLTP2,140312
BLTP3A,41996
BLTP3B,49747
BLVRA,55113
BLVRB,16884
BLZF1,90816
BMAL1,50077
BMAL2,189102
BMERB1,15933
BMF,23364
BMI1,55545
BMP1,44420
BMP10,4605
BMP15,3173
BMP2,19216
BMP2K,106278
BMP3,5031
BMP4,6955
BMP5,3163
BMP6,14640
BMP7,117678
BMP8A,22084
BMP8B,9899
BMPER,10217
BMPR1B,3760
BMPR2,94095
BMS1,161421
BMT2,48413
BMX,4820
BNC1,41292
BNC2,43296
BNIP1,19898
BNIP2,310460
BNIP3,7289
BNIP3L,104553
BNIP5,11815
BNIPL,16834
BOC,20765
BOD1,59874
BOD1L1,135069
BOD1L2,3267
BOK,35709
BOLA1,35043
BOLL,3654
BOP1,4077
BORA,48369
BORCS5,49589
BORCS6,8484
BORCS7,41968
BORCS8,46795
BPGM,40297
BPHL,37000
BPI,3458
BPIFA1,5679
BPIFA2,8492
BPIFA3,2725
BPIFB1,10282
BPIFB2,5440
BPIFB3,2689
BPIFB4,6017
BPIFB6,4864
BPIFC,3706
BPNT1,40453
BPNT2,248132
BPTF,23474
BRAF,68963
BRAP,40181
BRAT1,47607
BRCA1,75960
BRCA2,20170
BRCC3,89290
BRD1,126930
BRD2,431797
BRD3,81148
BRD3OS,32027
BRD4,308949
BRD7,3566
BRD8,100021
BRD9,18660
BRDT,2530
BRF1,71949
BRF2,13330
BRI3BP,28572
BRICD5,15422
BRINP1,2286
BRINP2,1763
BRINP3,4141
BRIP1,48398
BRIX1,72309
BRK1,13943
BRME1,35849
BRMS1,127563
BRMS1L,25063
BROX,216257
BRPF1,28222
BRPF3,11245
BRS3,5924
BRSK1,11909
BRSK2,2492
BRWD1,283869
BRWD3,144127
BSCL2,23785
BSDC1,60136
BSG,47014
BSN,3084
BSND,3826
BSPH1,1977
BSPRY,13757
BST1,10949
BST2,79943
BSX,501
BTAF1,78114
BTBD1,167773
BTBD16,5605
BTBD17,1838
BTBD18,4444
BTBD19,21345
BTBD2,64321
BTBD3,22149
BTBD6,88298
BTBD7,41395
BTBD8,12600
BTBD9,25727
BTC,17460
BTD,26810
BTF3,12975
BTF3L4,107414
BTG2,214362
BTG3,289734
BTG4,3323
BTK,37460
BTLA,19933
BTN1A1,5627
BTN2A1,12868
BTN2A2,50936
BTN3A1,49015
BTN3A2,121400
BTN3A3,88770
BTNL2,6901
BTNL3,4523
BTNL8,3892
BTNL9,12119
BTRC,16699
BUB1,48508
BUB1B,44566
BUB3,79388
BUD13,34711
BUD23,78978
BUD31,44491
BVES,11165
BYSL,28646
BZW1,7583
C10ORF105,9584
C10ORF120,3223
C10ORF143,16346
C10ORF53,3649
C10ORF62,4210
C10ORF67,4884
C10ORF71,4251
C10ORF82,3522
C10ORF88,23585
C10ORF90,2489
C10ORF95,1434
C11ORF16,4663
C11ORF21,14041
C11ORF24,51339
C11ORF42,1874
C11ORF52,13353
C11ORF54,37098
C11ORF58,106558
C11ORF65,5110
C11ORF68,16315
C11ORF71,19423
C11ORF80,121515
C11ORF86,2270
C11ORF87,2678
C11ORF96,15161
C11ORF97,41
C12ORF29,49836
C12ORF4,66850
C12ORF40,3716
C12ORF42,4036
C12ORF43,4694
C12ORF50,1804
C12ORF54,12453
C12ORF56,40895
C12ORF57,57751
C12ORF60,3382
C12ORF71,4893
C12ORF75,302511
C12ORF76,12181
C13ORF42,2780
C13ORF46,6105
C14ORF119,86368
C14ORF132,20863
C14ORF180,1466
C14ORF28,19992
C14ORF39,7489
C14ORF93,8424
C15ORF39,82395
C15ORF40,31364
C15ORF48,166299
C15ORF61,15559
C15ORF62,24466
C16ORF46,4343
C16ORF54,19430
C16ORF74,14339
C16ORF78,1236
C16ORF86,5857
C16ORF87,30902
C16ORF89,4737
C16ORF90,76
C16ORF92,2562
C16ORF95,672
C16ORF96,7952
C17ORF100,18688
C17ORF107,7366
C17ORF113,5999
C17ORF114,1893
C17ORF49,47073
C17ORF50,970
C17ORF58,15843
C17ORF67,15823
C17ORF75,36789
C17ORF78,4635
C17ORF80,29255
C17ORF97,10527
C17ORF98,809
C17ORF99,7909
C18ORF21,31030
C18ORF25,150053
C18ORF32,12107
C18ORF54,10944
C18ORF63,7556
C19ORF12,44169
C19ORF18,3149
C19ORF25,34725
C19ORF33,6686
C19ORF38,2756
C19ORF44,16223
C19ORF47,32571
C19ORF53,57446
C19ORF67,5620
C19ORF81,5409
C19ORF84,5832
C19ORF85,5591
C1D,14465
C1GALT1,13768
C1GALT1C1,45131
C1GALT1C1L,6893
C1QA,223121
C1QB,78587
C1QC,202405
C1QL1,28144
C1QL2,901
C1QL3,2584
C1QL4,2264
C1QTNF1,27381
C1QTNF12,1460
C1QTNF2,7984
C1QTNF3,26057
C1QTNF4,3031
C1QTNF6,19800
C1QTNF7,13948
C1QTNF8,897
C1QTNF9,7733
C1QTNF9B,7417
C1R,230437
C1RL,81691
C1S,85185
C1ORF100,4768
C1ORF105,5676
C1ORF109,55688
C1ORF112,32628
C1ORF115,13732
C1ORF116,55928
C1ORF122,14983
C1ORF127,3125
C1ORF131,56377
C1ORF141,6002
C1ORF146,4198
C1ORF159,15172
C1ORF162,33334
C1ORF167,3107
C1ORF174,44138
C1ORF185,4714
C1ORF198,26028
C1ORF21,330774
C1ORF210,13880
C1ORF216,55322
C1ORF226,6707
C1ORF232,2279
C1ORF35,20345
C1ORF43,128718
C1ORF52,45615
C1ORF53,2695
C1ORF54,45101
C1ORF56,9677
C1ORF68,2406
C1ORF74,18
C1ORF87,2685
C1ORF94,3039
C2,14330
C20ORF141,1600
C20ORF144,13815
C20ORF173,3928
C20ORF202,3046
C20ORF204,1303
C20ORF85,1374
C20ORF96,17891
C21ORF58,57260
C21ORF91,33549
C22ORF15,7156
C22ORF23,3797
C22ORF31,4500
C22ORF39,23538
C22ORF42,4406
C2CD2,40193
C2CD2L,5398
C2CD3,39098
C2CD4A,20568
C2CD4B,2287
C2CD4C,3305
C2CD4D,4702
C2CD5,112274
C2CD6,4967
C2ORF15,18318
C2ORF16,3904
C2ORF42,33992
C2ORF49,120764
C2ORF50,3825
C2ORF66,4864
C2ORF68,75164
C2ORF69,26027
C2ORF72,5972
C2ORF73,8851
C2ORF74,6807
C2ORF76,21565
C2ORF78,4394
C2ORF80,592
C2ORF81,12272
C2ORF88,11149
C2ORF92,14707
C3,111522
C3AR1,23006
C3ORF14,10167
C3ORF18,7083
C3ORF20,1398
C3ORF22,2682
C3ORF33,4729
C3ORF38,58187
C3ORF49,5650
C3ORF52,82918
C3ORF62,8279
C3ORF70,22388
C3ORF80,27420
C3ORF84,2462
C3ORF85,3645
C4BPA,2519
C4BPB,4172
C4ORF17,3839
C4ORF19,11567
C4ORF3,166938
C4ORF33,31700
C4ORF36,13567
C4ORF45,2494
C4ORF46,54840
C4ORF47,5227
C4ORF50,4457
C4ORF51,4285
C4ORF54,4431
C5,16580
C5AR1,58497
C5AR2,13832
C5ORF15,113029
C5ORF22,32897
C5ORF24,86034
C5ORF34,27311
C5ORF46,3470
C5ORF47,2633
C5ORF52,1472
C5ORF58,6997
C5ORF63,12978
C6,779
C6ORF118,1741
C6ORF120,89390
C6ORF132,175540
C6ORF136,15602
C6ORF141,19752
C6ORF15,6383
C6ORF163,6869
C6ORF226,3503
C6ORF47,142664
C6ORF52,14515
C6ORF58,3140
C6ORF62,151059
C6ORF89,143043
C7,21713
C7ORF25,17356
C7ORF31,14322
C7ORF33,5114
C7ORF50,81887
C7ORF57,6210
C8A,1771
C8B,2776
C8G,7001
C8ORF33,64311
C8ORF34,7368
C8ORF48,5479
C8ORF58,15922
C8ORF74,11888
C8ORF82,12504
C8ORF88,40022
C8ORF89,4106
C9,3880
C9ORF131,4068
C9ORF152,2960
C9ORF153,4471
C9ORF24,3683
C9ORF40,51926
C9ORF43,6312
C9ORF50,2286
C9ORF57,892
C9ORF64,3008
C9ORF72,55787
C9ORF78,57534
C9ORF85,36771
CA1,1770
CA10,3028
CA11,42689
CA12,132119
CA13,7118
CA14,8806
CA2,13841
CA3,2359
CA4,7084
CA5A,24219
CA5B,26098
CA6,7494
CA7,938
CA8,4012
CA9,26791
CAAP1,67067
CAB39,362568
CAB39L,15074
CABCOCO1,9250
CABIN1,52722
CABLES1,10968
CABLES2,31903
CABP1,5604
CABP2,693
CABP4,8645
CABP5,1137
CABP7,3400
CABS1,4537
CABYR,6724
CACFD1,20878
CACHD1,34566
CACNA1A,4483
CACNA1B,3058
CACNA1C,7608
CACNA1D,11278
CACNA1E,1395
CACNA1F,6022
CACNA1G,13569
CACNA1H,5611
CACNA1I,2665
CACNA1S,3516
CACNA2D1,17031
CACNA2D2,6349
CACNA2D3,6822
CACNA2D4,5115
CACNB1,24149
CACNB2,4145
CACNB3,16765
CACNB4,15511
CACNG1,1458
CACNG2,3023
CACNG3,1656
CACNG4,3412
CACNG5,1225
CACNG6,2473
CACNG7,2409
CACNG8,3099
CACTIN,74922
CACUL1,63181
CACYBP,89351
CAD,10077
CADM1,12147
CADM2,2408
CADM3,6042
CADM4,30117
CADPS,1293
CADPS2,49832
CAGE1,3276
CALB1,4673
CALB2,1454
CALCA,879
CALCB,8628
CALCOCO1,131100
CALCOCO2,175165
CALCR,3119
CALCRL,18521
CALD1,201740
CALHM1,2090
CALHM2,14983
CALHM3,5177
CALHM4,3463
CALHM5,7157
CALHM6,6970
CALM2,198519
CALM3,66260
CALML3,995213
CALML4,74797
CALML5,25544
CALML6,3574
CALN1,3561
CALR,91939
CALR3,5710
CALU,88938
CALY,7029
CAMK1,25187
CAMK1D,83528
CAMK1G,7653
CAMK2A,12272
CAMK2B,2967
CAMK2D,57043
CAMK2G,8324
CAMK2N1,953
CAMK2N2,4313
CAMK4,38556
CAMKK1,36485
CAMKK2,24153
CAMKMT,36069
CAMKV,3257
CAMLG,67962
CAMP,4936
CAMSAP1,63335
CAMSAP2,112231
CAMSAP3,4576
CAMTA1,47274
CAMTA2,48586
CAND1,124214
CAND2,19603
CANT1,101896
CANX,70996
CAP2,19467
CAPG,121534
CAPN1,198698
CAPN11,5584
CAPN12,23459
CAPN13,3916
CAPN14,14530
CAPN15,39800
CAPN2,208720
CAPN3,11803
CAPN5,30767
CAPN6,5254
CAPN7,62309
CAPN8,5731
CAPN9,2337
CAPNS1,231715
CAPNS2,13368
CAPRIN1,72202
CAPRIN2,14769
CAPS,15757
CAPS2,8026
CAPSL,3892
CAPZA1,28095
CAPZA2,115590
CAPZA3,7039
CAPZB,106775
CARD10,12257
CARD11,34444
CARD14,24889
CARD16,15396
CARD18,4073
CARD19,11707
CARD6,17113
CARD8,32723
CARD9,188
CARF,18656
CARHSP1,39042
CARM1,27423
CARMIL1,39830
CARMIL2,15450
CARMIL3,23640
CARNMT1,47562
CARNS1,6792
CARS1,28990
CARS2,21516
CARTPT,3301
CASC3,147583
CASD1,24230
CASK,116312
CASKIN1,3520
CASKIN2,11988
CASP1,44774
CASP10,72024
CASP14,2443
CASP2,56613
CASP3,76056
CASP4,102314
CASP5,2770
CASP6,46396
CASP7,14335
CASP8,38191
CASP8AP2,97777
CASP9,48963
CASQ1,3383
CASQ2,4426
CASR,8023
CASS4,20482
CAST,192494
CASTOR1,17762
CASTOR2,2963
CASZ1,47172
CAT,61559
CATIP,2969
CATSPER2,29129
CATSPER3,7349
CATSPER4,3458
CATSPERB,707
CATSPERD,2965
CATSPERE,5565
CATSPERG,15192
CATSPERZ,12185
CAV1,95285
CAV2,152237
CAVIN1,35183
CAVIN2,13261
CAVIN3,29190
CAVIN4,2863
CBARP,2881
CBFA2T2,118754
CBFA2T3,9385
CBFB,68316
CBL,31439
CBLB,72334
CBLC,18515
CBLIF,3010
CBLL1,54300
CBLL2,5213
CBLN1,8624
CBLN2,3171
CBLN3,14180
CBLN4,3577
CBR1,115782
CBR3,64646
CBR4,43261
CBS,98743
CBX1,73441
CBX2,6989
CBX3,11709
CBX4,68107
CBX5,242742
CBX6,38178
CBX7,133294
CBX8,6253
CBY1,44177
CBY2,3727
CBY3,4217
CC2D1A,66683
CC2D1B,45751
CC2D2A,32792
CC2D2B,6756
CCAR1,125484
CCAR2,42578
CCBE1,8361
CCDC102A,3348
CCDC102B,10855
CCDC105,1119
CCDC106,10882
CCDC107,10567
CCDC110,5142
CCDC112,38002
CCDC113,6985
CCDC115,46307
CCDC116,8795
CCDC117,81460
CCDC12,19703
CCDC120,78565
CCDC121,6725
CCDC122,20059
CCDC124,36886
CCDC125,76238
CCDC126,21859
CCDC127,29397
CCDC13,18364
CCDC134,20494
CCDC136,12577
CCDC137,47494
CCDC138,19902
CCDC14,118170
CCDC141,17378
CCDC142,4472
CCDC146,90958
CCDC148,10927
CCDC149,30255
CCDC15,15375
CCDC150,10862
CCDC152,15470
CCDC153,4714
CCDC154,2982
CCDC157,7425
CCDC158,5506
CCDC159,36974
CCDC160,5723
CCDC163,27377
CCDC167,34234
CCDC168,3370
CCDC169,4964
CCDC17,11497
CCDC170,9523
CCDC171,14865
CCDC172,2768
CCDC174,293
CCDC175,4099
CCDC177,6098
CCDC178,3928
CCDC179,1971
CCDC18,41326
CCDC180,23273
CCDC181,2647
CCDC182,1523
CCDC183,194
CCDC184,13740
CCDC185,5095
CCDC186,106035
CCDC187,5614
CCDC188,723
CCDC190,8543
CCDC191,23646
CCDC192,5265
CCDC194,3392
CCDC195,3820
CCDC196,6217
CCDC197,5069
CCDC198,3190
CCDC200,3294
CCDC201,3923
CCDC22,13854
CCDC24,30356
CCDC25,2933
CCDC27,816
CCDC28A,9995
CCDC28B,1369
CCDC3,43311
CCDC30,16548
CCDC32,30515
CCDC33,6788
CCDC34,123167
CCDC38,2302
CCDC39,1797
CCDC40,8440
CCDC42,3505
CCDC43,30319
CCDC47,51011
CCDC50,166096
CCDC51,21751
CCDC54,4489
CCDC57,38008
CCDC59,26325
CCDC6,275445
CCDC60,5346
CCDC61,14982
CCDC62,5562
CCDC63,6033
CCDC65,5337
CCDC66,32320
CCDC68,8697
CCDC69,68469
CCDC7,48475
CCDC70,4324
CCDC71,27474
CCDC71L,84423
CCDC73,3958
CCDC74A,15057
CCDC74B,13583
CCDC77,32468
CCDC78,3786
CCDC8,34327
CCDC80,117512
CCDC81,6072
CCDC82,56161
CCDC83,1812
CCDC85A,2497
CCDC85B,41340
CCDC85C,63467
CCDC86,34846
CCDC87,10134
CCDC88A,83522
CCDC88B,30881
CCDC88C,93087
CCDC89,2878
CCDC9,36098
CCDC90B,41253
CCDC91,104651
CCDC92,64962
CCDC93,58719
CCDC96,6153
CCDC97,67081
CCDC9B,28227
CCER1,3336
CCER2,1840
CCHCR1,29754
CCIN,4622
CCK,2285
CCKAR,4882
CCKBR,4770
CCL1,4257
CCL11,2501
CCL13,10792
CCL14,3884
CCL15,468
CCL16,6771
CCL17,7371
CCL18,10852
CCL19,45989
CCL2,5243
CCL20,51237
CCL21,4577
CCL22,57409
CCL23,2207
CCL24,5437
CCL25,2510
CCL26,5253
CCL27,12790
CCL28,11432
CCL3,6184
CCL3L3,3024
CCL4,2608
CCL4L2,8200
CCL5,8695
CCL7,2488
CCL8,8680
CCM2,38139
CCM2L,13754
CCN1,90439
CCN2,370414
CCN3,22136
CCN4,74591
CCN5,37480
CCN6,7842
CCNA1,5371
CCNA2,109334
CCNB1,26654
CCNB1IP1,40534
CCNB2,96698
CCNB3,3445
CCNC,156721
CCND1,103926
CCND2,2186
CCND3,63553
CCNDBP1,83908
CCNE1,32169
CCNE2,39840
CCNF,38115
CCNG1,102119
CCNG2,131709
CCNH,32722
CCNI,190284
CCNI2,8136
CCNJ,13113
CCNJL,8318
CCNK,59562
CCNL1,540046
CCNL2,237583
CCNO,15599
CCNP,4619
CCNQ,26352
CCNT1,25192
CCNT2,85485
CCNY,173724
CCNYL1,38639
CCP110,150116
CCPG1,58908
CCR1,4603
CCR10,5613
CCR2,18073
CCR3,4047
CCR4,29602
CCR5,15719
CCR6,6047
CCR7,30142
CCR8,11270
CCR9,3758
CCRL2,9791
CCS,28048
CCSAP,46045
CCSER1,3194
CCSER2,235553
CCT2,141968
CCT3,120939
CCT4,70708
CCT5,101160
CCT6A,238188
CCT6B,1991
CCT8,2874
CCT8L2,2021
CD101,10153
CD109,123889
CD14,105510
CD151,159527
CD160,4274
CD163,65925
CD163L1,20244
CD164,302438
CD164L2,4296
CD177,10022
CD180,8732
CD19,5220
CD1A,12697
CD1B,5893
CD1C,16577
CD1D,4185
CD1E,17479
CD2,74525
CD200,20846
CD200R1,18071
CD200R1L,12818
CD207,13174
CD209,1240
CD22,27736
CD226,22346
CD24,721941
CD244,6772
CD247,74288
CD248,47629
CD27,28534
CD274,30089
CD276,42804
CD28,41894
CD2AP,153867
CD2BP2,107318
CD300A,26180
CD300C,7213
CD300E,10629
CD300LB,8551
CD300LD,1069
CD300LF,3959
CD300LG,7830
CD302,6910
CD320,1780
CD33,13053
CD34,19617
CD36,10123
CD37,104647
CD38,997
CD3D,84818
CD3E,180765
CD3G,15510
CD4,118508
CD40,45756
CD40LG,10601
CD44,394257
CD46,241514
CD47,456151
CD48,131383
CD5,33472
CD52,288880
CD53,44237
CD55,724749
CD58,50130
CD59,644597
CD5L,574
CD6,15628
CD68,154406
CD69,31062
CD7,41560
CD70,25184
CD72,16968
CD74,108627
CD79A,32815
CD79B,635
CD80,17890
CD81,8569
CD82,278115
CD83,26513
CD84,31847
CD86,49091
CD8A,64555
CD8B,12480
CD8B2,1799
CD9,218913
CD93,26643
CD96,47088
CD99L2,64361
CDA,13261
CDADC1,21976
CDAN1,12489
CDC123,154164
CDC14A,34076
CDC14B,18403
CDC14C,201
CDC16,124357
CDC20,37079
CDC20B,6257
CDC23,32303
CDC25A,5819
CDC25B,22573
CDC25C,29695
CDC26,38804
CDC27,23058
CDC34,20449
CDC37,70046
CDC37L1,45609
CDC40,88614
CDC42,51597
CDC42BPA,19563
CDC42BPB,164784
CDC42BPG,4437
CDC42EP1,70469
CDC42EP2,14149
CDC42EP3,26846
CDC42EP4,169932
CDC42EP5,16749
CDC42SE1,328288
CDC42SE2,156812
CDC45,38468
CDC5L,156444
CDC6,59970
CDC7,30638
CDC73,120445
CDCA2,31548
CDCA3,32937
CDCA4,85099
CDCA5,59514
CDCA7,50998
CDCA7L,16372
CDCA8,38897
CDCP1,110854
CDCP2,4401
CDH1,117121
CDH10,1826
CDH11,128234
CDH12,6395
CDH13,43029
CDH15,1253
CDH16,3376
CDH17,7547
CDH18,2102
CDH19,9530
CDH2,21104
CDH20,2084
CDH22,2896
CDH23,12054
CDH24,21876
CDH26,16002
CDH3,106846
CDH4,834
CDH5,13996
CDH6,9150
CDH7,3249
CDH8,2460
CDH9,3182
CDHR1,9082
CDHR2,2606
CDHR3,2998
CDHR4,6157
CDHR5,3400
CDIN1,40266
CDIP1,29976
CDIPT,42310
CDK1,137190
CDK11A,13569
CDK11B,46977
CDK12,124142
CDK13,155900
CDK14,33191
CDK15,6675
CDK16,311718
CDK17,81718
CDK18,19308
CDK19,60703
CDK2,96732
CDK20,9028
CDK2AP1,4339
CDK2AP2,12209
CDK3,12131
CDK4,22894
CDK5,27880
CDK5R1,27278
CDK5R2,2647
CDK5RAP1,115050
CDK5RAP2,68224
CDK5RAP3,204872
CDK6,31497
CDK7,45588
CDK8,32326
CDK9,74273
CDKAL1,119662
CDKL1,23667
CDKL2,3208
CDKL3,1575
CDKL4,6897
CDKL5,59562
CDKN1A,599020
CDKN1B,358798
CDKN1C,21321
CDKN2A,172097
CDKN2AIP,76685
CDKN2AIPNL,11275
CDKN2B,197497
CDKN2C,96820
CDKN2D,160212
CDKN3,8303
CDNF,2627
CDO1,8688
CDON,6428
CDPF1,4380
CDR2,106237
CDR2L,20652
CDRT15,4814
CDRT15L2,2528
CDRT4,6132
CDS1,54522
CDS2,46710
CDSN,7086
CDT1,14632
CDV3,450834
CDX1,4702
CDX2,2713
CDX4,3713
CDYL,62463
CDYL2,20950
CEACAM1,87759
CEACAM16,4326
CEACAM19,23844
CEACAM20,1436
CEACAM21,5630
CEACAM3,12241
CEACAM4,5606
CEACAM5,60607
CEACAM6,19780
CEACAM7,75479
CEACAM8,3803
CEBPA,44979
CEBPB,225834
CEBPD,800743
CEBPE,1265
CEBPG,58020
CEBPZ,196885
CEBPZOS,41400
CECR2,11115
CELA1,4246
CELA2A,741
CELA2B,5742
CELA3B,4808
CELF1,86302
CELF2,70523
CELF3,5671
CELF4,5491
CELF5,4643
CELF6,1042
CELSR1,84270
CELSR2,75425
CELSR3,8152
CEMIP,3945
CEMIP2,72514
CEMP1,1483
CENATAC,50544
CEND1,1783
CENPA,30683
CENPB,126958
CENPC,15127
CENPE,99379
CENPF,226437
CENPH,75816
CENPI,70062
CENPJ,36407
CENPK,23350
CENPL,24325
CENPM,26131
CENPN,35514
CENPO,56470
CENPP,29253
CENPQ,58139
CENPS,27693
CENPT,37882
CENPU,98942
CENPV,9834
CENPVL3,1650
CENPW,446056
CENPX,80727
CEP104,23538
CEP112,16699
CEP120,101606
CEP126,11991
CEP128,52325
CEP131,17580
CEP135,63254
CEP152,26884
CEP162,20598
CEP164,31192
CEP170,52848
CEP170B,69590
CEP19,29509
CEP192,46302
CEP20,139853
CEP250,57286
CEP290,29632
CEP295,36465
CEP295NL,13929
CEP350,221575
CEP41,21216
CEP43,40300
CEP44,64614
CEP55,197549
CEP57,63671
CEP57L1,22659
CEP68,31942
CEP70,104418
CEP72,21002
CEP76,44634
CEP78,24274
CEP83,62240
CEP85,34314
CEP85L,17058
CEP89,52760
CEP95,44026
CEP97,23458
CEPT1,59458
CER1,3508
CERCAM,89218
CERK,20398
CERKL,2844
CERS1,2824
CERS2,127839
CERS3,105216
CERS4,74572
CERS5,51559
CERS6,75212
CERT1,14370
CES1,472
CES2,54606
CES3,2538
CES4A,5421
CES5A,1991
CETN1,3676
CETN2,67871
CETN3,110275
CETP,3030
CFAP100,2770
CFAP107,3014
CFAP119,14588
CFAP126,2458
CFAP141,1785
CFAP144,2600
CFAP157,5779
CFAP161,3359
CFAP20,39164
CFAP206,15328
CFAP20DC,8617
CFAP210,3731
CFAP221,2066
CFAP251,13054
CFAP276,7423
CFAP298,31375
CFAP300,8977
CFAP36,151173
CFAP410,4055
CFAP418,13558
CFAP43,5496
CFAP44,4533
CFAP45,8782
CFAP46,3529
CFAP47,2663
CFAP52,4023
CFAP53,4693
CFAP54,5819
CFAP57,4940
CFAP58,1415
CFAP61,5182
CFAP68,11918
CFAP69,11758
CFAP70,4923
CFAP73,6878
CFAP74,3233
CFAP77,2483
CFAP90,3317
CFAP91,3535
CFAP92,1729
CFAP95,2855
CFAP97,95756
CFAP97D1,5206
CFAP97D2,3928
CFAP99,655
CFB,182596
CFC1B,194
CFD,8100
CFDP1,62826
CFH,68150
CFHR1,9315
CFHR2,3143
CFHR3,3000
CFHR4,694
CFHR5,3983
CFI,6274
CFL1,2391
CFL2,56951
CFLAR,395367
CFP,7301
CFTR,3444
CGA,817
CGAS,47365
CGB5,1829
CGB7,2262
CGGBP1,124419
CGN,32868
CGNL1,44262
CGREF1,13454
CGRRF1,17524
CH25H,13856
CHAC1,16834
CHAC2,22490
CHAD,3988
CHADL,2838
CHAF1A,68351
CHAF1B,18566
CHAMP1,48123
CHAT,1363
CHCHD10,38457
CHCHD2,95547
CHCHD3,8151
CHCHD4,42036
CHCHD5,30054
CHCHD6,35442
CHCHD7,54542
CHCT1,3330
CHD1,142004
CHD2,273517
CHD3,426505
CHD4,22325
CHD5,1624
CHD6,117298
CHD7,26470
CHD8,44982
CHD9,103487
CHD9NB,12698
CHDH,5284
CHEK1,41148
CHEK2,49833
CHERP,80651
CHFR,58683
CHGA,4657
CHGB,1832
CHI3L1,14249
CHI3L2,1724
CHIA,2339
CHIC1,14971
CHIC2,130477
CHID1,110147
CHIT1,24572
CHKA,10861
CHL1,5873
CHM,49141
CHML,71258
CHMP1A,32553
CHMP1B,31530
CHMP2A,62474
CHMP2B,80838
CHMP3,102637
CHMP4B,204051
CHMP4C,47725
CHMP5,18956
CHMP6,27461
CHMP7,81558
CHN1,22327
CHN2,2042
CHODL,8411
CHORDC1,38714
CHP1,285103
CHP2,3706
CHPF,31050
CHPF2,58742
CHPT1,98476
CHRAC1,21484
CHRD,17041
CHRDL1,7453
CHRDL2,6428
CHRM1,3518
CHRM2,3111
CHRM3,3859
CHRM4,2499
CHRM5,6011
CHRNA1,7237
CHRNA10,2237
CHRNA2,1459
CHRNA3,4888
CHRNA4,3184
CHRNA5,10629
CHRNA6,9203
CHRNA7,6884
CHRNA9,5046
CHRNB1,12078
CHRNB2,3041
CHRNB3,5097
CHRNB4,4239
CHRND,1470
CHRNE,4837
CHRNG,2122
CHST1,10756
CHST10,7477
CHST11,134256
CHST12,18569
CHST13,304
CHST14,49698
CHST15,76263
CHST2,15259
CHST3,40381
CHST4,1281
CHST5,4686
CHST6,4918
CHST7,30705
CHST8,1449
CHST9,3861
CHSY1,61510
CHSY3,8906
CHTF18,18739
CHTF8,10952
CHTOP,87636
CHUK,97893
CHURC1,63246
CIAO1,165317
CIAO2A,121915
CIAO2B,46481
CIAO3,50637
CIAPIN1,31939
CIART,40065
CIB1,118763
CIB2,12447
CIB3,1277
CIB4,2442
CIBAR1,11855
CIBAR2,5095
CIC,49220
CIDEA,4070
CIDEB,57821
CIDEC,1128
CIITA,107877
CILK1,31715
CILP,3328
CILP2,4488
CINP,84958
CIP2A,69191
CIPC,33654
CIR1,129285
CIRBP,239082
CIROP,3585
CISD1,61920
CISD2,104757
CISD3,19602
CISH,13664
CIT,58489
CITED1,817
CITED2,149471
CITED4,5890
CIZ1,42111
CKAP2,78033
CKAP2L,56333
CKAP4,251737
CKAP5,144651
CKB,24618
CKLF,37976
CKM,1505
CKMT1B,18074
CKMT2,2270
CKS1B,77281
CKS2,28573
CLASP1,114408
CLASP2,11328
CLASRP,64677
CLBA1,10342
CLC,2563
CLCA1,3673
CLCA2,192931
CLCA4,208845
CLCC1,70578
CLCF1,14775
CLCN1,3830
CLCN2,18062
CLCN3,103579
CLCN4,8489
CLCN5,17409
CLCN6,25430
CLCN7,67285
CLCNKA,35
CLCNKB,3397
CLDN1,346907
CLDN10,24928
CLDN11,14212
CLDN12,24420
CLDN14,8709
CLDN15,12929
CLDN16,11120
CLDN17,2869
CLDN18,4046
CLDN19,2357
CLDN2,4007
CLDN20,5037
CLDN22,5240
CLDN23,9340
CLDN24,950
CLDN25,1584
CLDN3,1356
CLDN34,5169
CLDN4,78437
CLDN5,11644
CLDN7,217351
CLDN8,2326
CLDN9,141
CLDND1,610459
CLDND2,4527
CLEC10A,64280
CLEC11A,40648
CLEC12A,10158
CLEC12B,5873
CLEC14A,17065
CLEC16A,46009
CLEC17A,3653
CLEC18A,3521
CLEC18B,5337
CLEC19A,3561
CLEC1A,10587
CLEC1B,3137
CLEC20A,2215
CLEC2A,7779
CLEC2B,56727
CLEC2D,140682
CLEC2L,1304
CLEC3A,3191
CLEC3B,12148
CLEC4A,12968
CLEC4C,8292
CLEC4D,4389
CLEC4E,5169
CLEC4F,6505
CLEC4G,3032
CLEC4M,4926
CLEC5A,26656
CLEC6A,4960
CLEC7A,30515
CLEC9A,9658
CLGN,5833
CLHC1,16965
CLIC1,44126
CLIC2,26093
CLIC3,4583
CLIC4,63261
CLIC5,16535
CLIC6,10231
CLINT1,314130
CLIP1,380779
CLIP2,19884
CLIP3,16856
CLIP4,71298
CLK1,313183
CLK2,68420
CLK3,51690
CLK4,109540
CLMN,43246
CLMP,13345
CLN3,20663
CLN5,72558
CLN6,38532
CLN8,63559
CLNK,6645
CLNS1A,285244
CLOCK,143655
CLPB,41565
CLPP,83863
CLPS,2114
CLPSL1,1280
CLPSL2,2549
CLPTM1,101132
CLPTM1L,138118
CLPX,210658
CLRN1,5095
CLRN2,4670
CLRN3,1171
CLSPN,59842
CLSTN1,162912
CLSTN2,13892
CLSTN3,128798
CLTA,14802
CLTB,166931
CLTC,277062
CLTCL1,11362
CLTRN,10742
CLU,2199
CLUAP1,37721
CLUH,55268
CLUL1,4795
CLVS1,3314
CLVS2,5024
CLXN,7628
CLYBL,15918
CMA1,3583
CMAS,38962
CMBL,5933
CMC1,104282
CMC2,65920
CMIP,51554
CMKLR1,17425
CMKLR2,6429
CMPK1,682467
CMPK2,88512
CMSS1,48293
CMTM1,6622
CMTM2,5027
CMTM3,43397
CMTM4,18562
CMTM5,9495
CMTM6,328700
CMTM7,35090
CMTM8,8108
CMTR1,41552
CMTR2,19567
CMYA5,11336
CNBD1,4511
CNBP,141828
CNDP1,3677
CNDP2,125961
CNEP1R1,17408
CNFN,90958
CNGA1,8244
CNGA2,2869
CNGA3,2409
CNGA4,4838
CNGB1,6025
CNGB3,1483
CNIH1,341079
CNIH2,7932
CNIH3,3515
CNIH4,66842
CNKSR1,13312
CNKSR2,11029
CNKSR3,3620
CNMD,1978
CNN1,8177
CNN3,36057
CNNM1,5599
CNNM2,28911
CNNM3,17568
CNNM4,26166
CNOT1,155542
CNOT10,46365
CNOT11,75326
CNOT2,76375
CNOT3,101948
CNOT4,96858
CNOT6,143301
CNOT6L,44934
CNOT7,11570
CNOT8,125232
CNOT9,108837
CNP,164460
CNPPD1,11198
CNPY2,2644
CNPY3,111062
CNPY4,29805
CNR1,2963
CNR2,6858
CNRIP1,22419
CNST,49542
CNTD1,8485
CNTF,7412
CNTFR,15576
CNTLN,54933
CNTN1,29021
CNTN2,3031
CNTN3,4776
CNTN4,4741
CNTN5,880
CNTN6,3391
CNTNAP1,12215
CNTNAP2,1798
CNTNAP3B,11824
CNTNAP4,3247
CNTNAP5,1995
CNTRL,77498
CNTROB,35719
COA1,71887
COA3,81216
COA4,22159
COA5,44797
COA6,4291
COA7,36251
COA8,36576
COASY,43438
COBL,14001
COBLL1,159298
COCH,18513
COG1,44873
COG2,41752
COG3,56750
COG4,45978
COG5,59554
COG6,57480
COG7,68853
COG8,6336
COIL,48609
COL10A1,17054
COL11A1,3798
COL11A2,4262
COL12A1,73733
COL13A1,10312
COL14A1,38026
COL15A1,105296
COL16A1,101898
COL17A1,92635
COL18A1,102815
COL19A1,16078
COL1A1,128060
COL1A2,226500
COL20A1,2828
COL21A1,70430
COL22A1,16578
COL23A1,2476
COL24A1,12233
COL25A1,4103
COL26A1,3896
COL27A1,121429
COL28A1,7853
COL2A1,4620
COL3A1,946529
COL4A1,263936
COL4A2,144078
COL4A3,3871
COL4A4,10020
COL4A5,94128
COL4A6,10450
COL5A1,542623
COL5A2,285880
COL5A3,56650
COL6A1,532169
COL6A2,479674
COL6A3,155376
COL6A5,4696
COL6A6,7086
COL7A1,230947
COL8A1,9093
COL8A2,39971
COL9A1,3218
COL9A2,36681
COL9A3,8473
COLEC10,2950
COLEC11,7299
COLEC12,48065
COLGALT1,279273
COLGALT2,11938
COLQ,8331
COMMD1,101261
COMMD10,63063
COMMD2,35962
COMMD3,29644
COMMD4,13421
COMMD5,7803
COMMD6,110477
COMMD7,65226
COMMD8,61005
COMMD9,36633
COMP,14029
COMT,58404
COMTD1,7275
COP1,149092
COPA,167389
COPB1,127474
COPB2,18818
COPE,37769
COPG1,126876
COPG2,35134
COPRS,131640
COPS2,171415
COPS3,104664
COPS4,111939
COPS5,106863
COPS6,82319
COPS7A,59490
COPS7B,69469
COPS8,56379
COPS9,48501
COPZ1,48661
COPZ2,21916
COQ10A,9610
COQ10B,63451
COQ2,43451
COQ3,24470
COQ4,103168
COQ5,28708
COQ6,21001
COQ7,7749
COQ8A,27859
COQ8B,27424
COQ9,66701
CORIN,2751
CORO1A,37884
CORO1B,27661
CORO1C,79264
CORO2A,91815
CORO2B,8432
CORO6,7204
CORO7,8477
CORT,10408
COTL1,138125
COX10,60638
COX11,48021
COX14,43399
COX15,80442
COX16,898
COX17,6275
COX18,35854
COX19,33739
COX20,37940
COX4I1,77098
COX4I2,12228
COX5A,41204
COX5B,3763
COX6B1,58935
COX6B2,10715
COX6C,8657
COX7A1,10966
COX7A2,21210
COX7A2L,12581
COX7B,56320
COX7B2,2265
COX7C,223313
COX8A,7755
COX8C,48
CP,10563
CPA1,18
CPA2,110
CPA3,8642
CPA4,10168
CPA5,4245
CPA6,6274
CPAMD8,4052
CPB1,3016
CPB2,6706
CPD,94358
CPE,27480
CPEB1,1908
CPEB2,28596
CPEB3,25608
CPEB4,114154
CPED1,24640
CPHXL,2299
CPHXL2,2874
CPLANE1,36702
CPLANE2,4796
CPLX1,7877
CPLX2,6524
CPLX3,2713
CPLX4,6282
CPM,33186
CPN1,2694
CPN2,4890
CPNE1,66089
CPNE2,44322
CPNE3,117668
CPNE4,2284
CPNE5,13321
CPNE6,4869
CPNE7,5628
CPNE8,72055
CPNE9,3510
CPO,1665
CPOX,67933
CPPED1,53374
CPQ,45520
CPS1,4855
CPSF1,29228
CPSF2,124083
CPSF3,116767
CPSF4,73784
CPSF4L,9566
CPSF6,105074
CPSF7,199365
CPT1A,39074
CPT1B,73340
CPT1C,16149
CPT2,8689
CPTP,52967
CPVL,18192
CPXCR1,2069
CPXM1,62244
CPXM2,2685
CR1,8300
CR1L,4162
CR2,5554
CRABP1,1803
CRABP2,55436
CRACD,9968
CRACDL,18384
CRACR2A,17389
CRACR2B,5248
CRADD,33538
CRAMP1,52635
CRAT,13504
CRB1,4364
CRB2,3023
CRB3,48003
CRBN,96652
CRCP,69211
CRCT1,47985
CREB1,49729
CREB3L1,48458
CREB3L2,70577
CREB3L3,2716
CREB3L4,29583
CREB5,7062
CREBBP,116881
CREBL2,120479
CREBRF,64237
CREBZF,125387
CREG1,214779
CREG2,4536
CRELD1,20595
CRELD2,49819
CREM,102058
CRH,8135
CRHBP,5347
CRHR1,7936
CRHR2,1888
CRIM1,29152
CRIP2,62505
CRIP3,5086
CRIPT,87053
CRISP1,3170
CRISP2,2019
CRISP3,9873
CRISPLD1,5750
CRISPLD2,89756
CRK,91714
CRKL,89029
CRLF1,10810
CRLF2,6612
CRLF3,92787
CRMP1,15282
CRNKL1,43369
CRNN,475706
CROCC,29029
CROCC2,1279
CROT,59068
CRP,1662
CRPPA,18793
CRTAC1,2149
CRTAM,14269
CRTAP,155044
CRTC1,15547
CRTC2,93855
CRTC3,39908
CRX,3082
CRY1,47798
CRY2,18307
CRYAB,29605
CRYBA1,7825
CRYBA2,3710
CRYBA4,2650
CRYBB1,3739
CRYBB2,416
CRYBB3,2884
CRYBG1,132895
CRYBG2,42733
CRYBG3,79423
CRYGA,1712
CRYGB,697
CRYGC,2288
CRYGD,1921
CRYGN,1555
CRYGS,14226
CRYL1,36311
CRYM,4203
CRYZ,48282
CRYZL1,14188
CS,106865
CSAD,39062
CSAG1,525
CSDC2,8180
CSDE1,569543
CSE1L,143586
CSF1,51404
CSF1R,92596
CSF2,5486
CSF2RA,28868
CSF2RB,48742
CSF3,28763
CSF3R,12501
CSGALNACT1,12887
CSGALNACT2,181543
CSK,134867
CSKMT,13626
CSMD1,1657
CSMD2,7894
CSMD3,4916
CSN1S1,2258
CSN2,3389
CSN3,962
CSNK1A1,579151
CSNK1A1L,3172
CSNK1D,134037
CSNK1E,158807
CSNK1G1,73466
CSNK1G2,38935
CSNK1G3,56203
CSNK2A1,94507
CSNK2A2,77458
CSNKA2IP,3334
CSPG4,16055
CSPG5,6154
CSPP1,41470
CSRNP1,93558
CSRNP2,77836
CSRNP3,21502
CSRP1,211795
CSRP2,14848
CSRP3,3007
CST1,651
CST11,3357
CST2,2327
CST3,60532
CST4,306
CST5,1346
CST6,7572
CST7,85199
CST8,809
CST9,1194
CST9L,1903
CSTA,341960
CSTB,408498
CSTF1,38680
CSTF2,46714
CSTF2T,60428
CSTF3,147978
CSTL1,1733
CSTPP1,28341
CT47B1,759
CT47C1,1988
CT55,5210
CT83,2051
CTAGE1,5008
CTAGE9,1987
CTBP2,99360
CTBS,79186
CTC1,40852
CTCF,41933
CTCFL,42962
CTDNEP1,16218
CTDP1,28472
CTDSP1,137480
CTDSP2,97787
CTDSPL,88908
CTDSPL2,61994
CTF1,3076
CTH,8851
CTHRC1,65724
CTIF,33575
CTLA4,82162
CTNNA1,559263
CTNNA2,1283
CTNNA3,2665
CTNNAL1,43445
CTNNB1,232165
CTNNBIP1,150246
CTNNBL1,94185
CTNND1,684171
CTNND2,1644
CTNS,19150
CTPS1,13536
CTPS2,82815
CTR9,85918
CTRB1,42
CTRB2,1692
CTRC,3107
CTRL,5986
CTSA,138097
CTSB,380057
CTSC,157230
CTSE,2666
CTSF,31723
CTSG,9738
CTSH,196117
CTSK,83542
CTSL,33297
CTSO,38852
CTSS,238095
CTSV,83486
CTSW,13388
CTSZ,64803
CTTN,133791
CTTNBP2,10390
CTTNBP2NL,168695
CTU1,7984
CTU2,6955
CTXN1,11262
CTXN2,3786
CTXN3,9276
CTXND1,2059
CTXND2,8960
CUBN,6616
CUEDC1,49453
CUEDC2,25158
CUL1,22402
CUL2,72838
CUL3,180277
CUL4A,129581
CUL4B,227917
CUL5,68106
CUL7,33466
CUL9,60425
CUTA,132783
CUTC,23419
CUX1,182675
CUX2,5436
CWC15,184629
CWC22,80427
CWC25,45843
CWC27,74818
CWF19L1,57607
CWF19L2,36835
CWH43,2396
CX3CL1,71279
CX3CR1,13035
CXADR,17409
CXCL1,3703
CXCL10,284794
CXCL11,22914
CXCL12,108696
CXCL13,65334
CXCL14,39872
CXCL16,102362
CXCL17,4044
CXCL2,28171
CXCL3,38818
CXCL5,19840
CXCL6,14287
CXCL8,48237
CXCL9,220546
CXCR1,4019
CXCR2,5611
CXCR3,3329
CXCR4,153651
CXCR5,9902
CXCR6,9793
CXXC1,32952
CXXC4,7218
CXXC5,145123
CXORF38,124341
CXORF58,5306
CXORF65,8858
CXORF66,1709
CYB561,52351
CYB561A3,59837
CYB561D1,25335
CYB561D2,28310
CYB5A,7145
CYB5B,113275
CYB5D1,15908
CYB5D2,20328
CYB5R1,94126
CYB5R2,35450
CYB5R3,64115
CYB5R4,92851
CYB5RL,14427
CYBA,45923
CYBB,171416
CYBC1,148126
CYBRD1,34528
CYC1,79654
CYCS,21823
CYFIP1,36996
CYFIP2,31590
CYGB,27395
CYLC1,2462
CYLC2,3563
CYLD,148485
CYP11A1,6500
CYP11B1,1047
CYP11B2,2837
CYP17A1,3576
CYP19A1,1812
CYP1A1,7844
CYP1A2,1203
CYP1B1,30696
CYP20A1,75326
CYP21A2,3455
CYP24A1,246581
CYP26A1,1547
CYP26B1,34864
CYP26C1,3721
CYP27A1,33187
CYP27B1,6562
CYP27C1,5176
CYP2A13,3232
CYP2A6,3206
CYP2A7,6178
CYP2B6,2507
CYP2C18,8252
CYP2C19,5344
CYP2C8,3396
CYP2C9,7108
CYP2D6,3896
CYP2E1,3157
CYP2F1,3349
CYP2J2,13702
CYP2R1,29220
CYP2S1,26431
CYP2U1,7968
CYP2W1,4447
CYP39A1,8874
CYP3A4,4492
CYP3A43,4431
CYP3A5,73828
CYP3A7,818
CYP46A1,3535
CYP4A11,636
CYP4A22,4635
CYP4B1,18150
CYP4F11,43741
CYP4F12,49821
CYP4F2,4660
CYP4F22,14255
CYP4F3,17448
CYP4F8,6429
CYP4V2,29064
CYP4X1,65119
CYP4Z1,3882
CYP7A1,4232
CYP7B1,60795
CYP8B1,5590
CYREN,99636
FAM49A,38548
CYRIB,204410
CYS1,11762
CYSLTR1,13303
CYSLTR2,5825
CYSRT1,104264
CYSTM1,42018
CYTH1,232696
CYTH2,49514
CYTH3,45159
CYTH4,49456
CYTIP,59353
CYTL1,9799
CYYR1,18097
CZIB,17551
D2HGDH,38071
DAAM1,109434
DAAM2,5550
DAB1,3230
DAB2,118506
DAB2IP,33115
DACH1,16229
DACH2,1993
DACT1,8173
DACT2,6016
DACT3,15197
DAD1,90677
DAG1,94279
DAGLA,13186
DAGLB,25160
DALRD3,29636
DAND5,6373
DAO,4954
DAOA,2604
DAP,399611
DAPK1,30541
DAPK2,29099
DAPK3,40871
DAPL1,52222
DAPP1,111774
DARS1,299194
DARS2,29995
DAW1,543
DAXX,42551
DAZ2,10
DAZAP1,266135
DAZAP2,577292
DAZL,3520
DBF4,34419
DBF4B,12790
DBH,1640
DBI,206524
DBN1,66679
DBNDD1,9609
DBNDD2,17893
DBNL,364063
DBP,69409
DBR1,54064
DBT,60007
DBX1,2132
DBX2,1395
DCAF1,63976
DCAF10,79864
DCAF11,48530
DCAF12,157133
DCAF12L1,3711
DCAF12L2,3314
DCAF13,22221
DCAF15,34228
DCAF16,69802
DCAF17,19761
DCAF4,11897
DCAF4L1,4728
DCAF4L2,1748
DCAF5,24453
DCAF6,91015
DCAF7,93169
DCAF8,45215
DCAF8L1,2411
DCAF8L2,3041
DCAKD,51830
DCBLD1,32170
DCBLD2,9284
DCC,1163
DCD,1192
DCDC1,6720
DCDC2,5900
DCDC2B,4040
DCDC2C,1710
DCHS1,41520
DCHS2,5280
DCK,141785
DCLK1,15882
DCLK2,25303
DCLK3,3244
DCLRE1A,32969
DCLRE1B,2946
DCLRE1C,43179
DCN,13825
DCP1A,49257
DCP1B,53176
DCP2,40345
DCPS,41540
DCST1,7029
DCST2,8994
DCSTAMP,3594
DCT,2822
DCTD,75037
DCTN1,115340
DCTN2,155849
DCTN3,69391
DCTN4,119096
DCTN5,64639
DCTN6,11934
DCTPP1,66490
DCUN1D1,155097
DCUN1D2,15781
DCUN1D3,1863
DCUN1D4,75294
DCUN1D5,29460
DCX,1792
DCXR,10103
DDA1,98792
DDAH1,47899
DDAH2,283262
DDB1,160201
DDB2,58978
DDC,3954
DDHD1,26089
DDHD2,58932
DDI1,2243
DDI2,133509
DDIAS,16817
DDIT3,64131
DDIT4,1123974
DDIT4L,6829
DDN,7506
DDO,4278
DDOST,130869
DDR1,215668
DDR2,19899
DDRGK1,101664
DDT,62536
DDTL,8618
DDX1,164181
DDX10,13221
DDX17,200622
DDX18,14080
DDX19A,3598
DDX19B,17266
DDX20,28136
DDX21,138700
DDX23,65575
DDX24,65505
DDX25,1923
DDX27,100034
DDX28,14322
DDX31,4002
DDX39A,189274
DDX39B,447983
DDX3X,484596
DDX3Y,160
DDX4,3670
DDX41,100543
DDX42,187256
DDX43,13489
DDX46,101260
DDX49,74826
DDX5,148470
DDX50,158732
DDX51,28070
DDX52,54127
DDX53,4494
DDX54,96666
DDX55,44365
DDX56,83680
DDX59,56160
DDX6,152646
DDX60,3647
DDX60L,60792
DEAF1,54150
DECR1,78588
DECR2,10189
DEDD,83364
DEDD2,34000
DEF6,61425
DEF8,13237
DEFA3,361
DEFA4,1172
DEFA5,2275
DEFB1,7945
DEFB110,3150
DEFB112,3140
DEFB113,2874
DEFB114,2520
DEFB115,1361
DEFB118,5595
DEFB119,4300
DEFB121,2869
DEFB123,2737
DEFB124,522
DEFB125,1283
DEFB126,304
DEFB127,1351
DEFB128,1993
DEFB129,2536
DEFB131A,4881
DEFB131B,23
DEFB132,3262
DEFB134,923
DEFB135,1374
DEFB136,361
DEFB4B,479
DEGS1,61698
DEGS2,10939
DEK,692882
DELE1,53897
DENND10,4246
DENND11,30081
DENND1A,92573
DENND1B,90863
DENND1C,22249
DENND2A,28427
DENND2B,86419
DENND2C,46423
DENND2D,91644
DENND3,46227
DENND4A,74394
DENND4B,27323
DENND4C,69636
DENND5A,82313
DENND5B,13155
DENND6A,145582
DENND6B,9460
DENR,25239
DEPDC1,73745
DEPDC1B,32816
DEPDC4,10137
DEPDC5,3743
DEPDC7,12604
DEPP1,71419
DEPTOR,13058
DERA,52739
DERL1,34302
DERL2,89269
DERL3,29834
DES,21518
DESI1,87649
DESI2,55486
DET1,6311
DEUP1,13928
DEXI,26879
DFFA,76880
DFFB,8543
DGAT1,25335
DGAT2,34066
DGAT2L6,2256
DGCR2,61970
DGCR6,19535
DGCR8,22693
DGKA,152340
DGKB,5805
DGKD,43146
DGKE,48016
DGKG,5394
DGKH,67826
DGKI,1567
DGKK,1678
DGKQ,56341
DGKZ,54103
DGLUCY,72535
DGUOK,71469
DHCR24,524332
DHCR7,35061
DHDDS,35778
DHDH,15447
DHFR,179948
DHFR2,19757
DHH,8278
DHODH,6041
DHPS,1864
DHRS1,121615
DHRS11,17890
DHRS12,21572
DHRS13,47774
DHRS2,11957
DHRS3,58040
DHRS4,7643
DHRS7,77040
DHRS7B,22507
DHRS7C,867
DHRS9,7142
DHTKD1,48571
DHX15,112922
DHX16,48664
DHX29,35675
DHX30,89193
DHX32,58575
DHX33,17009
DHX34,20728
DHX35,34999
DHX36,82473
DHX37,27301
DHX38,32002
DHX40,107496
DHX57,14967
DHX58,25002
DHX8,107909
DHX9,66475
DIABLO,3741
DIAPH1,326347
DIAPH2,52430
DIAPH3,56350
DICER1,184767
DIDO1,182905
DIMT1,58449
DIO1,5163
DIO2,361587
DIO3,25901
DIP2A,64750
DIP2B,110222
DIP2C,28484
DIPK1A,24291
DIPK1B,8472
DIPK1C,4939
DIPK2A,128843
DIPK2B,6523
DIRAS1,10324
DIRAS2,246
DIRAS3,16014
DIS3,117670
DIS3L,47002
DIS3L2,76147
DISC1,4119
DISP1,11303
DISP2,4344
DISP3,10372
DIXDC1,30583
DKC1,109919
DKK1,35978
DKK2,14187
DKK3,264687
DKK4,4968
DKKL1,1105
DLAT,41225
DLC1,1630
DLD,31940
DLEC1,7186
DLEU7,8733
DLG1,386500
DLG2,12368
DLG3,162198
DLG4,15083
DLG5,135561
DLGAP1,4362
DLGAP2,5368
DLGAP3,1776
DLGAP4,38179
DLGAP5,48754
DLK1,3008
DLK2,6175
DLL1,54623
DLL3,7117
DLL4,9492
DLST,87490
DLX1,7542
DLX2,9625
DLX3,4814
DLX4,15734
DLX5,6935
DLX6,4566
DMAC1,3093
DMAC2,57589
DMAC2L,62245
DMAP1,41464
DMBT1,3021
DMBX1,4307
DMC1,14877
DMD,20427
DMGDH,6766
DMKN,22078
DMP1,3233
DMPK,46338
DMRT1,2461
DMRT2,4782
DMRT3,3833
DMRTA1,8938
DMRTA2,5913
DMRTB1,4666
DMRTC2,8772
DMTF1,164650
DMTN,17879
DMWD,27655
DMXL1,92268
DMXL2,23191
DNA2,29864
DNAAF1,2991
DNAAF10,26587
DNAAF11,14640
DNAAF2,41580
DNAAF3,4432
DNAAF4,15
DNAAF5,15446
DNAAF6,4664
DNAAF8,5702
DNAAF9,2230
DNAH1,16644
DNAH10,4338
DNAH11,5755
DNAH12,4312
DNAH14,19635
DNAH17,16061
DNAH3,2226
DNAH6,3864
DNAH7,7032
DNAH8,2816
DNAH9,10617
DNAI1,4517
DNAI2,1368
DNAI3,3051
DNAI4,37256
DNAI7,8008
DNAJA1,39237
DNAJA3,87637
DNAJA4,81367
DNAJB1,89697
DNAJB11,145684
DNAJB12,126544
DNAJB13,16781
DNAJB14,70727
DNAJB2,169446
DNAJB4,87531
DNAJB5,16114
DNAJB6,14141
DNAJB8,2586
DNAJB9,45611
DNAJC1,83668
DNAJC10,105739
DNAJC11,93580
DNAJC12,6603
DNAJC13,80137
DNAJC14,18828
DNAJC15,138941
DNAJC16,33184
DNAJC18,13024
DNAJC19,13517
DNAJC2,122271
DNAJC21,127652
DNAJC22,10122
DNAJC24,60368
DNAJC25,14685
DNAJC27,23313
DNAJC28,13127
DNAJC3,180830
DNAJC30,34682
DNAJC4,41863
DNAJC5,180031
DNAJC5B,3091
DNAJC5G,4921
DNAJC6,7141
DNAJC7,184786
DNAJC9,67996
DNAL1,24479
DNAL4,11500
DNALI1,4708
DNASE1,33519
DNASE1L1,60550
DNASE1L2,1572
DNASE1L3,15676
DNASE2,68467
DNASE2B,5357
DND1,4958
DNER,2448
DNHD1,6391
DNLZ,7152
DNM1,60535
DNM1L,53575
DNM2,36777
DNM3,7689
DNMBP,42151
DNMT1,278275
DNMT3A,100858
DNMT3B,16794
DNMT3L,333
DNPEP,89462
DNPH1,56879
DNTT,1811
DNTTIP1,36590
DNTTIP2,136002
DOC2A,10888
DOC2B,59634
DOCK1,57154
DOCK10,104306
DOCK11,103361
DOCK2,54109
DOCK3,4421
DOCK4,18807
DOCK5,92870
DOCK6,24428
DOCK7,43925
DOCK8,57850
DOCK9,256065
DOHH,8474
DOK1,38159
DOK2,13109
DOK3,13333
DOK4,6952
DOK5,3854
DOK6,7121
DOK7,5258
DOLK,16359
DOLPP1,12554
DONSON,75395
DOP1A,57494
DOP1B,55088
DOT1L,145078
DPAGT1,22811
DPCD,43220
DPEP1,227
DPEP2,8579
DPEP2NB,5075
DPEP3,3559
DPF1,5177
DPF2,26912
DPF3,4252
DPH1,29677
DPH2,41528
DPH3,52301
DPH5,33982
DPH6,45414
DPH7,26200
DPM1,195671
DPM2,45587
DPM3,10401
DPP10,2221
DPP3,8309
DPP4,10083
DPP6,3610
DPP7,33679
DPP8,64460
DPP9,27212
DPPA3,1098
DPPA4,1486
DPPA5,1970
DPRX,749
DPT,41217
DPY19L1,37936
DPY19L2,86046
DPY19L3,37902
DPY19L4,77202
DPY30,47640
DPYD,31094
DPYS,1226
DPYSL2,62006
DPYSL3,29298
DPYSL4,8428
DPYSL5,2334
DQX1,22066
DR1,343100
DRAM1,31293
DRAM2,55044
DRAP1,57109
DRAXIN,11612
DRC1,1366
DRC3,2610
DRC7,5330
DRD1,2200
DRD2,1428
DRD3,3285
DRD4,3850
DRD5,11172
DRG1,31717
DRG2,46184
DRGX,1520
DRICH1,8852
DROSHA,58482
DRP2,2151
DSC1,6229
DSC2,468330
DSC3,451320
DSCAM,914
DSCAML1,1502
DSCC1,23569
DSE,60270
DSEL,15310
DSG1,5637
DSG2,69925
DSG3,867086
DSG4,3556
DSN1,36955
DSP,2080863
DSPP,4256
DST,117280
DSTN,107570
DSTYK,37910
DTD1,44235
DTD2,42641
DTHD1,6638
DTL,4137
DTNA,5525
DTNB,28119
DTNBP1,66677
DTWD1,10072
DTWD2,34133
DTX1,8938
DTX3,17193
DTX3L,484057
DTX4,21372
DTYMK,26871
DUOX1,92628
DUOX2,58428
DUOXA1,180661
DUOXA2,81966
DUS1L,57068
DUS2,4424
DUS3L,23546
DUS4L,33557
DUSP1,64449
DUSP10,119893
DUSP11,120124
DUSP12,46503
DUSP13,9817
DUSP14,82470
DUSP15,7528
DUSP16,90150
DUSP18,15899
DUSP19,6897
DUSP2,35854
DUSP21,3246
DUSP22,149000
DUSP23,182204
DUSP26,5233
DUSP28,13566
DUSP29,2824
DUSP3,52038
DUSP4,58978
DUSP5,154380
DUSP6,82273
DUSP7,55717
DUSP8,24060
DUSP9,774
DUT,7517
DUX4,1051
DUXA,2079
DUXB,1820
DVL1,39369
DVL2,58704
DVL3,126839
DXO,21399
DYDC1,3258
DYDC2,3597
DYM,88020
DYNAP,3101
DYNC1H1,55850
DYNC1I1,6308
DYNC1LI1,43257
DYNC1LI2,43315
DYNC2H1,25053
DYNC2I1,47718
DYNC2I2,71326
DYNC2LI1,37415
DYNLL1,65511
DYNLL2,230432
DYNLRB1,35942
DYNLRB2,3284
DYNLT1,140566
DYNLT2,4332
DYNLT2B,25448
DYNLT3,407139
DYNLT4,4265
DYNLT5,2946
DYRK1A,260723
DYRK1B,21402
DYRK2,63241
DYRK3,9020
DYRK4,9969
DYSF,14966
DYTN,2719
DZANK1,5248
DZIP1,92609
DZIP1L,27756
DZIP3,39670
E2F1,167412
E2F2,41111
E2F3,24484
E2F4,56284
E2F5,5610
E2F6,46805
E2F7,19795
E2F8,61947
E4F1,17638
EAF1,21084
EAF2,30780
EAPP,53368
EARS2,37572
EBAG9,90635
EBF1,29153
EBF2,2118
EBF3,7202
EBF4,41899
EBI3,1762
EBLN2,51517
EBNA1BP2,36856
EBP,49191
EBPL,7666
ECD,23455
ECE1,271368
ECE2,13426
ECEL1,3204
ECH1,17207
ECHDC1,47012
ECHDC2,31464
ECHDC3,25364
ECHS1,210552
ECI1,118658
ECI2,34503
ECM1,328036
ECM2,39890
ECPAS,97424
ECRG4,10563
ECSCR,8162
ECSIT,57400
ECT2,116283
ECT2L,1141
EDA,10827
EDA2R,4384
EDAR,13751
EDARADD,17378
EDC3,37196
EDC4,25081
EDDM13,2642
EDDM3A,2389
EDDM3B,7656
EDEM1,95732
EDEM2,134214
EDEM3,105461
EDF1,24997
EDIL3,18860
EDN1,40680
EDN2,22347
EDN3,2637
EDNRA,53165
EDNRB,18054
EDRF1,5369
EEA1,194692
EED,54187
EEF1A2,5146
EEF1AKMT1,16737
EEF1AKMT2,77960
EEF1AKMT3,30876
EEF1AKMT4,20340
EEF1B2,32772
EEF1D,61453
EEF1E1,1128
EEF1G,8833
EEF2,45706
EEF2K,21118
EEF2KMT,13527
EEFSEC,39971
EEIG1,204261
EEIG2,31263
EEPD1,12045
EFCAB10,13129
EFCAB11,50409
EFCAB12,4049
EFCAB13,20841
EFCAB14,101200
EFCAB2,16437
EFCAB3,2963
EFCAB6,6581
EFCAB7,18525
EFCAB8,9148
EFCAB9,3608
EFCC1,1459
EFEMP1,4203
EFEMP2,18932
EFHB,4382
EFHC1,29639
EFHC2,17229
EFHD1,42223
EFHD2,108261
EFL1,30213
EFNA1,182335
EFNA2,2502
EFNA3,79469
EFNA4,13364
EFNA5,26260
EFNB1,90830
EFNB2,71525
EFNB3,3121
EFR3A,70519
EFR3B,4074
EFS,12982
EFTUD2,96174
EGF,5215
EGFL6,12615
EGFL7,38326
EGFL8,53543
EGFLAM,20455
EGFR,82851
EGLN1,39538
EGLN2,4616
EGLN3,48290
EGR1,279206
EGR2,28654
EGR3,32443
EGR4,1786
EHBP1,140612
EHBP1L1,572360
EHD1,22067
EHD2,38099
EHD3,50158
EHD4,187230
EHF,686362
EHHADH,24506
EHMT1,89397
EHMT2,43028
EI24,13361
EID1,312865
EID2,85285
EID2B,21742
EID3,51247
EIF1,167947
EIF1AD,52191
EIF1AY,118
EIF1B,187861
EIF2A,153742
EIF2AK1,48136
EIF2AK2,104173
EIF2AK3,86029
EIF2AK4,98237
EIF2B1,78895
EIF2B2,54180
EIF2B3,15677
EIF2B4,40634
EIF2B5,70686
EIF2D,19599
EIF2S1,180016
EIF2S3,160191
EIF3A,318096
EIF3B,133017
EIF3D,57346
EIF3E,35850
EIF3F,9977
EIF3G,63117
EIF3H,16690
EIF3I,24679
EIF3K,99918
EIF3L,64079
EIF3M,94074
EIF4A2,86713
EIF4A3,126238
EIF4E,77918
EIF4E1B,11780
EIF4E2,26664
EIF4E3,68780
EIF4EBP1,144334
EIF4EBP2,379397
EIF4EBP3,18605
EIF4ENIF1,41491
EIF4G1,279239
EIF4G2,842880
EIF4G3,9773
EIF4H,100045
EIF5,71782
EIF5A,11220
EIF5A2,36545
EIF5B,27499
EIF6,243390
EIPR1,5405
ELAC1,11888
ELAC2,46488
ELANE,3222
ELAPOR1,9190
ELAPOR2,11357
ELAVL1,95481
ELAVL2,21415
ELAVL3,4147
ELAVL4,1886
ELF1,187184
ELF2,197077
ELF3,21808
ELF4,68298
ELF5,12149
ELFN1,645
ELFN2,2964
ELK1,41287
ELK3,198280
ELK4,284856
ELL,19510
ELL2,103145
ELL3,33982
ELMO1,45152
ELMO2,33818
ELMO3,8944
ELMOD1,2014
ELMOD2,55177
ELMOD3,42544
ELN,50473
ELOA,84311
ELOA2,1985
ELOB,33907
ELOC,83100
ELOF1,57857
ELOVL1,94651
ELOVL2,3910
ELOVL3,3733
ELOVL4,12154
ELOVL5,69787
ELOVL6,27620
ELOVL7,19412
ELP1,20458
ELP2,72201
ELP3,33658
ELP4,40799
ELP5,47693
ELP6,42011
ELSPBP1,2478
EMB,47813
EMC1,53864
EMC10,148738
EMC2,103277
EMC3,44580
EMC4,66315
EMC6,20507
EMC7,87377
EMC8,35494
EMC9,47963
EMCN,10982
EMD,216084
EME1,6622
EME2,19216
EMG1,42594
EMID1,24320
EMILIN1,72333
EMILIN2,59957
EMILIN3,6707
EML1,17006
EML2,52505
EML4,42852
EML5,10356
EML6,6444
EMP1,667792
EMP2,401970
EMP3,36349
EMSY,85286
EMX1,2232
EMX2,58495
EN1,4955
EN2,9901
ENAH,16243
ENAM,1819
ENC1,56889
ENDOD1,39517
ENDOG,19077
ENDOU,3854
ENDOV,17818
ENG,71698
ENGASE,11368
ENHO,6436
ENKD1,4041
ENKUR,7698
ENO1,42624
ENO2,61135
ENO3,4337
ENO4,1956
ENOPH1,113510
ENOSF1,80823
ENOX1,10771
ENOX2,56567
ENPEP,5606
ENPP1,4163
ENPP2,43536
ENPP3,3598
ENPP4,9965
ENPP5,12508
ENPP6,4697
ENPP7,13
ENSA,120464
ENSG00000170846,37137
ENSG00000187186,292
ENSG00000188897,6074
ENSG00000226690,18404
ENSG00000236543,2378
ENSG00000250803,12213
ENSG00000268655,1255
ENSG00000283205,4272
ENSG00000283536,2913
ENSG00000283599,2675
ENSG00000284188,2049
ENSG00000284691,13305
ENSG00000284779,1128
ENSG00000284797,10438
ENSG00000284934,2851
ENSG00000285566,9510
ENSG00000285938,7293
ENTHD1,6439
ENTPD1,85252
ENTPD2,24232
ENTPD3,9128
ENTPD4,127937
ENTPD5,47673
ENTPD6,45149
ENTPD7,71579
ENTPD8,1995
ENTR1,71807
ENTREP1,3277
ENTREP2,4267
ENTREP3,27111
ENY2,12691
EOGT,64720
EOLA1,27514
EOLA2,53756
EOMES,25248
EP300,249255
EP400,66662
EPAS1,328093
EPB41,147895
EPB41L1,68104
EPB41L2,34520
EPB41L3,32607
EPB41L4A,90236
EPB41L4B,6535
EPB41L5,56909
EPB42,3667
EPC1,55377
EPC2,19391
EPCAM,61475
EPDR1,35751
EPG5,28913
EPGN,14048
EPHA1,34752
EPHA10,3618
EPHA2,427325
EPHA3,15649
EPHA4,29360
EPHA5,3665
EPHA6,2414
EPHA7,1847
EPHA8,2039
EPHB1,6304
EPHB2,30689
EPHB3,71762
EPHB4,164464
EPHB6,52410
EPHX1,13222
EPHX2,10171
EPHX3,145062
EPHX4,96
EPM2A,1771
EPM2AIP1,44684
EPN1,68978
EPN2,124792
EPN3,30257
EPO,1227
EPOP,12791
EPOR,16616
EPPIN,8957
EPPK1,144952
EPRS1,115178
EPS15,275084
EPS15L1,101069
EPS8,88997
EPS8L1,223272
EPS8L2,178029
EPS8L3,4132
EPSTI1,175035
EPX,3300
EPYC,4175
EQTN,7622
ERAL1,47581
ERAP1,101467
ERAP2,21256
ERAS,2487
ERBB2,11862
ERBB3,149605
ERBB4,2602
ERBIN,278693
ERC1,19812
ERC2,1128
ERCC1,100706
ERCC2,12151
ERCC3,91050
ERCC4,23852
ERCC5,56876
ERCC6,81131
ERCC6L,16947
ERCC6L2,97363
ERCC8,34785
EREG,11071
ERF,90467
ERFE,2921
ERFL,5459
ERG,16520
ERG28,20700
ERGIC1,81763
ERGIC2,173713
ERGIC3,141873
ERH,47408
ERI1,37242
ERI2,80754
ERI3,38433
ERICH1,27822
ERICH2,4170
ERICH3,972
ERICH4,1643
ERICH5,6496
ERICH6,7247
ERICH6B,4645
ERLEC1,82892
ERLIN1,116623
ERLIN2,17072
ERMAP,16318
ERMARD,28117
ERMN,10923
ERMP1,115117
ERN1,103327
ERN2,2080
ERO1A,711914
ERO1B,43444
ERP27,3452
ERP29,46533
ERP44,249196
ERRFI1,260891
ERV3-1,81251
ERVFRD-1,8946
ERVH48-1,19392
ERVK3-1,6891
ERVMER34-1,14930
ERVV-1,628
ERVV-2,1633
ERVW-1,5728
ESAM,13816
ESCO1,40664
ESCO2,33844
ESD,24437
ESF1,44468
ESM1,8714
ESPL1,42847
ESPNL,1856
ESR1,52145
ESR2,8920
ESRP1,176097
ESRP2,44716
ESRRA,28322
ESRRB,2447
ESRRG,2322
ESS2,29876
ESX1,903
ESYT1,153206
ESYT2,88329
ESYT3,11137
ETAA1,64243
ETDC,37
ETF1,4294
ETFA,66419
ETFBKMT,14231
ETFDH,66342
ETHE1,22211
ETNK1,57093
ETNK2,38630
ETNPPL,3375
ETS1,204986
ETS2,651074
ETV1,12994
ETV2,627
ETV3,34642
ETV3L,5295
ETV4,20100
ETV5,7611
ETV6,112241
ETV7,43105
EVA1A,6735
EVA1B,38175
EVA1C,176386
EVC,52130
EVC2,36143
EVI2A,110925
EVI2B,93754
EVI5,77146
EVI5L,20911
EVL,132430
EVPL,289178
EVPLL,60
EVX1,6284
EVX2,2534
EWSR1,47697
EXD1,4783
EXD2,17369
EXD3,11331
EXO1,19778
EXO5,9624
EXOC1,52194
EXOC1L,5023
EXOC2,64900
EXOC3,124291
EXOC3L1,3629
EXOC3L2,7984
EXOC3L4,4610
EXOC4,82345
EXOC5,121688
EXOC6,54088
EXOC6B,46756
EXOC7,108803
EXOC8,20639
EXOG,24328
EXOSC1,109409
EXOSC10,53966
EXOSC2,86772
EXOSC4,22568
EXOSC5,1172
EXOSC6,127657
EXOSC7,33417
EXOSC8,71066
EXOSC9,115872
EXPH5,23218
EXT1,15963
EXT2,147120
EXTL1,3742
EXTL2,22369
EXTL3,2220
EYA1,3044
EYA2,60338
EYA3,75655
EYA4,2868
EYS,3017
EZH1,46106
EZH2,121167
EZHIP,1837
EZR,624855
F10,8697
F11,3600
F12,19808
F13A1,84876
F13B,4655
F2,1735
F2R,28346
F2RL1,45007
F2RL2,6594
F2RL3,6732
F3,250986
F5,10322
F7,2057
F8,17420
F9,5182
FA2H,16314
FAAH,11806
FAAH2,29270
FAAP100,11999
FAAP20,13484
FAAP24,22599
FABP1,1332
FABP12,7208
FABP2,6314
FABP3,4302
FABP4,686804
FABP5,956570
FABP6,3021
FABP7,7169
FABP9,6738
FADD,24391
FADS1,76806
FADS2,45744
FADS3,14046
FADS6,6724
FAF1,161277
FAF2,42839
FAH,10792
FAHD1,103958
FAHD2A,32314
FAHD2B,33625
FAIM,127407
FAIM2,3793
FAM104A,62008
FAM104B,61693
FAM107A,13063
FAM107B,55748
FAM110A,17392
FAM110B,8949
FAM110C,65971
FAM110D,3045
FAM111A,175588
FAM111B,124489
FAM114A1,12645
FAM114A2,67301
FAM117A,42961
FAM117B,24376
FAM118A,61648
FAM118B,18273
FAM120A,14039
FAM120AOS,135424
FAM120B,89792
FAM120C,14694
FAM124A,11763
FAM124B,5368
FAM131A,68909
FAM131B,5372
FAM131C,10213
FAM133A,4008
FAM133B,60508
FAM135A,208218
FAM135B,1998
FAM136A,16023
FAM13A,20091
FAM13B,105468
FAM13C,1293
FAM149A,16833
FAM149B1,20611
FAM151A,1833
FAM151B,14764
FAM153A,27992
FAM161A,15383
FAM161B,12536
FAM162A,594410
FAM162B,10608
FAM163A,6589
FAM163B,6011
FAM166A,3114
FAM166B,4377
FAM166C,4156
FAM167A,8428
FAM167B,8151
FAM168A,61349
FAM168B,71994
FAM169A,18471
FAM170A,4540
FAM170B,1592
FAM171A1,15775
FAM171A2,7960
FAM171B,12448
FAM172A,56539
FAM174A,72366
FAM174B,9807
FAM174C,22254
FAM177A1,61940
FAM177B,7609
FAM178B,6476
FAM180A,6336
FAM180B,8006
FAM181A,1436
FAM181B,3455
FAM184A,29681
FAM185A,17924
FAM186A,4083
FAM186B,3901
FAM187B,8571
FAM193A,55182
FAM193B,111302
FAM199X,17878
FAM200A,14514
FAM200B,23653
FAM200C,15154
FAM204A,127481
FAM205A,3609
FAM205C,4099
FAM209A,2472
FAM209B,2570
FAM20A,49339
FAM20B,115719
FAM20C,47292
FAM210A,47918
FAM210B,83032
FAM216A,12841
FAM216B,6030
FAM217A,4100
FAM217B,34833
FAM219A,76316
FAM219B,53673
FAM221A,21050
FAM221B,9251
FAM222A,9104
FAM222B,20430
FAM227A,7807
FAM227B,12072
FAM228A,16193
FAM228B,31294
FAM229A,15690
FAM229B,19948
FAM234A,121306
FAM234B,2439
FAM237A,4930
FAM237B,2884
FAM240A,5602
FAM240B,4066
FAM240C,4668
FAM241A,20013
FAM241B,17133
FAM24A,5816
FAM24B,19740
FAM25A,1508
FAM32A,72509
FAM3A,59376
FAM3B,53601
FAM3C,156083
FAM3D,59625
FAM43A,30027
FAM43B,3156
FAM47A,1840
FAM47B,1230
FAM47C,2202
FAM47E,8921
FAM50A,166663
FAM50B,23843
FAM53A,8308
FAM53B,115503
FAM53C,99571
FAM72D,6594
FAM76A,50429
FAM76B,43461
FAM78A,11315
FAM78B,1899
FAM81A,22673
FAM81B,3259
FAM83A,27089
FAM83B,182701
FAM83C,170111
FAM83D,43269
FAM83E,4306
FAM83F,16307
FAM83G,9431
FAM83H,113269
FAM89A,36926
FAM89B,36645
FAM8A1,50393
FAM90A1,2894
FAM90A26,108
FAM90A7,461
FAM91A1,34842
FAM98A,72755
FAM98B,34877
FAM98C,3322
FAM9A,3302
FAM9B,5041
FAM9C,16339
FAN1,15850
FANCA,14704
FANCB,44351
FANCC,31707
FANCD2,24384
FANCD2OS,4833
FANCE,41878
FANCF,32923
FANCG,18484
FANCI,66310
FANCL,115050
FANCM,30556
FANK1,13656
FAP,27726
FAR1,121796
FAR2,4413
FARP1,119990
FARP2,22964
FARS2,34685
FARSA,67316
FARSB,60896
FAS,53136
FASLG,9408
FASN,51995
FASTK,9864
FASTKD1,29682
FASTKD2,45905
FASTKD3,20005
FASTKD5,33068
FAT1,33588
FAT2,295714
FAT3,2556
FAT4,18662
FATE1,2877
FAXC,13709
FAXDC2,23012
FBF1,21043
FBH1,135738
FBL,91062
FBLIM1,53258
FBLL1,219
FBLN1,36824
FBLN2,30809
FBLN5,27009
FBLN7,31028
FBN1,131640
FBN2,3096
FBN3,2755
FBP1,18395
FBP2,3743
FBRS,141175
FBRSL1,37385
FBXL12,26002
FBXL13,8761
FBXL15,2049
FBXL16,16242
FBXL17,25191
FBXL18,12372
FBXL19,76562
FBXL2,5320
FBXL20,17952
FBXL22,14599
FBXL3,204114
FBXL4,73676
FBXL5,134863
FBXL6,28877
FBXL7,13694
FBXL8,14827
FBXO10,4623
FBXO11,94116
FBXO15,3713
FBXO16,3531
FBXO17,9252
FBXO2,750
FBXO21,46029
FBXO22,68627
FBXO24,7430
FBXO25,39910
FBXO27,13535
FBXO28,96720
FBXO3,8751
FBXO30,60573
FBXO31,11957
FBXO32,91159
FBXO33,27380
FBXO34,160253
FBXO36,9973
FBXO38,64154
FBXO39,6143
FBXO4,18207
FBXO40,5440
FBXO41,12335
FBXO42,52005
FBXO43,5785
FBXO44,34891
FBXO45,108230
FBXO46,57426
FBXO47,5025
FBXO48,22287
FBXO5,91008
FBXO6,16634
FBXO7,126610
FBXO8,23100
FBXO9,124151
FBXW10,2295
FBXW10B,30740
FBXW11,34180
FBXW12,2626
FBXW2,62506
FBXW4,24535
FBXW5,177835
FBXW7,57445
FBXW8,24515
FBXW9,12571
FCAMR,6367
FCAR,5624
FCER1A,36779
FCER1G,124401
FCER2,6070
FCF1,33113
FCGBP,8363
FCGR1A,25935
FCGR2A,185103
FCGR2B,5298
FCGR3A,41787
FCGR3B,10958
FCGRT,109385
FCHO1,11211
FCHO2,173757
FCHSD1,19704
FCHSD2,152617
FCMR,52867
FCN1,9726
FCN2,1153
FCN3,10174
FCRL1,11468
FCRL2,12405
FCRL3,20269
FCRL4,1928
FCRL5,12370
FCRL6,4586
FCRLA,9012
FCRLB,5036
FCSK,16985
FDCSP,795343
FDFT1,84096
FDPS,53582
FDX1,15182
FDX2,11435
FDXACB1,5191
FDXR,16643
FECH,35735
FEM1A,73244
FEM1B,144942
FEM1C,101012
FEN1,44216
FER,36083
FER1L5,7116
FER1L6,891
FERD3L,858
FERMT1,41811
FERMT2,22511
FERMT3,37985
FES,18308
FETUB,8252
FEV,2687
FEZ1,6909
FEZ2,34633
FEZF1,2643
FEZF2,715
FFAR1,6503
FFAR2,11430
FFAR3,764
FFAR4,7820
FGA,2517
FGB,3826
FGD1,42189
FGD2,25978
FGD3,42234
FGD4,78913
FGD5,11714
FGD6,98432
FGF1,9432
FGF10,3149
FGF12,3553
FGF13,7066
FGF14,3206
FGF16,3281
FGF17,3009
FGF18,10380
FGF19,2745
FGF2,11139
FGF20,3349
FGF21,3825
FGF22,4909
FGF23,2228
FGF3,535
FGF4,4931
FGF5,2499
FGF6,94
FGF7,53734
FGF8,1931
FGF9,7090
FGFBP1,102409
FGFBP2,5783
FGFBP3,10447
FGFR1,85822
FGFR1OP2,102970
FGFR2,44275
FGFR3,277993
FGFR4,5393
FGFRL1,46692
FGG,2640
FGGY,5854
FGL1,4199
FGL2,120759
FGR,11809
FH,101625
FHAD1,12745
FHDC1,21797
FHIP1A,46782
FHIP1B,10101
FHIP2A,57867
FHIP2B,36989
FHIT,8511
FHL1,50740
FHL2,101481
FHL3,19375
FHL5,7610
FHOD1,19465
FHOD3,25981
FIBCD1,4061
FIBIN,23273
FIBP,111192
FICD,19249
FIG4,20896
FIGLA,770
FIGN,5286
FIGNL1,38791
FIGNL2,7481
FILIP1,8060
FILIP1L,136888
FIP1L1,141390
FIS1,145363
FITM2,13622
FIZ1,16036
FJX1,6096
FKBP10,2401
FKBP11,34465
FKBP14,51031
FKBP15,15697
FKBP1A,91360
FKBP1B,4746
FKBP1C,2133
FKBP3,24644
FKBP4,17917
FKBP5,308837
FKBP6,4569
FKBP7,20711
FKBP8,9725
FKBP9,19508
FKBPL,15544
FKRP,19003
FKTN,4686
FLACC1,4530
FLAD1,62479
FLCN,35089
FLG,58857
FLG2,3582
FLI1,56150
FLII,97745
FLNA,231071
FLNB,404337
FLNC,2628
FLOT1,108921
FLOT2,165873
FLRT1,6731
FLRT2,15925
FLRT3,2681
FLT1,38642
FLT3,9492
FLT3LG,9021
FLT4,13358
FLVCR1,28666
FLVCR2,4401
FLYWCH2,23248
FMC1,7128
FMN1,85039
FMN2,6657
FMNL1,76781
FMNL2,29528
FMNL3,10608
FMO1,16027
FMO2,10406
FMO3,9078
FMO4,14060
FMO5,7219
FMOD,54965
FMR1,395464
FMR1NB,5197
FN1,73819
FN3K,16605
FN3KRP,67122
FNBP1,79978
FNBP1L,84727
FNBP4,109857
FNDC1,41381
FNDC10,9509
FNDC11,2419
FNDC3A,149357
FNDC3B,231684
FNDC4,10922
FNDC5,8161
FNDC7,4659
FNDC8,3882
FNDC9,6745
FNIP1,77916
FNIP2,71047
FNTA,29223
FNTB,11694
FOCAD,33028
FOLH1,13627
FOLR1,1489
FOLR2,10941
FOLR3,10342
FOS,103868
FOSB,10723
FOSL1,16888
FOSL2,561434
FOXA1,59273
FOXA2,1310
FOXA3,3586
FOXB1,6632
FOXB2,923
FOXC1,28279
FOXC2,5771
FOXD1,16257
FOXD2,4525
FOXD3,2716
FOXD4,2277
FOXD4L1,4255
FOXD4L5,22431
FOXE1,308122
FOXE3,4026
FOXF1,19016
FOXF2,10983
FOXG1,3721
FOXH1,3512
FOXI1,4177
FOXI2,5357
FOXI3,572
FOXJ1,3876
FOXJ2,57836
FOXJ3,94372
FOXK1,42474
FOXK2,39215
FOXL1,7460
FOXL2,26039
FOXL2NB,16439
FOXL3,1246
FOXM1,59169
FOXN1,26491
FOXN2,62610
FOXN3,130946
FOXN4,4823
FOXO3,16183
FOXO4,24093
FOXO6,17346
FOXP1,23854
FOXP2,7873
FOXP3,24382
FOXP4,43034
FOXQ1,96040
FOXR1,1688
FOXR2,3478
FOXRED1,15759
FOXRED2,53800
FOXS1,15654
FPGS,69926
FPGT,33176
FPR1,21953
FPR2,2561
FPR3,35411
FRA10AC1,98583
FRAS1,6576
FRAT1,31743
FRAT2,39075
FREM1,8520
FREM2,1036
FREM3,1636
FREY1,5358
FRG1,23118
FRG2,755
FRG2B,562
FRG2C,549
FRK,53230
FRMD1,5262
FRMD3,5845
FRMD4A,19147
FRMD4B,83956
FRMD5,1961
FRMD6,313515
FRMD7,2398
FRMD8,25435
FRMPD1,3857
FRMPD2,4310
FRMPD3,9571
FRMPD4,5420
FRRS1,45150
FRRS1L,3477
FRS2,63756
FRS3,9180
FRY,28267
FRYL,88886
FRZB,51414
FSBP,5964
FSCB,2155
FSCN1,296155
FSCN3,1406
FSD1,5235
FSD1L,8379
FSD2,4457
FSHB,2507
FSHR,1915
FSIP1,4107
FSIP2,2688
FST,67664
FSTL1,152442
FSTL3,10105
FSTL4,10698
FSTL5,2576
FTCD,4801
FTCDNL1,11279
FTH1,293995
FTHL17,435
FTL,71626
FTMT,2445
FTO,80792
FTSJ1,73053
FTSJ3,80993
FUBP1,182296
FUBP3,54171
FUCA1,106793
FUCA2,76222
FUNDC1,89266
FUNDC2,35463
FUOM,9301
FURIN,129380
FUS,577880
FUT1,15449
FUT10,23585
FUT11,52464
FUT2,24918
FUT3,22709
FUT4,5738
FUT6,9212
FUT7,4237
FUT8,33893
FUT9,3196
FUZ,29394
FXN,26891
FXR1,84924
FXR2,54685
FXYD1,3952
FXYD3,90714
FXYD4,2774
FXYD5,96683
FXYD6,51507
FXYD7,2393
FYB1,60798
FYB2,8971
FYCO1,44981
FYN,107351
FYTTD1,177265
FZD1,56801
FZD10,20296
FZD2,3342
FZD3,3677
FZD4,13126
FZD5,28056
FZD6,95304
FZD7,4143
FZD8,9873
FZD9,1236
FZR1,80742
G0S2,6680
G2E3,8054
G3BP1,44419
G3BP2,38561
G6PC1,3189
G6PC2,3234
G6PC3,25320
G6PD,120401
GAA,67316
GAB1,24700
GAB2,5243
GAB3,24998
GAB4,2826
GABARAP,13176
GABARAPL1,52282
GABBR1,71694
GABBR2,4557
GABPA,30242
GABPB2,79627
GABRA1,1965
GABRA2,6718
GABRA3,4984
GABRA4,2604
GABRA5,2161
GABRA6,3288
GABRB1,2459
GABRB2,5844
GABRB3,18130
GABRD,2263
GABRE,92890
GABRG1,2613
GABRG2,2966
GABRG3,7406
GABRP,156915
GABRQ,54160
GABRR1,4266
GABRR2,1606
GABRR3,4733
GAD1,19759
GAD2,3681
GADD45A,17799
GADD45B,20721
GADD45G,18926
GADL1,3502
GAGE1,2689
GAK,175112
GAL,1702
GAL3ST1,3870
GAL3ST3,6850
GAL3ST4,24209
GALC,62798
GALE,39680
GALK1,25777
GALK2,41331
GALM,19050
GALNS,11828
GALNT1,210586
GALNT10,47381
GALNT11,48282
GALNT12,28143
GALNT13,2943
GALNT14,16753
GALNT15,5021
GALNT16,14010
GALNT17,5301
GALNT18,29086
GALNT2,63634
GALNT3,104485
GALNT5,13675
GALNT6,12301
GALNT7,49983
GALNT8,5126
GALNT9,5260
GALNTL5,5385
GALNTL6,2924
GALP,2955
GALR1,3590
GALR2,1179
GALR3,2683
GALT,114630
GAMT,11735
GAN,33605
GANAB,183019
GANC,28132
GAP43,2330
GAPDH,124221
GAPDHS,2850
GAPT,14321
GAPVD1,62509
GAR1,23168
GAREM1,25321
GAREM2,33810
GARIN1A,4620
GARIN1B,3415
GARIN2,3141
GARIN3,5154
GARIN4,1399
GARIN5A,4332
GARIN5B,759
GARIN6,2008
GARNL3,19465
GARRE1,67737
GARS1,215980
GART,180603
GAS1,41247
GAS2,6066
GAS2L1,6212
GAS2L3,13381
GAS6,213606
GAS7,81675
GAS8,21467
GASK1A,1568
GASK1B,48634
GAST,1603
GATA1,3590
GATA2,30408
GATA3,20849
GATA4,2011
GATA5,3799
GATA6,26978
GATAD1,86676
GATAD2A,226182
GATAD2B,104306
GATB,22012
GATC,68648
GATD1,40303
GATD3,23051
GATM,37507
GBA1,17674
GBA2,33602
GBE1,26999
GBF1,53794
GBGT1,29128
GBP1,203992
GBP2,218860
GBP3,87151
GBP4,99760
GBP5,141913
GBP6,269265
GBP7,6383
GBX1,21542
GBX2,8516
GC,1500
GCA,29737
GCAT,25729
GCC1,23311
GCC2,111284
GCDH,23520
GCFC2,75854
GCG,3045
GCGR,4169
GCH1,82937
GCHFR,25494
GCK,7400
GCKR,4461
GCLC,93569
GCLM,28535
GCM1,5029
GCM2,3005
GCN1,148426
GCNA,10680
GCNT1,17579
GCNT2,4914
GCNT3,45952
GCNT4,21659
GCNT7,2553
GCOM1,39077
GCSAM,22217
GCSAML,4536
GCSH,12518
GDA,3730
GDAP1,16856
GDAP1L1,3278
GDAP2,64823
GDE1,83971
GDF10,3206
GDF11,4694
GDF15,94942
GDF2,2817
GDF3,596
GDF5,3119
GDF6,2186
GDF7,19112
GDF9,7451
GDI1,169913
GDI2,8186
GDNF,2299
GDPD1,7264
GDPD2,5568
GDPD3,44069
GDPD4,3643
GDPD5,6285
GDPGP1,19152
GEM,85879
GEMIN2,28947
GEMIN4,36903
GEMIN5,48038
GEMIN6,45283
GEMIN7,33218
GEMIN8,18527
GEN1,45796
GET1,36265
GET3,74008
GFAP,3894
GFER,19659
GFI1,15883
GFI1B,6315
GFM1,80873
GFM2,51183
GFOD1,138204
GFOD2,49027
GFPT1,40815
GFPT2,20639
GFRA1,6808
GFRA2,13088
GFRA3,5756
GFRA4,1389
GFRAL,2653
GFUS,105842
GFY,3864
GGA1,52319
GGA2,126808
GGA3,75934
GGACT,12930
GGCT,52541
GGCX,44873
GGH,82627
GGN,781
GGNBP2,201872
GGPS1,64500
GGT1,12560
GGT5,6953
GGT6,55405
GGT7,58078
GGTLC1,1716
GGTLC2,60233
GH1,3182
GH2,5954
GHDC,27593
GHITM,368480
GHR,10715
GHRH,1066
GHRHR,5807
GHRL,3205
GHSR,4065
GID4,40687
GID8,159549
GIGYF1,130864
GIGYF2,107838
GIMAP1,6613
GIMAP2,60557
GIMAP4,165696
GIMAP5,1869
GIMAP6,22901
GIMAP7,152928
GIMAP8,34261
GIMD1,5748
GIN1,16145
GINM1,143702
GINS1,69078
GINS2,35790
GINS3,17495
GINS4,51314
GIP,1740
GIPC1,82174
GIPC2,12164
GIPC3,8123
GIPR,26030
GIT1,68505
GIT2,55908
GJA1,19970
GJA10,4933
GJA3,7866
GJA4,5294
GJA5,8261
GJA8,2008
GJA9,3910
GJB1,2166
GJB2,46424
GJB3,83942
GJB4,31586
GJB5,54960
GJB6,49214
GJB7,5785
GJC1,21142
GJC2,1230
GJC3,2496
GJD2,1559
GJD3,14101
GJD4,695
GJE1,4973
GK,30225
GK2,3685
GK3,1170
GK5,85749
GKAP1,46775
GKN1,922
GKN2,4144
GLA,82273
GLB1,54441
GLB1L,10968
GLB1L2,15003
GLB1L3,4865
GLCCI1,34167
GLCE,30951
GLDC,8005
GLDN,2964
GLE1,43324
GLG1,32740
GLI1,6326
GLI2,8781
GLI3,37728
GLI4,17025
GLIPR1,89732
GLIPR1L1,5815
GLIPR1L2,12307
GLIPR2,25932
GLIS1,5579
GLIS2,40915
GLIS3,20921
GLMN,40092
GLMP,56110
GLOD4,85840
GLOD5,3230
GLP1R,2708
GLP2R,2370
GLRA1,3024
GLRA2,2889
GLRA3,5743
GLRB,3074
GLRX,2629
GLRX2,33991
GLRX3,57258
GLRX5,39269
GLS,115672
GLS2,8234
GLT1D1,6747
GLT6D1,2078
GLT8D1,25030
GLT8D2,41514
GLTP,140875
GLTPD2,2206
GLUD1,240646
GLUD2,4206
GLUL,5533
GLYAT,2972
GLYATL1,2322
GLYATL1B,512
GLYATL2,1489
GLYATL3,2981
GLYCTK,15996
GLYR1,63159
GM2A,446188
GMCL1,52288
GMCL2,6980
GMDS,37582
GMEB1,60488
GMEB2,35619
GMFB,79387
GMFG,64962
GMIP,32038
GML,4213
GMNC,5716
GMNN,74505
GMPPA,44104
GMPPB,73033
GMPR,10591
GMPR2,89616
GMPS,283621
GNA11,47610
GNA12,36508
GNA13,236660
GNA14,14832
GNA15,109948
GNAI1,55848
GNAI2,124570
GNAI3,128666
GNAL,23457
GNAO1,15221
GNAQ,52511
GNAS,712070
GNAT1,3271
GNAT2,4699
GNAT3,5166
GNAZ,17190
GNB1,270235
GNB1L,12872
GNB2,105406
GNB3,5667
GNB4,115988
GNB5,79545
GNE,28904
GNG11,3774
GNG12,420272
GNG13,1272
GNG14,1905
GNG2,32536
GNG3,9944
GNG4,4508
GNG5,51978
GNG7,16229
GNGT1,4419
GNGT2,20644
GNL1,92724
GNL2,123544
GNL3,50031
GNL3L,78052
GNLY,6695
GNMT,11843
GNPAT,55762
GNPDA1,39600
GNPDA2,42243
GNPTAB,53268
GNPTG,61270
GNRH1,20178
GNRH2,1644
GNRHR,3880
GNS,78465
GOLGA1,89960
GOLGA2,134846
GOLGA3,165039
GOLGA4,69309
GOLGA5,70713
GOLGA6D,19802
GOLGA6L2,1245
GOLGA6L22,3144
GOLGA6L4,62725
GOLGA6L6,7990
GOLGA6L7,443
GOLGA7,146572
GOLGA7B,10780
GOLGA8A,114395
GOLGA8B,25789
GOLGA8K,34916
GOLGA8Q,6905
GOLGA8R,21128
GOLGB1,246185
GOLIM4,228950
GOLM1,51487
GOLM2,97675
GOLPH3,149671
GOLPH3L,34135
GOLT1A,6041
GOLT1B,90271
GON4L,95673
GON7,29824
GOPC,63999
GORAB,29715
GORASP1,42285
GORASP2,136789
GOSR1,105075
GOSR2,157342
GOT1,77160
GOT1L1,4102
GOT2,1073
GP1BA,6774
GP1BB,2688
GP2,1215
GP5,12141
GP6,4233
GP9,3394
GPA33,6953
GPAA1,47697
GPALPP1,63543
GPAM,18816
GPANK1,70414
GPAT2,2255
GPAT3,13146
GPAT4,50599
GPATCH1,22638
GPATCH11,76932
GPATCH2,8753
GPATCH2L,118759
GPATCH3,12717
GPATCH4,24189
GPATCH8,145904
GPBAR1,10319
GPBP1,393583
GPBP1L1,184289
GPC1,100968
GPC2,37966
GPC3,1633
GPC4,31008
GPC5,4236
GPC6,9923
GPCPD1,77522
GPD1,3808
GPD1L,49161
GPD2,101273
GPER1,6331
GPHA2,1621
GPHB5,1380
GPHN,27336
GPI,116207
GPIHBP1,2792
GPKOW,55874
GPLD1,12550
GPM6A,890
GPM6B,39048
GPN1,99405
GPN2,20995
GPN3,51990
GPNMB,1070
GPR101,3396
GPR107,107104
GPR108,54613
GPR119,3231
GPR12,3118
GPR132,7136
GPR135,3832
GPR137,54940
GPR137B,34039
GPR137C,15690
GPR139,2893
GPR141,7779
GPR142,4641
GPR143,5182
GPR146,4111
GPR148,3274
GPR149,8538
GPR15,15965
GPR150,8356
GPR151,6196
GPR152,1458
GPR153,62080
GPR155,13346
GPR156,12548
GPR157,36312
GPR158,2388
GPR15LG,12269
GPR160,25109
GPR161,31196
GPR162,3202
GPR17,4973
GPR171,31595
GPR173,15797
GPR174,10460
GPR176,18571
GPR179,6401
GPR18,14669
GPR180,15454
GPR182,3713
GPR183,121912
GPR19,3459
GPR20,2641
GPR22,4241
GPR26,3068
GPR27,9650
GPR3,17489
GPR31,5645
GPR32,1831
GPR33,5328
GPR34,54524
GPR35,5341
GPR37,2644
GPR37L1,9452
GPR39,3406
GPR4,10737
GPR42,1727
GPR45,2985
GPR55,3014
GPR6,1289
GPR61,6879
GPR62,912
GPR63,349
GPR65,35481
GPR68,17173
GPR75,6583
GPR78,3472
GPR82,11124
GPR83,397
GPR84,8108
GPR85,3830
GPR87,91236
GPR88,8103
GPR89A,58437
GPRASP1,39254
GPRASP2,37101
GPRC5A,25496
GPRC5B,20668
GPRC5C,14182
GPRC5D,3801
GPRC6A,2300
GPRIN1,10754
GPRIN2,5015
GPRIN3,41500
GPS1,59513
GPS2,164119
GPSM1,18891
GPSM2,124702
GPSM3,133246
GPT,1240
GPT2,5191
GPX1,48941
GPX2,1273
GPX3,5633
GPX4,103643
GPX5,2192
GPX6,1868
GPX7,38911
GPX8,18053
GRAMD1A,90105
GRAMD1B,19497
GRAMD1C,59712
GRAMD2A,6815
GRAMD2B,67957
GRAMD4,66309
GRAP,18017
GRAP2,26827
GRB10,38618
GRB14,1043
GRB2,217408
GRB7,115045
GREB1,22742
GREB1L,8898
GREM1,163060
GREM2,4597
GRHL1,188840
GRHL2,141384
GRHL3,105738
GRHPR,140398
GRIA1,2571
GRIA2,4563
GRIA3,5030
GRIA4,2933
GRID1,11457
GRID2,3312
GRID2IP,4398
GRIFIN,5814
GRIK1,3474
GRIK2,2526
GRIK3,1911
GRIK4,7323
GRIK5,4106
GRIN1,1181
GRIN2A,8594
GRIN2B,986
GRIN2C,4432
GRIN2D,1096
GRIN3A,5500
GRIN3B,2320
GRINA,113604
GRIP1,6333
GRIP2,4054
GRIPAP1,117455
GRK1,1737
GRK2,294907
GRK3,11939
GRK4,21057
GRK5,86167
GRK6,111356
GRK7,4440
GRM1,1866
GRM2,940
GRM3,3108
GRM4,2639
GRM5,1906
GRM6,1412
GRM7,4748
GRM8,3352
GRN,680095
GRP,9123
GRPEL1,65793
GRPEL2,50877
GRPR,6341
GRSF1,155263
GRTP1,32221
GRWD1,37652
GRXCR1,2264
GRXCR2,9400
GSAP,40668
GSC,6769
GSC2,995
GSDMA,7403
GSDMB,40125
GSDMC,54721
GSDMD,170435
GSDME,19851
GSE1,14890
GSG1,4580
GSG1L,7139
GSG1L2,1791
GSK3A,50123
GSK3B,234250
GSKIP,117741
GSN,62031
GSPT1,60478
GSPT2,23939
GSR,128959
GSS,124210
GSTA2,995
GSTA3,444
GSTA4,21060
GSTA5,2275
GSTCD,48135
GSTK1,94137
GSTM1,46
GSTM2,20091
GSTM3,9525
GSTM4,11674
GSTM5,5599
GSTO1,236721
GSTO2,38403
GSTP1,82688
GSTT4,2437
GSTZ1,17725
GSX1,3128
GSX2,2998
GTDC1,22344
GTF2A1,51843
GTF2A1L,1058
GTF2A2,14780
GTF2B,90283
GTF2E1,33999
GTF2E2,59624
GTF2F1,52783
GTF2H1,143367
GTF2H2C,5311
GTF2H3,72367
GTF2H4,32543
GTF2H5,45217
GTF2I,324006
GTF2IRD1,46757
GTF2IRD2,82360
GTF3C1,172179
GTF3C2,59655
GTF3C3,18847
GTF3C4,25381
GTF3C5,38918
GTF3C6,2750
GTPBP1,83126
GTPBP10,26446
GTPBP2,135195
GTPBP3,17913
GTPBP4,86264
GTPBP8,84487
GTSE1,40238
GTSF1,2735
GTSF1L,5296
GUCA1A,2843
GUCA1B,8408
GUCA1C,2077
GUCA2A,2139
GUCA2B,580
GUCD1,116954
GUCY1A1,31452
GUCY1A2,42076
GUCY1B1,1966
GUCY2C,6833
GUCY2F,3148
GUF1,38661
GUK1,28890
GULP1,19680
GUSB,164763
GVQW3,14537
GXYLT1,28361
GXYLT2,47350
GYG2,5027
GYPA,7230
GYPB,812
GYPC,38134
GYPE,4911
GYS1,62059
GYS2,68
GZF1,16479
GZMA,13619
GZMB,30371
GZMH,10271
GZMK,87964
GZMM,3485
H1-0,389338
H1-1,6696
H1-10,118651
H1-2,28051
H1-4,751333
H1-5,1100345
H1-7,2148
H1-8,2161
H2AC1,428
H2AC11,13430
H2AC13,3975
H2AC6,105143
H2AC8,244980
H2AJ,25115
H2AL3,2428
H2AP,3632
H2AX,5468
H2AZ1,80745
H2AZ2,618493
H2BC14,14805
H2BC15,39930
H2BC21,48181
H2BC26,17555
H2BC3,5856
H2BC8,13464
H2BC9,117397
H2BK1,2811
H2BW1,1122
H2BW2,6477
H3-3A,100764
H3-4,526
H3C10,76044
H3C11,67863
H3C12,117024
H3C2,439318
H3C6,7268
H3C8,24883
H3Y1,2432
H3Y2,1580
H4C16,12748
H4C2,90288
H4C3,117910
H4C5,29171
H4C7,6362
H4C9,3697
H6PD,139184
HAAO,7654
HABP2,2660
HABP4,52362
HACD1,15462
HACD2,120731
HACD3,4917
HACD4,46943
HACE1,38471
HACL1,17512
HADH,35974
HADHA,88578
HADHB,28763
HAGH,75667
HAL,953
HAMP,762
HAND1,3114
HAND2,33381
HAO1,1038
HAO2,1518
HAP1,7229
HAPLN1,3775
HAPLN2,3653
HAPLN3,60034
HAPLN4,3630
HAPSTR1,372923
HARBI1,10487
HARS1,90052
HARS2,50908
HAS1,951
HAS2,4388
HAS3,47988
HASPIN,27379
HAT1,125892
HAUS1,25962
HAUS2,71917
HAUS3,42441
HAUS4,22179
HAUS5,109694
HAUS6,45352
HAUS7,12875
HAUS8,45243
HAVCR1,4056
HAVCR2,28936
HAX1,51014
HBB,2969
HBD,1744
HBE1,2553
HBEGF,107185
HBG1,673
HBG2,1406
HBM,3250
HBP1,100730
HBS1L,111011
HBZ,3144
HCAR1,8060
HCAR2,7822
HCAR3,1616
HCCS,57618
HCFC1,118176
HCFC1R1,75785
HCFC2,21838
HCK,24874
HCLS1,122089
HCN1,2861
HCN2,2302
HCN3,8983
HCN4,1900
HCRT,823
HCRTR1,2403
HCRTR2,4482
HCST,18318
HDAC1,149426
HDAC11,24238
HDAC2,138499
HDAC3,60877
HDAC4,49402
HDAC5,18971
HDAC6,149463
HDAC7,18237
HDAC8,71667
HDAC9,6894
HDC,7662
HDDC2,69786
HDDC3,32847
HDGF,91083
HDGFL1,2550
HDGFL2,89808
HDGFL3,183202
HDHD2,90322
HDHD3,2866
HDHD5,26813
HDX,9086
HEATR1,49272
HEATR3,58384
HEATR4,2545
HEATR5A,28325
HEATR5B,63657
HEATR6,36644
HEATR9,6198
HEBP1,57775
HEBP2,275332
HECA,173285
HECTD1,127531
HECTD2,32871
HECTD3,34561
HECTD4,72022
HECW1,4667
HECW2,18397
HEG1,53625
HELB,25002
HELLS,95425
HELQ,38872
HELT,3016
HELZ,155681
HELZ2,66667
HEMGN,2441
HEMK1,19950
HENMT1,32084
HEPACAM,982
HEPACAM2,5852
HEPH,25311
HEPHL1,51676
HEPN1,2774
HERC1,79976
HERC2,44146
HERC3,68099
HERC4,107579
HERC5,41457
HERC6,71024
HERPUD1,118850
HERPUD2,70812
HES1,43356
HES2,100073
HES3,1205
HES4,61950
HES5,1088
HES6,7478
HES7,6403
HESX1,7334
HEXA,49256
HEXB,91207
HEXD,73188
HEXIM1,101100
HEXIM2,8008
HEY1,29788
HEY2,8807
HEYL,31187
HFE,13825
HFM1,10085
HGD,2076
HGF,9084
HGFAC,852
HGH1,10489
HGS,60120
HGSNAT,71602
HHAT,27579
HHATL,2161
HHEX,23378
HHIP,3503
HHIPL1,5641
HHIPL2,3371
HHLA1,2634
HHLA2,5122
HIBADH,61576
HIBCH,47970
HIC1,7480
HIC2,9039
HID1,12687
HIF1A,67050
HIF1AN,79051
HIF3A,5907
HIGD1A,195000
HIGD1B,5158
HIGD1C,764
HIGD2A,56944
HIGD2B,7386
HIKESHI,3354
HILPDA,96157
HINFP,19627
HINT1,10630
HINT2,14914
HINT3,48139
HIP1,47961
HIP1R,35848
HIPK1,115499
HIPK2,101168
HIPK3,534423
HIPK4,3830
HIRA,19240
HIRIP3,86768
HIVEP2,73786
HIVEP3,38152
HJURP,58206
HJV,10277
HK1,145418
HK2,36869
HK3,1148
HKDC1,2264
HLA-A,31869
HLA-B,272346
HLA-C,14539
HLA-DMA,2559
HLA-DMB,36220
HLA-DOB,18975
HLA-DPA1,23722
HLA-DPB1,52212
HLA-DQA1,21242
HLA-DQA2,2389
HLA-DQB1,25429
HLA-DQB2,69996
HLA-DRA,97937
HLA-DRB1,40304
HLA-DRB5,69015
HLA-E,240406
HLA-F,63726
HLA-G,991
HLCS,67534
HLF,31353
HLTF,103528
HLX,5852
HM13,415186
HMBOX1,54198
HMBS,21705
HMCES,128559
HMCN1,34785
HMCN2,21702
HMG20A,46775
HMG20B,120857
HMGA1,148636
HMGA2,9440
HMGB1,425221
HMGB2,214814
HMGB3,84544
HMGB4,1808
HMGCL,57749
HMGCLL1,2881
HMGCR,184763
HMGCS1,36214
HMGCS2,1363
HMGN1,159468
HMGN2,37612
HMGN3,98518
HMGN4,133843
HMGN5,83179
HMGXB3,69830
HMGXB4,62592
HMHB1,3640
HMMR,33857
HMOX1,81234
HMOX2,122467
HMSD,4729
HMX1,779
HMX2,23867
HMX3,29455
HNF1A,7956
HNF1B,2363
HNF4A,3379
HNF4G,4676
HNMT,36158
HNRNPA0,36129
HNRNPA1,2024
HNRNPA2B1,512566
HNRNPAB,35506
HNRNPC,115810
HNRNPCL3,3044
HNRNPD,253025
HNRNPF,780060
HNRNPH2,306588
HNRNPH3,70691
HNRNPK,40774
HNRNPL,40374
HNRNPLL,34370
HNRNPM,268945
HNRNPR,9447
HNRNPU,488721
HNRNPUL1,384897
HNRNPUL2,52846
HOATZ,5558
HOGA1,4194
HOMER1,20996
HOMER2,52405
HOMER3,23119
HOMEZ,61895
HOOK1,57885
HOOK2,68280
HOOK3,286036
HOPX,212659
HORMAD1,3114
HORMAD2,3258
HOXA1,6672
HOXA10,75097
HOXA11,27603
HOXA13,96771
HOXA2,7175
HOXA3,15722
HOXA4,11255
HOXA5,7999
HOXA6,9987
HOXA7,17350
HOXA9,13969
HOXB1,4963
HOXB13,5348
HOXB2,45105
HOXB3,66513
HOXB4,51730
HOXB5,34618
HOXB6,94706
HOXB7,65955
HOXB8,19256
HOXB9,11371
HOXC10,25819
HOXC11,9467
HOXC12,3829
HOXC13,9847
HOXC4,23715
HOXC5,13454
HOXC6,29012
HOXC8,16344
HOXC9,18440
HOXD1,5423
HOXD10,43362
HOXD11,11671
HOXD12,4871
HOXD13,28792
HOXD3,4720
HOXD4,6777
HOXD8,13763
HOXD9,47200
HP,4094
HP1BP3,159805
HPCA,6676
HPCAL1,22487
HPCAL4,4848
HPD,2666
HPDL,14373
HPF1,34121
HPGD,142298
HPGDS,7222
HPN,3837
HPR,627
HPRT1,95593
HPS1,21146
HPS3,70068
HPS4,66066
HPS5,53921
HPS6,30334
HPSE,28190
HPSE2,5244
HPX,5761
HR,23168
HRAS,46088
HRC,9403
HRCT1,3241
HRG,4007
HRH1,15937
HRH2,5980
HRH3,3388
HRH4,4611
HRK,6720
HRNR,8545
HROB,18325
HS1BP3,31328
HS2ST1,29559
HS3ST1,4648
HS3ST2,6302
HS3ST3A1,10496
HS3ST3B1,5216
HS3ST4,3925
HS3ST5,1909
HS6ST1,71259
HS6ST2,31826
HS6ST3,2447
HSBP1,33193
HSBP1L1,43798
HSCB,41288
HSD11B1,4963
HSD11B1L,4426
HSD11B2,4328
HSD17B1,14735
HSD17B10,133996
HSD17B11,30551
HSD17B12,52115
HSD17B13,6969
HSD17B14,14452
HSD17B2,3704
HSD17B4,133002
HSD17B6,20689
HSD17B8,47231
HSD3B1,6765
HSD3B2,2345
HSD3B7,3265
HSDL1,22720
HSDL2,122925
HSF1,80496
HSF2BP,12813
HSF4,12514
HSF5,630
HSFX3,2431
HSH2D,15773
HSP90B1,69655
HSPA12A,10188
HSPA12B,5796
HSPA13,45465
HSPA14,36999
HSPA1A,73043
HSPA1B,412851
HSPA1L,17577
HSPA2,239502
HSPA4,132360
HSPA4L,32064
HSPA5,136781
HSPA6,4438
HSPA8,165088
HSPA9,22569
HSPB1,388936
HSPB2,1944
HSPB3,5785
HSPB6,72352
HSPB7,19673
HSPB8,149801
HSPB9,2824
HSPBAP1,59821
HSPBP1,20996
HSPD1,75355
HSPE1,20915
HSPG2,321287
HSPH1,72978
HTATIP2,46689
HTATSF1,145069
HTN1,4386
HTN3,10838
HTR1A,973
HTR1B,1334
HTR1D,8943
HTR1E,1615
HTR1F,11797
HTR2A,4186
HTR2B,6985
HTR2C,3230
HTR3A,1964
HTR3B,1358
HTR3C,7308
HTR3D,7882
HTR3E,6355
HTR4,8328
HTR5A,2178
HTR6,4795
HTR7,20814
HTRA1,50624
HTRA2,7108
HTRA3,27513
HTRA4,10236
HTT,136063
HUNK,20469
HUS1,58859
HUS1B,11477
HUWE1,319548
HVCN1,19410
HYAL1,10826
HYAL2,26674
HYAL3,1133
HYAL4,4895
HYCC1,58443
HYCC2,61238
HYDIN,1465
HYI,90473
HYKK,20363
HYLS1,10608
HYOU1,174921
HYPK,30267
IAH1,97718
IAPP,1454
IARS1,72646
IARS2,120674
IBA57,21413
IBSP,2420
IBTK,48755
ICA1,18231
ICA1L,12327
ICAM1,154441
ICAM2,7748
ICAM3,21065
ICAM4,5767
ICAM5,23912
ICE2,103222
ICMT,113113
ICOS,22887
ICOSLG,39396
ID1,1360622
ID2,221732
ID3,57575
ID4,58425
IDE,13577
IDH1,26755
IDH2,269785
IDH3A,96435
IDH3B,35970
IDH3G,116696
IDI1,9457
IDI2,4773
IDNK,25497
IDO1,175053
IDO2,7258
IDS,39987
IDUA,22563
IER2,47065
IER3,74959
IER3IP1,187873
IER5,310812
IER5L,44598
IFFO1,24951
IFFO2,228887
IFI16,727236
IFI27,179139
IFI27L1,5141
IFI27L2,71097
IFI30,2355
IFI35,32482
IFI44,360717
IFI44L,204212
IFI6,5165
IFIH1,169690
IFIT1,78645
IFIT1B,6738
IFIT2,75715
IFIT3,124667
IFIT5,78609
IFITM1,51237
IFITM10,20938
IFITM2,18947
IFITM3,20375
IFITM5,2832
IFNA1,5031
IFNA10,1086
IFNA13,5602
IFNA14,1941
IFNA16,5849
IFNA17,10180
IFNA2,8764
IFNA21,1311
IFNA4,5977
IFNA5,1986
IFNA6,3499
IFNA7,5741
IFNA8,4076
IFNAR1,90949
IFNAR2,77052
IFNB1,4292
IFNE,13014
IFNG,8387
IFNGR1,691221
IFNGR2,176921
IFNK,4974
IFNL1,2381
IFNL2,1217
IFNL3,2155
IFNLR1,22593
IFNW1,5904
IFRD1,51090
IFRD2,51070
IFT122,106772
IFT140,44722
IFT172,21669
IFT20,31372
IFT22,26473
IFT25,66117
IFT27,3245
IFT43,43165
IFT46,2330
IFT52,72435
IFT57,74319
IFT81,25282
IFT88,19153
IFTAP,26926
IGBP1,78396
IGBP1C,7148
IGDCC3,628
IGDCC4,7622
IGF1,170792
IGF1R,45712
IGF2,35221
IGF2BP1,4911
IGF2BP2,2956
IGF2BP3,3116
IGF2R,201029
IGFALS,3434
IGFBP1,3059
IGFBP2,58334
IGFBP3,12975
IGFBP4,145845
IGFBP5,196821
IGFBP6,22038
IGFBP7,50816
IGFBPL1,32141
IGFL1,40522
IGFL2,33914
IGFL3,5007
IGFL4,6032
IGFLR1,6483
IGFN1,3188
IGHA1,31158
IGHA2,7417
IGHD,11678
IGHE,4207
IGHG1,877541
IGHG2,113899
IGHG3,113590
IGHG4,13469
IGHM,32892
IGIP,18879
IGKC,131558
IGLC7,99375
IGLL1,22372
IGLON5,2034
IGSF1,3686
IGSF11,3419
IGSF21,2965
IGSF22,2712
IGSF23,3837
IGSF3,121711
IGSF5,5188
IGSF6,26471
IGSF8,56811
IGSF9,56646
IGSF9B,2903
IHH,589
IHO1,17295
IK,74640
IKBIP,65392
IKBKB,55406
IKBKE,36674
IKBKG,8793
IKZF1,127596
IKZF2,89327
IKZF3,72416
IKZF4,17418
IKZF5,32161
IL10,6399
IL10RA,78196
IL10RB,103588
IL11,11228
IL11RA,15575
IL12A,10845
IL12B,7875
IL12RB1,13901
IL12RB2,15852
IL13,5045
IL13RA1,170240
IL13RA2,3690
IL15,33109
IL15RA,22936
IL16,72186
IL17A,1620
IL17B,9843
IL17C,1204
IL17D,13745
IL17F,1577
IL17RA,10908
IL17RB,14270
IL17RC,39257
IL17RD,13854
IL17RE,4660
IL17REL,3678
IL18,21842
IL18BP,22149
IL18R1,22999
IL18RAP,6335
IL19,15869
IL1A,184591
IL1B,25857
IL1F10,4032
IL1R1,238553
IL1R2,74654
IL1RAP,139949
IL1RAPL1,3350
IL1RAPL2,2895
IL1RL1,11115
IL1RL2,13161
IL1RN,511010
IL2,6084
IL20,14348
IL20RA,14593
IL20RB,99446
IL21,4139
IL21R,6779
IL22,5044
IL22RA1,21541
IL22RA2,7639
IL23A,8703
IL23R,4082
IL24,6279
IL25,5276
IL26,7350
IL27,8561
IL27RA,30793
IL2RA,27117
IL2RB,27873
IL2RG,67176
IL3,5843
IL31,1864
IL31RA,4699
IL32,8761
IL33,31692
IL34,4836
IL36A,50057
IL36B,5855
IL36G,72599
IL36RN,19989
IL37,5183
IL3RA,25223
IL4,5351
IL4I1,16312
IL4R,244138
IL5,8104
IL5RA,6365
IL6,31353
IL6R,27212
IL6ST,353652
IL7,18222
IL7R,34662
IL9,995
ILDR1,20596
ILDR2,4572
ILF2,63847
ILF3,227409
ILK,268859
ILKAP,77017
ILRUN,254635
ILVBL,37058
IMMP1L,22381
IMMP2L,16225
IMMT,71511
IMP3,24442
IMP4,12286
IMPA1,55539
IMPA2,167506
IMPACT,68306
IMPDH1,9106
IMPDH2,13382
IMPG1,4256
IMPG2,3730
INA,12924
INAFM1,4805
INAFM2,62805
INAVA,127990
INCA1,7353
INCENP,37451
INF2,35007
ING1,43406
ING2,58169
ING3,27442
ING4,66561
ING5,24856
INHA,806
INHBA,69719
INHBB,18296
INHBC,4452
INHBE,6820
INIP,47511
INKA1,8134
INKA2,25453
INMT,9071
INO80,141101
INO80B,38347
INO80C,18636
INO80D,33619
INO80E,105681
INPP1,149018
INPP4A,51081
INPP4B,17531
INPP5A,48397
INPP5B,36960
INPP5D,69713
INPP5E,22630
INPP5F,108211
INPP5J,8202
INPP5K,13881
INPPL1,73123
INSC,1381
INSIG1,40257
INSIG2,39126
INSL3,3899
INSL4,1949
INSL5,2274
INSL6,4846
INSM1,3699
INSM2,4152
INSR,38202
INSRR,5165
INSYN1,12006
INSYN2A,3567
INSYN2B,3754
INTS1,55643
INTS10,61917
INTS11,84512
INTS12,34554
INTS13,89775
INTS14,70459
INTS15,26172
INTS2,32382
INTS3,38058
INTS4,32597
INTS5,26683
INTS6,95858
INTS6L,53902
INTS7,56032
INTS8,67534
INTS9,12855
INTU,3275
INVS,39609
IP6K1,36949
IP6K2,81193
IP6K3,4265
IPCEF1,58440
IPMK,20398
IPO11,77250
IPO13,13610
IPO4,17920
IPO5,148675
IPO8,51322
IPO9,171880
IPP,31621
IPPK,85465
IQANK1,16294
IQCA1,9251
IQCA1L,3261
IQCB1,31900
IQCC,8343
IQCD,14070
IQCE,20248
IQCF1,1932
IQCF2,566
IQCF3,4156
IQCF5,1881
IQCF6,102
IQCG,25291
IQCH,12655
IQCJ,13902
IQCK,10338
IQCM,2391
IQCN,8177
IQGAP1,252919
IQGAP2,30561
IQGAP3,25739
IQSEC1,33046
IQSEC2,58696
IQSEC3,6605
IQUB,6853
IRAG1,54144
IRAG2,39356
IRAK1,363155
IRAK1BP1,13317
IRAK2,67838
IRAK3,48382
IRAK4,22982
IREB2,96459
IRF1,235019
IRF2,88858
IRF2BP1,56511
IRF2BP2,431086
IRF2BPL,125589
IRF3,61620
IRF4,32057
IRF5,30827
IRF6,122730
IRF7,56031
IRF8,134342
IRF9,87506
IRGC,2165
IRGM,5247
IRGQ,47217
IRS1,76296
IRS2,21834
IRS4,4644
IRX1,607
IRX2,3703
IRX3,75801
IRX4,18922
IRX5,20839
IRX6,4477
ISCA1,62982
ISCA2,34616
ISCU,214992
ISG15,61025
ISG20,48177
ISG20L2,38424
ISL1,1219
ISL2,5654
ISLR,17155
ISLR2,2545
ISM1,9125
ISM2,3826
ISOC1,81996
ISOC2,8574
IST1,1076929
ISX,3466
ISY1,97574
ISYNA1,67205
ITCH,845402
ITFG1,63079
ITFG2,28261
ITGA1,60361
ITGA10,9199
ITGA11,31744
ITGA2,305265
ITGA2B,9916
ITGA3,112146
ITGA4,111588
ITGA5,32103
ITGA6,460886
ITGA7,14624
ITGA8,67296
ITGA9,30482
ITGAD,5645
ITGAE,12771
ITGAL,52620
ITGAM,18871
ITGAV,184430
ITGAX,36771
ITGB1,339619
ITGB1BP1,89722
ITGB1BP2,11575
ITGB2,327264
ITGB3,7727
ITGB3BP,33528
ITGB4,227334
ITGB5,332071
ITGB6,33941
ITGB7,13674
ITGBL1,9009
ITIH1,4913
ITIH2,1833
ITIH3,3932
ITIH4,4325
ITIH5,16881
ITIH6,1654
ITK,35866
ITLN1,3273
ITLN2,8844
ITM2A,28889
ITM2B,98355
ITM2C,2864
ITPA,41687
ITPK1,18064
ITPKA,5921
ITPKB,62654
ITPKC,120202
ITPR1,68875
ITPR2,83493
ITPR3,169375
ITPRID1,2737
ITPRID2,151437
ITPRIP,163214
ITPRIPL1,9337
ITPRIPL2,318838
ITSN1,40176
ITSN2,55981
IVD,17898
IVL,632807
IVNS1ABP,248925
IWS1,124663
IYD,23
IZUMO1,8332
IZUMO1R,490
IZUMO2,946
IZUMO3,4266
IZUMO4,10325
JADE1,16775
JADE2,73614
JADE3,51232
JAG1,76987
JAG2,3723
JAGN1,42647
JAK1,130898
JAK2,68582
JAK3,36130
JAKMIP1,1016
JAKMIP2,6039
JAKMIP3,2748
JAM2,19893
JAM3,25690
JAML,41047
JARID2,87902
JAZF1,102324
JCAD,4868
JCHAIN,11129
JDP2,57247
JHY,7915
JKAMP,30980
JMJD1C,57384
JMJD4,16972
JMJD6,46579
JMJD8,76464
JMY,36677
JOSD1,44347
JOSD2,36782
JPH1,5841
JPH2,6384
JPH3,1992
JPH4,2249
JPT1,31010
JPT2,284076
JRK,9285
JRKL,19005
JTB,40594
JUN,549869
JUNB,63743
JUND,31854
JUP,18944
KALRN,16130
KANK1,70082
KANK2,171831
KANK3,11831
KANK4,2578
KANSL1,85489
KANSL1L,51381
KANSL2,46631
KANSL3,74782
KANTR,9901
KARS,28449
KASH5,3400
KAT14,20813
KAT2A,32536
KAT2B,79858
KAT5,52147
KAT6A,175170
KAT6B,74197
KAT7,23261
KAT8,88958
KATNA1,66617
KATNAL1,69736
KATNAL2,641
KATNB1,7069
KATNBL1,2060
KATNIP,31066
KAZALD1,17542
KAZN,34622
KBTBD11,7950
KBTBD12,12777
KBTBD13,2563
KBTBD2,127291
KBTBD3,8490
KBTBD4,26760
KBTBD6,25302
KBTBD7,6133
KBTBD8,10630
KCMF1,133493
KCNA1,3360
KCNA10,2711
KCNA2,4368
KCNA3,10851
KCNA4,2804
KCNA5,1561
KCNA7,8603
KCNAB1,8983
KCNAB2,43515
KCNAB3,12382
KCNB1,4939
KCNB2,2372
KCNC1,3443
KCNC2,2396
KCNC3,31102
KCNC4,35379
KCND1,15390
KCND2,2102
KCND3,17902
KCNE1,2405
KCNE2,10170
KCNE3,16074
KCNE4,8465
KCNE5,5037
KCNF1,1523
KCNG1,4320
KCNG3,2405
KCNG4,2318
KCNH1,6813
KCNH2,1238
KCNH3,4635
KCNH4,5670
KCNH5,880
KCNH6,3910
KCNH7,2727
KCNH8,6414
KCNIP1,1531
KCNIP2,14219
KCNIP3,6827
KCNIP4,4339
KCNJ1,3149
KCNJ10,9659
KCNJ11,12070
KCNJ12,5218
KCNJ13,3858
KCNJ14,11816
KCNJ15,47575
KCNJ16,5252
KCNJ18,2637
KCNJ2,17612
KCNJ3,2071
KCNJ4,2283
KCNJ5,8919
KCNJ6,2950
KCNJ8,8380
KCNJ9,5027
KCNK1,56792
KCNK10,7198
KCNK12,4574
KCNK13,7051
KCNK15,5071
KCNK16,1925
KCNK17,2253
KCNK18,6610
KCNK2,10039
KCNK3,8571
KCNK4,2539
KCNK5,3926
KCNK6,103931
KCNK7,6983
KCNMA1,19086
KCNMB1,13947
KCNMB2,2528
KCNMB3,17681
KCNMB4,9461
KCNN1,4699
KCNN2,3802
KCNN3,2971
KCNN4,25092
KCNQ1,12089
KCNQ2,2756
KCNQ3,1462
KCNQ4,1358
KCNQ5,3765
KCNRG,3889
KCNS1,19183
KCNS2,2403
KCNS3,45933
KCNT1,1680
KCNT2,4879
KCNU1,3257
KCNV1,3095
KCNV2,3404
KCP,2883
KCTD1,134999
KCTD10,61344
KCTD11,27909
KCTD12,13384
KCTD13,75145
KCTD14,9720
KCTD15,43632
KCTD16,8268
KCTD17,15886
KCTD18,25402
KCTD19,1739
KCTD2,19102
KCTD20,60234
KCTD21,16605
KCTD3,83847
KCTD4,10480
KCTD5,137751
KCTD6,45411
KCTD7,37498
KCTD8,786
KCTD9,24646
KDELR1,77619
KDELR2,105462
KDELR3,30228
KDF1,28531
KDM1A,126841
KDM1B,51398
KDM2A,414042
KDM2B,27291
KDM3A,98903
KDM3B,61867
KDM4A,68156
KDM4B,42478
KDM4C,107112
KDM4D,4815
KDM4E,1713
KDM4F,2251
KDM5A,271283
KDM5B,98410
KDM5C,84491
KDM5D,109
KDM6A,123953
KDM6B,145822
KDM7A,198130
KDM8,37770
KDR,25225
KDSR,199311
KEAP1,70659
KEL,5749
KERA,5768
KHDC1,5444
KHDC1L,3943
KHDC3L,1916
KHDC4,114773
KHDRBS1,409537
KHDRBS2,2561
KHDRBS3,47569
KHK,9614
KHNYN,81813
KHSRP,157833
KIAA0040,14854
KIAA0232,57815
KIAA0319,2198
KIAA0319L,90230
KIAA0408,7515
KIAA0513,30369
KIAA0586,47798
KIAA0753,47432
KIAA0825,11525
KIAA0930,178084
KIAA1143,38902
KIAA1191,55465
KIAA1210,3245
KIAA1217,151733
KIAA1328,35366
KIAA1522,140731
KIAA1549,7994
KIAA1549L,7973
KIAA1586,63622
KIAA1614,11991
KIAA1671,130643
KIAA1755,14959
KIAA1958,27955
KIAA2012,3237
KIAA2013,4783
KIAA2026,122293
KICS2,18418
KIDINS220,173340
KIF11,62869
KIF12,6489
KIF13A,232451
KIF13B,64059
KIF14,49783
KIF15,55628
KIF16B,11388
KIF17,5113
KIF18A,28707
KIF18B,42112
KIF19,866
KIF1A,1690
KIF1B,82090
KIF1C,111624
KIF20A,21635
KIF20B,52453
KIF21A,86705
KIF21B,13447
KIF22,121484
KIF23,125485
KIF24,21953
KIF25,7815
KIF26A,5741
KIF26B,17538
KIF27,24202
KIF2A,226781
KIF2B,2155
KIF2C,38661
KIF3A,19719
KIF3B,228050
KIF3C,10271
KIF4A,55517
KIF4B,4199
KIF5A,3773
KIF5B,422051
KIF5C,11341
KIF6,2674
KIF7,9291
KIF9,12862
KIFAP3,65714
KIFBP,47184
KIFC1,92793
KIFC2,29514
KIFC3,28010
KIN,25248
KIR2DL1,1762
KIR2DL3,2698
KIR2DL4,2313
KIR3DL1,3825
KIR3DL2,2284
KIR3DL3,1067
KIRREL1,16304
KIRREL2,4453
KIRREL3,2343
KISS1,2940
KISS1R,3813
KIT,25180
KITLG,15031
KIZ,28829
KL,3927
KLB,4339
KLC1,117333
KLC2,17886
KLC3,21858
KLC4,10114
KLF1,956
KLF10,118031
KLF12,26710
KLF13,181350
KLF14,3305
KLF15,19054
KLF16,94283
KLF17,2235
KLF18,3779
KLF2,27295
KLF3,342621
KLF4,515014
KLF5,544263
KLF6,25113
KLF7,81256
KLF8,5653
KLF9,11729
KLHDC1,24414
KLHDC10,102246
KLHDC2,85704
KLHDC3,66856
KLHDC4,18308
KLHDC7A,1610
KLHDC7B,132804
KLHDC8A,9155
KLHDC8B,38437
KLHDC9,7918
KLHL1,1741
KLHL10,7542
KLHL11,35803
KLHL12,55318
KLHL13,31753
KLHL14,5049
KLHL15,18176
KLHL17,14745
KLHL18,25141
KLHL2,38368
KLHL20,49788
KLHL21,53077
KLHL22,21011
KLHL23,26153
KLHL24,91805
KLHL25,16683
KLHL26,13182
KLHL28,5019
KLHL29,19430
KLHL3,11963
KLHL30,1091
KLHL31,7352
KLHL32,3515
KLHL33,3659
KLHL34,4586
KLHL35,5997
KLHL36,29355
KLHL38,6079
KLHL4,6187
KLHL40,3793
KLHL41,2747
KLHL42,21378
KLHL5,73511
KLHL6,21881
KLHL7,10308
KLHL8,29773
KLHL9,110899
KLK1,2105
KLK10,1239368
KLK11,446846
KLK12,62478
KLK13,215615
KLK14,16886
KLK15,6041
KLK2,2691
KLK3,3022
KLK4,1861
KLK5,2273
KLK6,50156
KLK7,62194
KLK8,2258
KLK9,4695
KLKB1,3542
KLLN,6145
KLRB1,45496
KLRC1,6860
KLRC2,1832
KLRC3,1264
KLRC4,11666
KLRD1,30381
KLRF1,10730
KLRF2,8708
KLRG1,17433
KLRG2,3019
KLRK1,30325
KMO,10924
KMT2A,35257
KMT2B,57092
KMT2C,48165
KMT2D,120875
KMT2E,307783
KMT5A,101659
KMT5B,113717
KMT5C,2776
KNCN,1832
KNDC1,4912
KNG1,1621
KNL1,63394
KNOP1,954
KNSTRN,47149
KNTC1,17714
KPNA1,122506
KPNA2,62557
KPNA3,138238
KPNA4,113767
KPNA5,78583
KPNA6,42760
KPNA7,6828
KPNB1,346986
KPRP,4418
KPTN,5061
KRAS,70731
KRBA1,13487
KRBA2,957
KRBOX1,3333
KRBOX4,95664
KRBOX5,27214
KRCC1,100031
KREMEN1,231766
KREMEN2,8485
KRI1,113650
KRIT1,16398
KRR1,120487
KRT1,5674
KRT10,76014
KRT12,2921
KRT13,2413593
KRT14,7543
KRT15,1780862
KRT16,186602
KRT17,220748
KRT18,87554
KRT19,6575
KRT2,4134
KRT20,3470
KRT222,3375
KRT23,69599
KRT24,790467
KRT25,3466
KRT26,5066
KRT27,3245
KRT28,5620
KRT3,2073
KRT31,7113
KRT32,2109
KRT33A,2864
KRT33B,6296
KRT35,3426
KRT36,5325
KRT37,1750
KRT38,4129
KRT39,5258
KRT4,97909
KRT40,4430
KRT5,1653133
KRT6A,23
KRT6B,37266
KRT6C,37483
KRT7,11002
KRT71,15094
KRT72,4371
KRT73,4551
KRT74,3430
KRT75,9849
KRT76,4522
KRT77,3432
KRT78,86119
KRT79,9102
KRT8,53919
KRT80,691821
KRT81,5541
KRT82,6437
KRT84,5192
KRT85,4406
KRT86,10212
KRT9,3262
KRTAP1-1,3244
KRTAP1-3,1055
KRTAP1-5,6566
KRTAP10-10,2970
KRTAP10-11,2305
KRTAP10-2,2769
KRTAP10-3,1203
KRTAP10-5,1060
KRTAP10-7,493
KRTAP10-9,1607
KRTAP11-1,2309
KRTAP12-1,3952
KRTAP12-2,30
KRTAP12-3,937
KRTAP13-1,250
KRTAP13-2,1638
KRTAP13-3,4004
KRTAP13-4,1873
KRTAP15-1,4631
KRTAP16-1,5284
KRTAP17-1,4437
KRTAP19-1,832
KRTAP19-2,2265
KRTAP19-3,698
KRTAP19-4,934
KRTAP19-5,1750
KRTAP19-6,1387
KRTAP19-7,936
KRTAP19-8,766
KRTAP2-2,593
KRTAP2-3,3047
KRTAP2-4,1153
KRTAP20-1,1456
KRTAP20-2,1209
KRTAP20-4,605
KRTAP21-1,747
KRTAP21-2,1835
KRTAP22-1,2035
KRTAP22-2,1437
KRTAP24-1,2838
KRTAP25-1,3798
KRTAP26-1,3878
KRTAP27-1,3155
KRTAP29-1,5433
KRTAP3-1,2058
KRTAP3-2,4395
KRTAP3-3,2479
KRTAP4-1,6468
KRTAP4-11,3394
KRTAP4-12,2786
KRTAP4-16,8787
KRTAP4-2,4075
KRTAP4-3,2186
KRTAP4-4,3215
KRTAP4-5,1890
KRTAP4-6,2567
KRTAP4-7,6663
KRTAP4-8,3940
KRTAP4-9,5309
KRTAP5-1,5250
KRTAP5-10,1547
KRTAP5-11,700
KRTAP5-2,1458
KRTAP5-3,1574
KRTAP5-4,1741
KRTAP5-5,3316
KRTAP5-6,2159
KRTAP5-7,1387
KRTAP5-8,1056
KRTAP5-9,1885
KRTAP6-1,1747
KRTAP6-2,1029
KRTAP6-3,2752
KRTAP7-1,1384
KRTAP8-1,2254
KRTAP9-4,3653
KRTAP9-6,23
KRTAP9-8,1764
KRTAP9-9,2976
KRTCAP2,10877
KRTCAP3,74060
KRTDAP,15087
KSR1,74706
KSR2,1371
KTI12,27912
KTN1,351795
KXD1,54273
KY,3004
KYAT1,1609
KYAT3,73776
L1CAM,6681
L2HGDH,29387
L3HYPDH,30193
L3MBTL1,82125
L3MBTL2,27982
L3MBTL3,17011
L3MBTL4,32465
LACC1,48654
LACRT,692
LACTB,20652
LACTB2,34117
LACTBL1,1568
LAD1,94030
LAG3,8130
LAGE3,25452
LAIR1,63104
LAIR2,18028
LALBA,3755
LAMA1,4862
LAMA2,48682
LAMA3,66399
LAMA4,84811
LAMA5,65392
LAMB1,136902
LAMB2,428
LAMB3,213822
LAMB4,1138
LAMC1,61961
LAMC2,17746
LAMC3,26090
LAMP1,171686
LAMP2,179771
LAMP3,54038
LAMP5,7404
LAMTOR1,260585
LAMTOR2,105636
LAMTOR3,52983
LAMTOR4,65461
LAMTOR5,119865
LANCL1,36724
LANCL2,21684
LANCL3,3876
LAP3,57434
LAPTM4A,31004
LAPTM4B,145513
LAPTM5,749175
LARGE1,10146
LARGE2,13786
LARP1,66094
LARP1B,15388
LARP4,121191
LARP4B,155414
LARP6,12285
LARP7,57945
LARS,154820
LARS2,26834
LAS1L,104998
LASP1,207993
LASP1NB,12074
LAT,19986
LAT2,25699
LATS1,121827
LATS2,41099
LAX1,20972
LAYN,8058
LBH,143653
LBHD1,4612
LBHD2,2614
LBP,2060
LBX1,4800
LBX2,2620
LCA5,35664
LCA5L,3925
LCAT,11561
LCE1A,1706
LCE1B,7830
LCE1C,3150
LCE1D,626
LCE2A,461
LCE2B,1400
LCE2C,1024
LCE2D,869
LCE3C,58
LCE3D,3461
LCE3E,2308
LCE4A,2684
LCE5A,3094
LCE6A,1668
LCE7A,1133
LCK,53169
LCLAT1,29578
LCMT1,66467
LCMT2,20470
LCN1,1284
LCN12,3410
LCN15,4847
LCN2,218875
LCN6,8178
LCN8,4050
LCN9,1085
LCNL1,5666
LCOR,124717
LCORL,48377
LCP1,76303
LCP2,97791
LCT,2603
LDAF1,137032
LDAH,26849
LDB1,119379
LDB2,37369
LDB3,3553
LDHA,76257
LDHAL6A,1286
LDHAL6B,8476
LDHB,37392
LDHC,19045
LDHD,4106
LDLR,168637
LDLRAD1,4649
LDLRAD3,973
LDLRAD4,103755
LDLRAP1,73749
LDOC1,58424
LEAP2,7650
LECT2,7505
LEF1,29580
LEFTY1,3034
LEFTY2,5889
LEKR1,10889
LELP1,2184
LEMD1,10703
LEMD2,84165
LEMD3,99197
LENEP,6942
LENG1,8699
LENG8,363271
LENG9,10093
LEO1,87828
LEP,8094
LEPR,17636
LEPROT,58229
LEPROTL1,123413
LETM1,19014
LETM2,23573
LETMD1,58255
LEUTX,852
LEXM,938
LFNG,42911
LGALS1,71176
LGALS12,3392
LGALS13,1497
LGALS14,2519
LGALS16,598
LGALS2,26555
LGALS3,328239
LGALS3BP,3386
LGALS4,4032
LGALS7B,7392
LGALS8,41521
LGALS9,3437
LGALSL,80104
LGI1,6265
LGI2,4288
LGI3,2936
LGI4,19373
LGMN,87906
LGR4,72846
LGR5,7926
LGR6,4739
LGSN,2261
LHCGR,3136
LHFPL1,1085
LHFPL2,52320
LHFPL3,4285
LHFPL4,2018
LHFPL6,44307
LHFPL7,5518
LHPP,3167
LHX1,3790
LHX2,22611
LHX3,2793
LHX4,1772
LHX5,2849
LHX6,4611
LHX8,2295
LHX9,5987
LIAS,25662
LIF,54558
LIFR,61521
LIG1,58294
LIG3,28311
LIG4,50796
LILRA1,6249
LILRA2,3956
LILRA4,17870
LILRA5,2526
LILRA6,4297
LILRB1,12165
LILRB2,14616
LILRB3,10972
LILRB4,3354
LILRB5,5224
LIM2,3731
LIMA1,27768
LIMCH1,8855
LIMD1,44507
LIMD2,36525
LIME1,20666
LIMK1,41197
LIMK2,144648
LIMS1,279844
LIMS2,21646
LIN28A,2366
LIN28B,7395
LIN37,8571
LIN52,18817
LIN54,89596
LIN7A,14295
LIN7B,6070
LIN7C,132000
LIN9,55800
LINC02218,2444
LINGO1,4535
LINGO2,1541
LINGO3,4972
LINGO4,4353
LINS1,48599
LIPA,26965
LIPC,3095
LIPE,1061
LIPF,2197
LIPG,17237
LIPH,73457
LIPI,4081
LIPJ,4691
LIPK,7533
LIPM,6159
LIPN,6096
LIPT1,21723
LIPT2,13872
LITAF,162695
LITAFD,534
LIX1,4791
LIX1L,50028
LLCFC1,5538
LLGL1,54123
LLGL2,21511
LLPH,38220
LMAN1,87910
LMAN1L,886
LMAN2,214731
LMAN2L,40674
LMBR1,85652
LMBR1L,16541
LMBRD1,50324
LMBRD2,25
LMF1,30565
LMF2,62040
LMLN,18908
LMNA,207240
LMNB1,247750
LMNB2,67651
LMNTD1,2853
LMNTD2,3082
LMO1,9168
LMO2,31872
LMO3,11533
LMO4,282729
LMO7,103770
LMOD1,24944
LMOD2,3512
LMTK2,79823
LMTK3,6824
LMX1A,2183
LMX1B,2357
LNP1,8658
LNPEP,167067
LNPK,112410
LNX1,30699
LNX2,86209
LONP1,53011
LONP2,64486
LONRF1,23356
LONRF2,14357
LONRF3,11334
LORICRIN,1848
LOX,35635
LOXHD1,3975
LOXL1,41588
LOXL2,48181
LOXL3,4814
LOXL4,3325
LPA,11728
LPAR1,43659
LPAR2,41011
LPAR3,54926
LPAR4,4153
LPAR5,43971
LPAR6,220994
LPCAT1,42883
LPCAT2,33356
LPCAT3,20933
LPCAT4,25032
LPGAT1,24588
LPIN1,45850
LPIN2,31810
LPIN3,26820
LPL,9288
LPO,4797
LPP,100984
LPXN,54755
LRAT,2835
LRATD1,65498
LRATD2,52965
LRBA,149842
LRCH1,91532
LRCH2,9518
LRCH3,44232
LRCH4,41525
LRCOL1,914
LRFN1,9525
LRFN2,2275
LRFN3,7961
LRFN4,7594
LRFN5,4757
LRG1,35430
LRGUK,1706
LRIF1,14425
LRIG1,126735
LRIG2,57034
LRIG3,81673
LRIT1,2129
LRIT2,3171
LRIT3,4806
LRMDA,17648
LRP1,333970
LRP10,83615
LRP11,46950
LRP12,17736
LRP1B,2092
LRP2,4392
LRP2BP,10131
LRP3,2961
LRP4,9957
LRP5,34745
LRP6,83232
LRP8,12016
LRPAP1,44096
LRPPRC,79820
LRR1,39218
LRRC1,65338
LRRC10,1730
LRRC10B,1698
LRRC14,33120
LRRC14B,3126
LRRC15,5878
LRRC17,12114
LRRC18,1703
LRRC19,5148
LRRC2,7108
LRRC20,22987
LRRC23,11993
LRRC24,635
LRRC25,15433
LRRC27,15967
LRRC28,46265
LRRC3,16906
LRRC30,774
LRRC31,4080
LRRC32,34740
LRRC34,17705
LRRC36,5833
LRRC37A3,5763
LRRC37B,21599
LRRC38,2533
LRRC39,6638
LRRC3B,2940
LRRC3C,2150
LRRC4,8942
LRRC40,28717
LRRC41,22048
LRRC42,68934
LRRC43,7938
LRRC45,35291
LRRC46,6353
LRRC47,52419
LRRC49,16286
LRRC4B,531
LRRC4C,2050
LRRC51,16277
LRRC52,2607
LRRC53,2277
LRRC55,6263
LRRC56,1648
LRRC57,36002
LRRC58,61945
LRRC59,74863
LRRC61,2427
LRRC63,4746
LRRC66,1433
LRRC69,9030
LRRC7,3624
LRRC70,3223
LRRC71,6053
LRRC72,2669
LRRC73,1429
LRRC74A,3848
LRRC74B,2538
LRRC75A,4079
LRRC75B,7446
LRRC8A,344623
LRRC8B,21461
LRRC8C,57563
LRRC8D,54660
LRRC8E,24122
LRRC9,4452
LRRCC1,44845
LRRD1,9649
LRRFIP1,33674
LRRFIP2,131725
LRRIQ1,3667
LRRIQ3,7947
LRRIQ4,3611
LRRK1,60705
LRRK2,48385
LRRN1,12153
LRRN2,1283
LRRN3,7898
LRRN4,3172
LRRN4CL,3228
LRRTM1,594
LRRTM2,1730
LRRTM3,2295
LRRTM4,2601
LRSAM1,33332
LRTM2,3618
LRWD1,10161
LSAMP,3527
LSG1,96608
LSM1,163703
LSM10,26516
LSM11,24332
LSM12,31831
LSM14A,52725
LSM14B,147911
LSM4,49682
LSM5,62666
LSM6,81857
LSM7,38076
LSM8,94032
LSMEM1,10724
LSMEM2,6416
LSP1,625442
LSR,181670
LSS,34000
LST1,1101
LTA,11042
LTA4H,76611
LTB,121179
LTB4R,59818
LTB4R2,20407
LTBP1,99823
LTBP2,166895
LTBP3,52939
LTBP4,112599
LTBR,107629
LTC4S,14203
LTF,5889
LTK,2974
LTN1,127609
LTO1,47604
LTV1,76300
LUC7L,127011
LUC7L2,56843
LUC7L3,124490
LUM,267639
LURAP1,28723
LURAP1L,39435
LUZP1,49210
LUZP2,1694
LUZP4,1155
LVRN,2132
LXN,19498
LY6D,363313
LY6E,18233
LY6G5B,36547
LY6G5C,7072
LY6G6C,10482
LY6G6D,2512
LY6K,41369
LY6L,1249
LY75,78553
LY86,21425
LY9,33889
LY96,13713
LYAR,50460
LYG1,4710
LYL1,31508
LYN,159482
LYNX1,23556
LYPD1,4696
LYPD2,75019
LYPD3,338609
LYPD4,4336
LYPD5,80359
LYPD6,12608
LYPD6B,15186
LYPD8,2104
LYPLA1,23617
LYPLAL1,26694
LYRM1,24712
LYRM2,20647
LYRM4,29470
LYRM7,39524
LYRM9,30218
LYSET,42551
LYSMD1,7598
LYSMD2,40381
LYSMD3,92054
LYSMD4,20735
LYST,34079
LYVE1,8370
LYZ,99301
LYZL1,495
LYZL2,1142
LYZL4,1853
LYZL6,6025
LZIC,141120
LZTFL1,17557
LZTR1,44759
LZTS1,18951
LZTS2,110029
LZTS3,7992
M1AP,9457
MAB21L1,2586
MAB21L2,1201
MAB21L3,6089
MAB21L4,112806
MACC1,112701
MACF1,101231
MACIR,12536
MACO1,83115
MACROD1,21433
MACROD2,5930
MACROH2A1,219812
MACROH2A2,34440
MAD1L1,9739
MAD2L1BP,10069
MADCAM1,5360
MADD,52075
MAEA,100883
MAEL,4335
MAF,192148
MAF1,83338
MAFA,3729
MAFB,194890
MAFF,92796
MAFG,37665
MAFK,51923
MAG,3183
MAGEA1,2074
MAGEA10,2233
MAGEA11,1969
MAGEA12,2192
MAGEA3,2106
MAGEA4,4717
MAGEA6,651
MAGEA8,838
MAGEA9B,3616
MAGEB1,3312
MAGEB10,2824
MAGEB16,3302
MAGEB17,1686
MAGEB18,2551
MAGEB2,2293
MAGEB3,2291
MAGEB4,3002
MAGEB5,2553
MAGEB6,2782
MAGEB6B,2121
MAGEC1,1362
MAGEC2,2342
MAGEC3,2650
MAGED1,30661
MAGED2,140194
MAGEE1,8389
MAGEE2,1060
MAGEF1,92913
MAGEH1,44267
MAGEL2,5601
MAGI1,10167
MAGI2,5414
MAGI3,52002
MAGIX,25125
MAGOH,1991
MAGOHB,13257
MAGT1,185699
MAIP1,35785
MAJIN,10845
MAK,4785
MAK16,72779
MAL,49466
MAL2,1060380
MALL,153125
MALRD1,2759
MALSU1,41849
MALT1,128097
MAMDC2,22237
MAML1,58992
MAML2,6251
MAML3,36645
MAMLD1,13938
MAMSTR,4931
MAN1A1,99872
MAN1B1,55985
MAN1C1,28178
MAN2A1,209073
MAN2A2,47525
MAN2B1,146995
MAN2B2,44638
MANBA,41181
MANBAL,45904
MANEA,49284
MANEAL,6919
MANF,94239
MANSC1,33803
MANSC4,2345
MAOA,120222
MAOB,18487
MAP10,4649
MAP1A,21735
MAP1B,29863
MAP1LC3A,30387
MAP1LC3B,147355
MAP1LC3C,6157
MAP1S,20279
MAP2,5059
MAP2K1,45919
MAP2K2,33600
MAP2K3,148832
MAP2K4,145772
MAP2K5,25834
MAP2K6,23999
MAP2K7,109125
MAP3K1,73180
MAP3K10,46388
MAP3K11,67724
MAP3K12,21718
MAP3K13,37307
MAP3K14,29371
MAP3K15,2192
MAP3K19,3881
MAP3K2,109409
MAP3K20,90404
MAP3K21,20967
MAP3K3,112071
MAP3K4,120571
MAP3K5,83947
MAP3K6,96007
MAP3K7,65619
MAP3K7CL,12841
MAP3K8,33536
MAP3K9,22319
MAP4,383268
MAP4K1,22998
MAP4K2,47480
MAP4K3,68518
MAP4K4,132301
MAP4K5,214335
MAP6,5847
MAP6D1,3286
MAP7,81424
MAP7D1,172043
MAP7D2,27134
MAP7D3,34668
MAP9,14658
MAPK1,89447
MAPK10,18655
MAPK11,16558
MAPK12,14579
MAPK13,183295
MAPK14,67918
MAPK15,263
MAPK1IP1L,325625
MAPK3,209919
MAPK4,3665
MAPK6,216888
MAPK7,26215
MAPK8,30299
MAPK8IP1,18715
MAPK8IP2,5943
MAPK8IP3,86948
MAPK9,135369
MAPKAP1,80074
MAPKAPK2,379415
MAPKAPK3,72206
MAPKAPK5,65746
MAPKBP1,89336
MAPRE1,93023
MAPRE2,19377
MAPRE3,23032
MAPT,2983
MARCHF1,17945
MARCHF10,1444
MARCHF11,3371
MARCHF2,47174
MARCHF3,4809
MARCHF4,2834
MARCHF5,106158
MARCHF6,122357
MARCHF7,126954
MARCHF8,79829
MARCHF9,22939
MARCKS,1740900
MARCKSL1,21926
MARCO,10024
MARCOL,1579
MARF1,65533
MARK1,42029
MARK2,65077
MARK3,297152
MARK4,67617
MARS1,204801
MARS2,35250
MARVELD1,57332
MARVELD2,57132
MARVELD3,12374
MAS1,3614
MAS1L,3924
MASP1,22247
MASP2,4226
MAST1,3261
MAST2,36073
MAST3,29778
MAST4,212626
MASTL,83266
MAT1A,3503
MAT2A,122753
MAT2B,364499
MATCAP1,16297
MATCAP2,15942
MATK,12584
MATN1,8859
MATN2,30168
MATN3,3048
MATN4,466
MAU2,28442
MAVS,59380
MAX,230290
MAZ,62444
MB,2278
MB21D2,24210
MBD1,73756
MBD2,965570
MBD3,13191
MBD3L1,5626
MBD3L2B,758
MBD3L5,144
MBD4,173984
MBD5,45198
MBD6,136826
MBIP,55747
MBL2,1677
MBLAC2,27250
MBNL1,488978
MBNL2,123073
MBNL3,64290
MBOAT1,22546
MBOAT2,240713
MBOAT4,7702
MBOAT7,37070
MBP,41958
MBTD1,62295
MBTPS1,92805
MBTPS2,30446
MC1R,17028
MC2R,2473
MC3R,4265
MC4R,4150
MC5R,2225
MCAM,21191
MCAT,27165
MCC,104084
MCCC1,95719
MCCC2,169440
MCCD1,1332
MCEE,39818
MCEMP1,3454
MCF2,5175
MCF2L,47303
MCF2L2,23288
MCFD2,2502
MCHR1,3463
MCHR2,3468
MCIDAS,9500
MCL1,410671
MCM10,56597
MCM2,170875
MCM3,196504
MCM3AP,63154
MCM4,363806
MCM5,178018
MCM6,120759
MCM7,271027
MCM8,35161
MCM9,9711
MCMBP,99904
MCMDC2,3154
MCOLN1,34709
MCOLN2,27614
MCOLN3,9507
MCPH1,17814
MCRIP1,33483
MCRIP2,29199
MCRS1,104543
MCTP1,21266
MCTP2,35830
MCTS1,199753
MCU,41536
MCUB,99667
MCUR1,104008
MDC1,57321
MDFI,134907
MDFIC,192456
MDFIC2,2293
MDGA1,30186
MDGA2,3118
MDH1,13900
MDH1B,4710
MDH2,188588
MDK,2814
MDM1,47393
MDM2,534453
MDM4,106703
MDN1,42182
MDP1,57457
ME1,11463
ME2,62156
ME3,20813
MEA1,201735
MEAF6,30804
MEAK7,29600
MECOM,42276
MECP2,56909
MECR,24128
MED1,45436
MED10,152498
MED11,26502
MED12,69314
MED12L,18686
MED13,225704
MED13L,167703
MED14,294495
MED15,64417
MED16,67951
MED17,111698
MED18,27906
MED19,10878
MED20,10826
MED21,86653
MED22,53489
MED23,27926
MED24,69301
MED25,81370
MED26,43305
MED27,9524
MED28,99380
MED29,65949
MED30,51577
MED31,27204
MED4,10971
MED6,96363
MED7,49900
MED8,66397
MED9,37765
MEDAG,9141
MEF2A,162761
MEF2B,1983
MEF2C,19662
MEF2D,152729
MEFV,16416
MEGF10,2948
MEGF11,4753
MEGF6,10768
MEGF8,28892
MEGF9,53423
MEI1,104393
MEI4,3610
MEIG1,5452
MEIKIN,825
MEIOB,1817
MEIOC,10411
MEIOSIN,6494
MEIS1,61355
MEIS2,40176
MEIS3,16322
MELK,141765
MELTF,115801
MEMO1,19130
MEN1,57986
MEOX1,11003
MEOX2,4656
MEP1A,5195
MEP1B,3163
MEPCE,27849
MEPE,1740
MERTK,43787
MESD,114641
MESP1,6318
MESP2,6664
MEST,14026
MET,86040
METAP1D,8430
METRN,29305
METRNL,200118
METTL1,15929
METTL13,12312
METTL14,50355
METTL15,27971
METTL16,58625
METTL17,98666
METTL18,25828
METTL21A,31010
METTL21C,2062
METTL22,20460
METTL23,18646
METTL24,791
METTL25,31781
METTL25B,38791
METTL26,39528
METTL27,4263
METTL2A,6097
METTL2B,55871
METTL3,16111
METTL4,32833
METTL5,63381
METTL6,35920
METTL7A,55926
METTL7B,1654
METTL8,22748
METTL9,102892
MEX3A,9803
MEX3B,19031
MEX3C,77303
MEX3D,95951
MFAP1,56839
MFAP2,34006
MFAP3,741
MFAP3L,15047
MFAP4,49823
MFAP5,10854
MFF,17744
MFGE8,8935
MFHAS1,39126
MFN1,129886
MFN2,150235
MFNG,4468
MFRP,5582
MFSD1,263108
MFSD10,38693
MFSD11,53516
MFSD12,70022
MFSD13A,7982
MFSD14A,24
MFSD14B,177462
MFSD2A,66009
MFSD2B,2012
MFSD3,5708
MFSD4A,27773
MFSD4B,19054
MFSD5,26196
MFSD6,129504
MFSD6L,3172
MFSD8,66338
MFSD9,14196
MGA,72403
MGAM,2440
MGAM2,1113
MGARP,3294
MGAT1,286504
MGAT2,67854
MGAT3,6775
MGAT4A,73121
MGAT4B,51989
MGAT4C,4599
MGAT4D,3385
MGAT5,106824
MGAT5B,5360
MGLL,4150
MGME1,62874
MGMT,42136
MGP,5446
MGRN1,138727
MGST2,1628
MGST3,34683
MIA,1170
MIA2,1085
MIA3,94714
MIB1,136732
MIB2,4520
MICA,28527
MICAL1,58848
MICAL2,41213
MICAL3,28639
MICALL1,35002
MICALL2,36514
MICB,48967
MICOS13,61312
MICU1,39579
MICU2,108177
MICU3,11102
MID1,88684
MID1IP1,86308
MID2,134513
MIDEAS,43779
MIDN,197986
MIEF1,27926
MIEF2,12895
MIEN1,18338
MIER1,157421
MIER2,53743
MIER3,13060
MIF,57113
MIF4GD,31043
MIGA1,37257
MIGA2,20307
MIIP,50515
MILR1,29988
MINAR1,1375
MINAR2,4252
MINDY1,21734
MINDY2,49464
MINDY3,10712
MINDY4,4911
MINDY4B,5664
MINK1,178285
MINPP1,18894
MIOS,51538
MIOX,1728
MIP,2811
MIPEP,7236
MIPOL1,20021
MIS12,61294
MIS18A,129206
MIS18BP1,44742
MISFA,10343
MISP,6381
MITD1,106404
MITF,36678
MIX23,25509
MIXL1,6362
MKI67,340745
MKKS,20417
MKLN1,95414
MKNK1,45908
MKNK2,181898
MKRN1,40196
MKRN2,44156
MKRN2OS,12791
MKRN3,6042
MKS1,11020
MKX,7563
MLANA,9071
MLC1,4127
MLEC,851
MLF1,58441
MLF2,65839
MLH1,75446
MLH3,81130
MLIP,2407
MLKL,36321
MLLT1,102506
MLLT10,50872
MLLT11,15895
MLLT3,53571
MLLT6,264218
MLN,73
MLNR,3509
MLPH,33728
MLST8,37549
MLX,56828
MLXIP,30046
MLXIPL,4056
MMAA,26374
MMAB,103008
MMACHC,21213
MMADHC,180521
MMD,46881
MMD2,2367
MME,10218
MMEL1,2287
MMGT1,51271
MMP1,7091
MMP10,1648
MMP11,95038
MMP12,26466
MMP13,9827
MMP14,213552
MMP15,5218
MMP16,7517
MMP17,1662
MMP19,19372
MMP2,193692
MMP20,3638
MMP21,5909
MMP23B,10689
MMP24,10293
MMP24OS,250123
MMP25,7254
MMP26,1984
MMP27,4356
MMP28,31372
MMP3,11879
MMP7,2637
MMP8,4861
MMP9,136028
MMRN1,24467
MMRN2,18894
MMS19,51851
MMS22L,40963
MMUT,61843
MN1,24245
MNAT1,63718
MND1,1489
MNDA,50052
MNS1,19099
MNX1,5439
MOAP1,52290
MOB1A,63527
MOB1B,33413
MOB2,41643
MOB3A,45125
MOB3B,37939
MOB3C,30821
MOB4,21955
MOBP,2376
MOCOS,31271
MOCS1,12882
MOCS2,109436
MOCS3,18538
MOG,4654
MOGAT1,8609
MOGAT2,2119
MOGAT3,3494
MOGS,4605
MOK,14568
MON1A,19628
MON1B,33139
MON2,74703
MORC1,4555
MORC2,61135
MORC3,360096
MORC4,211619
MORN2,49578
MORN3,5683
MORN4,10447
MORN5,6606
MOS,887
MOSMO,41738
MOSPD1,26528
MOSPD2,53721
MOSPD3,27868
MOV10,111876
MOV10L1,22753
MOXD1,78849
MPC1,46648
MPC1L,1747
MPC2,154923
MPDU1,70761
MPDZ,37970
MPEG1,46736
MPG,5245
MPHOSPH10,90435
MPHOSPH6,68298
MPHOSPH8,59015
MPHOSPH9,65603
MPI,31614
MPIG6B,9546
MPL,3898
MPLKIP,16826
MPND,26136
MPO,2322
MPP1,18993
MPP2,8632
MPP3,11550
MPP4,5259
MPP7,75740
MPPE1,45959
MPPED1,2110
MPPED2,16048
MPRIP,82283
MPST,68993
MPV17,70340
MPV17L,15301
MPV17L2,8715
MPZ,3899
MPZL1,64359
MPZL2,305602
MPZL3,34764
MR1,43155
MRAP,4996
MRAP2,36162
MRAS,12809
MRC1,39600
MRC2,33597
MRE11,45600
MREG,112276
MRFAP1,3314
MRFAP1L1,129389
MRGBP,8740
MRGPRD,935
MRGPRE,2194
MRGPRF,74322
MRGPRG,1691
MRGPRX1,6461
MRGPRX2,3669
MRGPRX3,2377
MRGPRX4,4963
MRI1,49091
MRLN,4497
MRM1,20951
MRM2,16090
MRM3,11495
MRNIP,54200
MRO,4262
MROH1,23288
MROH2A,1755
MROH2B,2425
MROH6,5181
MROH7,31964
MROH9,3882
MRRF,19694
MRS2,30792
MRTFA,50834
MRTFB,120297
MS4A1,69954
MS4A10,1857
MS4A12,2543
MS4A13,5293
MS4A14,2899
MS4A15,2993
MS4A18,1648
MS4A2,6536
MS4A3,3154
MS4A4A,31310
MS4A4E,11765
MS4A5,3729
MS4A6A,46583
MS4A6E,1351
MS4A7,37979
MS4A8,1754
MSANTD1,3931
MSANTD2,18061
MSANTD3,71992
MSANTD4,24424
MSANTD5,3338
MSC,15800
MSGN1,5304
MSH2,101730
MSH3,49781
MSH4,3760
MSH5,14752
MSH6,143154
MSI1,4804
MSI2,237253
MSL1,196396
MSL2,105672
MSL3,35548
MSLN,19183
MSLNL,5319
MSMB,6275
MSMO1,130284
MSMP,2838
MSN,133646
MSR1,43733
MSRA,31104
MSRB1,39056
MSRB2,35392
MSRB3,21663
MSS51,9855
MST1,1781
MST1R,19784
MSTN,3733
MSTO1,2955
MSX1,3670
MSX2,2928
MT1A,6499
MT1B,3883
MT1E,3942
MT1F,12045
MT1G,11961
MT1H,2466
MT1M,5418
MT1X,8037
MT2A,185313
MT3,1374
MT4,629
MTA1,90289
MTA2,173373
MTAP,170803
MTARC1,10509
MTARC2,17222
MTBP,1681
MTCH1,70866
MTCH2,77432
MTCL1,21552
MTCP1,12429
MTDH,71828
MTERF1,8197
MTERF2,11720
MTERF3,61283
MTERF4,36420
MTF1,22944
MTF2,27509
MTFMT,19459
MTFP1,12081
MTFR1,57937
MTFR1L,23010
MTFR2,13151
MTG1,28242
MTG2,10455
MTHFD1,186979
MTHFD1L,59965
MTHFD2,200681
MTHFD2L,13171
MTHFR,56443
MTHFS,18624
MTHFSD,17026
MTIF2,41371
MTIF3,80037
MTLN,32191
MTM1,63652
MTMR1,279968
MTMR10,40925
MTMR11,25906
MTMR12,77087
MTMR14,43179
MTMR2,28430
MTMR3,53316
MTMR4,29071
MTMR6,20080
MTMR7,1011
MTMR8,19400
MTMR9,6635
MTNR1A,3277
MTNR1B,1153
MTO1,22824
MTOR,59091
MTPAP,29378
MTPN,200220
MTR,100312
MTRES1,6070
MTREX,76418
MTRF1,24494
MTRF1L,18562
MTRFR,27817
MTRR,58602
MTSS1,85497
MTSS2,79099
MTTP,5827
MTURN,71069
MTUS1,79160
MTUS2,4598
MTX1,5647
MTX2,152993
MTX3,82125
MUC1,353021
MUC12,2565
MUC13,6720
MUC15,34074
MUC16,33833
MUC17,4695
MUC19,2302
MUC2,448
MUC20,63437
MUC21,520581
MUC22,76610
MUC3A,4223
MUC4,420863
MUC5AC,4730
MUC5B,2724
MUC6,2308
MUC7,2696
MUCL1,3268
MUCL3,7814
MUL1,23807
MUS81,61452
MUSK,2993
MUSTN1,14660
MUTYH,4442
MVB12A,91942
MVB12B,56297
MVD,5514
MVK,17973
MVP,127216
MX1,937292
MX2,140377
MXD1,194484
MXD3,18027
MXD4,20543
MXI1,136268
MXRA5,11723
MXRA7,95692
MXRA8,54145
MYADM,47700
MYADML2,5881
MYB,19347
MYBBP1A,24239
MYBL1,16296
MYBL2,94296
MYBPC1,2263
MYBPC2,742
MYBPC3,2568
MYBPH,1256
MYBPHL,5699
MYC,184487
MYCBP,35009
MYCBP2,39051
MYCBPAP,15488
MYCL,55881
MYCN,7598
MYCT1,11906
MYD88,59322
MYDGF,54276
MYEF2,15482
MYEOV,3636
MYF5,2368
MYF6,2202
MYG1,76587
MYH1,3708
MYH10,66974
MYH11,28259
MYH13,1214
MYH14,98563
MYH15,6524
MYH2,2831
MYH3,7048
MYH4,1644
MYH6,4213
MYH7,1953
MYH7B,14129
MYH8,2627
MYH9,1300716
MYL1,1721
MYL10,4236
MYL11,3357
MYL12A,53278
MYL12B,139893
MYL2,4273
MYL3,9324
MYL4,10347
MYL5,10638
MYL6,196524
MYL6B,43575
MYL7,2062
MYL9,28859
MYLIP,63565
MYLK,153451
MYLK2,26055
MYLK3,1398
MYLK4,4861
MYMK,2487
MYMX,6520
MYNN,69791
MYO15A,1532
MYO15B,41490
MYO16,8272
MYO18A,91883
MYO18B,2228
MYO19,60906
MYO1A,5668
MYO1B,249790
MYO1C,43530
MYO1D,72519
MYO1E,54875
MYO1F,30375
MYO1G,26323
MYO1H,4745
MYO3A,62535
MYO3B,2302
MYO5A,51354
MYO5B,37096
MYO5C,80582
MYO6,55241
MYO7B,1040
MYO9A,63320
MYO9B,249370
MYOC,6422
MYOCD,2876
MYOCOS,5118
MYOD1,1154
MYOF,81635
MYOG,1347
MYOM1,1556
MYOM2,3094
MYOM3,4352
MYORG,17751
MYOT,3647
MYOZ1,5971
MYOZ2,8108
MYOZ3,7542
MYPN,4059
MYPOP,22795
MYRF,14830
MYRFL,6162
MYRIP,3251
MYSM1,87067
MYT1,3318
MYT1L,1664
MYZAP,8894
MZB1,55875
MZF1,24334
MZT1,58707
MZT2A,24680
MZT2B,25067
N4BP1,114799
N4BP2,10669
N4BP2L1,48636
N4BP2L2,146888
N4BP3,39559
N6AMT1,49161
NAA10,131212
NAA11,2445
NAA15,182339
NAA16,61635
NAA20,125470
NAA25,66679
NAA30,60019
NAA35,28726
NAA38,28970
NAA40,30685
NAA60,72116
NAA80,18178
NAAA,29503
NAALAD2,8591
NAALADL1,9332
NAALADL2,22722
NAB1,142216
NAB2,104745
NABP1,144618
NABP2,62162
NACA,19600
NACA2,64459
NACAD,6892
NACC1,40782
NACC2,13449
NADK,125612
NADK2,92169
NAE1,19482
NAF1,15258
NAGA,75374
NAGK,220189
NAGLU,16413
NAGPA,9637
NAGS,7493
NAIF1,15598
NAIP,46674
NALCN,6322
NALF1,1340
NALF2,2661
NAMPT,448169
NANOG,7423
NANOGNB,1818
NANOGP8,3876
NANOS1,7476
NANOS2,5571
NANOS3,2065
NANP,17282
NANS,67202
NAP1L1,192237
NAP1L2,6020
NAP1L3,18873
NAP1L4,349850
NAP1L5,49642
NAPA,309355
NAPB,13687
NAPEPLD,32217
NAPG,99865
NAPRT,28124
NAPSA,5308
NARF,80182
NARS,185037
NARS2,35429
NASP,3247
NAT1,5079
NAT10,10026
NAT14,4245
NAT16,7041
NAT2,3037
NAT8,3882
NAT8L,2726
NAT9,10515
NATD1,15770
NAV1,68673
NAV2,48922
NAV3,4075
NAXD,72477
NAXE,45293
NBAS,127800
NBDY,66757
NBEA,8575
NBEAL1,38985
NBEAL2,102559
NBL1,52571
NBN,67768
NBPF15,103932
NBPF3,2463
NBR1,110645
NCALD,12899
NCAM1,2712
NCAM2,5291
NCAN,3154
NCAPD2,74715
NCAPD3,34425
NCAPG,42987
NCAPG2,119679
NCAPH,44581
NCAPH2,39926
NCBP1,38443
NCBP2,189275
NCBP2AS2,82393
NCBP2L,4568
NCBP3,99019
NCCRP1,146894
NCDN,29912
NCEH1,32708
NCF1,38665
NCF2,37168
NCF4,38228
NCK1,153561
NCK2,258084
NCKAP1,64976
NCKAP1L,83220
NCKAP5,21101
NCKAP5L,3694
NCKIPSD,49443
NCL,120700
NCLN,121945
NCMAP,4351
NCOA1,56532
NCOA2,82742
NCOA3,167404
NCOA4,96618
NCOA5,41529
NCOA6,467499
NCOA7,30018
NCOR1,300446
NCOR2,143424
NCR1,3843
NCR2,7574
NCR3,5721
NCR3LG1,8302
NCS1,46523
NCSTN,58283
NDC1,53140
NDC80,47236
NDE1,300799
NDEL1,225555
NDFIP1,275561
NDFIP2,177293
NDN,25486
NDNF,9396
NDOR1,19724
NDP,6395
NDRG1,316968
NDRG2,197381
NDRG3,29679
NDRG4,2839
NDST1,123150
NDST2,73902
NDST3,5420
NDST4,3522
NDUFA1,97181
NDUFA10,126542
NDUFA11,51149
NDUFA12,44201
NDUFA13,21384
NDUFA2,33509
NDUFA3,595
NDUFA4,36384
NDUFA4L2,28829
NDUFA5,114107
NDUFA7,7053
NDUFA8,69243
NDUFA9,37177
NDUFAB1,60286
NDUFAF1,20654
NDUFAF2,13378
NDUFAF3,13484
NDUFAF4,18444
NDUFAF5,23426
NDUFAF6,32195
NDUFAF7,38185
NDUFAF8,37094
NDUFB1,195604
NDUFB10,121503
NDUFB11,2370
NDUFB2,2507
NDUFB3,3103
NDUFB5,167944
NDUFB6,45730
NDUFB7,98325
NDUFB8,50212
NDUFC1,154867
NDUFC2,18401
NDUFS1,209082
NDUFS2,69145
NDUFS3,88019
NDUFS4,122075
NDUFS5,33858
NDUFS6,31223
NDUFS7,86467
NDUFS8,155950
NDUFV1,58564
NDUFV2,41750
NDUFV3,102738
NEB,6166
NEBL,7387
NECAB1,5544
NECAB2,2874
NECAB3,76731
NECAP1,104939
NECAP2,48631
NECTIN1,178194
NECTIN2,165171
NECTIN3,33957
NECTIN4,407927
NEDD1,73731
NEDD4,32512
NEDD4L,48906
NEDD8,14300
NEDD9,57377
NEFH,67707
NEFL,9958
NEFM,57818
NEGR1,6287
NEIL1,17064
NEIL2,31952
NEIL3,26989
NEK1,49184
NEK10,4031
NEK11,23718
NEK2,4461
NEK3,18616
NEK4,50193
NEK6,22771
NEK7,31236
NEK8,12426
NEK9,111480
NELFA,74697
NELFB,72149
NELFCD,97503
NELFE,42323
NELL1,919
NELL2,27141
NEMF,56688
NEMP1,79062
NEMP2,24532
NENF,36593
NEO1,83248
NEPRO,119515
NES,150639
NET1,443512
NETO1,4183
NETO2,44555
NEU1,89257
NEU2,1561
NEU3,15254
NEU4,1816
NEURL1,8579
NEURL1B,184022
NEURL2,3124
NEURL3,13220
NEURL4,38200
NEUROD1,2673
NEUROD2,3213
NEUROD4,1969
NEUROD6,3327
NEUROG1,363
NEUROG2,6303
NEUROG3,377
NEXMIF,18341
NEXN,52992
NF1,150565
NF2,63424
NFAM1,25848
NFASC,14487
NFAT5,91180
NFATC1,14956
NFATC2,72863
NFATC2IP,168304
NFATC3,97123
NFATC4,31231
NFE2,4043
NFE2L1,129496
NFE2L2,821590
NFE2L3,26740
NFIA,28867
NFIB,158955
NFIC,201743
NFIL3,154024
NFIX,200266
NFKB1,204476
NFKB2,192972
NFKBIA,100197
NFKBIB,79817
NFKBID,25466
NFKBIE,30560
NFKBIL1,47206
NFKBIZ,260467
NFRKB,27933
NFS1,12674
NFU1,36988
NFX1,104326
NFXL1,29827
NFYA,9528
NFYB,113138
NFYC,85478
NGB,898
NGDN,59396
NGEF,13518
NGF,4520
NGFR,48183
NGLY1,77193
NGRN,52509
NHEJ1,16624
NHERF1,515903
NHERF2,97275
NHERF4,1715
NHLH1,9026
NHLH2,7778
NHLRC1,4290
NHLRC2,41439
NHLRC3,57089
NHLRC4,6318
NHP2,70286
NHS,24602
NHSL1,59481
NHSL2,8824
NIBAN1,187082
NIBAN2,433031
NIBAN3,11887
NICN1,23470
NID1,19832
NID2,23076
NIF3L1,26902
NIFK,13457
NIM1K,3783
NIN,202805
NINJ1,111769
NINJ2,18802
NINL,38392
NIP7,21933
NIPA1,40946
NIPA2,155319
NIPAL1,7794
NIPAL2,15886
NIPAL3,40219
NIPAL4,35994
NIPBL,106011
NIPSNAP1,93178
NIPSNAP2,67261
NIPSNAP3A,33915
NIPSNAP3B,11921
NISCH,59157
NIT1,26881
NIT2,49122
NKAIN1,3648
NKAIN2,2801
NKAIN3,2134
NKAIN4,3120
NKAP,63318
NKAPD1,38190
NKAPL,5324
NKD1,9202
NKD2,5848
NKG7,21934
NKIRAS1,26820
NKIRAS2,85940
NKPD1,6763
NKRF,47015
NKTR,206824
NKX1-2,7208
NKX2-1,3753
NKX2-2,3992
NKX2-3,3766
NKX2-4,3055
NKX2-5,2338
NKX2-6,256
NKX2-8,3644
NKX3-1,10327
NKX3-2,3962
NKX6-1,3274
NKX6-2,2201
NKX6-3,1905
NLE1,9145
NLGN1,6158
NLGN2,40509
NLGN3,2878
NLGN4X,22583
NLGN4Y,199
NLK,69870
NLN,28277
NLRC3,9844
NLRC4,9331
NLRC5,76172
NLRP1,52192
NLRP10,3671
NLRP11,2381
NLRP12,3217
NLRP13,2377
NLRP14,2406
NLRP2,2426
NLRP2B,3602
NLRP3,6249
NLRP4,2273
NLRP5,1816
NLRP6,4108
NLRP7,2769
NLRP8,2207
NLRP9,1427
NLRX1,22246
NMB,6393
NMBR,2223
NMD3,62823
NME1,105812
NME2,6736
NME3,6568
NME4,37502
NME5,4644
NME6,21015
NME7,18426
NME8,4363
NME9,4498
NMI,117444
NMNAT1,20873
NMNAT2,7743
NMNAT3,31758
NMRAL1,68762
NMRK1,44650
NMRK2,1322
NMS,773
NMT1,53523
NMT2,41723
NMU,81716
NMUR1,5111
NMUR2,3056
NNAT,4713
NNMT,122149
NNT,34100
NOA1,70235
NOB1,3288
NOBOX,4667
NOC3L,34770
NOC4L,16923
NOCT,35648
NOD1,18017
NOD2,27795
NODAL,3413
NOG,7564
NOL10,57854
NOL11,4371
NOL12,15912
NOL3,1953
NOL4,3660
NOL4L,35753
NOL6,27018
NOL7,57615
NOL8,76416
NOL9,33266
NOLC1,119465
NOM1,56048
NONO,32932
NOP10,37480
NOP14,92143
NOP16,21327
NOP2,55770
NOP53,38223
NOP56,58174
NOP58,30976
NOP9,73937
NOPCHAP1,106599
NOS1,2710
NOS1AP,10695
NOS2,5132
NOS3,12146
NOSIP,55863
NOSTRIN,14911
NOTCH1,129233
NOTCH2,195581
NOTCH3,262221
NOTCH4,19262
NOTO,5569
NOTUM,633
NOVA1,13384
NOVA2,1081
NOX1,4693
NOX3,1339
NOX4,5704
NOX5,16175
NOXA1,9724
NOXO1,6179
NOXRED1,5331
NPAP1,2389
NPAS1,690
NPAS2,18223
NPAS3,5098
NPAS4,3972
NPAT,41411
NPB,4836
NPBWR1,9425
NPBWR2,279
NPC1,41117
NPC1L1,4608
NPC2,124226
NPDC1,30916
NPEPL1,66782
NPEPPS,274807
NPFF,786
NPFFR1,9442
NPFFR2,3292
NPHP1,10841
NPHP3,159318
NPHP4,19114
NPHS1,2532
NPHS2,1513
NPIPB11,8
NPIPB15,5859
NPL,7555
NPLOC4,151600
NPM1,1036757
NPM2,2128
NPM3,64886
NPNT,53128
NPPA,2516
NPPB,2197
NPPC,826
NPR1,7540
NPR2,18754
NPR3,9102
NPRL2,11315
NPRL3,59348
NPS,820
NPSR1,7121
NPTN,84666
NPTX1,168
NPTX2,3853
NPTXR,23825
NPVF,2689
NPY,1395
NPY1R,4481
NPY2R,1719
NPY5R,2269
NQO1,23747
NQO2,12044
NR0B1,2079
NR1D1,148829
NR1D2,137241
NR1H2,73518
NR1H3,28983
NR1H4,3966
NR1I2,3361
NR1I3,3686
NR2C1,21683
NR2C2,80118
NR2C2AP,21367
NR2E1,3770
NR2E3,2888
NR2F1,62430
NR2F2,29506
NR2F6,39987
NR3C1,133088
NR3C2,18461
NR4A1,100645
NR4A2,38901
NR4A3,31053
NR5A1,776
NR5A2,6768
NR6A1,8666
NRAP,2655
NRARP,77977
NRAS,75616
NRBF2,46113
NRBP1,131036
NRBP2,37447
NRCAM,2851
NRDC,179414
NRDE2,30342
NREP,89890
NRF1,24502
NRG1,13771
NRG2,2168
NRG3,2655
NRG4,4533
NRGN,23639
NRIP1,236255
NRIP3,34766
NRK,7487
NRL,5307
NRM,22087
NRN1,40934
NRN1L,6997
NRP1,38605
NRP2,37622
NRROS,8978
NRSN1,5219
NRSN2,31559
NRXN1,15674
NRXN2,7780
NRXN3,3683
NSA2,188900
NSD1,84642
NSD2,213385
NSD3,12456
NSDHL,90216
NSFL1C,65473
NSG1,28425
NSG2,1911
NSL1,66924
NSMAF,55288
NSMCE1,115051
NSMCE2,76796
NSMCE3,35478
NSMCE4A,50374
NSMF,25672
NSRP1,54962
NSUN2,115795
NSUN3,14133
NSUN4,51292
NSUN6,34284
NSUN7,26929
NT5C,64043
NT5C1A,1906
NT5C2,189416
NT5C3A,53765
NT5C3B,50371
NT5DC1,18
NT5DC2,49671
NT5DC3,12496
NT5DC4,6651
NT5E,32013
NT5M,12353
NTAN1,28164
NTAQ1,30054
NTF3,4194
NTF4,16304
NTHL1,1265
NTM,6205
NTMT1,28607
NTMT2,3563
NTN1,32090
NTN3,3107
NTN4,14601
NTNG1,7596
NTNG2,6458
NTPCR,50240
NTRK1,2921
NTRK2,16024
NTRK3,3877
NTS,3261
NTSR1,5364
NTSR2,1607
NUAK1,57208
NUAK2,89067
NUB1,179340
NUBP1,12814
NUBP2,71757
NUBPL,40175
NUCB1,51291
NUCB2,124797
NUCKS1,359414
NUDC,13978
NUDCD1,40508
NUDCD2,25988
NUDCD3,37174
NUDT1,36315
NUDT10,22348
NUDT11,19861
NUDT12,3980
NUDT13,11486
NUDT14,7108
NUDT15,54622
NUDT16,59486
NUDT16L1,48422
NUDT17,7256
NUDT18,17230
NUDT19,10961
NUDT2,41459
NUDT21,39013
NUDT22,14497
NUDT3,83919
NUDT4,83794
NUDT5,67308
NUDT7,7275
NUDT8,2027
NUDT9,68092
NUF2,49287
NUFIP1,13765
NUFIP2,225512
NUGGC,11467
NUMA1,184427
NUMB,132912
NUMBL,32276
NUP107,98585
NUP133,62498
NUP153,155245
NUP155,68659
NUP160,51391
NUP188,65913
NUP205,122765
NUP210,114450
NUP210L,3669
NUP214,75680
NUP35,58993
NUP37,58953
NUP42,60748
NUP43,109831
NUP50,72515
NUP54,100383
NUP58,160006
NUP62,46595
NUP62CL,39421
NUP85,83573
NUP88,140925
NUP93,37967
NUP98,143290
NUPR2,8523
NUS1,177988
NUSAP1,191106
NUTF2,4069
NUTM1,3673
NUTM2A,6366
NUTM2E,5823
NUTM2G,6147
NVL,42766
NWD1,8228
NWD2,7290
NXF1,114780
NXF2B,1124
NXF3,3441
NXN,62836
NXNL1,2282
NXNL2,2065
NXPE1,1908
NXPE2,2161
NXPE3,23002
NXPE4,1409
NXPH1,2160
NXPH2,1024
NXPH3,16255
NXPH4,58281
NXT1,14790
NXT2,107795
NYAP1,5184
NYAP2,3769
NYNRIN,24457
NYX,8330
OAF,72773
OARD1,39320
OAS1,166951
OAS2,243494
OAS3,216137
OASL,65690
OAT,70891
OAZ1,155481
OAZ2,10619
OAZ3,12866
OBI1,27233
OBP2A,2590
OBSCN,40344
OBSL1,67499
OC90,253
OCA2,5439
OCEL1,22814
OCIAD1,70269
OCIAD2,170329
OCLN,26242
OCM,3456
OCM2,5648
OCRL,53740
OCSTAMP,4121
ODAD1,3141
ODAD2,3362
ODAD3,4020
ODAD4,5045
ODAM,44077
ODAPH,6395
ODC1,42207
ODF1,3402
ODF2,76409
ODF2L,30437
ODF3,2943
ODF3L1,4821
ODF3L2,3803
ODF4,6686
ODR4,30475
OFD1,47023
OGA,343386
OGDH,69944
OGDHL,1480
OGFOD1,25528
OGFOD3,24688
OGFR,33291
OGFRL1,274146
OGG1,1788
OGN,34163
OGT,465720
OIP5,44304
OIT3,3742
OLAH,4706
OLFM1,146481
OLFM2,14298
OLFM3,2277
OLFM4,3828
OLFML1,14565
OLFML2A,55772
OLFML2B,76933
OLFML3,42882
OLIG1,2614
OLIG2,3634
OLIG3,2801
OLR1,32925
OMA1,96578
OMD,15255
OMG,3066
OMP,2651
ONECUT1,9113
ONECUT2,12593
ONECUT3,2118
OOEP,2146
OOSP1,3471
OOSP2,1773
OOSP3,2844
OOSP4B,2607
OPA1,174584
OPA3,33784
OPALIN,2810
OPCML,1528
OPHN1,83760
OPLAH,6688
OPN1MW,6082
OPN1SW,3924
OPN3,25141
OPN4,2714
OPN5,1258
OPRD1,4676
OPRK1,3384
OPRL1,4782
OPRM1,1078
OPRPN,2607
OPTC,600
OPTN,339549
OR10A2,1983
OR10A3,3738
OR10A4,3848
OR10A5,4321
OR10A6,4215
OR10A7,3675
OR10AD1,2042
OR10AG1,2656
OR10C1,3170
OR10D3,1448
OR10G2,2154
OR10G3,1948
OR10G4,2956
OR10G6,1842
OR10G7,930
OR10G8,2004
OR10G9,2602
OR10H1,6214
OR10H2,1985
OR10H3,948
OR10H4,2751
OR10H5,2527
OR10J1,2398
OR10J5,3414
OR10K1,2212
OR10K2,4458
OR10P1,4840
OR10Q1,1243
OR10R2,3286
OR10S1,1460
OR10T2,1801
OR10V1,4011
OR10W1,2569
OR10X1,787
OR10Z1,3704
OR11A1,2916
OR11G2,1617
OR11H1,1713
OR11H12,2542
OR11H2,377
OR11H4,5137
OR11H6,2565
OR11L1,2497
OR12D2,3810
OR12D3,1687
OR13A1,2901
OR13C2,3886
OR13C3,3014
OR13C4,2581
OR13C5,3518
OR13C8,5120
OR13C9,3062
OR13D1,448
OR13F1,2423
OR13G1,2484
OR13H1,2344
OR13J1,2895
OR14A16,3183
OR14A2,3841
OR14C36,1887
OR14I1,2516
OR14J1,3967
OR14K1,3260
OR1A1,1714
OR1A2,2248
OR1B1,1198
OR1C1,2703
OR1D2,2718
OR1D5,2244
OR1E1,1586
OR1E2,266
OR1G1,2446
OR1I1,3089
OR1J1,5084
OR1K1,3211
OR1L1,2852
OR1L3,2529
OR1L4,188
OR1L6,2242
OR1L8,3433
OR1M1,4042
OR1N1,2668
OR1N2,2281
OR1Q1,2008
OR1R1P,1418
OR1S1,464
OR1S2,1273
OR2A12,1435
OR2A14,1878
OR2A2,2694
OR2A25,2401
OR2A4,1700
OR2A42,5975
OR2A5,2716
OR2AE1,4660
OR2AG1,2770
OR2AG2,361
OR2AJ1,5560
OR2AK2,3873
OR2AP1,3572
OR2AT4,2464
OR2B11,4734
OR2B2,1755
OR2B3,2632
OR2B6,4627
OR2C1,8487
OR2C3,3790
OR2D3,3359
OR2F1,4333
OR2F2,3188
OR2G2,2692
OR2G3,1412
OR2G6,3225
OR2H1,2676
OR2H2,5292
OR2I1P,5326
OR2J1,4387
OR2J2,2845
OR2K2,3843
OR2L13,2235
OR2L2,2489
OR2L3,2073
OR2L5,4552
OR2L8,900
OR2M2,2708
OR2M3,2902
OR2M4,4630
OR2M5,354
OR2M7,734
OR2S2,1006
OR2T1,3477
OR2T10,2276
OR2T11,3218
OR2T12,4945
OR2T2,2187
OR2T27,1941
OR2T3,1520
OR2T33,4914
OR2T34,456
OR2T35,2323
OR2T4,2454
OR2T6,3122
OR2T8,1077
OR2V1,7552
OR2V2,4410
OR2W1,3423
OR2Y1,3713
OR2Z1,1626
OR3A1,2699
OR3A2,2839
OR3A3,945
OR4A15,500
OR4A16,2456
OR4A47,3520
OR4A5,235
OR4B1,4036
OR4C11,248
OR4C12,580
OR4C13,4760
OR4C15,4231
OR4C16,1562
OR4C3,5654
OR4C46,100
OR4C5,2954
OR4C6,1422
OR4D1,4868
OR4D10,4685
OR4D11,2636
OR4D2,4581
OR4D5,1213
OR4D6,2768
OR4D9,3237
OR4E1,2868
OR4E2,1807
OR4F15,2563
OR4F17,1902306
OR4F21,4057
OR4F4,1125
OR4F5,963
OR4F6,4795
OR4K1,3561
OR4K13,2530
OR4K14,3705
OR4K15,3770
OR4K17,2707
OR4K2,2486
OR4K5,3265
OR4L1,2088
OR4M1,1355
OR4M2,33
OR4M2B,1740
OR4N2,5078
OR4N4,657
OR4N4C,1893
OR4N5,3576
OR4P4,84
OR4Q3,110
OR4S1,3239
OR4S2,79
OR4X1,1574
OR4X2,3361
OR51A2,429
OR51A4,852
OR51A7,3283
OR51B5,877
OR51B6,2318
OR51C1P,1254
OR51D1,4074
OR51E1,4488
OR51E2,3672
OR51F1,2677
OR51F2,3727
OR51G1,2095
OR51G2,2722
OR51L1,2140
OR51Q1,2089
OR51S1,2159
OR51T1,3085
OR51V1,1737
OR52A1,1871
OR52A5,2632
OR52B2,3290
OR52B4,3161
OR52B6,3405
OR52D1,2305
OR52E2,3046
OR52E4,1849
OR52E5,3162
OR52E8,1417
OR52H1,1809
OR52I1,2457
OR52I2,1979
OR52J3,2463
OR52K1,1104
OR52K2,1924
OR52L1,1444
OR52M1,2490
OR52N1,2483
OR52N2,3466
OR52N4,3791
OR52N5,4747
OR52R1,3383
OR52W1,3375
OR56A1,3840
OR56A3,1032
OR56A4,4922
OR56A5,2564
OR56B1,8148
OR56B4,3307
OR5A1,3490
OR5A2,3731
OR5AC2,3461
OR5AK2,2656
OR5AN1,3158
OR5AP2,3534
OR5AR1,2012
OR5AS1,1909
OR5AU1,2174
OR5B12,3993
OR5B17,4562
OR5B2,2480
OR5B21,5378
OR5B3,3957
OR5BS1P,3588
OR5C1,1368
OR5D13,2799
OR5D14,2788
OR5D16,6167
OR5D18,2582
OR5D3P,3237
OR5F1,785
OR5H1,1721
OR5H14,1406
OR5H15,1788
OR5H2,4364
OR5H6,622
OR5I1,2923
OR5J2,4868
OR5K1,2367
OR5K2,1381
OR5K3,5276
OR5K4,2006
OR5L1,3458
OR5L2,867
OR5M1,2831
OR5M10,2089
OR5M11,2400
OR5M3,904
OR5M8,2488
OR5M9,3060
OR5P2,1770
OR5T1,2914
OR5T2,3207
OR5T3,1791
OR5V1,3911
OR5W2,2814
OR6A2,737
OR6B1,2126
OR6B2,8449
OR6B3,1876
OR6C1,3349
OR6C2,3466
OR6C3,4277
OR6C4,2749
OR6C6,3300
OR6C65,2984
OR6C68,3019
OR6C70,5519
OR6C74,4074
OR6C75,1336
OR6C76,3428
OR6F1,2584
OR6J1,5215
OR6K2,4075
OR6K3,3591
OR6K6,1182
OR6M1,1232
OR6N1,2725
OR6N2,4611
OR6P1,3838
OR6Q1,2854
OR6S1,3439
OR6T1,1358
OR6V1,2034
OR6X1,2566
OR6Y1,1999
OR7A10,2136
OR7A17,3330
OR7A5,3383
OR7C1,5718
OR7C2,3733
OR7D2,5961
OR7D4,4019
OR7E24,1618
OR7G1,5157
OR7G2,7890
OR7G3,5486
OR8A1,1031
OR8B12,2075
OR8B2,391
OR8B3,776
OR8B4,2295
OR8B8,1412
OR8D1,1046
OR8D2,1834
OR8D4,1603
OR8G1,2796
OR8G5,1880
OR8H1,5139
OR8H2,3455
OR8H3,4231
OR8I2,3153
OR8J1,3120
OR8J3,3197
OR8K1,3181
OR8K3,2980
OR8K5,2828
OR8S1,4154
OR8U1,2514
OR8U3,3687
OR9A4,4569
OR9G1,1169
OR9G4,2828
OR9I1,2172
OR9K2,5122
OR9Q1,3440
OR9Q2,3669
ORAI1,5953
ORAI2,15605
ORAI3,39799
ORC1,32032
ORC2,100362
ORC3,40408
ORC4,75359
ORC5,56145
ORC6,30574
ORM1,4441
ORM2,1200
ORMDL1,152153
ORMDL2,63247
ORMDL3,63144
OS9,292355
OSBP,86448
OSBP2,39735
OSBPL10,31237
OSBPL11,81010
OSBPL1A,13577
OSBPL2,50687
OSBPL3,163940
OSBPL5,29358
OSBPL6,16294
OSBPL7,16220
OSBPL8,130993
OSBPL9,40581
OSCAR,19761
OSCP1,15122
OSER1,51488
OSGEP,9139
OSGEPL1,10358
OSGIN1,1519
OSGIN2,35146
OSM,10601
OSMR,37465
OSR1,9012
OSR2,10412
OST4,119240
OSTC,97946
OSTF1,222563
OSTM1,63892
OSTN,5213
OTC,3355
OTOA,3343
OTOF,2494
OTOG,1936
OTOGL,3148
OTOL1,5460
OTOP1,274
OTOP2,3916
OTOP3,5646
OTOR,875
OTOS,2689
OTP,2397
OTUB1,27019
OTUB2,9387
OTUD1,44349
OTUD3,30077
OTUD4,22831
OTUD5,118391
OTUD6A,1555
OTUD6B,47336
OTUD7A,4664
OTUD7B,38553
OTULIN,123294
OTULINL,36929
OTX1,12923
OTX2,1073
OVCH1,5833
OVCH2,5396
OVGP1,362
OVOL1,57265
OVOL2,5887
OVOL3,6176
OXA1L,48824
OXCT1,50895
OXCT2,3499
OXER1,7770
OXGR1,9260
OXLD1,36441
OXNAD1,11071
OXR1,35350
OXSM,8531
OXSR1,59832
OXT,1374
OXTR,2829
P2RX1,5074
P2RX2,1650
P2RX3,4489
P2RX4,21011
P2RX5,12961
P2RX6,6340
P2RX7,23239
P2RY1,205189
P2RY10,45896
P2RY12,9923
P2RY13,33314
P2RY14,11196
P2RY2,69901
P2RY6,8107
P3H1,24893
P3H2,41329
P3H3,20312
P3H4,13806
P3R3URF,5447
P4HA1,86109
P4HA2,34301
P4HA3,5408
P4HB,463497
P4HTM,35779
PA2G4,12081
PAAF1,9972
PABIR1,75385
PABIR2,164315
PABIR3,43406
PABPC1,60086
PABPC1L,54149
PABPC1L2A,301
PABPC1L2B,1772
PABPC3,1724
PABPC4,22415
PABPC4L,12898
PABPC5,8554
PABPN1L,473
PACC1,22507
PACRG,5616
PACRGL,30880
PACS1,45450
PACS2,82313
PACSIN1,7048
PACSIN2,52693
PACSIN3,68779
PADI1,51981
PADI2,8617
PADI3,4037
PADI4,5527
PADI6,4045
PAEP,930
PAF1,104024
PAFAH1B1,77946
PAFAH1B2,112977
PAFAH1B3,5833
PAFAH2,10695
PAG1,18044
PAGE1,1945
PAGE2,557
PAGE2B,398
PAGE3,1331
PAGE4,2136
PAGE5,2145
PAGR1,25186
PAH,1723
PAIP2,150132
PAIP2B,42426
PAK1,59562
PAK1IP1,52032
PAK2,60028
PAK3,3510
PAK4,140238
PAK5,3451
PAK6,101850
PALB2,72199
PALD1,13707
PALLD,202221
PALM,22249
PALM2AKAP2,81090
PALM3,5863
PALMD,52712
PALS1,60166
PALS2,60409
PAM,365923
PAM16,12970
PAMR1,14687
PAN2,40232
PAN3,121848
PANK1,19672
PANK2,40074
PANK3,64957
PANK4,21424
PANO1,4182
PANX1,21002
PANX2,11848
PANX3,3747
PAOX,7768
PAPLN,23541
PAPOLA,946
PAPOLB,4753
PAPOLG,29436
PAPPA,12951
PAPPA2,5845
PAPSS1,113180
PAPSS2,33854
PAQR3,29115
PAQR4,112440
PAQR5,6917
PAQR6,4380
PAQR7,20464
PAQR8,22179
PAQR9,6084
PARD3,213932
PARD3B,31964
PARD6A,8280
PARD6B,47425
PARD6G,26351
PARG,2207
PARK7,300396
PARL,75596
PARM1,79172
PARN,54757
PARP1,44724
PARP10,21092
PARP11,41359
PARP12,175925
PARP14,570096
PARP15,21774
PARP16,15325
PARP2,84444
PARP3,23340
PARP4,63785
PARP6,103060
PARP8,50611
PARP9,245906
PARPBP,33465
PARS2,3179
PARVA,19681
PARVB,28824
PARVG,34768
PASD1,2998
PASK,21892
PATE1,1209
PATE2,1167
PATE3,2650
PATE4,1831
PATJ,97298
PATL1,55630
PATL2,17743
PATZ1,14738
PAWR,263985
PAX1,1695
PAX2,1467
PAX3,1100
PAX4,4346
PAX5,10859
PAX6,15044
PAX7,1809
PAX8,10555
PAX9,17814
PAXBP1,85905
PAXIP1,59132
PAXX,9507
PBDC1,80120
PBK,19980
PBLD,16281
PBOV1,4925
PBRM1,159856
PBX1,116103
PBX2,157036
PBX3,62419
PBX4,25876
PBXIP1,216887
PC,11795
PCARE,4762
PCBD1,8490
PCBD2,1300
PCBP3,4588
PCBP4,9146
PCCA,87575
PCCB,37825
PCDH1,107528
PCDH10,3531
PCDH11X,2889
PCDH11Y,8
PCDH12,8018
PCDH15,1734
PCDH17,15574
PCDH18,44780
PCDH19,5091
PCDH20,4042
PCDH7,32206
PCDH8,3602
PCDH9,2658
PCDHA10,2534
PCDHA11,2775
PCDHA12,2082
PCDHA13,3049
PCDHA2,2526
PCDHA3,4394
PCDHA4,3834
PCDHA5,3811
PCDHA6,2518
PCDHA7,2270
PCDHA8,3524
PCDHA9,2781
PCDHAC1,2348
PCDHB1,2149
PCDHB10,9607
PCDHB11,4262
PCDHB12,8872
PCDHB13,8670
PCDHB14,17225
PCDHB15,9092
PCDHB16,5158
PCDHB2,5091
PCDHB3,4160
PCDHB4,5724
PCDHB5,4128
PCDHB6,2872
PCDHB7,4785
PCDHB8,3242
PCDHB9,5593
PCDHGA1,3079
PCDHGA10,5226
PCDHGA11,2586
PCDHGA12,4202
PCDHGA2,4283
PCDHGA3,4920
PCDHGA5,5785
PCDHGA6,5746
PCDHGA7,3647
PCDHGA8,5171
PCDHGA9,9384
PCDHGB2,6857
PCDHGB6,12629
PCDHGB7,8675
PCDHGC3,21220
PCDHGC4,5777
PCDHGC5,2698
PCED1A,65862
PCED1B,36486
PCF11,98716
PCGF1,14034
PCGF2,20902
PCGF3,182709
PCGF5,142681
PCGF6,28718
PCID2,95697
PCIF1,92049
PCK1,3547
PCK2,15914
PCLAF,15220
PCLO,9139
PCM1,38798
PCMT1,188696
PCMTD1,256021
PCMTD2,140053
PCNA,113759
PCNT,37963
PCNX1,52337
PCNX2,42591
PCNX3,17088
PCNX4,72220
PCOLCE,41389
PCOLCE2,6598
PCP2,6099
PCP4,47455
PCP4L1,91700
PCSK1,6079
PCSK1N,2714
PCSK2,1399
PCSK4,3349
PCSK5,7239
PCSK6,9497
PCSK7,38890
PCSK9,6727
PCTP,17825
PCYOX1,102644
PCYOX1L,23678
PCYT1A,179650
PCYT1B,7109
PCYT2,36481
PDC,4896
PDCD1,9632
PDCD10,224215
PDCD11,59858
PDCD1LG2,15512
PDCD2L,21283
PDCD4,185156
PDCD6,128738
PDCD6IP,175391
PDCD7,79310
PDCL,75642
PDCL2,6697
PDE10A,14300
PDE11A,718
PDE12,42045
PDE1A,842
PDE1B,5518
PDE1C,2725
PDE2A,9432
PDE3A,17521
PDE3B,72657
PDE4A,17302
PDE4B,13026
PDE4C,1417
PDE4D,10286
PDE4DIP,250189
PDE5A,52782
PDE6A,5660
PDE6B,10313
PDE6C,3382
PDE6D,18539
PDE6G,1131
PDE6H,2118
PDE7A,83043
PDE7B,5574
PDE8A,113033
PDE8B,30560
PDE9A,12519
PDGFA,34805
PDGFB,20323
PDGFC,50307
PDGFD,6939
PDGFRA,91882
PDGFRB,35728
PDGFRL,7617
PDHA1,73874
PDHA2,2282
PDHB,121300
PDHX,76514
PDIA2,1144
PDIA3,124940
PDIA4,63589
PDIA5,24817
PDIA6,127822
PDIK1L,56564
PDILT,2955
PDK1,85119
PDK2,26571
PDK3,60896
PDK4,21316
PDLIM2,32820
PDLIM3,16913
PDLIM4,33187
PDLIM5,57862
PDLIM7,87211
PDP1,64405
PDP2,7321
PDPK1,36233
PDPN,87626
PDPR,20248
PDRG1,177412
PDS5A,308975
PDS5B,38149
PDSS1,19003
PDSS2,36165
PDX1,6065
PDXDC1,73343
PDXK,265861
PDXP,9373
PDYN,1193
PDZD11,244593
PDZD2,58558
PDZD4,10334
PDZD7,10227
PDZD8,132514
PDZD9,4706
PDZK1,2104
PDZK1IP1,6442
PDZRN3,6035
PDZRN4,4023
PEA15,399729
PEAK1,60088
PEAK3,131
PEAR1,5076
PEBP1,27036
PEBP4,3052
PECAM1,108926
PECR,10971
PEDS1,186773
PEF1,210909
PEG10,25483
PEG3,8718
PELI1,277019
PELI2,50979
PELI3,24278
PELO,53306
PELP1,24889
PEMT,8190
PENK,3141
PEPD,88206
PER1,175349
PER2,31281
PER3,130185
PERCC1,2868
PERM1,7653
PERP,3201236
PES1,28938
PET100,4075
PET117,6734
PEX1,39370
PEX10,35960
PEX11A,12207
PEX11B,84166
PEX11G,7818
PEX12,16233
PEX13,53526
PEX14,26733
PEX16,24071
PEX19,51824
PEX2,79947
PEX26,116423
PEX3,16159
PEX5,17628
PEX5L,5725
PEX6,11961
PEX7,25121
PF4,1809
PF4V1,2481
PFAS,7981
PFDN1,41781
PFDN2,44752
PFDN4,8217
PFDN6,96452
PFKFB1,4065
PFKFB2,39399
PFKFB3,115689
PFKFB4,12858
PFKL,80117
PFKM,57146
PFKP,98992
PFN1,6188
PFN2,18706
PFN3,2586
PFN4,9014
PGA3,43341
PGA5,989
PGAM1,9973
PGAM2,4198
PGAM4,3048
PGAM5,55399
PGAP1,13744
PGAP2,22113
PGAP3,23663
PGAP4,27380
PGAP6,53595
PGBD1,19410
PGBD2,21528
PGBD4,10517
PGBD5,9137
PGC,4514
PGD,220852
PGF,34999
PGGHG,153992
PGGT1B,41058
PGK1,171140
PGK2,3354
PGLS,17683
PGLYRP1,2859
PGLYRP2,1320
PGLYRP3,29357
PGLYRP4,9349
PGM1,76886
PGM2,197084
PGM2L1,16591
PGM3,33368
PGM5,7060
PGP,54893
PGPEP1,19375
PGPEP1L,4846
PGR,108376
PGRMC1,61393
PGRMC2,30686
PGS1,48993
PHACTR1,8540
PHACTR2,160038
PHACTR3,1850
PHACTR4,89035
PHAF1,18979
PHAX,111262
PHB1,40607
PHC2,157663
PHC3,136709
PHETA1,11613
PHETA2,13657
PHEX,11175
PHF1,112329
PHF10,73608
PHF11,163315
PHF12,39748
PHF13,65945
PHF14,82998
PHF19,68397
PHF2,88104
PHF20,36619
PHF20L1,215704
PHF21A,128174
PHF21B,4552
PHF23,49750
PHF24,2972
PHF3,205868
PHF6,62704
PHF8,79108
PHGDH,43545
PHGR1,2858
PHIP,171812
PHKA1,19365
PHKA2,11722
PHKB,4448
PHKG1,11891
PHKG2,84486
PHLDA1,384192
PHLDA2,47546
PHLDA3,31133
PHLDB1,104584
PHLDB2,68704
PHLDB3,41535
PHLPP1,10266
PHLPP2,20777
PHOSPHO1,9749
PHOSPHO2,26667
PHOX2A,1348
PHOX2B,2981
PHPT1,56673
PHRF1,27612
PHTF1,47781
PHTF2,132202
PHYH,21484
PHYHD1,12610
PHYHIP,6031
PHYHIPL,2291
PHYKPL,146210
PI15,13016
PI16,17376
PI3,232174
PI4K2B,114622
PI4KA,88063
PI4KB,55724
PIANP,11542
PIAS1,130002
PIAS2,54339
PIAS3,50927
PIAS4,26378
PIBF1,79176
PICALM,284836
PICK1,47458
PID1,9734
PIDD1,26030
PIERCE1,6218
PIERCE2,10796
PIEZO1,53420
PIEZO2,13455
PIF1,20699
PIFO,5445
PIGA,113300
PIGB,17695
PIGC,12876
PIGF,29888
PIGG,25748
PIGH,46605
PIGK,35989
PIGL,25555
PIGM,35841
PIGN,29318
PIGO,29336
PIGP,52751
PIGQ,10752
PIGR,7395
PIGS,50381
PIGT,115914
PIGU,19078
PIGV,12041
PIGW,19985
PIGX,209237
PIGZ,9398
PIH1D1,83418
PIH1D2,4326
PIK3AP1,22264
PIK3C2A,97987
PIK3C2B,35485
PIK3C2G,5106
PIK3C3,83909
PIK3CA,127100
PIK3CB,46294
PIK3CD,30303
PIK3CG,54220
PIK3IP1,401189
PIK3R1,341173
PIK3R2,85628
PIK3R3,12082
PIK3R4,67183
PIK3R5,31660
PIK3R6,6064
PIKFYVE,70063
PILRA,1520
PILRB,26817
PIM1,224380
PIM2,122505
PIM3,374792
PIMREG,32326
PIN1,69870
PIN4,12362
PINK1,68121
PINLYP,12855
PINX1,22893
PIP,2075
PIP4K2A,199956
PIP4K2B,32465
PIP4K2C,18
PIP4P1,72060
PIP4P2,19664
PIP5K1A,217627
PIP5K1B,13571
PIP5K1C,42279
PIP5KL1,19536
PIPOX,2087
PIR,42873
PIRT,362
PISD,42062
PITHD1,140513
PITPNA,68449
PITPNB,324497
PITPNC1,90063
PITPNM1,83120
PITPNM2,14169
PITPNM3,22079
PITRM1,87519
PITX1,696652
PITX2,12286
PITX3,3486
PIWIL1,1653
PIWIL2,4951
PIWIL3,4130
PIWIL4,8077
PJA1,40903
PJA2,240640
PJVK,9356
PKD1,153699
PKD1L1,4140
PKD1L3,2462
PKD2,58987
PKD2L1,4671
PKD2L2,4217
PKDCC,24787
PKDREJ,5884
PKHD1,2611
PKHD1L1,6443
PKIA,37948
PKIB,37296
PKIG,77030
PKLR,2574
PKM,659578
PKMYT1,12506
PKN1,88781
PKN2,265256
PKN3,24402
PKNOX1,24975
PKNOX2,5414
PKP1,250116
PKP2,7039
PKP3,233719
PKP4,42985
PLA1A,14982
PLA2G10,4632
PLA2G12A,38847
PLA2G12B,2375
PLA2G15,19621
PLA2G1B,3452
PLA2G2A,2360
PLA2G2C,5796
PLA2G2D,11468
PLA2G2E,982
PLA2G2F,5734
PLA2G3,4357
PLA2G4A,16015
PLA2G4B,178563
PLA2G4C,19523
PLA2G4D,6469
PLA2G4E,32428
PLA2G4F,16161
PLA2G5,3043
PLA2G6,16356
PLA2G7,31865
PLA2R1,24674
PLAA,127631
PLAAT1,6017
PLAAT2,5432
PLAAT3,18692
PLAAT4,50595
PLAAT5,2927
PLAC1,2016
PLAC8,120084
PLAC8L1,6065
PLAC9,1680
PLAG1,6091
PLAGL1,47649
PLAGL2,110401
PLAT,618282
PLAU,134960
PLAUR,78755
PLB1,7677
PLBD1,130081
PLBD2,50332
PLCB1,6123
PLCB2,43847
PLCB3,84554
PLCB4,8017
PLCD1,48952
PLCD3,17570
PLCD4,6347
PLCE1,15516
PLCG1,77212
PLCG2,18025
PLCH1,3498
PLCH2,121321
PLCL1,10642
PLCL2,28826
PLCXD2,24260
PLCXD3,3225
PLCZ1,3904
PLD1,112888
PLD2,50542
PLD3,113462
PLD4,11146
PLD5,2970
PLD6,17583
PLEC,483568
PLEK,238
PLEK2,64338
PLEKHA1,53324
PLEKHA2,114682
PLEKHA3,33741
PLEKHA4,102119
PLEKHA5,58626
PLEKHA6,10798
PLEKHA7,47293
PLEKHA8,35052
PLEKHB1,5763
PLEKHB2,70712
PLEKHD1,3700
PLEKHF1,7158
PLEKHF2,163185
PLEKHG1,77301
PLEKHG2,30229
PLEKHG3,97864
PLEKHG4,16166
PLEKHG4B,5102
PLEKHG5,53908
PLEKHG6,30142
PLEKHG7,4595
PLEKHH1,42980
PLEKHH2,33173
PLEKHH3,18209
PLEKHJ1,994
PLEKHM1,47022
PLEKHM2,98012
PLEKHM3,47715
PLEKHN1,15269
PLEKHO1,101575
PLEKHO2,92002
PLEKHS1,7510
PLET1,3845
PLG,2474
PLGLB1,29286
PLGRKT,32139
PLIN1,5260
PLIN2,7108
PLIN3,72245
PLIN4,4556
PLIN5,5766
PLK1,67480
PLK2,57726
PLK3,83916
PLK4,31605
PLK5,5426
PLLP,11092
PLN,6652
PLOD1,30284
PLOD2,62768
PLOD3,21955
PLP1,6344
PLP2,819775
PLPBP,82623
PLPP1,44270
PLPP2,71011
PLPP3,231244
PLPP4,7400
PLPP5,73644
PLPP6,36057
PLPP7,7485
PLPPR1,3085
PLPPR2,35399
PLPPR3,525
PLPPR4,9529
PLPPR5,5454
PLRG1,149763
PLS1,54831
PLS3,343781
PLSCR1,1085926
PLSCR2,9936
PLSCR3,25635
PLSCR4,17075
PLSCR5,7846
PLTP,71778
PLVAP,20303
PLXDC1,15778
PLXDC2,11716
PLXNA1,11892
PLXNA2,60996
PLXNA3,47013
PLXNA4,3669
PLXNB1,67244
PLXNB2,177999
PLXNC1,55914
PLXND1,106056
PM20D1,3329
PM20D2,63929
PMAIP1,388490
PMCH,3154
PMEL,5147
PMEPA1,71152
PMF1,35539
PMFBP1,2861
PMIS2,4981
PML,189641
PMM1,69555
PMM2,99141
PMP2,7198
PMP22,82589
PMPCA,48580
PMPCB,125137
PMS1,19778
PMS2,17282
PMVK,92780
PNCK,9328
PNISR,246377
PNKD,47902
PNLDC1,7057
PNLIPRP1,1194
PNLIPRP3,2919
PNMA1,65610
PNMA2,1719
PNMA3,11149
PNMA5,3857
PNMA6A,2566
PNMA6E,1876
PNMA6F,1249
PNMA8A,5084
PNMA8B,3986
PNMA8C,3998
PNMT,2172
PNN,130964
PNO1,38920
PNOC,4969
PNP,143066
PNPLA1,6249
PNPLA2,87364
PNPLA3,5770
PNPLA4,28076
PNPLA5,1586
PNPLA6,4159
PNPLA7,3752
PNPLA8,158084
PNPO,56356
PNPT1,53130
PNRC1,317202
POC1A,19352
POC1B,52049
POC5,11606
PODN,23829
PODNL1,6838
PODXL,32905
PODXL2,65458
POF1B,53383
POFUT1,101462
POFUT2,54054
POGK,48534
POGLUT1,28575
POGLUT2,23485
POGLUT3,28895
POGZ,161034
POLA1,74936
POLA2,124679
POLB,103175
POLD1,52406
POLD2,37939
POLD3,47416
POLD4,31664
POLDIP2,127041
POLDIP3,69487
POLE,65862
POLE2,50958
POLE3,107922
POLE4,65263
POLG,71276
POLG2,37946
POLH,46219
POLI,40893
POLK,52376
POLL,33665
POLM,50002
POLN,2439
POLQ,46803
POLR1A,39951
POLR1B,17558
POLR1C,12922
POLR1D,66247
POLR1E,70639
POLR1F,24513
POLR1G,10892
POLR1H,50162
POLR2A,313222
POLR2B,93364
POLR2C,34528
POLR2D,71848
POLR2E,80963
POLR2F,77669
POLR2G,41553
POLR2H,213263
POLR2I,23386
POLR2J2,37269
POLR2J3,51777
POLR2K,256283
POLR2L,34333
POLR2M,158445
POLR3A,62420
POLR3B,31010
POLR3C,34957
POLR3D,45308
POLR3E,33264
POLR3F,18418
POLR3G,22222
POLR3GL,98333
POLR3H,20387
POLR3K,12076
POLRMT,26674
POM121,9057
POM121C,24179
POM121L12,1141
POM121L2,4813
POMC,3935
POMGNT1,63812
POMGNT2,15699
POMP,41320
POMT1,28364
POMT2,15135
PON1,3569
PON2,47399
PON3,3697
POP1,13332
POP4,67211
POP5,26968
POP7,52159
POPDC2,23777
POPDC3,2429
POR,69732
PORCN,14137
POSTN,144900
POT1,33093
POTEC,9479
POTEE,5798
POTEF,6323
POTEI,10867
POTEM,6853
POU1F1,3888
POU2AF1,51243
POU2AF2,5941
POU2AF3,7672
POU2F1,57474
POU2F2,32329
POU2F3,5053
POU3F1,6268
POU3F2,6104
POU3F3,2192
POU3F4,2486
POU4F1,8169
POU4F2,2371
POU4F3,2272
POU5F1,11562
POU5F1B,977
POU5F2,21212
POU6F1,9083
POU6F2,2488
PP2D1,2938
PPA1,2835
PPA2,64344
PPAN,35390
PPARA,9672
PPARD,41721
PPARG,6847
PPARGC1A,7742
PPARGC1B,19968
PPAT,6663
PPBP,2444
PPCDC,32231
PPCS,32673
PPDPF,22796
PPDPFL,7027
PPEF1,3627
PPEF2,3110
PPFIA2,4804
PPFIA3,16331
PPFIA4,9709
PPFIBP1,123822
PPFIBP2,31718
PPHLN1,155403
PPIA,21551
PPIAL4A,5436
PPIAL4G,65138
PPIAL4H,9995
PPIB,54141
PPIC,149453
PPID,57531
PPIE,29353
PPIF,146473
PPIG,50637
PPIH,57112
PPIL1,41317
PPIL2,51834
PPIL3,61055
PPIL4,111496
PPIL6,10633
PPIP5K1,10085
PPIP5K2,101718
PPL,991231
PPM1A,264139
PPM1B,10986
PPM1D,37849
PPM1E,6128
PPM1F,59982
PPM1G,153098
PPM1H,9866
PPM1J,13581
PPM1K,74147
PPM1L,27765
PPM1M,21911
PPM1N,10465
PPME1,54119
PPOX,17959
PPP1CA,145904
PPP1CB,363682
PPP1R10,147124
PPP1R11,77590
PPP1R12A,116523
PPP1R12B,116863
PPP1R12C,119206
PPP1R13B,115320
PPP1R13L,144153
PPP1R14A,2257
PPP1R14B,51375
PPP1R14C,89782
PPP1R14D,6625
PPP1R15A,113490
PPP1R15B,138507
PPP1R16A,958
PPP1R16B,6845
PPP1R17,1838
PPP1R18,256188
PPP1R1A,3873
PPP1R1B,13594
PPP1R1C,1223
PPP1R2,226183
PPP1R21,69570
PPP1R26,11740
PPP1R27,690
PPP1R2B,2607
PPP1R2C,3637
PPP1R32,2840
PPP1R35,23251
PPP1R36,6545
PPP1R37,48278
PPP1R3A,5621
PPP1R3B,35304
PPP1R3C,5810
PPP1R3D,68815
PPP1R3E,26554
PPP1R3F,4984
PPP1R3G,4324
PPP1R42,4551
PPP1R7,144078
PPP1R8,139174
PPP1R9A,6943
PPP1R9B,114331
PPP2CA,70153
PPP2R1A,104878
PPP2R1B,20491
PPP2R2A,171068
PPP2R2B,2350
PPP2R2C,97151
PPP2R2D,108967
PPP2R3A,79934
PPP2R3C,74949
PPP2R5A,150399
PPP2R5B,42011
PPP2R5C,4756
PPP2R5D,61093
PPP2R5E,60396
PPP3CA,20075
PPP3CB,97688
PPP3CC,68368
PPP3R1,301301
PPP3R2,3979
PPP4C,170718
PPP4R1,270641
PPP4R2,72542
PPP4R3A,200832
PPP4R3B,115361
PPP4R3C,3612
PPP4R4,9634
PPP5C,98331
PPP6C,156189
PPP6R1,175552
PPP6R2,108570
PPP6R3,185871
PPRC1,105592
PPT1,204937
PPT2,18480
PPTC7,100135
PPWD1,67256
PPY,1552
PQBP1,124587
PRAC1,9355
PRAC2,1364
PRADC1,35114
PRAF2,71362
PRAG1,11839
PRAM1,6744
PRAME,5649
PRAMEF1,376
PRAMEF10,1887
PRAMEF11,740
PRAMEF12,5356
PRAMEF13,5276
PRAMEF14,7291
PRAMEF15,3011
PRAMEF17,1278
PRAMEF18,1385
PRAMEF19,4719
PRAMEF2,85
PRAMEF20,1629
PRAMEF27,2161
PRAMEF33,1396
PRAMEF4,5086
PRAMEF5,2897
PRAMEF7,1734
PRAMEF9,10816
PRAP1,1445
PRB2,1724
PRB3,1550
PRB4,1660
PRC1,185014
PRCC,96685
PRCD,6750
PRCP,106192
PRDM1,279033
PRDM10,8644
PRDM11,4406
PRDM12,4184
PRDM13,2104
PRDM14,833
PRDM15,16739
PRDM16,3791
PRDM2,133519
PRDM4,33636
PRDM5,65603
PRDM6,2217
PRDM7,605
PRDM8,12418
PRDM9,1378
PRDX1,2367
PRDX2,120955
PRDX3,3924
PRDX4,19093
PREB,87656
PRELID2,124162
PRELID3A,12557
PRELID3B,116694
PRELP,62875
PREP,95758
PREPL,64160
PREX1,92958
PREX2,16629
PRF1,23199
PRG2,4753
PRG3,1946
PRG4,4923
PRH1,17563
PRH2,3794
PRICKLE1,21522
PRICKLE2,37713
PRICKLE3,60578
PRIM1,31439
PRIM2,27345
PRIMA1,20632
PRIMPOL,29927
PRKAA1,95542
PRKAA2,5213
PRKAB1,74758
PRKAB2,14691
PRKACA,88234
PRKACB,57063
PRKACG,1576
PRKAG1,58737
PRKAG2,26804
PRKAG3,3613
PRKAR1A,322184
PRKAR1B,5674
PRKAR2A,40710
PRKAR2B,21820
PRKCA,31271
PRKCB,25743
PRKCD,113292
PRKCE,13318
PRKCG,2963
PRKCH,94103
PRKCI,107029
PRKCQ,35010
PRKCSH,21947
PRKCZ,13395
PRKD1,16435
PRKD2,145885
PRKD3,73206
PRKDC,270561
PRKG1,47378
PRKG2,7098
PRKN,2042
PRKRA,115271
PRKX,301189
PRL,5743
PRLHR,1966
PRLR,13648
PRM2,882
PRM3,4668
PRMT1,45900
PRMT2,136364
PRMT3,67128
PRMT5,31249
PRMT6,45420
PRMT7,24405
PRMT8,2479
PRMT9,23113
PRND,5811
PRNP,289627
PROB1,12321
PROC,946
PROCA1,10545
PROCR,82045
PRODH,19661
PRODH2,1274
PROK1,4654
PROK2,4567
PROKR1,4514
PROM1,9049
PROM2,193703
PROP1,3201
PRORP,6452
PROS1,3336
PROSER1,44646
PROSER2,12574
PROSER3,11737
PROX1,10394
PROX2,1600
PROZ,4714
PRPF18,34153
PRPF19,261834
PRPF3,57537
PRPF31,24187
PRPF38A,82164
PRPF38B,420665
PRPF39,44010
PRPF4,66806
PRPF40A,66863
PRPF40B,30413
PRPF4B,7497
PRPF6,139502
PRPF8,441863
PRPH,3925
PRPH2,4878
PRPS1,64955
PRPS1L1,5206
PRPS2,226396
PRPSAP1,75959
PRPSAP2,29179
PRR11,50652
PRR12,42093
PRR13,158223
PRR14,68916
PRR14L,107647
PRR15,6375
PRR15L,13328
PRR16,20961
PRR18,5941
PRR19,10373
PRR20G,4320
PRR22,969
PRR23A,6730
PRR23B,6185
PRR23C,3856
PRR23E,855
PRR27,4771
PRR29,5813
PRR3,13657
PRR30,3253
PRR32,3763
PRR33,3960
PRR35,1725
PRR36,17026
PRR4,4361
PRR5,9673
PRR5L,40420
PRR7,538
PRR9,7885
PRRC1,63669
PRRC2A,277928
PRRC2B,123902
PRRC2C,23772
PRRG1,3779
PRRG2,17236
PRRG3,11175
PRRG4,84397
PRRT1,6975
PRRT1B,1603
PRRT2,23232
PRRT4,2868
PRRX1,63775
PRRX2,15892
PRSS1,3793
PRSS12,80932
PRSS16,5755
PRSS2,178
PRSS21,15898
PRSS22,120322
PRSS23,24935
PRSS27,64638
PRSS3,6932
PRSS33,3831
PRSS35,4837
PRSS36,16413
PRSS37,3958
PRSS38,3206
PRSS41,3360
PRSS48,3030
PRSS51,2073
PRSS53,9981
PRSS54,1434
PRSS55,3376
PRSS56,1083
PRSS58,1774
PRSS8,56762
PRTFDC1,35080
PRTG,3719
PRUNE1,45544
PRUNE2,16987
PRX,6441
PRXL2A,239175
PRXL2B,16681
PRXL2C,7982
PSAP,295073
PSAPL1,3206
PSAT1,13406
PSCA,33051
PSD,5081
PSD2,5396
PSD3,32520
PSD4,14551
PSEN1,68152
PSEN2,2578
PSENEN,26856
PSG11,481
PSG2,1248
PSG3,7208
PSG5,3722
PSG6,7509
PSG7,14418
PSG9,434
PSIP1,15795
PSKH1,21119
PSKH2,2817
PSMA1,58929
PSMA2,6123
PSMA3,107627
PSMA4,150617
PSMA7,95210
PSMA8,5242
PSMB1,173073
PSMB10,7901
PSMB11,5276
PSMB2,47571
PSMB3,3286
PSMB4,121701
PSMB5,125096
PSMB6,123875
PSMB7,182382
PSMB8,289928
PSMB9,87358
PSMC1,8803
PSMC2,3972
PSMC3,2573
PSMC3IP,45773
PSMC4,133977
PSMC5,96866
PSMC6,109723
PSMD1,64718
PSMD10,129993
PSMD11,80765
PSMD12,38263
PSMD13,57783
PSMD14,70897
PSMD2,194356
PSMD3,77622
PSMD4,67395
PSMD5,20238
PSMD6,137805
PSMD8,6067
PSMD9,50364
PSME1,82214
PSME2,7704
PSME3,68856
PSME3IP1,70888
PSME4,221017
PSMF1,107815
PSMG1,58266
PSMG2,186258
PSMG3,92688
PSMG4,41147
PSORS1C1,6843
PSORS1C2,11220
PSPC1,49732
PSPH,15153
PSPN,11087
PSRC1,12227
PSTK,8442
PSTPIP1,24852
PSTPIP2,86065
PTAFR,4883
PTAR1,92139
PTBP1,87182
PTBP2,42449
PTBP3,127803
PTCD1,13634
PTCD2,16353
PTCH1,27426
PTCH2,2836
PTCHD1,2855
PTCHD4,3157
PTCRA,3748
PTDSS1,71630
PTDSS2,7259
PTEN,4238
PTER,6128
PTF1A,1620
PTGDR,13482
PTGDR2,4786
PTGDS,891
PTGER1,5595
PTGER2,12474
PTGER3,12626
PTGER4,27258
PTGES,95429
PTGES2,93490
PTGES3L,13805
PTGFR,1893
PTGFRN,246232
PTGIR,11125
PTGIS,12726
PTGR1,22055
PTGR2,29170
PTGR3,47949
PTGS1,12590
PTGS2,22263
PTH,5014
PTH1R,4587
PTH2R,4964
PTHLH,59612
PTK2,16262
PTK2B,66375
PTK6,2832
PTK7,114620
PTMA,1966898
PTMS,24227
PTN,20122
PTOV1,41130
PTP4A1,19262
PTP4A2,128835
PTP4A3,64798
PTPA,62746
PTPDC1,28153
PTPMT1,7041
PTPN1,140542
PTPN11,13973
PTPN12,240700
PTPN13,346722
PTPN14,53648
PTPN18,114933
PTPN2,64259
PTPN20,3651
PTPN21,18605
PTPN22,27807
PTPN23,51952
PTPN3,44807
PTPN4,77816
PTPN5,7087
PTPN6,99634
PTPN7,43905
PTPN9,55564
PTPRA,143838
PTPRB,19360
PTPRC,113813
PTPRD,5044
PTPRE,80338
PTPRF,181256
PTPRG,9621
PTPRH,11634
PTPRJ,79604
PTPRK,102179
PTPRM,56546
PTPRN,886
PTPRN2,1364
PTPRO,8867
PTPRQ,5687
PTPRR,5318
PTPRS,56537
PTPRT,1846
PTPRU,47873
PTPRZ1,71801
PTRH1,7576
PTRH2,23136
PTRHD1,23268
PTS,71287
PTTG1,17346
PTTG1IP,365486
PTTG2,12748
PTX3,6202
PTX4,920
PUDP,52925
PUF60,53075
PUM1,287761
PUM2,346055
PUM3,54964
PURA,176733
PURB,132271
PURG,5733
PUS1,20927
PUS10,23993
PUS3,15790
PUS7,43595
PUS7L,37891
PUSL1,22884
PVALB,2049
PVALEF,977
PVR,74830
PVRIG,29058
PWP1,63500
PWWP2A,13177
PWWP2B,44792
PWWP3A,57624
PWWP3B,20891
PWWP4,4897
PXDC1,42794
PXDN,2791
PXDNL,1964
PXK,107302
PXMP2,25744
PXMP4,23377
PXN,56864
PXT1,4330
PXYLP1,38535
PYCARD,91782
PYCR1,21582
PYCR2,91321
PYCR3,22095
PYDC1,6897
PYDC2,983
PYGB,75589
PYGL,84429
PYGM,8707
PYGO1,28490
PYHIN1,47004
PYM1,50365
PYROXD2,6813
PYY,1367
PZP,2383
QARS,32728
QDPR,27906
QKI,225136
QPCT,21331
QPCTL,13031
QPRT,17088
QRFP,2969
QRFPR,6564
QRICH1,144466
QRICH2,4146
QRSL1,22761
QSER1,125194
QSOX1,88434
QSOX2,12149
QTRT1,16952
QTRT2,36387
R3HCC1,33910
R3HCC1L,16518
R3HDM1,68105
R3HDM2,89746
R3HDM4,128613
R3HDML,2529
RAB10,88890
RAB11A,372064
RAB11B,65607
RAB11FIP1,366318
RAB11FIP2,39602
RAB11FIP3,37759
RAB11FIP4,27638
RAB11FIP5,15738
RAB12,230904
RAB13,97688
RAB14,148037
RAB17,7487
RAB18,230763
RAB19,6597
RAB1A,35778
RAB1B,183255
RAB20,35946
RAB21,412160
RAB22A,110701
RAB23,94475
RAB24,62961
RAB25,242366
RAB26,22288
RAB27A,58943
RAB27B,109979
RAB28,52443
RAB29,26199
RAB2A,157539
RAB2B,60351
RAB30,33735
RAB31,131229
RAB32,49551
RAB33A,5805
RAB33B,27568
RAB34,31225
RAB35,63506
RAB36,15812
RAB37,17300
RAB38,30797
RAB39A,434
RAB39B,12085
RAB3A,3882
RAB3B,432
RAB3C,2944
RAB3D,19405
RAB3GAP1,115918
RAB3GAP2,65861
RAB3IL1,11352
RAB3IP,65368
RAB40A,8905
RAB40B,17959
RAB40C,25063
RAB41,3998
RAB42,24601
RAB43,23344
RAB44,1034
RAB4A,151040
RAB4B,14553
RAB5A,141651
RAB5B,267737
RAB5C,36207
RAB5IF,9521
RAB6A,149480
RAB6B,2247
RAB6C,412
RAB6D,1506
RAB7A,853170
RAB7B,41420
RAB8A,54422
RAB8B,92554
RAB9A,229204
RAB9B,6949
RABAC1,3355
RABEP1,175706
RABEP2,56318
RABEPK,52998
RABGAP1,274414
RABGAP1L,17757
RABGEF1,83392
RABGGTA,57014
RABGGTB,83511
RABIF,39298
RABL2A,83871
RABL2B,23548
RABL3,55059
RABL6,21870
RAC1,152314
RAC2,82655
RAC3,17125
RACGAP1,1653
RACK1,195986
RAD1,10395
RAD17,6499
RAD18,84540
RAD21,5463
RAD21L1,2847
RAD23A,13274
RAD23B,15670
RAD50,66740
RAD51,26078
RAD51AP1,5699
RAD51AP2,6228
RAD51B,32724
RAD51C,83596
RAD51D,21181
RAD52,19542
RAD54B,21491
RAD54L,40797
RAD54L2,57944
RAD9A,21082
RAD9B,14575
RADIL,9197
RADX,38320
RAE1,34072
RAET1E,42660
RAET1G,14708
RAET1L,31385
RAF1,92072
RAG1,3245
RAG2,8027
RAI1,67271
RAI14,128268
RAI2,36613
RALA,26285
RALB,197060
RALBP1,51915
RALGAPA1,38392
RALGAPA2,18276
RALGAPB,137003
RALGDS,95986
RALGPS1,30013
RALGPS2,61815
RALY,368069
RALYL,815
RAMAC,3799
RAMACL,15395
RAMP1,28960
RAMP2,44161
RAMP3,1424
RAN,651057
RANBP1,1411
RANBP10,18458
RANBP17,22328
RANBP2,376039
RANBP3,105162
RANBP3L,4255
RANBP6,63631
RANBP9,423426
RANGAP1,131191
RANGRF,15464
RAP1A,187424
RAP1GAP,11982
RAP1GAP2,22436
RAP1GDS1,61997
RAP2A,84637
RAP2B,287182
RAP2C,217572
RAPGEF1,73629
RAPGEF2,85243
RAPGEF3,23337
RAPGEF4,11950
RAPGEF5,94989
RAPGEF6,86723
RAPGEFL1,178901
RAPH1,136742
RAPSN,3794
RARA,25224
RARB,65625
RARG,147774
RARRES1,44630
RARRES2,10958
RARS1,89490
RARS2,142754
RASA1,116638
RASA2,87768
RASA3,66978
RASAL1,41067
RASAL2,12864
RASAL3,31236
RASD1,49895
RASD2,7336
RASEF,34033
RASGEF1A,2204
RASGEF1B,93899
RASGEF1C,3299
RASGRF1,10995
RASGRF2,10057
RASGRP1,33638
RASGRP2,29003
RASGRP3,28236
RASGRP4,6449
RASIP1,126066
RASL10A,2364
RASL10B,8618
RASL11A,5869
RASL11B,8978
RASL12,12443
RASSF1,143010
RASSF10,66532
RASSF2,87491
RASSF3,127255
RASSF4,27213
RASSF5,56530
RASSF6,24725
RASSF7,18257
RASSF8,75839
RASSF9,22089
RAVER1,28990
RAVER2,21531
RAX,4581
RAX2,2535
RB1,324906
RB1CC1,115346
RBAK,21243
RBBP5,46089
RBBP6,47843
RBBP7,92730
RBBP8,202565
RBBP8NL,10952
RBBP9,19762
RBCK1,66928
RBFA,42491
RBFOX1,1242
RBFOX2,48013
RBFOX3,4866
RBIS,44046
RBKS,6031
RBL1,50301
RBL2,155064
RBM10,69592
RBM11,14116
RBM12,61490
RBM12B,27009
RBM14,104991
RBM15,109858
RBM15B,125104
RBM17,114363
RBM18,63703
RBM19,65662
RBM20,11313
RBM22,109310
RBM23,13392
RBM24,8399
RBM25,88709
RBM26,143586
RBM27,15884
RBM28,61517
RBM3,187186
RBM33,335754
RBM38,82006
RBM39,103364
RBM4,43797
RBM41,82329
RBM42,14769
RBM43,30151
RBM44,6019
RBM45,17037
RBM46,3339
RBM47,129115
RBM48,29422
RBM4B,29971
RBM5,328359
RBM6,121312
RBM7,36962
RBM8A,7028
RBMS2,69520
RBMS3,10413
RBMX,258302
RBMX2,13096
RBMXL1,64333
RBMXL2,2513
RBMXL3,1304
RBP1,654804
RBP2,4549
RBP3,1504
RBP4,1588
RBP5,8262
RBP7,16107
RBPJ,82019
RBPJL,6287
RBPMS,40935
RBPMS2,7422
RBSN,12243
RBX1,108376
RC3H1,65577
RC3H2,56537
RCAN1,94435
RCAN2,11655
RCAN3,88395
RCBTB1,38497
RCBTB2,31420
RCC1,54617
RCC1L,51688
RCC2,21839
RCCD1,37721
RCE1,27740
RCHY1,58658
RCL1,73079
RCN1,82860
RCN2,176553
RCN3,44667
RCOR1,155347
RCOR2,4444
RCOR3,98288
RCSD1,11926
RCVRN,1881
RD3,3951
RD3L,3503
RDH10,35969
RDH11,35097
RDH12,9673
RDH13,43622
RDH14,86259
RDH16,4162
RDH5,1915
RDH8,2770
RDM1,12025
REC114,6436
REC8,37491
RECK,29598
RECQL,85939
RECQL4,23987
RECQL5,13460
REELD1,2533
REEP1,3295
REEP2,4518
REEP3,157818
REEP4,78781
REEP5,99086
REEP6,5759
REG3A,695
REG3G,1467
REG4,4210
REL,269937
RELA,54230
RELB,56469
RELCH,119480
RELL1,84985
RELL2,11907
RELN,3997
RELT,58009
REM1,15855
REM2,4750
REN,3008
RENBP,11374
REP15,6745
REPIN1,83077
REPS1,22386
REPS2,51559
RER1,241700
RERE,28627
RERG,21800
RERGL,3144
RESF1,180401
RESP18,741
REST,28535
RET,12405
RETN,814
RETNLB,3514
RETREG1,13550
RETREG2,58254
RETREG3,106676
RETSAT,61975
REV1,76468
REV3L,73364
REX1BD,22701
REXO1,5265
REXO2,107668
REXO4,7747
REXO5,33544
RFC1,81167
RFC2,58471
RFC3,62726
RFC4,138498
RFC5,8939
RFESD,8332
RFFL,106018
RFLNA,6211
RFLNB,10785
RFNG,13404
RFPL1,2149
RFPL2,5098
RFPL3,1485
RFPL4A,3248
RFPL4AL1,910
RFPL4B,4627
RFT1,23134
RFTN1,23424
RFTN2,10499
RFWD3,49871
RFX1,23289
RFX2,30394
RFX3,32094
RFX4,2319
RFX5,65693
RFX6,2548
RFX7,68760
RFX8,1901
RFXANK,16733
RFXAP,33714
RGCC,44614
RGL1,63471
RGL2,55618
RGL3,17758
RGL4,3543
RGMA,47867
RGMB,16436
RGN,10785
RGP1,64409
RGR,7448
RGS1,369947
RGS10,415332
RGS11,3584
RGS12,57575
RGS13,1848
RGS14,25882
RGS16,47197
RGS17,3793
RGS18,18329
RGS19,37790
RGS2,106390
RGS20,9769
RGS21,4547
RGS22,738
RGS3,34980
RGS4,15724
RGS5,21017
RGS6,4910
RGS7,6976
RGS7BP,2163
RGS8,4125
RGS9,8698
RGS9BP,6101
RGSL1,3686
RHAG,3006
RHBDD1,74706
RHBDD2,91442
RHBDD3,20649
RHBDF1,32618
RHBDF2,30970
RHBDL1,16285
RHBDL2,92193
RHBDL3,5658
RHBG,993
RHCE,4802
RHCG,13268
RHD,5376
RHEB,11139
RHEBL1,24604
RHEX,40080
RHNO1,97283
RHO,4324
RHOA,75254
RHOB,4955
RHOBTB1,27226
RHOBTB2,15028
RHOBTB3,7424
RHOC,6482
RHOD,41363
RHOF,51248
RHOG,75747
RHOH,36318
RHOJ,12908
RHOQ,28715
RHOT1,38627
RHOT2,56678
RHOU,26655
RHOV,127589
RHOXF1,4036
RHPN1,679
RHPN2,5376
RIBC1,18519
RIBC2,42276
RIC1,162761
RIC3,20775
RIC8A,66972
RIC8B,39742
RICTOR,56365
RIDA,38891
RIF1,17256
RIGI,177455
RIIAD1,3201
RILP,11738
RILPL1,16439
RILPL2,114491
RIMBP2,4026
RIMBP3,1207
RIMKLA,2240
RIMKLB,37352
RIMOC1,31005
RIMS2,6942
RIMS3,9248
RIMS4,3956
RIN1,6325
RIN2,63143
RIN3,46752
RING1,33426
RINL,8435
RINT1,40569
RIOK1,33011
RIOK2,18038
RIOK3,281004
RIOX1,26659
RIOX2,26672
RIPK1,45135
RIPK2,71372
RIPK3,17717
RIPK4,280516
RIPOR1,27727
RIPOR2,91596
RIPOR3,18573
RIPPLY1,5506
RIPPLY2,3411
RIPPLY3,22849
RIT1,55899
RIT2,1584
RITA1,21241
RLBP1,4626
RLF,141310
RLIM,39597
RLN1,3334
RLN2,5441
RLN3,1164
RMC1,66493
RMDN1,54666
RMDN2,19941
RMDN3,38132
RMI1,54496
RMI2,184543
RMND1,35069
RMND5A,171655
RMND5B,155462
RNASE1,1662
RNASE10,2985
RNASE11,6621
RNASE12,253
RNASE13,5234
RNASE2,3437
RNASE3,2097
RNASE4,3014
RNASE6,41030
RNASE7,52466
RNASE8,977
RNASE9,3071
RNASEH1,25550
RNASEH2A,1826
RNASEH2B,128432
RNASEH2C,108632
RNASEL,27546
RNASET2,77073
RND1,31460
RND2,4606
RND3,128735
RNF10,349812
RNF103,120375
RNF11,379836
RNF111,81443
RNF112,7661
RNF113A,60913
RNF113B,2043
RNF114,29685
RNF115,46005
RNF121,48747
RNF122,15061
RNF123,33745
RNF125,18627
RNF126,44535
RNF128,3616
RNF13,105913
RNF130,73872
RNF133,5593
RNF135,28683
RNF138,277498
RNF139,105446
RNF14,26889
RNF141,236123
RNF144A,70426
RNF144B,32396
RNF145,55128
RNF146,63295
RNF148,7145
RNF149,182286
RNF150,25016
RNF151,4731
RNF152,204497
RNF157,12706
RNF165,53951
RNF166,17820
RNF167,142090
RNF168,380933
RNF169,32328
RNF17,2521
RNF170,66893
RNF175,7064
RNF180,14546
RNF181,3571
RNF182,2565
RNF183,12252
RNF185,34716
RNF186,5884
RNF187,228215
RNF19A,101654
RNF19B,106106
RNF2,50679
RNF20,44661
RNF208,11612
RNF212,32930
RNF212B,4861
RNF213,101755
RNF214,22458
RNF215,28928
RNF216,92277
RNF217,57686
RNF220,24093
RNF223,8972
RNF224,4567
RNF227,46971
RNF24,37285
RNF25,25491
RNF26,39475
RNF31,122436
RNF32,13844
RNF34,33977
RNF38,121173
RNF39,9283
RNF4,38064
RNF40,94983
RNF41,73684
RNF43,21166
RNF44,95122
RNF5,38228
RNF6,56621
RNF7,400391
RNF8,43072
RNFT2,12324
RNGTT,66506
RNH1,72992
RNLS,15238
RNMT,108107
RNPC3,71569
RNPEP,58695
RNPEPL1,28680
RO60,81495
ROBO1,32466
ROBO2,7784
ROBO3,2171
ROBO4,3272
ROCK1,390908
ROCK2,143239
ROGDI,49971
ROM1,2534
ROMO1,56238
ROPN1,10342
ROPN1B,7284
ROPN1L,7689
ROR1,15585
ROR2,26692
RORA,27967
RORB,12760
RORC,7267
ROS1,3937
RP1L1,2064
RP2,132782
RP9,23966
RPA1,90708
RPA2,19903
RPA3,2485
RPA4,10399
RPAP1,15596
RPAP2,97381
RPAP3,38286
RPE,11570
RPE65,2753
RPEL1,5823
RPF1,55057
RPF2,60151
RPGR,38044
RPGRIP1,2717
RPGRIP1L,8003
RPH3A,569
RPH3AL,9257
RPIA,47958
RPL36AL,65138
RPN1,193549
RPN2,112422
RPP14,5352
RPP21,30418
RPP25,18542
RPP25L,27587
RPP30,16030
RPP38,27555
RPP40,19879
RPRD1A,144060
RPRD1B,88532
RPRD2,67085
RPRM,6364
RPRML,1316
RPTN,5275
RPTOR,44506
RPUSD1,1500
RPUSD2,17114
RPUSD3,17099
RPUSD4,21107
RRAD,14328
RRAGA,86847
RRAGB,52305
RRAGD,32694
RRAS,127258
RRAS2,16363
RRBP1,67335
RREB1,188842
RRH,5147
RRM1,256946
RRM2,319658
RRM2B,78885
RRN3,5346
RRP1,72400
RRP12,13610
RRP15,69264
RRP1B,45080
RRP36,147394
RRP7A,43919
RRP8,13228
RRP9,1228
RRS1,42301
RS1,1412
RSAD1,52039
RSAD2,143685
RSBN1,69726
RSBN1L,85902
RSF1,123013
RSL1D1,87125
RSPH1,6476
RSPH14,6243
RSPH3,69594
RSPH4A,3349
RSPH6A,4180
RSPH9,7433
RSPO1,10971
RSPO2,4556
RSPO3,14560
RSPO4,2529
RSPRY1,44804
RSRC1,219906
RSRC2,239136
RSRP1,167842
RSU1,111022
RTBDN,5430
RTCA,31855
RTCB,106212
RTEL1,24381
RTF1,77724
RTF2,77483
RTKN,25202
RTKN2,158205
RTL1,3648
RTL10,7983
RTL3,2525
RTL4,3188
RTL5,14378
RTL6,20769
RTL8A,37131
RTL8B,23441
RTL8C,42491
RTL9,2986
RTN1,6529
RTN2,11509
RTN4,43992
RTN4IP1,21800
RTN4R,6221
RTN4RL1,6197
RTN4RL2,5822
RTP1,4643
RTP2,3252
RTP3,16769
RTP4,37167
RTP5,584
RTRAF,8752
RTTN,38609
RUBCN,42826
RUBCNL,7400
RUFY1,129769
RUFY2,40425
RUFY3,48334
RUFY4,5694
RUNDC1,35445
RUNDC3A,2822
RUNDC3B,3485
RUNX1,198681
RUNX1T1,23620
RUNX2,36262
RUNX3,60887
RUSC1,47249
RUSC2,27280
RUSF1,70936
RUVBL1,59529
RUVBL2,27237
RWDD1,29462
RWDD2A,12561
RWDD2B,22986
RWDD4,26877
RXFP1,7266
RXFP2,2500
RXFP3,3731
RXFP4,2381
RXRA,158913
RXRB,21480
RXRG,2634
RXYLT1,17919
RYBP,141668
RYK,2422
RYR1,16843
RYR2,1386
RYR3,8789
S100A1,14173
S100A10,590638
S100A11,261779
S100A13,194125
S100A14,75921
S100A16,199505
S100A2,709195
S100A3,8076
S100A4,18758
S100A5,7961
S100A6,195669
S100A7,1547
S100A7A,3742
S100A8,2628788
S100A9,3310368
S100B,18468
S100G,4361
S100P,36046
S100PBP,56282
S100Z,1814
S1PR1,26395
S1PR2,15650
S1PR3,42730
S1PR4,7715
S1PR5,91681
SAA1,23032
SAA2,51174
SAA4,7266
SAAL1,42352
SAC3D1,1203
SACM1L,57733
SACS,32757
SAE1,227069
SAFB,118550
SAFB2,185914
SAG,3786
SAGE1,2171
SALL1,13234
SALL2,6322
SALL3,5548
SALL4,4646
SAMD1,39986
SAMD10,16854
SAMD11,2121
SAMD12,43367
SAMD13,8936
SAMD14,9103
SAMD15,9782
SAMD3,65074
SAMD4A,28784
SAMD4B,18737
SAMD5,8640
SAMD7,4987
SAMD8,105351
SAMD9,108859
SAMD9L,115951
SAMHD1,180819
SAMM50,43102
SAMSN1,59682
SANBR,26646
SAP130,45699
SAP18,22247
SAP30,64588
SAP30BP,129492
SAP30L,99232
SAPCD1,15543
SAPCD2,37661
SAR1A,61793
SAR1B,96221
SARAF,4305
SARDH,12442
SARM1,21478
SARNP,2018
SARS1,66111
SARS2,14926
SART1,63321
SART3,96341
SASH1,47736
SASH3,16983
SASS6,81216
SAT1,1326747
SAT2,49620
SATB1,67578
SATB2,2602
SAV1,79826
SAXO1,2829
SAXO2,7679
SAYSD1,35298
SBF1,36060
SBF2,125185
SBK1,20915
SBK3,1012
SBNO1,187599
SBNO2,101187
SBSN,100551
SBSPON,8698
SC5D,35303
SCAF1,97607
SCAF11,109743
SCAF4,132863
SCAF8,82626
SCAI,18399
SCAMP1,65553
SCAMP2,169690
SCAMP3,41168
SCAMP4,14745
SCAMP5,9853
SCAND1,7583
SCAND3,2330
SCAP,49524
SCAPER,69428
SCARA3,12667
SCARA5,1005
SCARB1,27611
SCARB2,345558
SCARF1,11081
SCARF2,23534
SCART1,6525
SCCPDH,70963
SCD,277894
SCD5,76205
SCEL,183224
SCFD1,160429
SCFD2,43750
SCG2,4493
SCG3,2900
SCG5,4199
SCGB1A1,2672
SCGB1D1,492
SCGB1D2,1238
SCGB1D4,1632
SCGB2A1,2369
SCGB2A2,3935
SCGB2B2,5099
SCGB3A1,1660
SCGB3A2,3769
SCGN,2254
SCHIP1,44287
SCIMP,39020
SCIN,5012
SCLT1,66464
SCLY,17182
SCMH1,34706
SCML1,66554
SCML2,13868
SCML4,28000
SCN10A,2791
SCN11A,3191
SCN1A,5330
SCN1B,8048
SCN2A,7601
SCN2B,5896
SCN3A,4860
SCN3B,4837
SCN4A,1894
SCN4B,4051
SCN5A,4658
SCN7A,8218
SCN8A,12101
SCN9A,10555
SCNM1,83318
SCNN1A,72501
SCNN1B,15066
SCNN1D,15571
SCNN1G,5113
SCO1,37095
SCO2,443
SCOC,263270
SCP2,252416
SCP2D1,2215
SCPEP1,420738
SCRG1,2007
SCRIB,84997
SCRN1,62738
SCRN2,45645
SCRN3,57753
SCRT1,3821
SCRT2,4091
SCT,2192
SCTR,5499
SCUBE1,6300
SCUBE2,26306
SCUBE3,4765
SCX,1983
SCYGR4,3624
SCYGR8,2429
SCYL1,72746
SCYL2,26954
SCYL3,38587
SDAD1,16187
SDC1,73215
SDC2,51380
SDC3,140404
SDC4,375908
SDCBP,57726
SDCBP2,59470
SDCCAG8,133461
SDE2,71726
SDF2,65065
SDF2L1,46484
SDF4,170021
SDHA,108282
SDHAF1,41347
SDHAF2,42699
SDHAF3,14456
SDHAF4,53306
SDHB,65012
SDHC,66852
SDHD,33604
SDK1,83931
SDK2,35530
SDR16C5,21832
SDR39U1,32725
SDR42E1,19416
SDR9C7,5993
SDS,4090
SDSL,16118
SEC11A,29638
SEC11C,168497
SEC13,101553
SEC14L1,149374
SEC14L2,55968
SEC14L3,2742
SEC14L4,1418
SEC14L5,5579
SEC14L6,2898
SEC16A,23795
SEC16B,30064
SEC22A,52175
SEC22B,93884
SEC22C,60640
SEC23A,118193
SEC23B,67138
SEC23IP,14483
SEC24A,133350
SEC24B,79729
SEC24C,143185
SEC24D,67217
SEC31A,18522
SEC31B,43658
SEC61A1,137390
SEC61A2,27787
SEC61B,5990
SEC61G,6659
SEC62,107781
SEC63,126579
SECISBP2,153130
SECISBP2L,14010
SECTM1,22196
SEH1L,87078
SEL1L,23159
SEL1L2,1540
SEL1L3,73084
SELE,10871
SELENBP1,17813
SELENOF,405296
SELENOH,6035
SELENOI,29710
SELENOK,9112
SELENOM,40524
SELENON,53625
SELENOO,34467
SELENOP,40228
SELENOS,149772
SELENOT,111348
SELENOV,5212
SELENOW,82361
SELL,57956
SELP,17040
SELPLG,42526
SEM1,100677
SEMA3A,9066
SEMA3B,23800
SEMA3C,103494
SEMA3D,6891
SEMA3E,1331
SEMA3F,141738
SEMA3G,8639
SEMA4A,34013
SEMA4B,283829
SEMA4C,53877
SEMA4D,125797
SEMA4F,10538
SEMA4G,6553
SEMA5A,39596
SEMA5B,5840
SEMA6A,13841
SEMA6B,18636
SEMA6C,10058
SEMA6D,6445
SEMA7A,37101
SEMG1,2835
SEMG2,2981
SENP1,68647
SENP2,174274
SENP3,43479
SENP5,247007
SENP6,117510
SENP7,107570
SENP8,12722
SEPHS1,23809
SEPHS2,137714
SEPSECS,17395
SEPTIN1,30176
SEPTIN10,28446
SEPTIN11,42786
SEPTIN12,4941
SEPTIN14,3034
SEPTIN2,72923
SEPTIN3,40644
SEPTIN4,13194
SEPTIN5,44191
SEPTIN6,81875
SEPTIN7,49018
SEPTIN8,93128
SEPTIN9,106894
SERAC1,18971
SERBP1,175364
SERF2,57627
SERGEF,57095
SERINC1,210024
SERINC2,93209
SERINC3,123458
SERINC4,7147
SERINC5,177978
SERP1,5430
SERP2,7411
SERPINA1,41366
SERPINA10,3336
SERPINA11,3682
SERPINA12,2829
SERPINA3,2053
SERPINA4,2925
SERPINA5,2183
SERPINA6,3575
SERPINA7,3772
SERPINA9,3781
SERPINB1,386074
SERPINB10,4394
SERPINB11,9408
SERPINB12,7941
SERPINB13,1129732
SERPINB2,225992
SERPINB3,7657
SERPINB4,362397
SERPINB5,263952
SERPINB6,138444
SERPINB7,6538
SERPINB8,41534
SERPINB9,68182
SERPINC1,1854
SERPIND1,5563
SERPINE1,25909
SERPINE2,21575
SERPINE3,4659
SERPINF1,18632
SERPINF2,3206
SERPING1,32588
SERPINH1,47349
SERPINI1,6447
SERPINI2,4329
SERTAD1,47717
SERTAD2,99966
SERTAD3,30796
SERTAD4,15718
SERTM1,2250
SERTM2,5241
SESN1,70313
SESN2,26188
SESN3,163933
SESTD1,78298
SETBP1,90542
SETD1A,19190
SETD1B,101913
SETD2,133358
SETD3,46153
SETD4,53855
SETD5,160271
SETD6,7142
SETD7,130106
SETD9,29807
SETDB1,67920
SETDB2,20137
SETMAR,13991
SETSIP,98187
SETX,228842
SEZ6,2763
SEZ6L,1914
SEZ6L2,15362
SF1,200851
SF3A1,152688
SF3A2,205734
SF3A3,12941
SF3B1,191417
SF3B2,125047
SF3B3,119259
SF3B4,35669
SF3B5,6571
SF3B6,15524
SFI1,34258
SFMBT1,75885
SFMBT2,71558
SFN,9262
SFPQ,65950
SFRP1,493668
SFRP2,11339
SFRP4,871531
SFRP5,2671
SFSWAP,72501
SFT2D1,175114
SFT2D2,167418
SFT2D3,31210
SFTA2,31396
SFTPA1,4648
SFTPA2,2565
SFTPB,1084
SFTPC,15133
SFTPD,1146
SFXN1,87074
SFXN2,27515
SFXN3,62524
SFXN5,23452
SGCA,6762
SGCB,70420
SGCD,17818
SGCE,8287
SGCG,730
SGF29,35231
SGIP1,11670
SGK1,539160
SGK2,3722
SGK3,31094
SGMS1,62163
SGMS2,54901
SGO1,32591
SGO2,42881
SGPL1,166472
SGPP1,18028
SGPP2,230934
SGSH,20118
SGSM1,4898
SGSM2,41032
SGSM3,11697
SGTA,58784
SGTB,10161
SH2B1,21065
SH2B2,2405
SH2B3,11391
SH2D1A,42918
SH2D1B,10265
SH2D2A,52712
SH2D3A,19791
SH2D3C,26935
SH2D4A,25620
SH2D4B,3638
SH2D5,6732
SH2D6,4341
SH2D7,5886
SH3BGR,709
SH3BGRL,230801
SH3BGRL2,83274
SH3BGRL3,37811
SH3BP1,27278
SH3BP2,71728
SH3BP4,14610
SH3BP5,127552
SH3BP5L,45539
SH3D19,68611
SH3D21,16683
SH3GL1,134746
SH3GL2,3881
SH3GL3,11504
SH3GLB1,328758
SH3GLB2,77980
SH3KBP1,151486
SH3PXD2A,30645
SH3PXD2B,129951
SH3RF1,25610
SH3RF2,97409
SH3RF3,18228
SH3TC1,107454
SH3TC2,15194
SH3YL1,74149
SHANK1,9861
SHANK2,3756
SHANK3,22931
SHARPIN,36105
SHB,44772
SHBG,4353
SHC1,147848
SHC2,28755
SHC3,8599
SHC4,5060
SHCBP1,12111
SHCBP1L,9845
SHD,845
SHE,38467
SHF,22103
SHFL,51423
SHH,5274
SHISA2,16877
SHISA3,3929
SHISA4,11255
SHISA5,155515
SHISA6,6628
SHISA7,699
SHISA8,7865
SHISA9,2655
SHISAL1,8878
SHISAL2A,2606
SHISAL2B,1801
SHKBP1,39172
SHLD1,25805
SHLD2,16610
SHLD3,26220
SHMT1,65064
SHMT2,102765
SHOC1,13886
SHOC2,90448
SHOX2,27049
SHPK,1600
SHPRH,42738
SHQ1,57659
SHROOM1,27450
SHROOM2,39155
SHROOM3,20595
SHROOM4,17492
SHTN1,133414
SI,3128
SIAE,10494
SIAH1,25150
SIAH2,111612
SIAH3,5078
SIDT1,23823
SIDT2,29113
SIGIRR,23795
SIGLEC1,12447
SIGLEC10,11768
SIGLEC11,4290
SIGLEC12,16262
SIGLEC14,7484
SIGLEC15,541381
SIGLEC5,6674
SIGLEC6,4343
SIGLEC7,5514
SIGLEC8,4351
SIGLEC9,18853
SIGLECL1,2833
SIGMAR1,127871
SIK2,44649
SIK3,9203
SIKE1,83303
SIL1,21813
SIM1,2222
SIM2,14297
SIMC1,27808
SIN3A,116234
SIN3B,30034
SIPA1,30063
SIPA1L1,102539
SIPA1L2,57203
SIPA1L3,84664
SIRPA,98840
SIRPB1,3616
SIRPB2,11289
SIRPD,2176
SIRPG,12751
SIRT1,97213
SIRT2,47515
SIRT3,18153
SIRT4,4401
SIRT5,29400
SIRT6,5158
SIRT7,51062
SIT1,14163
SIVA1,2433
SIX1,14159
SIX2,16691
SIX3,3867
SIX4,13906
SIX5,6508
SIX6,846
SKA1,24788
SKA2,66068
SKA3,56198
SKAP1,27644
SKAP2,76534
SKI,198886
SKIC2,66235
SKIC3,131535
SKIC8,165924
SKIDA1,4584
SKIL,45246
SKOR1,4652
SKOR2,1263
SKP1,42176
SKP2,35294
SLA,83034
SLA2,26858
SLAIN1,5671
SLAIN2,155913
SLAMF1,16040
SLAMF6,18385
SLAMF7,52909
SLAMF8,15907
SLAMF9,2275
SLBP,221892
SLC10A1,6511
SLC10A2,3165
SLC10A3,31283
SLC10A4,8432
SLC10A5,8866
SLC10A6,19401
SLC10A7,45627
SLC11A1,11688
SLC11A2,32652
SLC12A1,1481
SLC12A2,78982
SLC12A3,5710
SLC12A4,13141
SLC12A5,4362
SLC12A6,103422
SLC12A7,11176
SLC12A8,25543
SLC12A9,16447
SLC13A1,2171
SLC13A2,6740
SLC13A3,2114
SLC13A4,2816
SLC13A5,2118
SLC14A1,5361
SLC14A2,2376
SLC15A1,17982
SLC15A2,60550
SLC15A3,83194
SLC15A4,39941
SLC15A5,3426
SLC16A1,63629
SLC16A10,13223
SLC16A11,13620
SLC16A12,1196
SLC16A13,17456
SLC16A14,7802
SLC16A2,18127
SLC16A3,46547
SLC16A4,12399
SLC16A5,15848
SLC16A6,14642
SLC16A7,24187
SLC16A8,4516
SLC16A9,18396
SLC17A1,2438
SLC17A2,823
SLC17A3,1749
SLC17A4,3965
SLC17A5,13604
SLC17A6,3703
SLC17A7,7230
SLC17A8,1996
SLC17A9,7002
SLC18A1,2646
SLC18A2,11238
SLC18A3,241
SLC18B1,34548
SLC19A1,14199
SLC19A2,19504
SLC19A3,2001
SLC1A1,15415
SLC1A2,18327
SLC1A3,28075
SLC1A4,42835
SLC1A5,254906
SLC1A6,1276
SLC1A7,4059
SLC20A1,226477
SLC20A2,104594
SLC22A1,3828
SLC22A10,3080
SLC22A11,5000
SLC22A12,1833
SLC22A13,3898
SLC22A14,3284
SLC22A15,19218
SLC22A16,5164
SLC22A17,454
SLC22A18,10610
SLC22A2,5104
SLC22A23,103719
SLC22A24,2022
SLC22A25,1835
SLC22A3,13605
SLC22A31,619
SLC22A4,6553
SLC22A5,25313
SLC22A6,1205
SLC22A7,1329
SLC22A8,1161
SLC22A9,2934
SLC23A1,3224
SLC23A2,29391
SLC23A3,11825
SLC24A2,963
SLC24A3,23369
SLC24A4,2971
SLC24A5,4615
SLC25A1,68519
SLC25A10,5568
SLC25A11,38771
SLC25A12,27065
SLC25A13,35100
SLC25A14,25795
SLC25A15,21146
SLC25A16,27380
SLC25A17,57063
SLC25A18,2190
SLC25A19,20374
SLC25A2,4227
SLC25A20,15585
SLC25A21,3034
SLC25A22,16765
SLC25A23,100742
SLC25A24,89058
SLC25A25,41592
SLC25A26,34245
SLC25A27,12966
SLC25A28,117002
SLC25A29,68041
SLC25A3,91750
SLC25A30,32687
SLC25A31,6035
SLC25A32,55418
SLC25A33,8187
SLC25A34,4792
SLC25A35,20198
SLC25A36,113902
SLC25A37,6118
SLC25A38,47344
SLC25A39,62884
SLC25A4,22981
SLC25A40,78371
SLC25A41,3683
SLC25A42,12617
SLC25A43,113033
SLC25A44,37403
SLC25A45,16929
SLC25A46,108866
SLC25A47,1893
SLC25A48,5593
SLC25A5,245437
SLC25A51,31559
SLC25A52,4746
SLC25A53,13462
SLC26A1,9232
SLC26A11,9569
SLC26A2,50149
SLC26A3,3297
SLC26A4,4096
SLC26A5,4323
SLC26A6,5242
SLC26A7,3212
SLC26A8,2316
SLC26A9,56395
SLC27A1,25567
SLC27A2,12456
SLC27A3,35507
SLC27A4,31556
SLC27A5,5251
SLC27A6,5407
SLC28A1,5836
SLC28A2,1723
SLC28A3,5218
SLC29A1,24379
SLC29A2,18133
SLC29A3,9681
SLC29A4,7152
SLC2A1,615067
SLC2A10,9222
SLC2A11,8658
SLC2A12,19016
SLC2A13,41993
SLC2A14,1533
SLC2A2,4691
SLC2A3,74840
SLC2A4,13649
SLC2A4RG,68615
SLC2A5,21802
SLC2A6,6718
SLC2A7,3000
SLC2A8,21469
SLC2A9,22982
SLC30A1,64584
SLC30A10,1255
SLC30A2,4713
SLC30A3,4403
SLC30A4,19182
SLC30A5,70258
SLC30A6,47662
SLC30A7,24453
SLC30A8,1382
SLC30A9,173705
SLC31A1,93903
SLC31A2,77685
SLC32A1,2303
SLC33A1,3730
SLC34A1,9366
SLC34A2,2823
SLC34A3,1902
SLC35A1,41649
SLC35A2,54292
SLC35A3,112667
SLC35A4,30824
SLC35B1,74419
SLC35B2,31246
SLC35B3,49281
SLC35B4,16931
SLC35C1,76637
SLC35C2,49048
SLC35D1,36240
SLC35D2,10896
SLC35D3,2451
SLC35E1,111216
SLC35E2B,57203
SLC35E3,20985
SLC35E4,23756
SLC35F1,4819
SLC35F2,21596
SLC35F3,4085
SLC35F4,2584
SLC35F5,233483
SLC35F6,128767
SLC35G1,6774
SLC35G2,26478
SLC35G3,3380
SLC35G4,5250
SLC35G5,696
SLC35G6,6403
SLC36A1,29913
SLC36A2,2786
SLC36A3,3236
SLC36A4,42397
SLC37A1,30261
SLC37A2,12189
SLC37A3,35425
SLC37A4,15263
SLC38A1,203730
SLC38A10,50601
SLC38A11,8672
SLC38A2,188197
SLC38A3,3816
SLC38A4,2676
SLC38A5,28018
SLC38A6,26311
SLC38A7,12114
SLC38A8,1638
SLC38A9,14877
SLC39A1,39270
SLC39A10,57723
SLC39A11,76056
SLC39A12,3396
SLC39A13,19396
SLC39A14,23230
SLC39A2,9432
SLC39A3,11631
SLC39A5,3077
SLC39A6,11639
SLC39A7,158892
SLC39A8,26045
SLC39A9,55633
SLC3A1,4871
SLC3A2,104929
SLC40A1,82739
SLC41A1,30623
SLC41A2,31923
SLC41A3,13814
SLC43A1,2598
SLC43A2,29479
SLC43A3,22985
SLC44A1,231884
SLC44A2,196707
SLC44A3,5111
SLC44A4,12531
SLC44A5,3452
SLC45A1,4496
SLC45A2,3137
SLC45A3,5229
SLC45A4,14429
SLC46A1,5288
SLC46A2,962
SLC46A3,17904
SLC47A1,5683
SLC47A2,4341
SLC48A1,44009
SLC49A3,9951
SLC49A4,53985
SLC4A1,6223
SLC4A10,3400
SLC4A11,22753
SLC4A1AP,98783
SLC4A2,53039
SLC4A3,4504
SLC4A4,3765
SLC4A5,8289
SLC4A7,66228
SLC4A8,5836
SLC4A9,3275
SLC50A1,64533
SLC51A,5558
SLC51B,7089
SLC52A1,22401
SLC52A2,46087
SLC52A3,3092
SLC5A1,3862
SLC5A10,8187
SLC5A11,1153
SLC5A12,6942
SLC5A2,7340
SLC5A3,70006
SLC5A4,4678
SLC5A5,2214
SLC5A6,18906
SLC5A7,2200
SLC5A8,5959
SLC5A9,2562
SLC66A1,15419
SLC66A2,83087
SLC66A3,50679
SLC6A1,3950
SLC6A11,8862
SLC6A12,3901
SLC6A13,3983
SLC6A14,36345
SLC6A15,17744
SLC6A16,22395
SLC6A17,4222
SLC6A18,1139
SLC6A19,2122
SLC6A2,3266
SLC6A20,3990
SLC6A3,22340
SLC6A4,5012
SLC6A5,2317
SLC6A6,37346
SLC6A7,6069
SLC6A8,252969
SLC6A9,13499
SLC7A1,20287
SLC7A10,3647
SLC7A11,11593
SLC7A13,3056
SLC7A14,5233
SLC7A2,26546
SLC7A3,2612
SLC7A4,1677
SLC7A5,31055
SLC7A6,31613
SLC7A6OS,24357
SLC7A7,17679
SLC7A8,49284
SLC7A9,1721
SLC8A1,60511
SLC8A2,5609
SLC8A3,4544
SLC8B1,63052
SLC9A1,24426
SLC9A2,3468
SLC9A3,7479
SLC9A4,6060
SLC9A5,4089
SLC9A6,24517
SLC9A7,90852
SLC9A8,37398
SLC9A9,29464
SLC9B1,31201
SLC9B2,19150
SLC9C1,4636
SLC9C2,8101
SLCO1A2,3283
SLCO1B3,2024
SLCO1C1,3798
SLCO2A1,31053
SLCO2B1,72602
SLCO3A1,44469
SLCO4A1,18405
SLCO4C1,2617
SLCO5A1,6236
SLCO6A1,4292
SLF1,22661
SLF2,99778
SLFN11,49037
SLFN12,17832
SLFN12L,9377
SLFN13,21859
SLFN14,9441
SLFN5,181150
SLFNL1,5121
SLIRP,62531
SLIT1,5036
SLIT2,37336
SLIT3,16891
SLITRK1,1416
SLITRK2,2060
SLITRK4,3531
SLITRK6,12582
SLK,311860
SLMAP,268135
SLN,2753
SLPI,61238
SLTM,65935
SLU7,113902
SLURP1,27044
SLURP2,77703
SLX4,41292
SLX4IP,26612
SLX9,56565
SMAD1,55358
SMAD2,267180
SMAD3,175540
SMAD4,44124
SMAD5,112513
SMAD6,9401
SMAD7,101027
SMAD9,8593
SMAGP,143541
SMAP1,89190
SMAP2,301500
SMARCA1,47424
SMARCA2,315469
SMARCA4,193008
SMARCA5,225487
SMARCAD1,5579
SMARCAL1,38195
SMARCB1,160362
SMARCC1,204363
SMARCC2,254646
SMARCD1,47060
SMARCD2,51570
SMARCD3,37257
SMARCE1,54334
SMC1A,552012
SMC1B,51243
SMC2,26658
SMC3,30231
SMC4,864591
SMC5,120309
SMC6,53622
SMCHD1,148487
SMCO1,11856
SMCO2,12971
SMCO3,10503
SMCO4,26512
SMCP,3635
SMCR8,42183
SMDT1,86508
SMG1,781511
SMG5,82288
SMG6,45126
SMG7,76915
SMG8,18964
SMG9,56928
SMIM10,12491
SMIM10L1,31547
SMIM10L2A,8954
SMIM10L2B,6928
SMIM12,91085
SMIM13,14377
SMIM14,209995
SMIM15,125840
SMIM17,1643
SMIM18,2004
SMIM19,58526
SMIM2,6688
SMIM20,43303
SMIM21,2656
SMIM22,7222
SMIM23,5097
SMIM24,7138
SMIM26,15664
SMIM27,40581
SMIM28,1688
SMIM29,39997
SMIM3,121671
SMIM30,111100
SMIM31,3801
SMIM32,322
SMIM33,10390
SMIM35,4626
SMIM36,3969
SMIM38,10971
SMIM41,2157
SMIM43,3108
SMIM47,11
SMIM5,37306
SMIM6,2249
SMIM7,174998
SMIM8,20358
SMIM9,2449
SMKR1,6632
SMLR1,4549
SMN1,6113
SMNDC1,94728
SMO,23111
SMOC1,9765
SMOC2,46624
SMOX,6266
SMPD1,18973
SMPD2,17654
SMPD3,7332
SMPD4,108275
SMPDL3A,79457
SMPDL3B,8991
SMPX,5260
SMR3A,1220
SMR3B,2038
SMS,56682
SMTN,42410
SMTNL1,3483
SMTNL2,4272
SMU1,8184
SMUG1,42124
SMURF1,118894
SMURF2,52146
SMYD1,3200
SMYD2,16949
SMYD3,25887
SMYD4,30811
SMYD5,27277
SNAI1,11846
SNAI2,30053
SNAI3,4460
SNAP23,109155
SNAP25,419
SNAP29,62237
SNAP47,79127
SNAP91,1933
SNAPC1,50566
SNAPC2,11044
SNAPC3,111329
SNAPC4,32961
SNAPC5,30369
SNAPIN,18233
SNCA,29552
SNCAIP,109109
SNCB,4033
SNCG,5652
SND1,271602
SNED1,29537
SNF8,21638
SNIP1,17375
SNN,25975
SNORC,3246
SNPH,4165
SNRK,71985
SNRNP200,187338
SNRNP25,8884
SNRNP27,63081
SNRNP35,37409
SNRNP40,17537
SNRNP48,20311
SNRNP70,251046
SNRPA,72110
SNRPA1,13012
SNRPB,116295
SNRPB2,45890
SNRPC,7534
SNRPD1,35787
SNRPD2,2307
SNRPD3,1509
SNRPE,7847
SNRPF,3130
SNRPG,8433
SNRPN,37906
SNTA1,88839
SNTB1,19972
SNTB2,49977
SNTG1,3897
SNTG2,5178
SNTN,3813
SNU13,54677
SNUPN,23950
SNW1,35467
SNX1,222157
SNX10,48032
SNX11,28114
SNX12,113732
SNX13,125342
SNX14,285097
SNX15,11855
SNX16,36582
SNX17,125021
SNX18,50971
SNX19,22865
SNX2,270049
SNX20,18667
SNX21,43909
SNX22,15122
SNX24,80936
SNX25,46662
SNX27,71874
SNX29,94113
SNX3,71790
SNX30,40012
SNX31,3023
SNX32,4793
SNX33,128219
SNX4,57284
SNX5,43075
SNX6,108161
SNX7,20301
SNX8,45034
SNX9,80624
SOAT1,63622
SOAT2,3871
SOBP,24538
SOCS1,29312
SOCS2,57243
SOCS3,156496
SOCS4,98285
SOCS5,15827
SOCS6,18465
SOCS7,23688
SOD1,48399
SOD2,283801
SOD3,18244
SOGA1,30438
SOGA3,9181
SOHLH1,3492
SOHLH2,2919
SON,433158
SORBS1,33872
SORBS2,11804
SORBS3,87279
SORCS1,6998
SORCS2,9572
SORCS3,1415
SORD,2803
SORL1,36453
SORT1,98417
SOS1,220777
SOS2,177247
SOST,7008
SOSTDC1,2884
SOWAHA,12205
SOWAHB,29041
SOWAHC,287671
SOWAHD,1886
SOX1,10213
SOX10,5525
SOX11,1941
SOX12,21003
SOX13,62543
SOX14,1779
SOX15,17204
SOX17,7395
SOX18,8919
SOX2,72774
SOX21,43184
SOX3,1879
SOX30,19284
SOX4,239005
SOX5,11830
SOX6,9096
SOX7,48443
SOX8,4507
SOX9,25801
SP1,220241
SP100,250246
SP110,86222
SP140,40380
SP140L,54039
SP2,61236
SP3,96788
SP4,14668
SP5,18534
SP6,20271
SP7,3887
SP8,4616
SP9,8458
SPA17,8393
SPAAR,8874
SPACA1,128
SPACA3,1658
SPACA4,394
SPACA5,36
SPACA6,14362
SPACA7,1345
SPACA9,1452
SPACDR,2501
SPADH,1915
SPAG1,11810
SPAG11A,1631
SPAG16,158701
SPAG17,4648
SPAG4,6933
SPAG5,26296
SPAG6,3666
SPAG7,37073
SPAG8,11097
SPAG9,232536
SPAM1,1641
SPANXB1,3870
SPANXN1,1024
SPANXN2,11195
SPANXN3,750
SPANXN4,1481
SPANXN5,786
SPARC,109499
SPARCL1,137142
SPART,129708
SPAST,85899
SPATA1,268
SPATA12,5722
SPATA16,3670
SPATA17,3274
SPATA18,17214
SPATA19,2074
SPATA2,16109
SPATA20,75649
SPATA21,5046
SPATA22,4216
SPATA24,21412
SPATA2L,11577
SPATA3,3077
SPATA31A1,4122
SPATA31A6,2764
SPATA31D1,2692
SPATA31D3,1971
SPATA31D4,2183
SPATA31E1,438
SPATA32,2793
SPATA33,20147
SPATA4,8696
SPATA45,3908
SPATA46,4500
SPATA48,1435
SPATA5,71926
SPATA5L1,53160
SPATA6,13923
SPATA6L,12646
SPATA7,11679
SPATA9,8581
SPATC1,4975
SPATC1L,10907
SPATS1,943
SPATS2,117746
SPATS2L,274154
SPC24,58278
SPC25,44841
SPCS1,45078
SPCS2,8958
SPCS3,120685
SPDEF,2682
SPDL1,94405
SPDYA,1711
SPDYC,3624
SPDYE1,4711
SPDYE16,32608
SPDYE21,21254
SPDYE4,2117
SPDYE6,14582
SPECC1,89390
SPECC1L,153031
SPEF1,2268
SPEF2,19885
SPEG,19187
SPEGNB,5395
SPEM1,1044
SPEM2,518
SPEM3,9019
SPEN,64570
SPESP1,3683
SPG11,109976
SPG21,190568
SPG7,96462
SPHK1,29852
SPHK2,19566
SPHKAP,2500
SPI1,25322
SPIB,6322
SPIC,9930
SPICE1,119645
SPIDR,130556
SPIN1,179364
SPIN3,38104
SPIN4,73028
SPINDOC,45361
SPINK1,1448
SPINK13,3852
SPINK14,478
SPINK2,13743
SPINK4,2980
SPINK5,1608
SPINK6,5106
SPINK7,20024
SPINK8,2774
SPINK9,3744
SPINT1,564201
SPINT2,91085
SPINT3,2036
SPINT4,2016
SPIRE1,20290
SPIRE2,21814
SPN,8709
SPNS1,19171
SPNS2,77814
SPNS3,10411
SPO11,6393
SPOCD1,7998
SPOCK1,29542
SPOCK2,21762
SPOCK3,2544
SPON1,44307
SPON2,12247
SPOP,63227
SPOPL,41494
SPOUT1,27232
SPP1,72141
SPP2,5141
SPPL2A,32
SPPL2B,38780
SPPL2C,1790
SPPL3,101391
SPR,24199
SPRED1,117237
SPRED2,63513
SPRED3,9294
SPRING1,36374
SPRN,815
SPRR1A,19110
SPRR1B,71368
SPRR2A,44397
SPRR2B,3405
SPRR2D,7177
SPRR2E,4857
SPRR2F,38982
SPRR2G,1531
SPRR3,6566
SPRR4,8713
SPRR5,3210
SPRTN,38555
SPRY1,72422
SPRY2,55777
SPRY3,7204
SPRY4,18508
SPRYD3,30967
SPRYD4,40525
SPRYD7,12854
SPSB1,96310
SPSB2,27685
SPSB3,58644
SPSB4,7339
SPTA1,2055
SPTAN1,347924
SPTB,2745
SPTBN1,241862
SPTBN2,66634
SPTBN4,5281
SPTBN5,10830
SPTLC1,106373
SPTLC2,137857
SPTLC3,2298
SPTSSA,136227
SPTSSB,13954
SPTY2D1,61004
SPX,2164
SPZ1,4293
SQLE,130921
SQOR,131635
SQSTM1,159713
SRA1,26287
SRARP,5948
SRBD1,46510
SRC,39212
SRCAP,163324
SRCIN1,9170
SRD5A1,29234
SRD5A2,3207
SRD5A3,101905
SREBF1,174458
SREBF2,267877
SREK1IP1,19643
SRF,78191
SRFBP1,75451
SRGAP1,18161
SRGAP2,127095
SRGAP2B,83583
SRGAP3,20285
SRGN,72733
SRI,93224
SRL,8186
SRM,48077
SRMS,662
SRP14,101962
SRP19,88465
SRP54,153899
SRP68,183715
SRP72,64197
SRP9,578768
SRPK1,84598
SRPK2,51946
SRPK3,4528
SRPRA,213931
SRPRB,20116
SRPX,19102
SRPX2,64770
SRR,18299
SRRD,43819
SRRM2,161368
SRRM3,4884
SRRM4,1788
SRRM5,3059
SRRT,113685
SRSF1,315295
SRSF10,11946
SRSF11,76347
SRSF12,7323
SRSF2,670705
SRSF3,377484
SRSF4,475307
SRSF5,195890
SRSF7,34289
SRSF8,47576
SRXN1,4425
SRY,127
SS18,56688
SS18L1,41097
SS18L2,38218
SSBP2,23814
SSBP3,224761
SSBP4,16087
SSC4D,2031
SSC5D,22619
SSH1,78121
SSH2,104780
SSH3,49624
SSMEM1,2570
SSNA1,48493
SSPN,59972
SSR1,134988
SSR2,52517
SSR3,89866
SSR4,77954
SSRP1,53135
SST,2094
SSTR1,1798
SSTR2,3815
SSTR3,6811
SSTR4,1393
SSTR5,1766
SSU72,73602
SSU72L1,3072
SSU72L2,720
SSU72L6,2973
SSUH2,5879
SSX1,6711
SSX2IP,52673
SSX3,5209
SSX5,7119
SSX7,2414
ST14,194806
ST18,3682
ST3GAL1,116546
ST3GAL2,20823
ST3GAL3,12700
ST3GAL4,57094
ST3GAL5,22454
ST3GAL6,21618
ST6GAL1,59369
ST6GAL2,6849
ST6GALNAC1,10817
ST6GALNAC2,57412
ST6GALNAC3,5396
ST6GALNAC4,6550
ST6GALNAC5,13585
ST6GALNAC6,8432
ST7,56507
ST7L,40806
ST8SIA1,37895
ST8SIA2,2040
ST8SIA3,2945
ST8SIA4,80849
ST8SIA5,1397
ST8SIA6,5098
STAB1,85904
STAB2,2362
STAC,5052
STAC2,8390
STAC3,9682
STAG1,316514
STAG2,164405
STAG3,49702
STAM,49341
STAM2,166011
STAMBP,71749
STAMBPL1,22299
STAP1,7170
STAP2,108802
STAR,6958
STARD10,128873
STARD13,28247
STARD3,57964
STARD3NL,69737
STARD4,1151
STARD5,14467
STARD6,11932
STARD8,5678
STARD9,7435
STAT1,769456
STAT2,153894
STAT3,442292
STAT4,30953
STAT5A,51431
STAT5B,69557
STAT6,320247
STATH,7505
STAU1,117585
STAU2,78323
STBD1,16361
STC1,17768
STC2,31181
STEAP1,20109
STEAP1B,2937
STEAP2,34020
STEAP3,53534
STEAP4,18388
STEEP1,33392
STH,2563
STIL,48474
STIM1,83149
STIM2,123739
STING1,165040
STIP1,2659
STK10,68885
STK11,77496
STK11IP,14660
STK16,68319
STK17A,199370
STK17B,197478
STK19,3006
STK24,371775
STK25,61722
STK26,102681
STK3,96204
STK31,4893
STK32A,1683
STK32B,4114
STK32C,16830
STK33,13128
STK35,35413
STK36,34435
STK38,188100
STK38L,213224
STK39,105087
STK4,24042
STK40,89473
STKLD1,1387
STMN1,7501
STMN2,6819
STMN3,31043
STMN4,3192
STMND1,2028
STMP1,193481
STN1,62014
STOM,431238
STOML1,23186
STOML2,10241
STOML3,3427
STON1,38239
STON2,56089
STOX1,24514
STOX2,25218
STPG1,4389
STPG2,2977
STPG3,5311
STRA6,55293
STRA8,6973
STRADB,37224
STRAP,83133
STRBP,14790
STRIP1,77969
STRIP2,25590
STRIT1,3509
STRN,70374
STRN3,94273
STRN4,134552
STS,70659
STT3A,123082
STT3B,557361
STUB1,97119
STUM,13469
STX10,57529
STX11,34260
STX12,73476
STX16,143638
STX17,85751
STX18,37796
STX19,13167
STX1A,14951
STX1B,13361
STX2,45738
STX3,71337
STX4,128124
STX5,94798
STX6,127986
STX7,29705
STX8,44728
STXBP1,172
STXBP3,130925
STXBP4,18959
STXBP5,53165
STXBP5L,4445
STXBP6,6341
STYK1,10832
STYX,122906
STYXL1,39541
STYXL2,3007
SUB1,77493
SUCLA2,41370
SUCLG1,111930
SUCLG2,1185
SUCNR1,4248
SUCO,93100
SUDS3,123423
SUFU,29320
SUGCT,10947
SUGP1,23011
SUGP2,81654
SUGT1,52095
SULF1,107634
SULF2,30077
SULT1A1,13484
SULT1B1,3465
SULT1C2,5214
SULT1C3,4333
SULT1C4,10838
SULT1E1,107
SULT2A1,3158
SULT2B1,167699
SULT4A1,2682
SULT6B1,9699
SUMF1,523
SUMF2,105949
SUMO2,59539
SUMO3,50801
SUMO4,44174
SUN1,189518
SUN2,154714
SUN3,6636
SUN5,6714
SUOX,21652
SUPT16H,6256
SUPT20H,44912
SUPT3H,32522
SUPT4H1,16980
SUPT5H,210664
SUPT6H,79624
SUPT7L,31897
SUPV3L1,65818
SURF1,61195
SURF2,44211
SURF6,30838
SUSD1,29544
SUSD2,13321
SUSD3,2286
SUSD4,199187
SUSD5,3044
SUSD6,136644
SUV39H1,18958
SUV39H2,62425
SUZ12,251852
SV2A,13961
SV2B,3550
SV2C,3902
SVBP,47004
SVEP1,45233
SVIL,82067
SVIP,95663
SVOP,1910
SVOPL,4453
SWAP70,7091
SWI5,63127
SWSAP1,10903
SWT1,26227
SYAP1,277136
SYBU,4725
SYCE1,2840
SYCE1L,5670
SYCE2,16867
SYCE3,7328
SYCN,963
SYCP1,2625
SYCP2,71479
SYCP2L,1238
SYCP3,7155
SYDE1,19981
SYDE2,11262
SYF2,249661
SYK,145401
SYMPK,48479
SYN1,6204
SYN2,2025
SYN3,2842
SYNC,17364
SYNDIG1,3369
SYNDIG1L,4412
SYNE1,19844
SYNE2,153403
SYNE3,29623
SYNE4,5443
SYNGAP1,65218
SYNGR1,22786
SYNGR2,248889
SYNGR3,58193
SYNGR4,1147
SYNJ1,43025
SYNJ2,23124
SYNJ2BP,66267
SYNM,39956
SYNPO,147251
SYNPO2,102290
SYNPO2L,3992
SYNPR,3404
SYNRG,53950
SYP,21080
SYPL1,179693
SYPL2,4007
SYS1,77902
SYT1,989
SYT10,4177
SYT11,26339
SYT12,11003
SYT13,2675
SYT14,3132
SYT16,4362
SYT17,26266
SYT2,5418
SYT3,2319
SYT4,3779
SYT5,3520
SYT6,1248
SYT7,38229
SYT8,15338
SYT9,3616
SYTL1,76321
SYTL2,24836
SYTL3,37346
SYTL4,119996
SYTL5,9807
SYVN1,19342
SZRD1,231194
SZT2,27728
TAAR1,7257
TAAR2,4024
TAAR5,2932
TAAR6,4103
TAAR8,3411
TAAR9,5664
TAB1,18978
TAB2,211889
TAB3,137107
TAC1,1311
TAC3,5820
TAC4,2950
TACC1,248410
TACC2,55274
TACC3,55812
TACO1,4601
TACR1,6391
TACR2,9733
TACR3,2244
TACSTD2,689661
TADA1,7189
TADA2A,39998
TADA2B,33707
TADA3,49448
TAF1,93971
TAF10,22532
TAF11,58194
TAF11L11,1923
TAF11L12,9266
TAF11L14,1869
TAF11L3,53
TAF12,70958
TAF13,156476
TAF15,105567
TAF1A,20613
TAF1B,71093
TAF1C,27117
TAF1D,8340
TAF1L,2076
TAF2,27318
TAF3,48667
TAF4,10503
TAF4B,12704
TAF5,26852
TAF5L,32366
TAF6,21747
TAF6L,24620
TAF7,245146
TAF7L,9454
TAF8,40355
TAF9,100603
TAF9B,61283
TAFA1,1971
TAFA2,9877
TAFA3,7576
TAFA4,3606
TAFA5,10689
TAFAZZIN,55241
TAGAP,24889
TAGLN,216741
TAGLN2,10106
TAGLN3,8876
TAL1,7195
TAL2,5590
TAMALIN,41944
TAMM41,47132
TANC1,102928
TANC2,41461
TANGO2,35312
TANGO6,10294
TANK,126808
TAOK1,157257
TAOK2,89940
TAOK3,45956
TAP1,402143
TAP2,104381
TAPBP,10104
TAPBPL,49825
TAPT1,38469
TARBP1,73526
TARBP2,7766
TARDBP,77390
TARM1,1951
TARS1,165063
TARS2,4728
TARS3,26929
TAS1R1,2052
TAS1R2,3068
TAS1R3,4192
TAS2R1,4199
TAS2R14,10865
TAS2R16,4618
TAS2R30,75813
TAS2R31,7581
TAS2R38,3593
TAS2R39,3809
TAS2R4,9382
TAS2R40,6115
TAS2R42,2496
TAS2R50,14113
TAS2R7,1777
TAS2R8,4160
TAS2R9,4167
TASL,13099
TASOR,99577
TASOR2,82353
TASP1,32274
TAT,3381
TATDN1,15121
TATDN2,32142
TATDN3,30456
TAX1BP1,122050
TBATA,6283
TBC1D1,25460
TBC1D10A,46596
TBC1D10B,48535
TBC1D10C,43311
TBC1D12,14341
TBC1D13,14100
TBC1D14,157174
TBC1D15,122213
TBC1D16,19588
TBC1D17,28262
TBC1D19,33746
TBC1D2,71750
TBC1D20,34521
TBC1D21,2201
TBC1D22A,87046
TBC1D22B,46254
TBC1D23,114861
TBC1D24,31406
TBC1D25,41342
TBC1D26,817
TBC1D28,5010
TBC1D2B,113979
TBC1D30,11372
TBC1D31,39712
TBC1D32,11578
TBC1D4,94273
TBC1D5,89069
TBC1D7,72432
TBC1D8,77785
TBC1D8B,16075
TBC1D9,152390
TBC1D9B,133662
TBCB,21459
TBCC,25407
TBCCD1,63156
TBCD,111085
TBCE,65580
TBCEL,17675
TBCK,41004
TBK1,96920
TBKBP1,11598
TBL1X,71135
TBL1XR1,201083
TBL2,24656
TBL3,45511
TBP,33922
TBPL1,54055
TBPL2,8149
TBR1,3492
TBRG1,66567
TBRG4,63487
TBX1,15680
TBX10,2246
TBX15,4253
TBX18,12133
TBX19,19169
TBX2,6725
TBX21,5335
TBX22,2335
TBX3,40505
TBX4,4013
TBX5,1008
TBX6,23368
TBXA2R,4826
TBXAS1,33908
TBXT,2167
TC2N,167365
TCAF1,9783
TCAF2,10731
TCAIM,46384
TCAP,1376
TCEA2,16237
TCEA3,109379
TCEAL1,117251
TCEAL2,35641
TCEAL3,50139
TCEAL4,8031
TCEAL5,1799
TCEAL6,4955
TCEAL7,10024
TCEAL8,164065
TCEAL9,320408
TCEANC,18842
TCEANC2,7957
TCERG1,126326
TCERG1L,5173
TCF12,56022
TCF15,1652
TCF19,48095
TCF20,272368
TCF21,6117
TCF23,7681
TCF24,3692
TCF25,33945
TCF3,17734
TCF4,82471
TCF7,83262
TCF7L1,49908
TCF7L2,44104
TCFL5,37003
TCHH,3335
TCHHL1,3766
TCHP,55526
TCIM,66272
TCIRG1,44920
TCL1A,11945
TCL1B,4631
TCN1,10236
TCN2,8050
TCOF1,94144
TCP1,99004
TCP10L,1717
TCP11,11991
TCP11L1,51632
TCP11L2,59002
TCP11X1,1322
TCTA,17176
TCTE1,3391
TCTN1,23816
TCTN2,37890
TCTN3,41285
TDGF1,9657
TDO2,6329
TDP1,58395
TDP2,82938
TDRD1,4049
TDRD10,20940
TDRD12,3274
TDRD15,3954
TDRD3,56540
TDRD5,3586
TDRD6,2534
TDRD7,7288
TDRD9,53160
TDRKH,16781
TDRP,49380
TEAD1,60645
TEAD2,95818
TEAD3,98663
TEAD4,49182
TEC,8746
TECPR1,20028
TECPR2,28889
TECR,1146
TECRL,2683
TECTA,1943
TECTB,2947
TEDC1,639
TEDC2,15677
TEDDM1,3628
TEF,27453
TEFM,31934
TEK,11468
TEKT1,3120
TEKT2,7597
TEKT3,4406
TEKT5,6446
TELO2,42786
TEN1,40103
TENM1,4517
TENM2,10709
TENM3,6281
TENM4,32011
TENT2,118777
TENT4A,67275
TENT4B,37105
TENT5A,59475
TENT5B,16655
TENT5C,24720
TENT5D,4067
TEP1,27193
TEPP,9034
TEPSIN,14388
TERB1,3362
TERB2,3732
TERF1,7664
TERF2,45332
TERF2IP,65414
TERT,2083
TES,203958
TESC,9994
TESK1,28474
TESK2,6205
TESMIN,18322
TESPA1,22186
TET1,9304
TET2,139064
TET3,67635
TEX10,17449
TEX101,5738
TEX11,3710
TEX12,6718
TEX13A,1181
TEX13B,3421
TEX13C,3021
TEX13D,4997
TEX14,4544
TEX15,8137
TEX19,3971
TEX2,66426
TEX22,6761
TEX26,2778
TEX261,111175
TEX264,31224
TEX29,2307
TEX30,66073
TEX33,2424
TEX35,3433
TEX36,806
TEX37,1165
TEX38,2757
TEX43,3409
TEX44,2952
TEX45,4921
TEX46,2168
TEX47,2811
TEX48,732
TEX49,5408
TEX50,1399
TEX51,378
TEX52,1503
TEX53,2901
TEX54,2298
TEX55,3660
TEX9,36564
TFAM,161011
TFAP2A,65797
TFAP2B,6389
TFAP2C,114690
TFAP2D,944
TFAP2E,6226
TFAP4,42460
TFB1M,14192
TFB2M,9369
TFCP2,120441
TFCP2L1,67202
TFDP1,38706
TFDP2,13162
TFDP3,2641
TFE3,37164
TFEB,27949
TFEC,37454
TFF1,6400
TFF2,4857
TFF3,18447
TFG,2483
TFIP11,67023
TFPI,18440
TFPI2,3256
TFPT,26251
TFR2,7783
TFRC,496000
TG,2430
TGDS,28130
TGFA,54270
TGFB1,79427
TGFB1I1,42510
TGFB2,15110
TGFB3,46650
TGFBI,21067
TGFBR1,83960
TGFBR2,178562
TGFBR3,56904
TGFBR3L,6687
TGFBRAP1,46441
TGIF1,95104
TGIF2,80189
TGIF2LX,1081
TGIF2LY,292
TGM1,381815
TGM2,205998
TGM3,1711
TGM4,3227
TGM5,19601
TGM6,4811
TGM7,4530
TGOLN2,261781
TGS1,50273
TH,3367
THADA,52347
THAP1,42427
THAP10,15238
THAP11,37501
THAP12,47913
THAP2,42637
THAP3,5644
THAP4,10685
THAP5,40343
THAP6,61508
THAP7,43459
THAP8,9429
THAP9,22470
THBD,162246
THBS1,371628
THBS2,106163
THBS3,41355
THBS4,6999
THEG,5541
THEGL,2994
THEM4,11668
THEM5,3423
THEM6,13992
THEMIS,39046
THEMIS2,74320
THG1L,36881
THNSL1,8269
THNSL2,11560
THOC1,49548
THOC2,189345
THOC3,22707
THOC5,59944
THOC6,70387
THOC7,82302
THOP1,16783
THPO,5244
THRA,85149
THRAP3,18121
THRB,1606
THRSP,4779
THSD1,3769
THSD4,45755
THSD7A,9386
THSD7B,4058
THSD8,835
THUMPD1,62840
THUMPD2,14924
THUMPD3,62286
THY1,202999
THYN1,47328
TIA1,220980
TIAL1,173453
TIAM1,165499
TIAM2,9720
TICAM1,18509
TICAM2,7218
TICRR,61048
TIE1,6162
TIFA,29732
TIFAB,16152
TIGAR,54086
TIGD1,16750
TIGD2,24193
TIGD3,5162
TIGD4,6165
TIGD5,10231
TIGD6,15678
TIGD7,30709
TIGIT,49473
TIMD4,7584
TIMELESS,76824
TIMM10,40362
TIMM10B,56513
TIMM13,7196
TIMM17A,158496
TIMM17B,49616
TIMM21,62481
TIMM22,31841
TIMM23,80510
TIMM29,11198
TIMM44,70289
TIMM50,25446
TIMM8A,25925
TIMM9,45993
TIMMDC1,202639
TIMP1,22564
TIMP2,95186
TIMP3,26965
TIMP4,3729
TINAG,5338
TINAGL1,89527
TINCR,14305
TINF2,220152
TIPARP,126555
TIPIN,25570
TIPRL,120628
TIRAP,13153
TJAP1,88532
TJP1,286366
TJP2,175031
TJP3,56488
TK1,88037
TK2,53180
TKFC,23404
TKT,270635
TKTL1,6897
TKTL2,2875
TLCD1,6655
TLCD2,137280
TLCD3A,81048
TLCD3B,2791
TLCD4,9749
TLCD5,22969
TLDC2,8567
TLE1,43561
TLE2,27981
TLE3,116170
TLE4,56811
TLE5,118078
TLE6,9520
TLE7,1642
TLK1,70451
TLL1,5159
TLL2,3580
TLN1,236301
TLN2,12431
TLNRD1,83264
TLR1,10002
TLR10,11907
TLR2,46569
TLR3,24974
TLR4,24530
TLR5,16173
TLR6,7191
TLR7,24862
TLR8,19951
TLR9,5003
TLX1,3143
TLX2,12915
TLX3,2479
TM2D1,91358
TM2D2,51623
TM2D3,28039
TM4SF1,134156
TM4SF18,14894
TM4SF19,26132
TM4SF20,9429
TM4SF4,12346
TM4SF5,3292
TM6SF1,13188
TM6SF2,2554
TM7SF2,6909
TM7SF3,36522
TM9SF1,5959
TM9SF2,196920
TM9SF3,209817
TM9SF4,253403
TMA16,67598
TMA7,146012
TMA7B,3597
TMBIM1,419507
TMBIM4,107625
TMBIM6,11260
TMC2,2284
TMC3,8764
TMC4,7084
TMC5,38450
TMC6,75567
TMC7,7486
TMC8,52651
TMCC1,134120
TMCC2,16227
TMCC3,36572
TMCO1,50942
TMCO2,4691
TMCO3,99555
TMCO4,34182
TMCO5A,5891
TMCO6,21926
TMDD1,6319
TMED1,18862
TMED10,77969
TMED2,227151
TMED3,97757
TMED4,209962
TMED5,137446
TMED6,3740
TMED7,151668
TMED8,12312
TMED9,129114
TMEFF1,519
TMEFF2,4805
TMEM100,7246
TMEM101,31615
TMEM102,38221
TMEM104,24924
TMEM106A,31368
TMEM106B,36068
TMEM106C,43877
TMEM107,55695
TMEM108,6557
TMEM109,103581
TMEM11,50935
TMEM114,3400
TMEM115,19404
TMEM116,23748
TMEM117,6660
TMEM119,59895
TMEM120A,40355
TMEM120B,32521
TMEM121,5880
TMEM121B,4663
TMEM123,66252
TMEM125,4770
TMEM126A,39887
TMEM126B,59712
TMEM127,12358
TMEM128,53403
TMEM129,31555
TMEM130,2872
TMEM131,89052
TMEM131L,49745
TMEM132A,58198
TMEM132B,3142
TMEM132C,14782
TMEM132D,1346
TMEM132E,3385
TMEM134,35518
TMEM135,17873
TMEM138,12538
TMEM140,15761
TMEM141,22085
TMEM143,19401
TMEM144,9220
TMEM145,4399
TMEM147,5171
TMEM14A,51535
TMEM14B,15953
TMEM14C,244852
TMEM150A,11317
TMEM150B,1029
TMEM150C,10335
TMEM151A,3432
TMEM151B,4495
TMEM154,201532
TMEM156,27406
TMEM158,21105
TMEM161A,24264
TMEM161B,2998
TMEM163,5064
TMEM164,105471
TMEM165,379597
TMEM167A,160017
TMEM167B,139915
TMEM168,32377
TMEM169,3839
TMEM17,15479
TMEM170A,43121
TMEM170B,1897
TMEM171,11175
TMEM174,3901
TMEM175,11723
TMEM176A,39050
TMEM176B,15472
TMEM177,29113
TMEM178A,4322
TMEM178B,6391
TMEM179,4669
TMEM179B,97672
TMEM18,31582
TMEM181,45805
TMEM182,10750
TMEM183A,57322
TMEM184A,22298
TMEM184B,73292
TMEM184C,54145
TMEM185A,40898
TMEM185B,85877
TMEM186,48710
TMEM187,17380
TMEM19,47712
TMEM191C,25802
TMEM192,20557
TMEM196,4851
TMEM198,2894
TMEM199,33066
TMEM200A,12731
TMEM200B,23876
TMEM200C,9422
TMEM201,10453
TMEM202,3630
TMEM203,93407
TMEM204,27628
TMEM205,65071
TMEM207,7906
TMEM208,46181
TMEM209,29919
TMEM210,1445
TMEM212,6131
TMEM213,2211
TMEM214,47576
TMEM215,4982
TMEM216,36481
TMEM217,8818
TMEM218,25558
TMEM219,62362
TMEM220,15483
TMEM221,6741
TMEM222,21997
TMEM223,19373
TMEM225,2672
TMEM225B,4474
TMEM229A,2035
TMEM229B,26165
TMEM230,166662
TMEM231,12585
TMEM232,3893
TMEM233,2977
TMEM234,54720
TMEM235,2724
TMEM236,6185
TMEM237,53757
TMEM238,4921
TMEM238L,718
TMEM239,1120
TMEM240,5722
TMEM241,16773
TMEM242,35350
TMEM243,76453
TMEM244,7307
TMEM245,89504
TMEM247,3458
TMEM248,44786
TMEM249,5445
TMEM25,12594
TMEM250,33517
TMEM252,911
TMEM253,17260
TMEM254,55251
TMEM255A,16199
TMEM255B,9793
TMEM256,7807
TMEM258,3247
TMEM259,87552
TMEM26,5373
TMEM260,18514
TMEM262,1238
TMEM263,90725
TMEM265,102641
TMEM266,1280
TMEM267,21057
TMEM268,28219
TMEM269,4211
TMEM270,4787
TMEM271,3481
TMEM272,10681
TMEM273,10397
TMEM275,4457
TMEM30B,130512
TMEM31,3453
TMEM33,31494
TMEM35A,5689
TMEM35B,12138
TMEM37,7085
TMEM38A,11116
TMEM38B,12857
TMEM39A,38519
TMEM39B,22660
TMEM40,80718
TMEM41A,61106
TMEM41B,62877
TMEM42,24978
TMEM43,113476
TMEM44,22428
TMEM45A,359490
TMEM45B,31247
TMEM47,16187
TMEM50B,73473
TMEM51,90795
TMEM52,12035
TMEM52B,2769
TMEM53,27363
TMEM54,130447
TMEM59,43086
TMEM59L,5488
TMEM60,35066
TMEM61,974
TMEM62,36822
TMEM63A,96546
TMEM63B,45641
TMEM63C,7174
TMEM64,63692
TMEM65,85935
TMEM67,16947
TMEM68,81372
TMEM69,47704
TMEM70,64992
TMEM71,9137
TMEM72,3588
TMEM74,3023
TMEM74B,3294
TMEM79,107953
TMEM80,42843
TMEM81,8316
TMEM82,2238
TMEM86A,17729
TMEM86B,2908
TMEM87A,77578
TMEM87B,25510
TMEM88,1655
TMEM89,3885
TMEM8B,10356
TMEM9,15360
TMEM91,18577
TMEM92,7091
TMEM94,33026
TMEM95,11307
TMEM97,53851
TMEM98,15127
TMEM9B,187118
TMF1,59009
TMIE,6356
TMIGD1,6141
TMIGD2,4211
TMIGD3,4923
TMLHE,42995
TMOD1,30085
TMOD2,39441
TMOD3,181856
TMOD4,4285
TMPO,137464
TMPPE,13180
TMPRSS11A,246090
TMPRSS11B,95973
TMPRSS11D,353548
TMPRSS11E,86720
TMPRSS11F,53185
TMPRSS12,8185
TMPRSS13,21248
TMPRSS15,3805
TMPRSS2,140316
TMPRSS3,4292
TMPRSS4,71642
TMPRSS5,2355
TMPRSS6,8088
TMPRSS7,6374
TMPRSS9,1309
TMSB15A,30522
TMSB15B,11051
TMSB4X,1038057
TMSB4Y,4909
TMTC1,40313
TMTC2,52043
TMTC3,35212
TMTC4,27441
TMUB1,58879
TMUB2,45631
TMX1,41264
TMX2,239611
TMX3,33691
TMX4,44800
TNC,455540
TNF,11344
TNFAIP1,98173
TNFAIP2,642314
TNFAIP3,89732
TNFAIP6,15132
TNFAIP8,147142
TNFAIP8L1,25296
TNFAIP8L2,10114
TNFAIP8L3,18591
TNFRSF10A,47200
TNFRSF10B,50732
TNFRSF10C,7874
TNFRSF10D,8566
TNFRSF11A,26035
TNFRSF11B,7014
TNFRSF12A,78184
TNFRSF13C,31731
TNFRSF14,15495
TNFRSF17,9064
TNFRSF18,1506
TNFRSF19,8991
TNFRSF1A,258830
TNFRSF1B,55349
TNFRSF21,248502
TNFRSF4,4677
TNFRSF6B,14666
TNFRSF8,9837
TNFRSF9,33496
TNFSF10,1083392
TNFSF11,5520
TNFSF12,157
TNFSF13,3780
TNFSF13B,41460
TNFSF14,12518
TNFSF15,5040
TNFSF18,14520
TNFSF4,10891
TNFSF8,34019
TNFSF9,756
TNIK,3406
TNIP1,246622
TNIP2,72294
TNIP3,9864
TNK1,23536
TNK2,117249
TNKS,42843
TNKS1BP1,308008
TNKS2,221907
TNMD,616
TNN,4172
TNNC1,3965
TNNC2,2391
TNNI1,13230
TNNI2,1161
TNNI3,7548
TNNI3K,6193
TNNT1,4905
TNNT2,743
TNNT3,2186
TNP1,489
TNP2,3990
TNPO1,92311
TNPO2,52348
TNPO3,125832
TNR,2250
TNRC18,169609
TNRC6A,41809
TNRC6B,59644
TNRC6C,38032
TNS1,162456
TNS2,47566
TNS3,58903
TNS4,1323463
TNXB,28149
TOB1,100230
TOB2,27416
TOE1,37028
TOGARAM1,51072
TOGARAM2,5723
TOLLIP,98747
TOM1,121217
TOM1L1,27297
TOM1L2,141581
TOMM20,34261
TOMM20L,3906
TOMM22,24877
TOMM34,37888
TOMM40,28551
TOMM40L,18183
TOMM5,10052
TOMM6,76632
TOMM7,276631
TOMM70,105479
TOMT,5545
TONSL,15729
TOP1,244084
TOP1MT,27191
TOP2A,328285
TOP2B,248637
TOP3A,39705
TOP3B,25903
TOPAZ1,7432
TOPBP1,200131
TOPORS,80601
TOR1A,18696
TOR1AIP1,102157
TOR1AIP2,150735
TOR1B,32711
TOR2A,10449
TOR3A,43691
TOR4A,15506
TOX,18143
TOX2,17595
TOX3,1388
TOX4,32562
TP53,247233
TP53AIP1,8934
TP53BP1,86631
TP53BP2,51546
TP53I11,36252
TP53I3,24296
TP53INP1,65028
TP53INP2,115823
TP53RK,31998
TP53TG3D,834
TP53TG5,4254
TP63,370008
TP73,57833
TPBG,46589
TPBGL,11668
TPCN1,22414
TPCN2,14976
TPD52,190067
TPD52L1,73050
TPD52L2,219501
TPD52L3,7854
TPGS2,172957
TPH1,4237
TPH2,2488
TPI1,239524
TPK1,9106
TPM1,18511
TPM2,225751
TPM3,7334
TPM4,56518
TPMT,59175
TPO,4393
TPP1,117356
TPP2,181391
TPPP,4500
TPPP2,4950
TPPP3,8692
TPR,120965
TPRA1,27248
TPRG1,3261
TPRG1L,1596
TPRKB,27438
TPRN,3640
TPRX1,6125
TPSAB1,2468
TPSB2,853
TPSD1,2268
TPSG1,1753
TPST1,33835
TPST2,48711
TPT1,331653
TPTE,2477
TPTE2,3021
TPX2,421589
TRA2A,152312
TRA2B,94198
TRABD,20557
TRABD2A,14880
TRABD2B,1596
TRAC,303307
TRADD,40057
TRAF1,42922
TRAF2,25682
TRAF3,68408
TRAF3IP1,48235
TRAF3IP2,138674
TRAF3IP3,87202
TRAF4,103449
TRAF5,44319
TRAF6,33250
TRAF7,165251
TRAFD1,102396
TRAIP,16618
TRAK1,76217
TRAK2,18121
TRAM1,68366
TRAM1L1,4149
TRAM2,44694
TRANK1,50258
TRAP1,138244
TRAPPC10,177562
TRAPPC11,93625
TRAPPC12,75764
TRAPPC13,49145
TRAPPC2,20674
TRAPPC2B,7664
TRAPPC2L,13323
TRAPPC3,171560
TRAPPC3L,6419
TRAPPC4,61212
TRAPPC5,8925
TRAPPC6A,30040
TRAPPC6B,136729
TRAPPC8,80144
TRAPPC9,23667
TRARG1,4096
TRAT1,52417
TRBC1,94079
TRBC2,115445
TRDC,3986
TRDMT1,8945
TRDN,2062
TREH,2407
TREM1,11779
TREM2,2471
TREML2,1668
TREML4,1600
TRERF1,27149
TREX2,1001
TRH,4133
TRHDE,6492
TRHR,3398
TRIAP1,47468
TRIB1,60484
TRIB2,38888
TRIB3,10741
TRIL,25840
TRIM10,2624
TRIM11,71364
TRIM13,45893
TRIM14,89446
TRIM15,3562
TRIM16,147316
TRIM17,7776
TRIM2,24538
TRIM21,66887
TRIM22,462266
TRIM23,56617
TRIM24,60630
TRIM25,79601
TRIM26,94984
TRIM27,15271
TRIM28,110048
TRIM29,450464
TRIM3,17883
TRIM31,7667
TRIM32,21010
TRIM33,187325
TRIM34,12122
TRIM35,54341
TRIM36,12278
TRIM37,110314
TRIM38,49411
TRIM39,11861
TRIM4,42709
TRIM40,4586
TRIM41,16635
TRIM42,3975
TRIM43,3441
TRIM43B,2856
TRIM44,205992
TRIM45,10791
TRIM46,7750
TRIM47,80430
TRIM48,5172
TRIM49,520
TRIM49B,4687
TRIM49D1,94822
TRIM5,5176
TRIM50,1628
TRIM51,4050
TRIM51G,534
TRIM52,25192
TRIM54,4756
TRIM55,4171
TRIM56,156884
TRIM58,7612
TRIM59,27273
TRIM6,11644
TRIM60,3691
TRIM61,5753
TRIM62,17773
TRIM63,4030
TRIM64,1358
TRIM64B,6531
TRIM64C,1585
TRIM65,35096
TRIM66,12977
TRIM67,645
TRIM68,23188
TRIM69,9651
TRIM7,25432
TRIM71,2921
TRIM72,4643
TRIM75,2949
TRIM77,1644
TRIM8,164695
TRIM9,4502
TRIML1,2055
TRIML2,1858
TRIO,63394
TRIOBP,114912
TRIP10,66177
TRIP11,63522
TRIP12,389259
TRIP13,30911
TRIP4,47137
TRIP6,66802
TRIQK,52882
TRIR,85049
TRIT1,43113
TRMO,2971
TRMT1,11327
TRMT10A,24601
TRMT10B,26830
TRMT10C,43904
TRMT11,30071
TRMT112,96290
TRMT12,17627
TRMT13,44344
TRMT1L,51041
TRMT2A,34821
TRMT2B,78986
TRMT44,34787
TRMT5,34203
TRMT6,12988
TRMT61A,10417
TRMT61B,30392
TRMT9B,10017
TRMU,24158
TRNAU1AP,96982
TRNP1,16727
TRNT1,74792
TRO,15500
TROAP,31521
TRPA1,2194
TRPC1,20683
TRPC3,5644
TRPC4,2818
TRPC4AP,375969
TRPC5,5634
TRPC5OS,3085
TRPC6,14873
TRPC7,2403
TRPM1,1364
TRPM2,9642
TRPM3,2076
TRPM4,45272
TRPM5,7605
TRPM6,5238
TRPM7,77747
TRPM8,3742
TRPS1,110504
TRPT1,35137
TRPV1,8159
TRPV2,20376
TRPV3,4903
TRPV4,9405
TRPV5,2416
TRPV6,11982
TRRAP,30346
TRUB1,46944
TRUB2,50673
TSACC,10815
TSBP1,7027
TSC1,18471
TSC2,38015
TSC22D1,300203
TSC22D2,68000
TSC22D3,165397
TSC22D4,128178
TSEN15,50383
TSEN2,18593
TSEN34,67557
TSEN54,20822
TSFM,9857
TSG101,74558
TSGA10,16363
TSGA10IP,4474
TSGA13,1326
TSHB,4138
TSHR,7444
TSHZ1,35159
TSHZ2,87646
TSHZ3,63310
TSKS,4890
TSKU,77592
TSLP,28032
TSN,88652
TSNARE1,13026
TSNAX,93617
TSNAXIP1,2879
TSPAN1,7997
TSPAN10,8387
TSPAN11,5343
TSPAN12,1827
TSPAN13,57089
TSPAN14,197738
TSPAN15,7671
TSPAN16,6286
TSPAN17,55035
TSPAN18,11689
TSPAN19,3640
TSPAN2,16801
TSPAN3,298154
TSPAN31,78472
TSPAN32,7929
TSPAN33,32164
TSPAN4,2814
TSPAN5,35000
TSPAN6,170969
TSPAN7,27094
TSPAN8,2592
TSPAN9,49050
TSPEAR,1710
TSPO,48389
TSPO2,2998
TSPOAP1,19723
TSPYL1,70596
TSPYL2,152423
TSPYL4,47120
TSPYL5,4209
TSPYL6,2148
TSR1,55624
TSR2,30529
TSR3,75257
TSSC4,7604
TSSK1B,1685
TSSK2,1358
TSSK3,5447
TSSK4,2800
TSSK6,3672
TST,28114
TSTD1,119351
TSTD2,31937
TTBK1,7856
TTBK2,27912
TTC1,89956
TTC12,12463
TTC13,73753
TTC14,40949
TTC16,4377
TTC17,77628
TTC19,109472
TTC21A,18188
TTC21B,51600
TTC22,124957
TTC23,42602
TTC23L,7181
TTC24,9123
TTC26,10266
TTC27,42779
TTC28,33955
TTC29,2254
TTC3,60034
TTC30A,1276
TTC30B,6012
TTC31,52961
TTC32,29996
TTC33,59511
TTC36,2254
TTC38,34449
TTC39A,20990
TTC39B,214883
TTC39C,102381
TTC5,33467
TTC6,4201
TTC7A,86062
TTC7B,19717
TTC8,32320
TTC9,104103
TTC9B,812
TTC9C,61233
TTF1,44001
TTF2,55942
TTI1,22152
TTI2,21211
TTK,37786
TTL,25524
TTLL1,18090
TTLL10,6821
TTLL11,14728
TTLL12,130923
TTLL13,1324
TTLL2,5228
TTLL3,84473
TTLL4,49373
TTLL5,62283
TTLL6,1669
TTLL7,15832
TTLL8,3725
TTLL9,13057
TTN,5770
TTPA,5805
TTPAL,4459
TTR,855
TTYH1,5963
TTYH2,20693
TTYH3,109969
TUB,9147
TUBA1A,42221
TUBA1B,35067
TUBA1C,325683
TUBA3C,950
TUBA3E,2493
TUBA4A,194621
TUBA4B,2191
TUBAL3,5038
TUBB,513819
TUBB1,4460
TUBB2A,40222
TUBB2B,12286
TUBB3,2921
TUBB4A,1458
TUBB6,114789
TUBB8,4938
TUBB8B,11768
TUBD1,40960
TUBE1,20687
TUBG1,32498
TUBG2,18778
TUBGCP2,75783
TUBGCP3,110116
TUBGCP4,31101
TUBGCP5,49055
TUBGCP6,83420
TUFM,227460
TUFT1,132270
TUG1,149534
TULP1,2610
TULP2,3864
TULP3,60858
TULP4,7276
TUNAR,2428
TUSC1,27106
TUSC2,20734
TUSC3,56281
TUT1,54719
TUT4,73314
TUT7,167345
TVP23A,6969
TVP23B,36485
TVP23C,13719
TWF2,28502
TWIST1,5706
TWIST2,18987
TWNK,19989
TWSG1,65390
TXK,19807
TXLNA,124096
TXLNB,11154
TXLNG,76571
TXN,320098
TXN2,36571
TXNDC11,106758
TXNDC12,39810
TXNDC15,168094
TXNDC16,55491
TXNDC17,260311
TXNDC2,9091
TXNDC5,4625
TXNDC8,5515
TXNDC9,62191
TXNIP,35482
TXNL1,150581
TXNL4B,23758
TXNRD1,164910
TXNRD2,18200
TXNRD3,64184
TYK2,71910
TYMP,457805
TYMS,272908
TYR,2586
TYRO3,6595
TYROBP,9583
TYRP1,4280
TYSND1,47096
TYW1,11706
TYW1B,2576
TYW3,30841
TYW5,19112
U2AF1,133389
U2AF1L4,386
U2AF2,74498
U2SURP,25608
UACA,105813
UAP1,94645
UAP1L1,30499
UBA1,336497
UBA2,19733
UBA3,159567
UBA5,62797
UBA6,252854
UBA7,88709
UBAC1,103123
UBAC2,58861
UBALD1,76827
UBALD2,45399
UBAP1,111259
UBAP1L,4351
UBAP2,38945
UBAP2L,70897
UBASH3A,26878
UBASH3B,11297
UBB,42928
UBC,367953
UBD,959
UBE2A,75740
UBE2B,180527
UBE2C,22498
UBE2D1,140789
UBE2D2,573122
UBE2D3,589116
UBE2D4,12969
UBE2E1,77284
UBE2E2,19436
UBE2E3,60040
UBE2F,36238
UBE2G1,88153
UBE2G2,155923
UBE2H,407445
UBE2I,229176
UBE2J1,209681
UBE2J2,35228
UBE2K,51663
UBE2L3,52688
UBE2L5,8337
UBE2L6,232290
UBE2M,6276
UBE2N,21057
UBE2O,49712
UBE2Q1,141300
UBE2Q2,43177
UBE2QL1,4887
UBE2R2,89863
UBE2S,25072
UBE2T,85025
UBE2U,1487
UBE2V1,34370
UBE2W,105075
UBE2Z,207138
UBE3A,58801
UBE3B,35743
UBE3C,52621
UBE3D,25822
UBE4A,95893
UBE4B,126788
UBFD1,60380
UBIAD1,24516
UBL3,150472
UBL4A,42097
UBL4B,1868
UBL5,11679
UBL7,40386
UBLCP1,129616
UBN1,116503
UBN2,27749
UBOX5,16728
UBP1,231975
UBQLN1,283671
UBQLN2,135044
UBQLN3,2173
UBQLN4,24772
UBQLNL,3161
UBR1,39212
UBR2,68203
UBR3,152821
UBR4,39509
UBR5,192143
UBR7,26247
UBTD1,5419
UBTD2,44359
UBTF,87286
UBTFL1,8323
UBXN1,32953
UBXN10,2435
UBXN11,76534
UBXN2A,128334
UBXN2B,24643
UBXN4,184706
UBXN6,157156
UBXN7,60801
UBXN8,20585
UCHL1,6609
UCHL3,48179
UCHL5,40977
UCK1,47409
UCK2,59181
UCKL1,14352
UCMA,1465
UCN,721
UCN2,5011
UCN3,756
UCP1,18643
UCP2,120046
UCP3,6466
UEVLD,55528
UFC1,250809
UFD1,59608
UFL1,53260
UFM1,105465
UFSP1,4112
UFSP2,50781
UGCG,351802
UGDH,97262
UGGT1,172601
UGGT2,73403
UGP2,37305
UGT1A1,2610
UGT1A10,7692
UGT1A3,391
UGT1A4,4278
UGT1A5,825
UGT1A8,7551
UGT1A9,4505
UGT2A1,4156
UGT2A2,1376
UGT2A3,2284
UGT2B10,1398
UGT2B11,8845
UGT2B15,3229
UGT2B17,2309
UGT2B28,1944
UGT2B4,3004
UGT2B7,4968
UGT3A1,3403
UGT3A2,2267
UGT8,49930
UHMK1,122578
UHRF1,136012
UHRF2,22709
UIMC1,79190
ULBP1,8890
ULBP2,2583
ULBP3,10221
ULK1,60830
ULK2,33750
ULK3,30233
ULK4,19235
UMAD1,16662
UMOD,1205
UMODL1,6338
UMPS,129371
UNC119,46868
UNC119B,39274
UNC13A,2852
UNC13B,39299
UNC13C,3473
UNC13D,42211
UNC45A,50759
UNC45B,2484
UNC50,42951
UNC5A,1708
UNC5B,74856
UNC5C,4811
UNC5CL,3871
UNC5D,892
UNC79,3698
UNC80,2740
UNC93A,3337
UNC93B1,51405
UNCX,635
UNG,128759
UNK,42665
UPB1,24395
UPF1,25207
UPF2,150708
UPF3A,85074
UPF3B,157286
UPK1A,2107
UPK1B,3585
UPK2,438
UPK3A,3075
UPK3B,16546
UPP1,142148
UPP2,1471
UPRT,41372
UQCC1,164617
UQCC2,24496
UQCC3,8486
UQCC4,27950
UQCC5,20026
UQCC6,12817
UQCR10,26845
UQCR11,50971
UQCRB,16561
UQCRC1,46498
UQCRC2,180871
UQCRFS1,18123
UQCRHL,6710
UQCRQ,69055
URAD,1358
URB1,77231
URB2,30509
URGCP,29268
URI1,57214
URM1,76077
UROC1,2053
UROD,68911
UROS,73332
USB1,53682
USE1,21566
USF1,12680
USF2,40546
USF3,110530
USH1C,1596
USH1G,8703
USH2A,3269
USHBP1,7418
USO1,95157
USP1,238612
USP10,40748
USP11,88528
USP12,7354
USP13,23004
USP14,21611
USP15,197167
USP16,202598
USP17L1,10801
USP17L10,10015
USP17L13,7681
USP17L15,10764
USP17L2,3838
USP17L3,13493
USP17L7,6979
USP17L8,13793
USP18,8598
USP19,29542
USP2,5018
USP20,15304
USP21,27091
USP22,57313
USP24,78896
USP25,272960
USP26,4049
USP27X,8999
USP28,20276
USP29,2115
USP3,26453
USP30,15317
USP31,59120
USP32,59047
USP33,121975
USP34,284483
USP35,8970
USP36,78871
USP37,38577
USP38,39197
USP39,105318
USP4,157251
USP40,43751
USP42,33485
USP43,24779
USP44,8658
USP45,32910
USP46,39208
USP47,100097
USP48,299774
USP49,4000
USP5,29171
USP50,1501
USP51,16690
USP53,100071
USP54,51763
USP6,4174
USP6NL,96334
USP8,54247
USP9X,327500
USP9Y,52
USPL1,67526
UST,31423
UTF1,1350
UTP11,61634
UTP14A,7558
UTP15,30566
UTP18,21004
UTP20,46562
UTP23,42462
UTP25,57125
UTP3,78870
UTP4,32651
UTP6,125686
UTRN,99833
UTS2,7043
UTS2B,8242
UTY,67
UVRAG,59869
UVSSA,43187
UXS1,84865
UXT,283965
VAC14,70555
VAMP1,34155
VAMP2,59342
VAMP3,159110
VAMP4,30782
VAMP5,17113
VAMP8,116791
VANGL1,33851
VANGL2,23117
VAPA,1816
VAPB,70049
VARS1,28710
VARS2,46552
VASH1,59359
VASH2,16853
VASN,110947
VASP,206226
VAT1,31648
VAT1L,2975
VAV1,40644
VAV2,29858
VAV3,92594
VAX1,1202
VBP1,237811
VCAM1,72058
VCAN,126651
VCL,127752
VCP,78585
VCPIP1,47786
VCPKMT,71026
VCX,1639
VDAC2,529130
VDR,35023
VEGFA,205727
VEGFB,16777
VEGFC,24678
VEGFD,4346
VENTX,3781
VEPH1,6149
VEZF1,75584
VEZT,67308
VGF,4472
VGLL1,2197
VGLL2,2261
VGLL3,19117
VGLL4,198580
VHL,205573
VHLL,1931
VIL1,4331
VILL,17788
VIM,199797
VIP,4033
VIPAS39,21587
VIPR1,6340
VIPR2,13640
VIRMA,149817
VIT,3030
VKORC1,9102
VKORC1L1,51020
VLDLR,22710
VMA21,45598
VMAC,30554
VMO1,1431
VMP1,66816
VN1R1,3706
VN1R2,3699
VN1R4,1903
VNN1,7592
VNN2,12712
VOPP1,74667
VPREB1,369
VPREB3,5568
VPS11,45573
VPS13A,70297
VPS13B,113990
VPS13C,68397
VPS13D,102542
VPS16,36546
VPS18,35745
VPS25,4227
VPS26A,167802
VPS26B,29770
VPS26C,71931
VPS28,59869
VPS29,132391
VPS33A,10475
VPS33B,9094
VPS35,30617
VPS35L,88726
VPS36,80145
VPS37A,58134
VPS37B,138129
VPS37C,84528
VPS37D,10240
VPS39,88623
VPS41,81910
VPS45,28757
VPS4A,11736
VPS4B,286692
VPS50,59603
VPS51,80934
VPS52,52600
VPS53,55685
VPS54,54542
VPS72,101313
VPS8,100706
VPS9D1,5660
VRK1,146851
VRK2,215163
VRK3,24617
VRTN,1856
VSIG1,8800
VSIG10,33037
VSIG10L,50903
VSIG10L2,1862
VSIG2,7163
VSIG4,27519
VSIG8,8605
VSIR,75142
VSNL1,40720
VSTM1,2926
VSTM2A,4033
VSTM2B,2583
VSTM2L,3253
VSTM4,37705
VSTM5,3200
VSX1,12648
VSX2,2854
VTA1,108386
VTCN1,15367
VTI1A,95037
VTI1B,51212
VTN,2471
VWA1,46896
VWA2,41639
VWA3A,4481
VWA3B,2846
VWA5A,20360
VWA5B1,3283
VWA5B2,4947
VWA7,5682
VWA8,26689
VWC2,1116
VWC2L,2716
VWCE,2709
VWDE,2944
VWF,120099
VXN,5356
WAC,74197
WAPL,130928
WARS,162502
WARS2,21978
WAS,12929
WASF1,34004
WASF2,166971
WASF3,8178
WASHC1,65441
WASHC2A,102543
WASHC3,33238
WASHC4,63490
WASHC5,92620
WASL,115277
WBP1,7737
WBP11,8868
WBP1L,33932
WBP2,59079
WBP2NL,5669
WBP4,39112
WDCP,9289
WDFY1,126681
WDFY2,104448
WDFY3,56378
WDFY4,14898
WDHD1,52250
WDPCP,28265
WDR1,31
WDR11,131145
WDR12,14804
WDR13,46648
WDR17,6333
WDR18,10315
WDR19,25822
WDR20,69228
WDR24,18846
WDR25,14375
WDR26,208627
WDR27,46332
WDR3,48506
WDR31,10026
WDR33,63719
WDR35,28637
WDR36,71187
WDR37,17181
WDR38,1255
WDR4,9507
WDR41,56155
WDR43,54379
WDR44,59720
WDR45,23844
WDR45B,269713
WDR46,35583
WDR47,20119
WDR48,39186
WDR49,6955
WDR5,30654
WDR53,78064
WDR54,8748
WDR55,61525
WDR59,24938
WDR5B,10643
WDR6,61023
WDR62,43002
WDR64,3586
WDR7,46130
WDR70,31705
WDR72,4012
WDR73,18818
WDR74,38397
WDR75,62951
WDR76,111741
WDR77,23276
WDR81,9232
WDR82,37363
WDR83,24035
WDR83OS,1871
WDR86,13606
WDR87,3696
WDR88,3786
WDR89,25305
WDR90,40657
WDR91,108799
WDR93,5231
WDR97,5319
WDSUB1,36652
WDTC1,55783
WEE1,143920
WEE2,7148
WFDC1,22595
WFDC10A,2655
WFDC10B,1726
WFDC11,2325
WFDC12,10148
WFDC13,3512
WFDC2,26973
WFDC3,9390
WFDC5,6231
WFDC6,1221
WFDC8,409
WFDC9,3712
WFIKKN1,3626
WFIKKN2,6903
WFS1,32669
WHAMM,54527
WHRN,10397
WIF1,4485
WIPF1,231722
WIPF2,52283
WIPF3,13138
WIPI1,65234
WIPI2,43318
WIZ,108293
WLS,63836
WNK1,196141
WNK2,26334
WNK3,38435
WNK4,2722
WNT1,5887
WNT10A,4661
WNT10B,9306
WNT11,7914
WNT16,3812
WNT2,4889
WNT2B,12221
WNT3,16523
WNT3A,10134
WNT4,10966
WNT5A,50867
WNT5B,28363
WNT6,3865
WNT7A,5254
WNT7B,27708
WNT8A,6526
WNT8B,7200
WNT9A,17662
WNT9B,8633
WRAP53,24163
WRAP73,37023
WRN,31964
WRNIP1,143413
WSB1,289088
WSB2,115473
WSCD1,1860
WSCD2,4430
WT1,9494
WTAP,316403
WTIP,28853
WWC1,23724
WWC2,29251
WWC3,105034
WWOX,21510
WWP1,39185
WWP2,29467
WWTR1,98840
XAB2,39424
XAF1,183698
XAGE2,1261
XAGE3,944
XBP1,237995
XCL1,9934
XCL2,2303
XCR1,7135
XDH,37554
XG,52099
XIAP,110090
XIRP1,6601
XIRP2,3366
XK,11700
XKR3,1986
XKR4,3199
XKR5,4177
XKR6,53558
XKR7,5816
XKR8,6942
XKR9,23790
XKRX,17720
XNDC1N,28308
XPA,78759
XPC,22988
XPNPEP1,74973
XPNPEP2,6470
XPNPEP3,51539
XPO1,155870
XPO4,81528
XPO5,96889
XPO6,211549
XPO7,111503
XPOT,13294
XPR1,116363
XRCC1,37879
XRCC2,23907
XRCC3,28117
XRCC4,16349
XRCC5,97152
XRN1,199411
XRRA1,31245
XXYLT1,79262
XYLB,19611
XYLT1,35013
XYLT2,11777
YAE1,38669
YAF2,83620
YAP1,171398
YARS1,195234
YARS2,52026
YBEY,40422
YBX2,17348
YBX3,240805
YDJC,8734
YEATS2,41272
YEATS4,68191
YES1,141445
YIF1A,31996
YIF1B,32123
YIPF1,28626
YIPF2,68710
YIPF3,126630
YIPF4,59452
YIPF5,37408
YIPF6,129756
YIPF7,2616
YJEFN3,10822
YJU2,21224
YJU2B,27967
YKT6,82291
YME1L1,63979
YOD1,134575
YPEL1,20287
YPEL2,51414
YPEL3,66600
YPEL4,8153
YPEL5,274109
YRDC,40338
YTHDC1,207011
YTHDC2,60824
YTHDF1,28250
YTHDF2,35153
YTHDF3,84901
YWHAB,28207
YWHAG,246549
YWHAH,49851
YWHAQ,234193
YWHAZ,287978
YY1,240452
YY1AP1,262918
YY2,922
ZACN,6386
ZAN,2987
ZAP70,32989
ZAR1,158
ZAR1L,6916
ZBBX,2361
ZBED2,21565
ZBED3,27374
ZBED4,28680
ZBED5,36506
ZBED6,57646
ZBP1,32116
ZBTB1,85677
ZBTB10,36605
ZBTB11,34720
ZBTB12,2475
ZBTB14,7883
ZBTB16,34110
ZBTB17,38057
ZBTB18,49166
ZBTB2,18059
ZBTB20,18889
ZBTB21,58387
ZBTB22,10576
ZBTB24,32623
ZBTB25,70603
ZBTB26,37598
ZBTB3,9944
ZBTB32,10848
ZBTB33,141236
ZBTB34,12261
ZBTB37,12348
ZBTB38,93268
ZBTB39,26155
ZBTB4,41720
ZBTB40,21431
ZBTB41,49481
ZBTB42,30307
ZBTB43,25910
ZBTB44,95283
ZBTB45,23963
ZBTB46,23014
ZBTB47,33054
ZBTB48,20109
ZBTB49,5032
ZBTB5,27310
ZBTB6,7071
ZBTB7A,208420
ZBTB7B,180155
ZBTB7C,91676
ZBTB8A,19295
ZBTB8B,1725
ZBTB8OS,28475
ZBTB9,8374
ZC2HC1A,40741
ZC2HC1C,4310
ZC3H10,24398
ZC3H11A,30244
ZC3H11B,13145
ZC3H12A,172942
ZC3H12B,6910
ZC3H12C,27088
ZC3H12D,27975
ZC3H13,57240
ZC3H14,102824
ZC3H15,35806
ZC3H18,96446
ZC3H3,13438
ZC3H4,97049
ZC3H6,47134
ZC3H7A,114053
ZC3H7B,44597
ZC3H8,10246
ZC3HAV1,115096
ZC3HAV1L,60957
ZC3HC1,11345
ZC4H2,11752
ZCCHC10,45554
ZCCHC12,1654
ZCCHC13,2708
ZCCHC14,47129
ZCCHC17,111131
ZCCHC18,7122
ZCCHC2,75468
ZCCHC24,2148
ZCCHC3,26801
ZCCHC4,41358
ZCCHC7,13238
ZCCHC8,46668
ZCCHC9,36736
ZCRB1,72149
ZCWPW1,21184
ZCWPW2,2999
ZDBF2,42141
ZDHHC1,12775
ZDHHC11,1829
ZDHHC11B,1834
ZDHHC12,1297
ZDHHC13,78495
ZDHHC14,19767
ZDHHC15,7867
ZDHHC16,54832
ZDHHC17,45369
ZDHHC18,58367
ZDHHC19,719
ZDHHC2,22841
ZDHHC20,57750
ZDHHC21,46669
ZDHHC22,7845
ZDHHC23,15796
ZDHHC24,19587
ZDHHC3,53950
ZDHHC4,31518
ZDHHC5,181826
ZDHHC6,110778
ZDHHC7,31384
ZDHHC8,20600
ZDHHC9,34272
ZEB1,39081
ZEB2,166058
ZER1,71808
ZFAND1,121576
ZFAND2A,78730
ZFAND2B,32450
ZFAND3,103322
ZFAND4,24989
ZFAND5,117559
ZFAND6,197708
ZFAT,20720
ZFC3H1,176623
ZFHX2,6840
ZFHX3,10944
ZFHX4,13053
ZFP1,11475
ZFP14,21152
ZFP2,4278
ZFP28,15582
ZFP3,30403
ZFP30,20971
ZFP36,64431
ZFP36L1,365694
ZFP36L2,441920
ZFP37,12386
ZFP41,20309
ZFP42,1160
ZFP57,4783
ZFP62,45574
ZFP64,20832
ZFP69,22236
ZFP69B,13631
ZFP82,6161
ZFP90,36139
ZFP92,4455
ZFPL1,19122
ZFPM2,5788
ZFR,165642
ZFR2,4492
ZFTA,41235
ZFTRAF1,8763
ZFX,88142
ZFY,128
ZFYVE1,33507
ZFYVE16,110022
ZFYVE19,28077
ZFYVE21,114809
ZFYVE26,54090
ZFYVE27,799
ZFYVE28,25404
ZFYVE9,46816
ZG16,4051
ZG16B,7566
ZGLP1,7952
ZGPAT,60012
ZGRF1,43285
ZHX1,70026
ZHX2,34010
ZHX3,17284
ZIC1,6787
ZIC2,21245
ZIC3,2565
ZIC4,4909
ZIC5,11365
ZIK1,3786
ZIM2,425
ZIM3,2427
ZKSCAN1,114751
ZKSCAN2,20845
ZKSCAN3,15568
ZKSCAN4,22403
ZKSCAN5,16207
ZKSCAN7,6848
ZKSCAN8,37040
ZMAT1,9097
ZMAT2,125702
ZMAT3,46329
ZMAT4,2486
ZMAT5,17563
ZMIZ1,237311
ZMIZ2,109863
ZMPSTE24,171689
ZMYM1,45544
ZMYM2,210472
ZMYM3,50613
ZMYM4,108876
ZMYM5,42029
ZMYM6,59079
ZMYND10,6828
ZMYND11,118808
ZMYND12,2275
ZMYND15,16476
ZMYND19,21079
ZMYND8,97748
ZNF10,11828
ZNF100,10054
ZNF101,39118
ZNF106,145144
ZNF107,4076
ZNF112,3569
ZNF114,4015
ZNF117,41895
ZNF12,45381
ZNF121,55068
ZNF124,69318
ZNF131,90579
ZNF132,3440
ZNF133,5082
ZNF134,16896
ZNF135,3735
ZNF136,10107
ZNF138,10417
ZNF14,19779
ZNF140,63823
ZNF141,30042
ZNF142,25197
ZNF143,32318
ZNF146,135038
ZNF148,126496
ZNF154,9655
ZNF155,14096
ZNF157,4906
ZNF16,14894
ZNF160,40914
ZNF165,24365
ZNF169,18077
ZNF17,8309
ZNF174,16321
ZNF175,27256
ZNF177,6192
ZNF18,15899
ZNF180,6376
ZNF181,15972
ZNF182,21277
ZNF184,22801
ZNF185,580101
ZNF189,55813
ZNF19,10075
ZNF195,61332
ZNF197,15864
ZNF2,6536
ZNF200,41563
ZNF202,9475
ZNF205,14881
ZNF207,86241
ZNF208,5222
ZNF211,6244
ZNF212,27369
ZNF213,15242
ZNF214,5396
ZNF215,4311
ZNF217,142168
ZNF219,92589
ZNF22,13645
ZNF221,5430
ZNF222,14128
ZNF223,3879
ZNF224,24049
ZNF225,5556
ZNF226,16544
ZNF227,32362
ZNF229,4190
ZNF23,14409
ZNF230,11032
ZNF232,51779
ZNF233,1990
ZNF234,4828
ZNF235,20571
ZNF236,20007
ZNF239,2587
ZNF24,122742
ZNF248,48219
ZNF25,28991
ZNF250,24385
ZNF251,31902
ZNF253,11571
ZNF254,9439
ZNF256,15261
ZNF257,2113
ZNF26,44871
ZNF260,24435
ZNF263,51904
ZNF264,37497
ZNF266,18248
ZNF267,104467
ZNF268,18982
ZNF273,4429
ZNF274,33840
ZNF275,48723
ZNF276,63722
ZNF277,65372
ZNF28,10230
ZNF280A,3886
ZNF280B,14605
ZNF280C,32080
ZNF280D,70815
ZNF281,28812
ZNF282,19462
ZNF283,34484
ZNF284,9594
ZNF285,2359
ZNF286A,15217
ZNF287,12197
ZNF292,99721
ZNF296,4972
ZNF3,29408
ZNF30,1487
ZNF300,24288
ZNF302,10124
ZNF304,8591
ZNF311,15506
ZNF316,104377
ZNF317,15298
ZNF318,25520
ZNF319,14561
ZNF32,23473
ZNF320,9718
ZNF322,14545
ZNF324,29582
ZNF324B,10363
ZNF326,95992
ZNF329,27908
ZNF330,12655
ZNF331,36206
ZNF333,22728
ZNF334,5569
ZNF335,15627
ZNF337,98897
ZNF33A,39562
ZNF33B,9556
ZNF34,14082
ZNF341,7051
ZNF343,10994
ZNF345,21709
ZNF346,64455
ZNF347,52811
ZNF35,8421
ZNF350,20319
ZNF354A,30911
ZNF354B,17957
ZNF354C,19766
ZNF358,17903
ZNF362,40974
ZNF365,12569
ZNF366,14001
ZNF367,94294
ZNF37A,11631
ZNF382,3912
ZNF383,18087
ZNF384,101776
ZNF385A,86893
ZNF385B,3243
ZNF385C,5998
ZNF385D,6592
ZNF391,4910
ZNF394,58267
ZNF395,18140
ZNF396,7114
ZNF397,47523
ZNF398,24829
ZNF404,3078
ZNF407,61256
ZNF408,5928
ZNF41,18923
ZNF410,16130
ZNF414,5762
ZNF415,2008
ZNF416,6976
ZNF417,11957
ZNF418,5542
ZNF419,10636
ZNF420,14408
ZNF423,5088
ZNF425,6840
ZNF426,7746
ZNF428,102898
ZNF429,2952
ZNF43,9103
ZNF430,28305
ZNF431,13398
ZNF432,23214
ZNF433,6880
ZNF436,28368
ZNF438,23271
ZNF439,2594
ZNF44,43580
ZNF440,6256
ZNF441,15991
ZNF442,7031
ZNF443,5659
ZNF444,6591
ZNF445,47502
ZNF446,5143
ZNF449,30772
ZNF45,16349
ZNF451,66873
ZNF454,5181
ZNF460,42359
ZNF461,4672
ZNF462,19088
ZNF467,17694
ZNF468,18792
ZNF469,9395
ZNF470,10600
ZNF471,13582
ZNF473,11804
ZNF474,6356
ZNF479,74
ZNF48,32827
ZNF480,7748
ZNF483,20751
ZNF484,53875
ZNF485,11276
ZNF486,2987
ZNF487,4657
ZNF488,11264
ZNF490,4584
ZNF491,5050
ZNF492,2299
ZNF493,50753
ZNF496,24100
ZNF497,4042
ZNF500,17339
ZNF501,9897
ZNF502,11396
ZNF503,263008
ZNF507,35434
ZNF510,24807
ZNF511,48552
ZNF512,19344
ZNF512B,35063
ZNF513,35002
ZNF514,22952
ZNF516,32460
ZNF517,5529
ZNF518A,36664
ZNF518B,58575
ZNF519,20524
ZNF521,13886
ZNF524,9000
ZNF526,13135
ZNF527,6302
ZNF528,5584
ZNF529,23992
ZNF530,8675
ZNF532,155224
ZNF534,3411
ZNF536,1124
ZNF540,17747
ZNF541,20200
ZNF543,12284
ZNF544,36593
ZNF546,9880
ZNF547,1849
ZNF548,22544
ZNF549,3050
ZNF550,14687
ZNF551,9923
ZNF552,8267
ZNF554,14945
ZNF555,5899
ZNF556,3768
ZNF557,21506
ZNF558,22386
ZNF559,63748
ZNF560,2102
ZNF561,41038
ZNF562,2873
ZNF563,10109
ZNF564,6704
ZNF565,3528
ZNF566,12104
ZNF567,19385
ZNF568,12270
ZNF569,20048
ZNF57,3674
ZNF570,18650
ZNF571,16107
ZNF572,7485
ZNF573,13552
ZNF574,18069
ZNF575,12137
ZNF576,25903
ZNF577,23714
ZNF578,2576
ZNF579,11129
ZNF580,168077
ZNF581,24654
ZNF582,2190
ZNF583,6457
ZNF584,27217
ZNF585A,12846
ZNF585B,17847
ZNF586,14682
ZNF587,637
ZNF587B,28882
ZNF589,48503
ZNF592,63722
ZNF593,14064
ZNF593OS,1777
ZNF594,11184
ZNF595,5501
ZNF596,3750
ZNF597,20437
ZNF598,61891
ZNF599,11994
ZNF600,14486
ZNF605,26871
ZNF606,10043
ZNF607,14006
ZNF608,15048
ZNF609,142961
ZNF610,2914
ZNF611,18269
ZNF613,24289
ZNF614,16929
ZNF615,12654
ZNF616,9745
ZNF618,16951
ZNF619,2557
ZNF620,20134
ZNF621,40914
ZNF622,38762
ZNF623,31835
ZNF624,14784
ZNF625,3975
ZNF626,14431
ZNF627,5998
ZNF628,1241
ZNF629,22585
ZNF630,41466
ZNF638,94979
ZNF639,67516
ZNF641,42931
ZNF644,117988
ZNF646,14017
ZNF648,830
ZNF649,18382
ZNF652,76197
ZNF653,11903
ZNF654,104139
ZNF655,81495
ZNF658,22453
ZNF66,9255
ZNF660,5466
ZNF662,11504
ZNF664,329968
ZNF665,4663
ZNF667,15358
ZNF668,17486
ZNF669,23638
ZNF670,28350
ZNF671,7894
ZNF672,86606
ZNF674,30938
ZNF675,24989
ZNF676,2819
ZNF677,14744
ZNF678,6381
ZNF679,217
ZNF680,38166
ZNF681,8021
ZNF682,16078
ZNF683,16328
ZNF684,8181
ZNF687,36811
ZNF688,18411
ZNF689,6585
ZNF69,20706
ZNF691,11112
ZNF692,19213
ZNF695,10403
ZNF696,14462
ZNF697,10765
ZNF699,11231
ZNF7,46761
ZNF70,22905
ZNF700,33495
ZNF701,11140
ZNF703,46673
ZNF704,67037
ZNF705A,1501
ZNF705B,328
ZNF705G,4469
ZNF706,50119
ZNF707,24809
ZNF708,27704
ZNF709,16059
ZNF71,10837
ZNF710,14985
ZNF711,12410
ZNF713,17886
ZNF714,6028
ZNF716,2462
ZNF717,17293
ZNF718,6369
ZNF721,45244
ZNF722,2127
ZNF723,3730
ZNF724,10456
ZNF726,12400
ZNF727,2696
ZNF728,993
ZNF729,2200
ZNF730,2758
ZNF732,1179
ZNF735,1788
ZNF736,16227
ZNF737,15055
ZNF738,10358
ZNF74,2318
ZNF740,15664
ZNF746,89124
ZNF747,16605
ZNF750,134745
ZNF75A,58641
ZNF75D,44243
ZNF76,21671
ZNF763,1539
ZNF764,28604
ZNF765,20242
ZNF766,47355
ZNF768,102757
ZNF77,13711
ZNF771,30570
ZNF772,7990
ZNF773,4127
ZNF774,15650
ZNF775,7398
ZNF776,2846
ZNF777,12466
ZNF778,9316
ZNF780A,26550
ZNF780B,13651
ZNF782,6506
ZNF783,16500
ZNF784,7081
ZNF785,69134
ZNF786,16200
ZNF787,7495
ZNF789,36283
ZNF79,5189
ZNF790,9752
ZNF791,37298
ZNF792,12177
ZNF793,12055
ZNF799,7551
ZNF8,1676
ZNF80,11185
ZNF800,14983
ZNF804A,1981
ZNF804B,4390
ZNF805,29731
ZNF808,29734
ZNF81,24258
ZNF813,4624
ZNF814,28065
ZNF816,13688
ZNF821,23446
ZNF823,10671
ZNF827,30272
ZNF829,5919
ZNF83,35507
ZNF830,44890
ZNF831,19817
ZNF835,2802
ZNF836,8511
ZNF837,473
ZNF839,34813
ZNF84,34545
ZNF841,10707
ZNF843,8307
ZNF844,1789
ZNF845,27493
ZNF85,8454
ZNF850,6706
ZNF852,11681
ZNF853,17657
ZNF860,10583
ZNF862,7635
ZNF875,18526
ZNF878,3215
ZNF879,16586
ZNF880,6021
ZNF883,1751
ZNF888,9336
ZNF891,16590
ZNF892,7457
ZNF90,3179
ZNF91,25858
ZNF92,57510
ZNF93,13109
ZNF98,868
ZNF99,695
ZNFX1,71133
ZNG1A,780232
ZNHIT1,31743
ZNHIT2,9423
ZNHIT6,187789
ZNRD2,41395
ZNRF1,52281
ZNRF2,127284
ZNRF3,35188
ZP1,3909
ZP2,3961
ZP3,8309
ZP4,4345
ZPBP,968
ZPBP2,14173
ZPLD1,1848
ZPR1,20021
ZRANB1,95409
ZRANB2,89619
ZRANB3,8551
ZRSR2,37673
ZSCAN1,1596
ZSCAN10,4589
ZSCAN12,3506
ZSCAN16,22389
ZSCAN18,10452
ZSCAN2,21594
ZSCAN20,13586
ZSCAN21,13204
ZSCAN22,5081
ZSCAN23,840
ZSCAN25,42845
ZSCAN26,37502
ZSCAN29,39703
ZSCAN30,23275
ZSCAN31,5033
ZSCAN32,11103
ZSCAN4,3140
ZSCAN5A,9560
ZSCAN5B,3360
ZSCAN5C,602
ZSCAN9,20991
ZSWIM1,17334
ZSWIM2,3611
ZSWIM3,10372
ZSWIM4,29246
ZSWIM5,1479
ZSWIM6,14352
ZSWIM7,8406
ZSWIM8,51913
ZSWIM9,90951
ZUP1,36914
ZW10,35520
ZWILCH,57660
ZWINT,123843
ZXDA,21566
ZXDB,27373
ZXDC,98636
ZYG11A,7801
ZYG11B,64435
ZYX,116538
ZZEF1,89944
ZZZ3,57577
